timestamp, name, utilization.gpu [%], utilization.memory [%], memory.used [MiB], memory.total [MiB], temperature.gpu
2026/08/10 06:15:46.288, Tesla V100-PCIE-16GB, 0 %, 0 %, 0 MiB, 16384 MiB, 43
2026/08/10 06:15:51.290, Tesla V100-PCIE-16GB, 0 %, 0 %, 4 MiB, 16384 MiB, 43
2026/08/10 06:15:56.291, Tesla V100-PCIE-16GB, 50 %, 3 %, 548 MiB, 16384 MiB, 45
2026/08/10 06:16:01.292, Tesla V100-PCIE-16GB, 46 %, 3 %, 548 MiB, 16384 MiB, 45
2026/08/10 06:16:06.293, Tesla V100-PCIE-16GB, 49 %, 3 %, 548 MiB, 16384 MiB, 45
2026/08/10 06:16:11.294, Tesla V100-PCIE-16GB, 49 %, 3 %, 548 MiB, 16384 MiB, 46
2026/08/10 06:16:16.295, Tesla V100-PCIE-16GB, 50 %, 3 %, 548 MiB, 16384 MiB, 46
2026/08/10 06:16:21.296, Tesla V100-PCIE-16GB, 48 %, 3 %, 548 MiB, 16384 MiB, 46
2026/08/10 06:16:26.297, Tesla V100-PCIE-16GB, 46 %, 3 %, 548 MiB, 16384 MiB, 46
2026/08/10 06:16:31.299, Tesla V100-PCIE-16GB, 47 %, 3 %, 548 MiB, 16384 MiB, 47
2026/08/10 06:16:36.300, Tesla V100-PCIE-16GB, 49 %, 3 %, 548 MiB, 16384 MiB, 47
2026/08/10 06:16:41.348, Tesla V100-PCIE-16GB, 48 %, 3 %, 548 MiB, 16384 MiB, 47
2026/08/10 06:16:46.349, Tesla V100-PCIE-16GB, 49 %, 3 %, 548 MiB, 16384 MiB, 47
2026/08/10 06:16:51.350, Tesla V100-PCIE-16GB, 50 %, 3 %, 548 MiB, 16384 MiB, 47
2026/08/10 06:16:56.351, Tesla V100-PCIE-16GB, 49 %, 3 %, 548 MiB, 16384 MiB, 48
2026/08/10 06:17:01.352, Tesla V100-PCIE-16GB, 36 %, 2 %, 548 MiB, 16384 MiB, 48
2026/08/10 06:17:06.353, Tesla V100-PCIE-16GB, 51 %, 3 %, 548 MiB, 16384 MiB, 48
2026/08/10 06:17:11.428, Tesla V100-PCIE-16GB, 47 %, 3 %, 548 MiB, 16384 MiB, 48
2026/08/10 06:17:16.429, Tesla V100-PCIE-16GB, 50 %, 3 %, 548 MiB, 16384 MiB, 48
2026/08/10 06:17:21.430, Tesla V100-PCIE-16GB, 50 %, 3 %, 548 MiB, 16384 MiB, 48
2026/08/10 06:17:26.430, Tesla V100-PCIE-16GB, 48 %, 3 %, 548 MiB, 16384 MiB, 48
2026/08/10 06:17:31.432, Tesla V100-PCIE-16GB, 49 %, 3 %, 548 MiB, 16384 MiB, 48
2026/08/10 06:17:36.432, Tesla V100-PCIE-16GB, 49 %, 3 %, 548 MiB, 16384 MiB, 48
2026/08/10 06:17:41.495, Tesla V100-PCIE-16GB, 51 %, 3 %, 548 MiB, 16384 MiB, 48
2026/08/10 06:17:46.496, Tesla V100-PCIE-16GB, 46 %, 3 %, 548 MiB, 16384 MiB, 48
2026/08/10 06:17:51.499, Tesla V100-PCIE-16GB, 51 %, 3 %, 548 MiB, 16384 MiB, 49
2026/08/10 06:17:56.501, Tesla V100-PCIE-16GB, 49 %, 3 %, 548 MiB, 16384 MiB, 48
2026/08/10 06:18:01.503, Tesla V100-PCIE-16GB, 48 %, 3 %, 548 MiB, 16384 MiB, 49
2026/08/10 06:18:06.506, Tesla V100-PCIE-16GB, 51 %, 4 %, 548 MiB, 16384 MiB, 49
2026/08/10 06:18:11.507, Tesla V100-PCIE-16GB, 49 %, 3 %, 548 MiB, 16384 MiB, 49
2026/08/10 06:18:16.509, Tesla V100-PCIE-16GB, 49 %, 3 %, 548 MiB, 16384 MiB, 49
2026/08/10 06:18:21.510, Tesla V100-PCIE-16GB, 46 %, 3 %, 548 MiB, 16384 MiB, 49
2026/08/10 06:18:26.511, Tesla V100-PCIE-16GB, 47 %, 3 %, 548 MiB, 16384 MiB, 49
2026/08/10 06:18:31.511, Tesla V100-PCIE-16GB, 49 %, 3 %, 548 MiB, 16384 MiB, 49
2026/08/10 06:18:36.512, Tesla V100-PCIE-16GB, 51 %, 4 %, 548 MiB, 16384 MiB, 49
2026/08/10 06:18:41.513, Tesla V100-PCIE-16GB, 50 %, 3 %, 548 MiB, 16384 MiB, 49
2026/08/10 06:18:46.514, Tesla V100-PCIE-16GB, 48 %, 3 %, 548 MiB, 16384 MiB, 49
2026/08/10 06:18:51.515, Tesla V100-PCIE-16GB, 50 %, 3 %, 548 MiB, 16384 MiB, 49
2026/08/10 06:18:56.515, Tesla V100-PCIE-16GB, 50 %, 3 %, 548 MiB, 16384 MiB, 49
2026/08/10 06:19:01.516, Tesla V100-PCIE-16GB, 15 %, 3 %, 548 MiB, 16384 MiB, 49
2026/08/10 06:19:06.517, Tesla V100-PCIE-16GB, 50 %, 3 %, 548 MiB, 16384 MiB, 49
2026/08/10 06:19:11.518, Tesla V100-PCIE-16GB, 46 %, 3 %, 548 MiB, 16384 MiB, 49
2026/08/10 06:19:16.519, Tesla V100-PCIE-16GB, 40 %, 3 %, 548 MiB, 16384 MiB, 49
2026/08/10 06:19:21.520, Tesla V100-PCIE-16GB, 48 %, 3 %, 548 MiB, 16384 MiB, 49
2026/08/10 06:19:26.523, Tesla V100-PCIE-16GB, 48 %, 3 %, 548 MiB, 16384 MiB, 49
2026/08/10 06:19:31.524, Tesla V100-PCIE-16GB, 51 %, 3 %, 548 MiB, 16384 MiB, 49
2026/08/10 06:19:36.525, Tesla V100-PCIE-16GB, 49 %, 3 %, 548 MiB, 16384 MiB, 49
2026/08/10 06:19:41.527, Tesla V100-PCIE-16GB, 49 %, 3 %, 548 MiB, 16384 MiB, 49
2026/08/10 06:19:46.528, Tesla V100-PCIE-16GB, 50 %, 3 %, 548 MiB, 16384 MiB, 49
2026/08/10 06:19:51.579, Tesla V100-PCIE-16GB, 49 %, 3 %, 548 MiB, 16384 MiB, 49
2026/08/10 06:19:56.580, Tesla V100-PCIE-16GB, 47 %, 3 %, 548 MiB, 16384 MiB, 49
2026/08/10 06:20:01.581, Tesla V100-PCIE-16GB, 49 %, 3 %, 548 MiB, 16384 MiB, 49
2026/08/10 06:20:06.582, Tesla V100-PCIE-16GB, 49 %, 3 %, 548 MiB, 16384 MiB, 49
2026/08/10 06:20:11.582, Tesla V100-PCIE-16GB, 46 %, 3 %, 548 MiB, 16384 MiB, 49
2026/08/10 06:20:16.583, Tesla V100-PCIE-16GB, 43 %, 3 %, 548 MiB, 16384 MiB, 49
2026/08/10 06:20:21.584, Tesla V100-PCIE-16GB, 48 %, 3 %, 548 MiB, 16384 MiB, 49
2026/08/10 06:20:26.588, Tesla V100-PCIE-16GB, 50 %, 3 %, 548 MiB, 16384 MiB, 49
2026/08/10 06:20:31.589, Tesla V100-PCIE-16GB, 50 %, 3 %, 548 MiB, 16384 MiB, 49
2026/08/10 06:20:36.589, Tesla V100-PCIE-16GB, 51 %, 3 %, 548 MiB, 16384 MiB, 49
2026/08/10 06:20:41.590, Tesla V100-PCIE-16GB, 47 %, 3 %, 548 MiB, 16384 MiB, 49
2026/08/10 06:20:46.591, Tesla V100-PCIE-16GB, 50 %, 3 %, 548 MiB, 16384 MiB, 49
2026/08/10 06:20:51.592, Tesla V100-PCIE-16GB, 51 %, 3 %, 548 MiB, 16384 MiB, 49
2026/08/10 06:20:56.593, Tesla V100-PCIE-16GB, 49 %, 3 %, 548 MiB, 16384 MiB, 49
2026/08/10 06:21:01.593, Tesla V100-PCIE-16GB, 51 %, 3 %, 548 MiB, 16384 MiB, 49
2026/08/10 06:21:06.594, Tesla V100-PCIE-16GB, 51 %, 3 %, 548 MiB, 16384 MiB, 49
2026/08/10 06:21:11.595, Tesla V100-PCIE-16GB, 48 %, 3 %, 548 MiB, 16384 MiB, 49
2026/08/10 06:21:16.596, Tesla V100-PCIE-16GB, 52 %, 3 %, 548 MiB, 16384 MiB, 49
2026/08/10 06:21:21.597, Tesla V100-PCIE-16GB, 49 %, 3 %, 548 MiB, 16384 MiB, 49
2026/08/10 06:21:26.597, Tesla V100-PCIE-16GB, 49 %, 3 %, 548 MiB, 16384 MiB, 49
2026/08/10 06:21:31.598, Tesla V100-PCIE-16GB, 51 %, 3 %, 548 MiB, 16384 MiB, 49
2026/08/10 06:21:36.599, Tesla V100-PCIE-16GB, 47 %, 3 %, 548 MiB, 16384 MiB, 49
2026/08/10 06:21:41.600, Tesla V100-PCIE-16GB, 20 %, 3 %, 548 MiB, 16384 MiB, 49
2026/08/10 06:21:46.601, Tesla V100-PCIE-16GB, 50 %, 3 %, 548 MiB, 16384 MiB, 49
2026/08/10 06:21:51.601, Tesla V100-PCIE-16GB, 50 %, 3 %, 548 MiB, 16384 MiB, 49
2026/08/10 06:21:56.603, Tesla V100-PCIE-16GB, 50 %, 3 %, 548 MiB, 16384 MiB, 49
2026/08/10 06:22:01.604, Tesla V100-PCIE-16GB, 50 %, 3 %, 548 MiB, 16384 MiB, 49
2026/08/10 06:22:06.605, Tesla V100-PCIE-16GB, 49 %, 3 %, 548 MiB, 16384 MiB, 49
2026/08/10 06:22:11.605, Tesla V100-PCIE-16GB, 50 %, 3 %, 548 MiB, 16384 MiB, 49
2026/08/10 06:22:16.606, Tesla V100-PCIE-16GB, 43 %, 3 %, 548 MiB, 16384 MiB, 49
2026/08/10 06:22:21.607, Tesla V100-PCIE-16GB, 51 %, 3 %, 548 MiB, 16384 MiB, 49
2026/08/10 06:22:26.608, Tesla V100-PCIE-16GB, 49 %, 3 %, 548 MiB, 16384 MiB, 49
2026/08/10 06:22:31.609, Tesla V100-PCIE-16GB, 49 %, 3 %, 548 MiB, 16384 MiB, 49
2026/08/10 06:22:36.609, Tesla V100-PCIE-16GB, 50 %, 3 %, 548 MiB, 16384 MiB, 49
2026/08/10 06:22:41.610, Tesla V100-PCIE-16GB, 51 %, 3 %, 548 MiB, 16384 MiB, 49
2026/08/10 06:22:46.611, Tesla V100-PCIE-16GB, 49 %, 3 %, 548 MiB, 16384 MiB, 49
2026/08/10 06:22:51.612, Tesla V100-PCIE-16GB, 49 %, 3 %, 548 MiB, 16384 MiB, 49
2026/08/10 06:22:56.612, Tesla V100-PCIE-16GB, 50 %, 3 %, 548 MiB, 16384 MiB, 49
2026/08/10 06:23:01.613, Tesla V100-PCIE-16GB, 13 %, 2 %, 548 MiB, 16384 MiB, 49
2026/08/10 06:23:06.614, Tesla V100-PCIE-16GB, 51 %, 3 %, 548 MiB, 16384 MiB, 49
2026/08/10 06:23:11.615, Tesla V100-PCIE-16GB, 50 %, 3 %, 548 MiB, 16384 MiB, 49
2026/08/10 06:23:16.616, Tesla V100-PCIE-16GB, 49 %, 3 %, 548 MiB, 16384 MiB, 49
2026/08/10 06:23:21.651, Tesla V100-PCIE-16GB, 47 %, 3 %, 548 MiB, 16384 MiB, 49
2026/08/10 06:23:26.652, Tesla V100-PCIE-16GB, 49 %, 3 %, 548 MiB, 16384 MiB, 49
2026/08/10 06:23:31.653, Tesla V100-PCIE-16GB, 50 %, 3 %, 548 MiB, 16384 MiB, 49
2026/08/10 06:23:36.654, Tesla V100-PCIE-16GB, 49 %, 3 %, 548 MiB, 16384 MiB, 49
2026/08/10 06:23:41.655, Tesla V100-PCIE-16GB, 48 %, 3 %, 548 MiB, 16384 MiB, 49
2026/08/10 06:23:46.656, Tesla V100-PCIE-16GB, 49 %, 3 %, 548 MiB, 16384 MiB, 49
2026/08/10 06:23:51.657, Tesla V100-PCIE-16GB, 51 %, 3 %, 548 MiB, 16384 MiB, 49
2026/08/10 06:23:56.657, Tesla V100-PCIE-16GB, 51 %, 3 %, 548 MiB, 16384 MiB, 49
2026/08/10 06:24:01.658, Tesla V100-PCIE-16GB, 40 %, 3 %, 548 MiB, 16384 MiB, 49
2026/08/10 06:24:06.659, Tesla V100-PCIE-16GB, 49 %, 3 %, 548 MiB, 16384 MiB, 49
2026/08/10 06:24:11.660, Tesla V100-PCIE-16GB, 49 %, 3 %, 548 MiB, 16384 MiB, 49
2026/08/10 06:24:16.661, Tesla V100-PCIE-16GB, 45 %, 3 %, 548 MiB, 16384 MiB, 49
2026/08/10 06:24:21.661, Tesla V100-PCIE-16GB, 19 %, 4 %, 548 MiB, 16384 MiB, 49
2026/08/10 06:24:26.662, Tesla V100-PCIE-16GB, 50 %, 3 %, 548 MiB, 16384 MiB, 49
2026/08/10 06:24:31.689, Tesla V100-PCIE-16GB, 49 %, 3 %, 548 MiB, 16384 MiB, 49
2026/08/10 06:24:36.757, Tesla V100-PCIE-16GB, 45 %, 3 %, 548 MiB, 16384 MiB, 49
2026/08/10 06:24:41.758, Tesla V100-PCIE-16GB, 49 %, 3 %, 548 MiB, 16384 MiB, 49
2026/08/10 06:24:46.759, Tesla V100-PCIE-16GB, 47 %, 3 %, 548 MiB, 16384 MiB, 49
2026/08/10 06:24:51.760, Tesla V100-PCIE-16GB, 50 %, 3 %, 548 MiB, 16384 MiB, 49
2026/08/10 06:24:56.761, Tesla V100-PCIE-16GB, 48 %, 3 %, 548 MiB, 16384 MiB, 49
2026/08/10 06:25:01.762, Tesla V100-PCIE-16GB, 49 %, 3 %, 548 MiB, 16384 MiB, 49
2026/08/10 06:25:06.763, Tesla V100-PCIE-16GB, 48 %, 3 %, 548 MiB, 16384 MiB, 49
2026/08/10 06:25:11.764, Tesla V100-PCIE-16GB, 49 %, 3 %, 548 MiB, 16384 MiB, 49
2026/08/10 06:25:16.764, Tesla V100-PCIE-16GB, 50 %, 3 %, 548 MiB, 16384 MiB, 49
2026/08/10 06:25:21.765, Tesla V100-PCIE-16GB, 49 %, 3 %, 548 MiB, 16384 MiB, 49
2026/08/10 06:25:26.766, Tesla V100-PCIE-16GB, 42 %, 3 %, 548 MiB, 16384 MiB, 49
2026/08/10 06:25:31.767, Tesla V100-PCIE-16GB, 51 %, 3 %, 548 MiB, 16384 MiB, 49
2026/08/10 06:25:36.768, Tesla V100-PCIE-16GB, 47 %, 3 %, 548 MiB, 16384 MiB, 49
2026/08/10 06:25:41.811, Tesla V100-PCIE-16GB, 19 %, 4 %, 548 MiB, 16384 MiB, 49
2026/08/10 06:25:46.812, Tesla V100-PCIE-16GB, 51 %, 3 %, 548 MiB, 16384 MiB, 49
2026/08/10 06:25:51.813, Tesla V100-PCIE-16GB, 50 %, 3 %, 548 MiB, 16384 MiB, 50
2026/08/10 06:25:56.814, Tesla V100-PCIE-16GB, 51 %, 3 %, 548 MiB, 16384 MiB, 50
2026/08/10 06:26:01.815, Tesla V100-PCIE-16GB, 51 %, 3 %, 548 MiB, 16384 MiB, 50
2026/08/10 06:26:06.816, Tesla V100-PCIE-16GB, 49 %, 3 %, 548 MiB, 16384 MiB, 50
2026/08/10 06:26:11.817, Tesla V100-PCIE-16GB, 49 %, 3 %, 548 MiB, 16384 MiB, 50
2026/08/10 06:26:16.817, Tesla V100-PCIE-16GB, 51 %, 3 %, 548 MiB, 16384 MiB, 50
2026/08/10 06:26:21.818, Tesla V100-PCIE-16GB, 51 %, 3 %, 548 MiB, 16384 MiB, 50
2026/08/10 06:26:26.819, Tesla V100-PCIE-16GB, 49 %, 3 %, 548 MiB, 16384 MiB, 50
2026/08/10 06:26:31.820, Tesla V100-PCIE-16GB, 49 %, 3 %, 548 MiB, 16384 MiB, 50
2026/08/10 06:26:36.820, Tesla V100-PCIE-16GB, 48 %, 3 %, 548 MiB, 16384 MiB, 50
2026/08/10 06:26:41.893, Tesla V100-PCIE-16GB, 49 %, 3 %, 548 MiB, 16384 MiB, 50
2026/08/10 06:26:46.894, Tesla V100-PCIE-16GB, 48 %, 3 %, 548 MiB, 16384 MiB, 50
2026/08/10 06:26:51.895, Tesla V100-PCIE-16GB, 49 %, 3 %, 548 MiB, 16384 MiB, 50
2026/08/10 06:26:56.896, Tesla V100-PCIE-16GB, 49 %, 3 %, 548 MiB, 16384 MiB, 50
2026/08/10 06:27:01.897, Tesla V100-PCIE-16GB, 51 %, 4 %, 548 MiB, 16384 MiB, 50
2026/08/10 06:27:06.898, Tesla V100-PCIE-16GB, 50 %, 3 %, 548 MiB, 16384 MiB, 50
2026/08/10 06:27:11.899, Tesla V100-PCIE-16GB, 48 %, 3 %, 548 MiB, 16384 MiB, 50
2026/08/10 06:27:16.899, Tesla V100-PCIE-16GB, 49 %, 3 %, 548 MiB, 16384 MiB, 50
2026/08/10 06:27:21.900, Tesla V100-PCIE-16GB, 49 %, 3 %, 548 MiB, 16384 MiB, 50
2026/08/10 06:27:26.901, Tesla V100-PCIE-16GB, 49 %, 3 %, 548 MiB, 16384 MiB, 50
2026/08/10 06:27:31.902, Tesla V100-PCIE-16GB, 51 %, 3 %, 548 MiB, 16384 MiB, 50
2026/08/10 06:27:36.902, Tesla V100-PCIE-16GB, 47 %, 3 %, 548 MiB, 16384 MiB, 50
2026/08/10 06:27:41.903, Tesla V100-PCIE-16GB, 47 %, 3 %, 548 MiB, 16384 MiB, 50
2026/08/10 06:27:46.904, Tesla V100-PCIE-16GB, 50 %, 3 %, 548 MiB, 16384 MiB, 50
2026/08/10 06:27:51.905, Tesla V100-PCIE-16GB, 50 %, 3 %, 548 MiB, 16384 MiB, 50
2026/08/10 06:27:56.906, Tesla V100-PCIE-16GB, 50 %, 3 %, 548 MiB, 16384 MiB, 50
2026/08/10 06:28:01.907, Tesla V100-PCIE-16GB, 45 %, 3 %, 548 MiB, 16384 MiB, 49
2026/08/10 06:28:06.908, Tesla V100-PCIE-16GB, 45 %, 3 %, 548 MiB, 16384 MiB, 49
2026/08/10 06:28:11.909, Tesla V100-PCIE-16GB, 49 %, 3 %, 548 MiB, 16384 MiB, 49
2026/08/10 06:28:16.910, Tesla V100-PCIE-16GB, 49 %, 3 %, 548 MiB, 16384 MiB, 49
2026/08/10 06:28:21.913, Tesla V100-PCIE-16GB, 38 %, 2 %, 548 MiB, 16384 MiB, 49
2026/08/10 06:28:26.914, Tesla V100-PCIE-16GB, 50 %, 3 %, 548 MiB, 16384 MiB, 49
2026/08/10 06:28:31.914, Tesla V100-PCIE-16GB, 49 %, 3 %, 548 MiB, 16384 MiB, 49
2026/08/10 06:28:36.915, Tesla V100-PCIE-16GB, 48 %, 3 %, 548 MiB, 16384 MiB, 49
2026/08/10 06:28:41.916, Tesla V100-PCIE-16GB, 51 %, 3 %, 548 MiB, 16384 MiB, 49
2026/08/10 06:28:46.956, Tesla V100-PCIE-16GB, 48 %, 3 %, 548 MiB, 16384 MiB, 49
2026/08/10 06:28:51.958, Tesla V100-PCIE-16GB, 50 %, 3 %, 548 MiB, 16384 MiB, 49
2026/08/10 06:28:56.958, Tesla V100-PCIE-16GB, 48 %, 3 %, 548 MiB, 16384 MiB, 49
2026/08/10 06:29:01.959, Tesla V100-PCIE-16GB, 49 %, 3 %, 548 MiB, 16384 MiB, 49
2026/08/10 06:29:06.961, Tesla V100-PCIE-16GB, 48 %, 3 %, 548 MiB, 16384 MiB, 49
2026/08/10 06:29:11.962, Tesla V100-PCIE-16GB, 51 %, 3 %, 548 MiB, 16384 MiB, 49
2026/08/10 06:29:16.963, Tesla V100-PCIE-16GB, 50 %, 3 %, 548 MiB, 16384 MiB, 49
2026/08/10 06:29:21.964, Tesla V100-PCIE-16GB, 49 %, 3 %, 548 MiB, 16384 MiB, 49
2026/08/10 06:29:26.964, Tesla V100-PCIE-16GB, 51 %, 3 %, 548 MiB, 16384 MiB, 49
2026/08/10 06:29:31.965, Tesla V100-PCIE-16GB, 47 %, 3 %, 548 MiB, 16384 MiB, 49
2026/08/10 06:29:36.966, Tesla V100-PCIE-16GB, 46 %, 3 %, 548 MiB, 16384 MiB, 49
2026/08/10 06:29:41.967, Tesla V100-PCIE-16GB, 19 %, 4 %, 548 MiB, 16384 MiB, 49
2026/08/10 06:29:46.967, Tesla V100-PCIE-16GB, 52 %, 3 %, 548 MiB, 16384 MiB, 49
2026/08/10 06:29:51.968, Tesla V100-PCIE-16GB, 50 %, 3 %, 548 MiB, 16384 MiB, 49
2026/08/10 06:29:56.969, Tesla V100-PCIE-16GB, 50 %, 3 %, 548 MiB, 16384 MiB, 49
2026/08/10 06:30:01.970, Tesla V100-PCIE-16GB, 49 %, 3 %, 548 MiB, 16384 MiB, 49
2026/08/10 06:30:06.971, Tesla V100-PCIE-16GB, 49 %, 3 %, 548 MiB, 16384 MiB, 49
2026/08/10 06:30:11.972, Tesla V100-PCIE-16GB, 52 %, 3 %, 548 MiB, 16384 MiB, 49
2026/08/10 06:30:16.973, Tesla V100-PCIE-16GB, 49 %, 3 %, 548 MiB, 16384 MiB, 49
2026/08/10 06:30:21.974, Tesla V100-PCIE-16GB, 46 %, 3 %, 548 MiB, 16384 MiB, 49
2026/08/10 06:30:26.975, Tesla V100-PCIE-16GB, 49 %, 3 %, 548 MiB, 16384 MiB, 49
2026/08/10 06:30:31.975, Tesla V100-PCIE-16GB, 43 %, 3 %, 548 MiB, 16384 MiB, 49
2026/08/10 06:30:36.976, Tesla V100-PCIE-16GB, 49 %, 3 %, 548 MiB, 16384 MiB, 49
2026/08/10 06:30:41.977, Tesla V100-PCIE-16GB, 49 %, 3 %, 548 MiB, 16384 MiB, 49
2026/08/10 06:30:46.978, Tesla V100-PCIE-16GB, 51 %, 3 %, 548 MiB, 16384 MiB, 49
2026/08/10 06:30:51.979, Tesla V100-PCIE-16GB, 48 %, 3 %, 548 MiB, 16384 MiB, 49
2026/08/10 06:30:56.979, Tesla V100-PCIE-16GB, 50 %, 3 %, 548 MiB, 16384 MiB, 49
2026/08/10 06:31:01.980, Tesla V100-PCIE-16GB, 16 %, 3 %, 548 MiB, 16384 MiB, 49
2026/08/10 06:31:06.981, Tesla V100-PCIE-16GB, 48 %, 3 %, 548 MiB, 16384 MiB, 49
2026/08/10 06:31:11.982, Tesla V100-PCIE-16GB, 50 %, 3 %, 548 MiB, 16384 MiB, 49
2026/08/10 06:31:16.983, Tesla V100-PCIE-16GB, 49 %, 3 %, 548 MiB, 16384 MiB, 49
2026/08/10 06:31:21.983, Tesla V100-PCIE-16GB, 47 %, 3 %, 548 MiB, 16384 MiB, 49
2026/08/10 06:31:26.984, Tesla V100-PCIE-16GB, 48 %, 3 %, 548 MiB, 16384 MiB, 49
2026/08/10 06:31:31.985, Tesla V100-PCIE-16GB, 50 %, 3 %, 548 MiB, 16384 MiB, 49
2026/08/10 06:31:36.986, Tesla V100-PCIE-16GB, 49 %, 3 %, 548 MiB, 16384 MiB, 49
2026/08/10 06:31:41.987, Tesla V100-PCIE-16GB, 48 %, 3 %, 548 MiB, 16384 MiB, 49
2026/08/10 06:31:47.011, Tesla V100-PCIE-16GB, 48 %, 3 %, 548 MiB, 16384 MiB, 49
2026/08/10 06:31:52.011, Tesla V100-PCIE-16GB, 46 %, 3 %, 548 MiB, 16384 MiB, 49
2026/08/10 06:31:57.012, Tesla V100-PCIE-16GB, 52 %, 3 %, 548 MiB, 16384 MiB, 49
2026/08/10 06:32:02.013, Tesla V100-PCIE-16GB, 49 %, 3 %, 548 MiB, 16384 MiB, 49
2026/08/10 06:32:07.017, Tesla V100-PCIE-16GB, 48 %, 3 %, 548 MiB, 16384 MiB, 49
2026/08/10 06:32:12.018, Tesla V100-PCIE-16GB, 50 %, 3 %, 548 MiB, 16384 MiB, 49
2026/08/10 06:32:17.019, Tesla V100-PCIE-16GB, 49 %, 3 %, 548 MiB, 16384 MiB, 49
2026/08/10 06:32:22.020, Tesla V100-PCIE-16GB, 48 %, 3 %, 548 MiB, 16384 MiB, 49
2026/08/10 06:32:27.021, Tesla V100-PCIE-16GB, 50 %, 3 %, 548 MiB, 16384 MiB, 49
2026/08/10 06:32:32.021, Tesla V100-PCIE-16GB, 50 %, 3 %, 548 MiB, 16384 MiB, 49
2026/08/10 06:32:37.022, Tesla V100-PCIE-16GB, 49 %, 3 %, 548 MiB, 16384 MiB, 49
2026/08/10 06:32:42.023, Tesla V100-PCIE-16GB, 45 %, 3 %, 548 MiB, 16384 MiB, 49
2026/08/10 06:32:47.082, Tesla V100-PCIE-16GB, 49 %, 3 %, 548 MiB, 16384 MiB, 49
2026/08/10 06:32:52.082, Tesla V100-PCIE-16GB, 49 %, 3 %, 548 MiB, 16384 MiB, 49
2026/08/10 06:32:57.085, Tesla V100-PCIE-16GB, 50 %, 3 %, 548 MiB, 16384 MiB, 49
2026/08/10 06:33:02.086, Tesla V100-PCIE-16GB, 43 %, 3 %, 548 MiB, 16384 MiB, 49
2026/08/10 06:33:07.086, Tesla V100-PCIE-16GB, 49 %, 3 %, 548 MiB, 16384 MiB, 49
2026/08/10 06:33:12.087, Tesla V100-PCIE-16GB, 50 %, 3 %, 548 MiB, 16384 MiB, 49
2026/08/10 06:33:17.088, Tesla V100-PCIE-16GB, 48 %, 3 %, 548 MiB, 16384 MiB, 49
2026/08/10 06:33:22.089, Tesla V100-PCIE-16GB, 51 %, 3 %, 548 MiB, 16384 MiB, 49
2026/08/10 06:33:27.090, Tesla V100-PCIE-16GB, 49 %, 3 %, 548 MiB, 16384 MiB, 49
2026/08/10 06:33:32.090, Tesla V100-PCIE-16GB, 49 %, 3 %, 548 MiB, 16384 MiB, 49
2026/08/10 06:33:37.093, Tesla V100-PCIE-16GB, 49 %, 3 %, 548 MiB, 16384 MiB, 49
2026/08/10 06:33:42.094, Tesla V100-PCIE-16GB, 49 %, 3 %, 548 MiB, 16384 MiB, 49
2026/08/10 06:33:47.094, Tesla V100-PCIE-16GB, 49 %, 3 %, 548 MiB, 16384 MiB, 49
2026/08/10 06:33:52.095, Tesla V100-PCIE-16GB, 50 %, 3 %, 548 MiB, 16384 MiB, 49
2026/08/10 06:33:57.096, Tesla V100-PCIE-16GB, 51 %, 3 %, 548 MiB, 16384 MiB, 49
2026/08/10 06:34:02.097, Tesla V100-PCIE-16GB, 43 %, 3 %, 548 MiB, 16384 MiB, 49
2026/08/10 06:34:07.098, Tesla V100-PCIE-16GB, 42 %, 3 %, 548 MiB, 16384 MiB, 49
2026/08/10 06:34:12.099, Tesla V100-PCIE-16GB, 49 %, 3 %, 548 MiB, 16384 MiB, 49
2026/08/10 06:34:17.100, Tesla V100-PCIE-16GB, 49 %, 3 %, 548 MiB, 16384 MiB, 49
2026/08/10 06:34:22.101, Tesla V100-PCIE-16GB, 42 %, 3 %, 548 MiB, 16384 MiB, 49
2026/08/10 06:34:27.172, Tesla V100-PCIE-16GB, 51 %, 3 %, 548 MiB, 16384 MiB, 49
2026/08/10 06:34:32.173, Tesla V100-PCIE-16GB, 49 %, 3 %, 548 MiB, 16384 MiB, 49
2026/08/10 06:34:37.173, Tesla V100-PCIE-16GB, 48 %, 3 %, 548 MiB, 16384 MiB, 49
2026/08/10 06:34:42.174, Tesla V100-PCIE-16GB, 46 %, 3 %, 548 MiB, 16384 MiB, 49
2026/08/10 06:34:47.175, Tesla V100-PCIE-16GB, 50 %, 3 %, 548 MiB, 16384 MiB, 49
2026/08/10 06:34:52.177, Tesla V100-PCIE-16GB, 49 %, 3 %, 548 MiB, 16384 MiB, 49
2026/08/10 06:34:57.181, Tesla V100-PCIE-16GB, 52 %, 3 %, 548 MiB, 16384 MiB, 49
2026/08/10 06:35:02.181, Tesla V100-PCIE-16GB, 46 %, 3 %, 548 MiB, 16384 MiB, 49
2026/08/10 06:35:07.182, Tesla V100-PCIE-16GB, 46 %, 3 %, 548 MiB, 16384 MiB, 49
2026/08/10 06:35:12.183, Tesla V100-PCIE-16GB, 49 %, 3 %, 548 MiB, 16384 MiB, 49
2026/08/10 06:35:17.184, Tesla V100-PCIE-16GB, 49 %, 3 %, 548 MiB, 16384 MiB, 49
2026/08/10 06:35:22.185, Tesla V100-PCIE-16GB, 46 %, 3 %, 548 MiB, 16384 MiB, 49
2026/08/10 06:35:27.185, Tesla V100-PCIE-16GB, 45 %, 3 %, 548 MiB, 16384 MiB, 49
2026/08/10 06:35:32.190, Tesla V100-PCIE-16GB, 49 %, 3 %, 548 MiB, 16384 MiB, 49
2026/08/10 06:35:37.191, Tesla V100-PCIE-16GB, 49 %, 3 %, 548 MiB, 16384 MiB, 49
2026/08/10 06:35:42.191, Tesla V100-PCIE-16GB, 49 %, 3 %, 548 MiB, 16384 MiB, 49
2026/08/10 06:35:47.192, Tesla V100-PCIE-16GB, 49 %, 3 %, 548 MiB, 16384 MiB, 49
2026/08/10 06:35:52.193, Tesla V100-PCIE-16GB, 49 %, 3 %, 548 MiB, 16384 MiB, 49
2026/08/10 06:35:57.194, Tesla V100-PCIE-16GB, 48 %, 3 %, 548 MiB, 16384 MiB, 49
2026/08/10 06:36:02.195, Tesla V100-PCIE-16GB, 50 %, 3 %, 548 MiB, 16384 MiB, 49
2026/08/10 06:36:07.195, Tesla V100-PCIE-16GB, 47 %, 3 %, 548 MiB, 16384 MiB, 49
2026/08/10 06:36:12.196, Tesla V100-PCIE-16GB, 50 %, 3 %, 548 MiB, 16384 MiB, 49
2026/08/10 06:36:17.197, Tesla V100-PCIE-16GB, 49 %, 3 %, 548 MiB, 16384 MiB, 49
2026/08/10 06:36:22.198, Tesla V100-PCIE-16GB, 48 %, 3 %, 548 MiB, 16384 MiB, 49
2026/08/10 06:36:27.199, Tesla V100-PCIE-16GB, 49 %, 3 %, 548 MiB, 16384 MiB, 49
2026/08/10 06:36:32.200, Tesla V100-PCIE-16GB, 51 %, 3 %, 548 MiB, 16384 MiB, 49
2026/08/10 06:36:37.200, Tesla V100-PCIE-16GB, 48 %, 3 %, 548 MiB, 16384 MiB, 50
2026/08/10 06:36:42.201, Tesla V100-PCIE-16GB, 49 %, 3 %, 548 MiB, 16384 MiB, 50
2026/08/10 06:36:47.202, Tesla V100-PCIE-16GB, 49 %, 3 %, 548 MiB, 16384 MiB, 50
2026/08/10 06:36:52.203, Tesla V100-PCIE-16GB, 17 %, 3 %, 548 MiB, 16384 MiB, 50
2026/08/10 06:36:57.204, Tesla V100-PCIE-16GB, 50 %, 3 %, 548 MiB, 16384 MiB, 50
2026/08/10 06:37:02.204, Tesla V100-PCIE-16GB, 48 %, 3 %, 548 MiB, 16384 MiB, 50
2026/08/10 06:37:07.211, Tesla V100-PCIE-16GB, 49 %, 3 %, 548 MiB, 16384 MiB, 50
2026/08/10 06:37:12.212, Tesla V100-PCIE-16GB, 45 %, 3 %, 548 MiB, 16384 MiB, 50
2026/08/10 06:37:17.215, Tesla V100-PCIE-16GB, 46 %, 3 %, 548 MiB, 16384 MiB, 50
2026/08/10 06:37:22.216, Tesla V100-PCIE-16GB, 47 %, 3 %, 548 MiB, 16384 MiB, 50
2026/08/10 06:37:27.217, Tesla V100-PCIE-16GB, 51 %, 3 %, 548 MiB, 16384 MiB, 50
2026/08/10 06:37:32.218, Tesla V100-PCIE-16GB, 49 %, 3 %, 548 MiB, 16384 MiB, 50
2026/08/10 06:37:37.219, Tesla V100-PCIE-16GB, 46 %, 3 %, 548 MiB, 16384 MiB, 50
2026/08/10 06:37:42.220, Tesla V100-PCIE-16GB, 49 %, 3 %, 548 MiB, 16384 MiB, 50
2026/08/10 06:37:47.220, Tesla V100-PCIE-16GB, 51 %, 3 %, 548 MiB, 16384 MiB, 50
2026/08/10 06:37:52.221, Tesla V100-PCIE-16GB, 50 %, 3 %, 548 MiB, 16384 MiB, 50
2026/08/10 06:37:57.222, Tesla V100-PCIE-16GB, 51 %, 3 %, 548 MiB, 16384 MiB, 50
2026/08/10 06:38:02.223, Tesla V100-PCIE-16GB, 48 %, 3 %, 548 MiB, 16384 MiB, 50
2026/08/10 06:38:07.224, Tesla V100-PCIE-16GB, 44 %, 3 %, 548 MiB, 16384 MiB, 50
2026/08/10 06:38:12.225, Tesla V100-PCIE-16GB, 17 %, 3 %, 548 MiB, 16384 MiB, 50
2026/08/10 06:38:17.225, Tesla V100-PCIE-16GB, 46 %, 3 %, 548 MiB, 16384 MiB, 50
2026/08/10 06:38:22.226, Tesla V100-PCIE-16GB, 48 %, 3 %, 548 MiB, 16384 MiB, 50
2026/08/10 06:38:27.227, Tesla V100-PCIE-16GB, 48 %, 3 %, 548 MiB, 16384 MiB, 50
2026/08/10 06:38:32.228, Tesla V100-PCIE-16GB, 51 %, 3 %, 548 MiB, 16384 MiB, 50
2026/08/10 06:38:37.229, Tesla V100-PCIE-16GB, 46 %, 3 %, 548 MiB, 16384 MiB, 50
2026/08/10 06:38:42.229, Tesla V100-PCIE-16GB, 50 %, 3 %, 548 MiB, 16384 MiB, 50
2026/08/10 06:38:47.230, Tesla V100-PCIE-16GB, 50 %, 3 %, 548 MiB, 16384 MiB, 50
2026/08/10 06:38:52.231, Tesla V100-PCIE-16GB, 50 %, 3 %, 548 MiB, 16384 MiB, 50
2026/08/10 06:38:57.232, Tesla V100-PCIE-16GB, 50 %, 3 %, 548 MiB, 16384 MiB, 50
2026/08/10 06:39:02.233, Tesla V100-PCIE-16GB, 46 %, 3 %, 548 MiB, 16384 MiB, 50
2026/08/10 06:39:07.234, Tesla V100-PCIE-16GB, 18 %, 3 %, 548 MiB, 16384 MiB, 50
2026/08/10 06:39:12.234, Tesla V100-PCIE-16GB, 49 %, 3 %, 548 MiB, 16384 MiB, 50
2026/08/10 06:39:17.235, Tesla V100-PCIE-16GB, 49 %, 3 %, 548 MiB, 16384 MiB, 50
2026/08/10 06:39:22.236, Tesla V100-PCIE-16GB, 49 %, 3 %, 548 MiB, 16384 MiB, 50
2026/08/10 06:39:27.237, Tesla V100-PCIE-16GB, 49 %, 3 %, 548 MiB, 16384 MiB, 49
2026/08/10 06:39:32.238, Tesla V100-PCIE-16GB, 50 %, 3 %, 548 MiB, 16384 MiB, 49
2026/08/10 06:39:37.239, Tesla V100-PCIE-16GB, 48 %, 3 %, 548 MiB, 16384 MiB, 49
2026/08/10 06:39:42.240, Tesla V100-PCIE-16GB, 47 %, 3 %, 548 MiB, 16384 MiB, 50
2026/08/10 06:39:47.240, Tesla V100-PCIE-16GB, 47 %, 3 %, 548 MiB, 16384 MiB, 49
2026/08/10 06:39:52.241, Tesla V100-PCIE-16GB, 46 %, 3 %, 548 MiB, 16384 MiB, 49
2026/08/10 06:39:57.242, Tesla V100-PCIE-16GB, 48 %, 3 %, 548 MiB, 16384 MiB, 49
2026/08/10 06:40:02.257, Tesla V100-PCIE-16GB, 15 %, 3 %, 548 MiB, 16384 MiB, 50
2026/08/10 06:40:07.259, Tesla V100-PCIE-16GB, 49 %, 3 %, 548 MiB, 16384 MiB, 49
2026/08/10 06:40:12.259, Tesla V100-PCIE-16GB, 49 %, 3 %, 548 MiB, 16384 MiB, 49
2026/08/10 06:40:17.260, Tesla V100-PCIE-16GB, 49 %, 3 %, 548 MiB, 16384 MiB, 49
2026/08/10 06:40:22.261, Tesla V100-PCIE-16GB, 42 %, 3 %, 548 MiB, 16384 MiB, 49
2026/08/10 06:40:27.262, Tesla V100-PCIE-16GB, 50 %, 3 %, 548 MiB, 16384 MiB, 49
2026/08/10 06:40:32.263, Tesla V100-PCIE-16GB, 49 %, 3 %, 548 MiB, 16384 MiB, 49
2026/08/10 06:40:37.264, Tesla V100-PCIE-16GB, 49 %, 3 %, 548 MiB, 16384 MiB, 49
2026/08/10 06:40:42.265, Tesla V100-PCIE-16GB, 49 %, 3 %, 548 MiB, 16384 MiB, 49
2026/08/10 06:40:47.265, Tesla V100-PCIE-16GB, 50 %, 3 %, 548 MiB, 16384 MiB, 49
2026/08/10 06:40:52.266, Tesla V100-PCIE-16GB, 47 %, 3 %, 548 MiB, 16384 MiB, 49
2026/08/10 06:40:57.267, Tesla V100-PCIE-16GB, 51 %, 3 %, 548 MiB, 16384 MiB, 49
2026/08/10 06:41:02.268, Tesla V100-PCIE-16GB, 50 %, 3 %, 548 MiB, 16384 MiB, 49
2026/08/10 06:41:07.269, Tesla V100-PCIE-16GB, 46 %, 3 %, 548 MiB, 16384 MiB, 49
2026/08/10 06:41:12.269, Tesla V100-PCIE-16GB, 49 %, 3 %, 548 MiB, 16384 MiB, 49
2026/08/10 06:41:17.270, Tesla V100-PCIE-16GB, 42 %, 3 %, 548 MiB, 16384 MiB, 49
2026/08/10 06:41:22.271, Tesla V100-PCIE-16GB, 46 %, 3 %, 548 MiB, 16384 MiB, 49
2026/08/10 06:41:27.272, Tesla V100-PCIE-16GB, 49 %, 3 %, 548 MiB, 16384 MiB, 49
2026/08/10 06:41:32.273, Tesla V100-PCIE-16GB, 49 %, 3 %, 548 MiB, 16384 MiB, 49
2026/08/10 06:41:37.274, Tesla V100-PCIE-16GB, 48 %, 3 %, 548 MiB, 16384 MiB, 49
2026/08/10 06:41:42.276, Tesla V100-PCIE-16GB, 49 %, 3 %, 548 MiB, 16384 MiB, 49
2026/08/10 06:41:47.277, Tesla V100-PCIE-16GB, 49 %, 3 %, 548 MiB, 16384 MiB, 49
2026/08/10 06:41:52.278, Tesla V100-PCIE-16GB, 51 %, 3 %, 548 MiB, 16384 MiB, 49
2026/08/10 06:41:57.279, Tesla V100-PCIE-16GB, 52 %, 3 %, 548 MiB, 16384 MiB, 49
2026/08/10 06:42:02.279, Tesla V100-PCIE-16GB, 47 %, 3 %, 548 MiB, 16384 MiB, 49
2026/08/10 06:42:07.280, Tesla V100-PCIE-16GB, 49 %, 3 %, 548 MiB, 16384 MiB, 49
2026/08/10 06:42:12.281, Tesla V100-PCIE-16GB, 44 %, 3 %, 548 MiB, 16384 MiB, 49
2026/08/10 06:42:17.282, Tesla V100-PCIE-16GB, 43 %, 3 %, 548 MiB, 16384 MiB, 49
2026/08/10 06:42:22.283, Tesla V100-PCIE-16GB, 50 %, 3 %, 548 MiB, 16384 MiB, 49
2026/08/10 06:42:27.284, Tesla V100-PCIE-16GB, 50 %, 3 %, 548 MiB, 16384 MiB, 49
2026/08/10 06:42:32.285, Tesla V100-PCIE-16GB, 47 %, 3 %, 548 MiB, 16384 MiB, 49
2026/08/10 06:42:37.285, Tesla V100-PCIE-16GB, 47 %, 3 %, 548 MiB, 16384 MiB, 49
2026/08/10 06:42:42.291, Tesla V100-PCIE-16GB, 47 %, 3 %, 548 MiB, 16384 MiB, 49
2026/08/10 06:42:47.291, Tesla V100-PCIE-16GB, 50 %, 3 %, 548 MiB, 16384 MiB, 49
2026/08/10 06:42:52.292, Tesla V100-PCIE-16GB, 49 %, 3 %, 548 MiB, 16384 MiB, 49
2026/08/10 06:42:57.293, Tesla V100-PCIE-16GB, 49 %, 3 %, 548 MiB, 16384 MiB, 49
2026/08/10 06:43:02.294, Tesla V100-PCIE-16GB, 48 %, 3 %, 548 MiB, 16384 MiB, 49
2026/08/10 06:43:07.294, Tesla V100-PCIE-16GB, 49 %, 3 %, 548 MiB, 16384 MiB, 49
2026/08/10 06:43:12.295, Tesla V100-PCIE-16GB, 49 %, 3 %, 548 MiB, 16384 MiB, 49
2026/08/10 06:43:17.296, Tesla V100-PCIE-16GB, 48 %, 3 %, 548 MiB, 16384 MiB, 49
2026/08/10 06:43:22.297, Tesla V100-PCIE-16GB, 48 %, 3 %, 548 MiB, 16384 MiB, 49
2026/08/10 06:43:27.299, Tesla V100-PCIE-16GB, 49 %, 3 %, 548 MiB, 16384 MiB, 49
2026/08/10 06:43:32.300, Tesla V100-PCIE-16GB, 47 %, 3 %, 548 MiB, 16384 MiB, 49
2026/08/10 06:43:37.300, Tesla V100-PCIE-16GB, 48 %, 3 %, 548 MiB, 16384 MiB, 49
2026/08/10 06:43:42.323, Tesla V100-PCIE-16GB, 50 %, 3 %, 548 MiB, 16384 MiB, 49
2026/08/10 06:43:47.333, Tesla V100-PCIE-16GB, 49 %, 3 %, 548 MiB, 16384 MiB, 49
2026/08/10 06:43:52.333, Tesla V100-PCIE-16GB, 46 %, 3 %, 548 MiB, 16384 MiB, 49
2026/08/10 06:43:57.334, Tesla V100-PCIE-16GB, 40 %, 3 %, 548 MiB, 16384 MiB, 49
2026/08/10 06:44:02.335, Tesla V100-PCIE-16GB, 50 %, 3 %, 548 MiB, 16384 MiB, 49
2026/08/10 06:44:07.336, Tesla V100-PCIE-16GB, 48 %, 3 %, 548 MiB, 16384 MiB, 49
2026/08/10 06:44:12.337, Tesla V100-PCIE-16GB, 49 %, 3 %, 548 MiB, 16384 MiB, 49
2026/08/10 06:44:17.338, Tesla V100-PCIE-16GB, 50 %, 3 %, 548 MiB, 16384 MiB, 49
2026/08/10 06:44:22.339, Tesla V100-PCIE-16GB, 42 %, 3 %, 548 MiB, 16384 MiB, 49
2026/08/10 06:44:27.340, Tesla V100-PCIE-16GB, 48 %, 3 %, 548 MiB, 16384 MiB, 49
2026/08/10 06:44:32.340, Tesla V100-PCIE-16GB, 25 %, 3 %, 548 MiB, 16384 MiB, 49
2026/08/10 06:44:37.341, Tesla V100-PCIE-16GB, 49 %, 3 %, 548 MiB, 16384 MiB, 49
2026/08/10 06:44:42.342, Tesla V100-PCIE-16GB, 48 %, 3 %, 548 MiB, 16384 MiB, 49
2026/08/10 06:44:47.343, Tesla V100-PCIE-16GB, 51 %, 3 %, 548 MiB, 16384 MiB, 49
2026/08/10 06:44:52.344, Tesla V100-PCIE-16GB, 50 %, 3 %, 548 MiB, 16384 MiB, 49
2026/08/10 06:44:57.344, Tesla V100-PCIE-16GB, 49 %, 3 %, 548 MiB, 16384 MiB, 49
2026/08/10 06:45:02.345, Tesla V100-PCIE-16GB, 49 %, 3 %, 548 MiB, 16384 MiB, 49
2026/08/10 06:45:07.346, Tesla V100-PCIE-16GB, 49 %, 3 %, 548 MiB, 16384 MiB, 49
2026/08/10 06:45:12.347, Tesla V100-PCIE-16GB, 47 %, 3 %, 548 MiB, 16384 MiB, 49
2026/08/10 06:45:17.348, Tesla V100-PCIE-16GB, 49 %, 3 %, 548 MiB, 16384 MiB, 49
2026/08/10 06:45:22.349, Tesla V100-PCIE-16GB, 49 %, 3 %, 548 MiB, 16384 MiB, 49
2026/08/10 06:45:27.350, Tesla V100-PCIE-16GB, 48 %, 3 %, 548 MiB, 16384 MiB, 49
2026/08/10 06:45:32.411, Tesla V100-PCIE-16GB, 51 %, 3 %, 548 MiB, 16384 MiB, 49
2026/08/10 06:45:37.412, Tesla V100-PCIE-16GB, 43 %, 3 %, 548 MiB, 16384 MiB, 49
2026/08/10 06:45:42.413, Tesla V100-PCIE-16GB, 46 %, 3 %, 548 MiB, 16384 MiB, 49
2026/08/10 06:45:47.414, Tesla V100-PCIE-16GB, 46 %, 3 %, 548 MiB, 16384 MiB, 49
2026/08/10 06:45:52.415, Tesla V100-PCIE-16GB, 46 %, 3 %, 548 MiB, 16384 MiB, 49
2026/08/10 06:45:57.417, Tesla V100-PCIE-16GB, 49 %, 3 %, 548 MiB, 16384 MiB, 49
2026/08/10 06:46:02.418, Tesla V100-PCIE-16GB, 50 %, 3 %, 548 MiB, 16384 MiB, 49
2026/08/10 06:46:07.420, Tesla V100-PCIE-16GB, 49 %, 3 %, 548 MiB, 16384 MiB, 49
2026/08/10 06:46:12.421, Tesla V100-PCIE-16GB, 47 %, 3 %, 548 MiB, 16384 MiB, 49
2026/08/10 06:46:17.423, Tesla V100-PCIE-16GB, 44 %, 3 %, 548 MiB, 16384 MiB, 49
2026/08/10 06:46:22.424, Tesla V100-PCIE-16GB, 46 %, 3 %, 548 MiB, 16384 MiB, 49
2026/08/10 06:46:27.426, Tesla V100-PCIE-16GB, 52 %, 3 %, 548 MiB, 16384 MiB, 49
2026/08/10 06:46:32.426, Tesla V100-PCIE-16GB, 48 %, 3 %, 548 MiB, 16384 MiB, 49
2026/08/10 06:46:37.427, Tesla V100-PCIE-16GB, 46 %, 3 %, 548 MiB, 16384 MiB, 49
2026/08/10 06:46:42.428, Tesla V100-PCIE-16GB, 48 %, 3 %, 548 MiB, 16384 MiB, 49
2026/08/10 06:46:47.429, Tesla V100-PCIE-16GB, 19 %, 4 %, 548 MiB, 16384 MiB, 49
2026/08/10 06:46:52.430, Tesla V100-PCIE-16GB, 52 %, 3 %, 548 MiB, 16384 MiB, 49
2026/08/10 06:46:57.430, Tesla V100-PCIE-16GB, 49 %, 3 %, 548 MiB, 16384 MiB, 49
2026/08/10 06:47:02.432, Tesla V100-PCIE-16GB, 49 %, 3 %, 548 MiB, 16384 MiB, 49
2026/08/10 06:47:07.432, Tesla V100-PCIE-16GB, 46 %, 3 %, 548 MiB, 16384 MiB, 49
2026/08/10 06:47:12.433, Tesla V100-PCIE-16GB, 49 %, 3 %, 548 MiB, 16384 MiB, 49
2026/08/10 06:47:17.434, Tesla V100-PCIE-16GB, 49 %, 3 %, 548 MiB, 16384 MiB, 50
2026/08/10 06:47:22.435, Tesla V100-PCIE-16GB, 48 %, 3 %, 548 MiB, 16384 MiB, 50
2026/08/10 06:47:27.436, Tesla V100-PCIE-16GB, 49 %, 3 %, 548 MiB, 16384 MiB, 50
2026/08/10 06:47:32.440, Tesla V100-PCIE-16GB, 49 %, 3 %, 548 MiB, 16384 MiB, 50
2026/08/10 06:47:37.441, Tesla V100-PCIE-16GB, 43 %, 3 %, 548 MiB, 16384 MiB, 50
2026/08/10 06:47:42.444, Tesla V100-PCIE-16GB, 51 %, 3 %, 548 MiB, 16384 MiB, 50
2026/08/10 06:47:47.447, Tesla V100-PCIE-16GB, 40 %, 3 %, 548 MiB, 16384 MiB, 50
2026/08/10 06:47:52.450, Tesla V100-PCIE-16GB, 49 %, 3 %, 548 MiB, 16384 MiB, 50
2026/08/10 06:47:57.451, Tesla V100-PCIE-16GB, 49 %, 3 %, 548 MiB, 16384 MiB, 50
2026/08/10 06:48:02.451, Tesla V100-PCIE-16GB, 47 %, 3 %, 548 MiB, 16384 MiB, 50
2026/08/10 06:48:07.452, Tesla V100-PCIE-16GB, 46 %, 3 %, 548 MiB, 16384 MiB, 50
2026/08/10 06:48:12.453, Tesla V100-PCIE-16GB, 52 %, 3 %, 548 MiB, 16384 MiB, 50
2026/08/10 06:48:17.454, Tesla V100-PCIE-16GB, 47 %, 3 %, 548 MiB, 16384 MiB, 50
2026/08/10 06:48:22.454, Tesla V100-PCIE-16GB, 49 %, 3 %, 548 MiB, 16384 MiB, 50
2026/08/10 06:48:27.455, Tesla V100-PCIE-16GB, 49 %, 3 %, 548 MiB, 16384 MiB, 50
2026/08/10 06:48:32.456, Tesla V100-PCIE-16GB, 47 %, 3 %, 548 MiB, 16384 MiB, 50
2026/08/10 06:48:37.457, Tesla V100-PCIE-16GB, 49 %, 3 %, 548 MiB, 16384 MiB, 50
2026/08/10 06:48:42.457, Tesla V100-PCIE-16GB, 48 %, 3 %, 548 MiB, 16384 MiB, 50
2026/08/10 06:48:47.458, Tesla V100-PCIE-16GB, 46 %, 3 %, 548 MiB, 16384 MiB, 50
2026/08/10 06:48:52.459, Tesla V100-PCIE-16GB, 46 %, 3 %, 548 MiB, 16384 MiB, 50
2026/08/10 06:48:57.460, Tesla V100-PCIE-16GB, 48 %, 3 %, 548 MiB, 16384 MiB, 50
2026/08/10 06:49:02.461, Tesla V100-PCIE-16GB, 45 %, 3 %, 548 MiB, 16384 MiB, 50
2026/08/10 06:49:07.462, Tesla V100-PCIE-16GB, 38 %, 3 %, 548 MiB, 16384 MiB, 50
2026/08/10 06:49:12.464, Tesla V100-PCIE-16GB, 51 %, 3 %, 548 MiB, 16384 MiB, 50
2026/08/10 06:49:17.465, Tesla V100-PCIE-16GB, 48 %, 3 %, 548 MiB, 16384 MiB, 50
2026/08/10 06:49:22.468, Tesla V100-PCIE-16GB, 48 %, 3 %, 548 MiB, 16384 MiB, 50
2026/08/10 06:49:27.468, Tesla V100-PCIE-16GB, 46 %, 3 %, 548 MiB, 16384 MiB, 50
2026/08/10 06:49:32.469, Tesla V100-PCIE-16GB, 44 %, 3 %, 548 MiB, 16384 MiB, 50
2026/08/10 06:49:37.470, Tesla V100-PCIE-16GB, 48 %, 3 %, 548 MiB, 16384 MiB, 50
2026/08/10 06:49:42.471, Tesla V100-PCIE-16GB, 50 %, 3 %, 548 MiB, 16384 MiB, 50
2026/08/10 06:49:47.472, Tesla V100-PCIE-16GB, 48 %, 3 %, 548 MiB, 16384 MiB, 50
2026/08/10 06:49:52.473, Tesla V100-PCIE-16GB, 49 %, 3 %, 548 MiB, 16384 MiB, 50
2026/08/10 06:49:57.473, Tesla V100-PCIE-16GB, 18 %, 3 %, 548 MiB, 16384 MiB, 50
2026/08/10 06:50:02.477, Tesla V100-PCIE-16GB, 50 %, 3 %, 548 MiB, 16384 MiB, 50
2026/08/10 06:50:07.478, Tesla V100-PCIE-16GB, 49 %, 3 %, 548 MiB, 16384 MiB, 50
2026/08/10 06:50:12.479, Tesla V100-PCIE-16GB, 49 %, 3 %, 548 MiB, 16384 MiB, 50
2026/08/10 06:50:17.480, Tesla V100-PCIE-16GB, 48 %, 3 %, 548 MiB, 16384 MiB, 50
2026/08/10 06:50:22.584, Tesla V100-PCIE-16GB, 49 %, 3 %, 548 MiB, 16384 MiB, 50
2026/08/10 06:50:27.586, Tesla V100-PCIE-16GB, 51 %, 3 %, 548 MiB, 16384 MiB, 50
2026/08/10 06:50:32.586, Tesla V100-PCIE-16GB, 50 %, 3 %, 548 MiB, 16384 MiB, 50
2026/08/10 06:50:37.587, Tesla V100-PCIE-16GB, 44 %, 3 %, 548 MiB, 16384 MiB, 49
2026/08/10 06:50:42.588, Tesla V100-PCIE-16GB, 45 %, 3 %, 548 MiB, 16384 MiB, 49
2026/08/10 06:50:47.589, Tesla V100-PCIE-16GB, 50 %, 3 %, 548 MiB, 16384 MiB, 49
2026/08/10 06:50:52.589, Tesla V100-PCIE-16GB, 14 %, 3 %, 548 MiB, 16384 MiB, 49
2026/08/10 06:50:57.590, Tesla V100-PCIE-16GB, 49 %, 3 %, 548 MiB, 16384 MiB, 49
2026/08/10 06:51:02.591, Tesla V100-PCIE-16GB, 48 %, 3 %, 548 MiB, 16384 MiB, 49
2026/08/10 06:51:07.592, Tesla V100-PCIE-16GB, 48 %, 3 %, 548 MiB, 16384 MiB, 49
2026/08/10 06:51:12.648, Tesla V100-PCIE-16GB, 46 %, 3 %, 548 MiB, 16384 MiB, 49
2026/08/10 06:51:17.649, Tesla V100-PCIE-16GB, 49 %, 3 %, 548 MiB, 16384 MiB, 49
2026/08/10 06:51:22.650, Tesla V100-PCIE-16GB, 46 %, 3 %, 548 MiB, 16384 MiB, 49
2026/08/10 06:51:27.651, Tesla V100-PCIE-16GB, 49 %, 3 %, 548 MiB, 16384 MiB, 49
2026/08/10 06:51:32.652, Tesla V100-PCIE-16GB, 48 %, 3 %, 548 MiB, 16384 MiB, 49
2026/08/10 06:51:37.652, Tesla V100-PCIE-16GB, 47 %, 3 %, 548 MiB, 16384 MiB, 49
2026/08/10 06:51:42.653, Tesla V100-PCIE-16GB, 46 %, 3 %, 548 MiB, 16384 MiB, 49
2026/08/10 06:51:47.654, Tesla V100-PCIE-16GB, 50 %, 3 %, 548 MiB, 16384 MiB, 49
2026/08/10 06:51:52.655, Tesla V100-PCIE-16GB, 44 %, 3 %, 548 MiB, 16384 MiB, 49
2026/08/10 06:51:57.655, Tesla V100-PCIE-16GB, 43 %, 3 %, 548 MiB, 16384 MiB, 49
2026/08/10 06:52:02.656, Tesla V100-PCIE-16GB, 49 %, 3 %, 548 MiB, 16384 MiB, 49
2026/08/10 06:52:07.657, Tesla V100-PCIE-16GB, 47 %, 3 %, 548 MiB, 16384 MiB, 49
2026/08/10 06:52:12.658, Tesla V100-PCIE-16GB, 47 %, 3 %, 548 MiB, 16384 MiB, 49
2026/08/10 06:52:17.659, Tesla V100-PCIE-16GB, 49 %, 3 %, 548 MiB, 16384 MiB, 49
2026/08/10 06:52:22.660, Tesla V100-PCIE-16GB, 47 %, 3 %, 548 MiB, 16384 MiB, 49
2026/08/10 06:52:27.660, Tesla V100-PCIE-16GB, 47 %, 3 %, 548 MiB, 16384 MiB, 49
2026/08/10 06:52:32.661, Tesla V100-PCIE-16GB, 49 %, 3 %, 548 MiB, 16384 MiB, 49
2026/08/10 06:52:37.662, Tesla V100-PCIE-16GB, 49 %, 3 %, 548 MiB, 16384 MiB, 49
2026/08/10 06:52:42.663, Tesla V100-PCIE-16GB, 50 %, 3 %, 548 MiB, 16384 MiB, 49
2026/08/10 06:52:47.664, Tesla V100-PCIE-16GB, 50 %, 3 %, 548 MiB, 16384 MiB, 49
2026/08/10 06:52:52.664, Tesla V100-PCIE-16GB, 49 %, 3 %, 548 MiB, 16384 MiB, 49
2026/08/10 06:52:57.665, Tesla V100-PCIE-16GB, 50 %, 3 %, 548 MiB, 16384 MiB, 49
2026/08/10 06:53:02.666, Tesla V100-PCIE-16GB, 43 %, 3 %, 548 MiB, 16384 MiB, 49
2026/08/10 06:53:07.669, Tesla V100-PCIE-16GB, 23 %, 3 %, 548 MiB, 16384 MiB, 49
2026/08/10 06:53:12.670, Tesla V100-PCIE-16GB, 49 %, 3 %, 548 MiB, 16384 MiB, 49
2026/08/10 06:53:17.670, Tesla V100-PCIE-16GB, 51 %, 3 %, 548 MiB, 16384 MiB, 49
2026/08/10 06:53:22.671, Tesla V100-PCIE-16GB, 48 %, 3 %, 548 MiB, 16384 MiB, 49
2026/08/10 06:53:27.672, Tesla V100-PCIE-16GB, 45 %, 3 %, 548 MiB, 16384 MiB, 49
2026/08/10 06:53:32.673, Tesla V100-PCIE-16GB, 48 %, 3 %, 548 MiB, 16384 MiB, 49
2026/08/10 06:53:37.673, Tesla V100-PCIE-16GB, 49 %, 3 %, 548 MiB, 16384 MiB, 49
2026/08/10 06:53:42.675, Tesla V100-PCIE-16GB, 42 %, 3 %, 548 MiB, 16384 MiB, 49
2026/08/10 06:53:47.675, Tesla V100-PCIE-16GB, 45 %, 3 %, 548 MiB, 16384 MiB, 49
2026/08/10 06:53:52.748, Tesla V100-PCIE-16GB, 48 %, 3 %, 548 MiB, 16384 MiB, 49
2026/08/10 06:53:57.752, Tesla V100-PCIE-16GB, 49 %, 3 %, 548 MiB, 16384 MiB, 49
2026/08/10 06:54:02.753, Tesla V100-PCIE-16GB, 49 %, 3 %, 548 MiB, 16384 MiB, 49
2026/08/10 06:54:07.754, Tesla V100-PCIE-16GB, 47 %, 3 %, 548 MiB, 16384 MiB, 49
2026/08/10 06:54:12.755, Tesla V100-PCIE-16GB, 47 %, 3 %, 548 MiB, 16384 MiB, 49
2026/08/10 06:54:17.759, Tesla V100-PCIE-16GB, 48 %, 3 %, 548 MiB, 16384 MiB, 49
2026/08/10 06:54:22.760, Tesla V100-PCIE-16GB, 43 %, 3 %, 548 MiB, 16384 MiB, 49
2026/08/10 06:54:27.762, Tesla V100-PCIE-16GB, 45 %, 3 %, 548 MiB, 16384 MiB, 49
2026/08/10 06:54:32.764, Tesla V100-PCIE-16GB, 49 %, 3 %, 548 MiB, 16384 MiB, 49
2026/08/10 06:54:37.765, Tesla V100-PCIE-16GB, 49 %, 3 %, 548 MiB, 16384 MiB, 49
2026/08/10 06:54:42.765, Tesla V100-PCIE-16GB, 48 %, 3 %, 548 MiB, 16384 MiB, 49
2026/08/10 06:54:47.766, Tesla V100-PCIE-16GB, 46 %, 3 %, 548 MiB, 16384 MiB, 49
2026/08/10 06:54:52.834, Tesla V100-PCIE-16GB, 44 %, 3 %, 548 MiB, 16384 MiB, 49
2026/08/10 06:54:57.835, Tesla V100-PCIE-16GB, 51 %, 3 %, 548 MiB, 16384 MiB, 49
2026/08/10 06:55:02.836, Tesla V100-PCIE-16GB, 44 %, 3 %, 548 MiB, 16384 MiB, 49
2026/08/10 06:55:07.837, Tesla V100-PCIE-16GB, 46 %, 3 %, 548 MiB, 16384 MiB, 49
2026/08/10 06:55:12.837, Tesla V100-PCIE-16GB, 47 %, 3 %, 548 MiB, 16384 MiB, 49
2026/08/10 06:55:17.840, Tesla V100-PCIE-16GB, 48 %, 3 %, 548 MiB, 16384 MiB, 49
2026/08/10 06:55:22.890, Tesla V100-PCIE-16GB, 49 %, 3 %, 548 MiB, 16384 MiB, 49
2026/08/10 06:55:27.891, Tesla V100-PCIE-16GB, 51 %, 3 %, 548 MiB, 16384 MiB, 49
2026/08/10 06:55:32.892, Tesla V100-PCIE-16GB, 50 %, 3 %, 548 MiB, 16384 MiB, 49
2026/08/10 06:55:37.892, Tesla V100-PCIE-16GB, 48 %, 3 %, 548 MiB, 16384 MiB, 49
2026/08/10 06:55:42.893, Tesla V100-PCIE-16GB, 49 %, 3 %, 548 MiB, 16384 MiB, 49
2026/08/10 06:55:47.894, Tesla V100-PCIE-16GB, 45 %, 3 %, 548 MiB, 16384 MiB, 49
2026/08/10 06:55:52.948, Tesla V100-PCIE-16GB, 47 %, 3 %, 548 MiB, 16384 MiB, 49
2026/08/10 06:55:57.949, Tesla V100-PCIE-16GB, 48 %, 3 %, 548 MiB, 16384 MiB, 49
2026/08/10 06:56:02.952, Tesla V100-PCIE-16GB, 44 %, 3 %, 548 MiB, 16384 MiB, 49
2026/08/10 06:56:07.953, Tesla V100-PCIE-16GB, 46 %, 3 %, 548 MiB, 16384 MiB, 49
2026/08/10 06:56:13.046, Tesla V100-PCIE-16GB, 50 %, 3 %, 548 MiB, 16384 MiB, 49
2026/08/10 06:56:18.047, Tesla V100-PCIE-16GB, 22 %, 3 %, 548 MiB, 16384 MiB, 49
2026/08/10 06:56:23.048, Tesla V100-PCIE-16GB, 49 %, 3 %, 548 MiB, 16384 MiB, 49
2026/08/10 06:56:28.049, Tesla V100-PCIE-16GB, 51 %, 3 %, 548 MiB, 16384 MiB, 49
2026/08/10 06:56:33.049, Tesla V100-PCIE-16GB, 50 %, 3 %, 548 MiB, 16384 MiB, 49
2026/08/10 06:56:38.050, Tesla V100-PCIE-16GB, 47 %, 3 %, 548 MiB, 16384 MiB, 49
2026/08/10 06:56:43.051, Tesla V100-PCIE-16GB, 50 %, 3 %, 548 MiB, 16384 MiB, 49
2026/08/10 06:56:48.052, Tesla V100-PCIE-16GB, 46 %, 3 %, 548 MiB, 16384 MiB, 49
2026/08/10 06:56:53.053, Tesla V100-PCIE-16GB, 46 %, 3 %, 548 MiB, 16384 MiB, 49
2026/08/10 06:56:58.054, Tesla V100-PCIE-16GB, 49 %, 3 %, 548 MiB, 16384 MiB, 49
2026/08/10 06:57:03.124, Tesla V100-PCIE-16GB, 49 %, 3 %, 548 MiB, 16384 MiB, 49
2026/08/10 06:57:08.207, Tesla V100-PCIE-16GB, 49 %, 3 %, 548 MiB, 16384 MiB, 49
2026/08/10 06:57:13.208, Tesla V100-PCIE-16GB, 50 %, 3 %, 548 MiB, 16384 MiB, 49
2026/08/10 06:57:18.209, Tesla V100-PCIE-16GB, 48 %, 3 %, 548 MiB, 16384 MiB, 49
2026/08/10 06:57:23.210, Tesla V100-PCIE-16GB, 51 %, 3 %, 548 MiB, 16384 MiB, 49
2026/08/10 06:57:28.210, Tesla V100-PCIE-16GB, 44 %, 3 %, 548 MiB, 16384 MiB, 49
2026/08/10 06:57:33.211, Tesla V100-PCIE-16GB, 48 %, 3 %, 548 MiB, 16384 MiB, 49
2026/08/10 06:57:38.212, Tesla V100-PCIE-16GB, 48 %, 3 %, 548 MiB, 16384 MiB, 49
2026/08/10 06:57:43.213, Tesla V100-PCIE-16GB, 46 %, 3 %, 548 MiB, 16384 MiB, 49
2026/08/10 06:57:48.214, Tesla V100-PCIE-16GB, 49 %, 3 %, 548 MiB, 16384 MiB, 49
2026/08/10 06:57:53.214, Tesla V100-PCIE-16GB, 49 %, 3 %, 548 MiB, 16384 MiB, 50
2026/08/10 06:57:58.215, Tesla V100-PCIE-16GB, 50 %, 3 %, 548 MiB, 16384 MiB, 50
2026/08/10 06:58:03.216, Tesla V100-PCIE-16GB, 46 %, 3 %, 548 MiB, 16384 MiB, 49
2026/08/10 06:58:08.312, Tesla V100-PCIE-16GB, 49 %, 3 %, 548 MiB, 16384 MiB, 50
2026/08/10 06:58:13.313, Tesla V100-PCIE-16GB, 46 %, 3 %, 548 MiB, 16384 MiB, 49
2026/08/10 06:58:18.313, Tesla V100-PCIE-16GB, 49 %, 3 %, 548 MiB, 16384 MiB, 49
2026/08/10 06:58:23.316, Tesla V100-PCIE-16GB, 49 %, 3 %, 548 MiB, 16384 MiB, 49
2026/08/10 06:58:28.317, Tesla V100-PCIE-16GB, 49 %, 3 %, 548 MiB, 16384 MiB, 50
2026/08/10 06:58:33.318, Tesla V100-PCIE-16GB, 48 %, 3 %, 548 MiB, 16384 MiB, 49
2026/08/10 06:58:38.319, Tesla V100-PCIE-16GB, 51 %, 3 %, 548 MiB, 16384 MiB, 49
2026/08/10 06:58:43.319, Tesla V100-PCIE-16GB, 48 %, 3 %, 548 MiB, 16384 MiB, 49
2026/08/10 06:58:48.320, Tesla V100-PCIE-16GB, 47 %, 3 %, 548 MiB, 16384 MiB, 49
2026/08/10 06:58:53.321, Tesla V100-PCIE-16GB, 48 %, 3 %, 548 MiB, 16384 MiB, 49
2026/08/10 06:58:58.322, Tesla V100-PCIE-16GB, 49 %, 3 %, 548 MiB, 16384 MiB, 49
2026/08/10 06:59:03.324, Tesla V100-PCIE-16GB, 46 %, 3 %, 548 MiB, 16384 MiB, 49
2026/08/10 06:59:08.324, Tesla V100-PCIE-16GB, 46 %, 3 %, 548 MiB, 16384 MiB, 49
2026/08/10 06:59:13.325, Tesla V100-PCIE-16GB, 40 %, 3 %, 548 MiB, 16384 MiB, 49
2026/08/10 06:59:18.326, Tesla V100-PCIE-16GB, 46 %, 3 %, 548 MiB, 16384 MiB, 49
2026/08/10 06:59:23.327, Tesla V100-PCIE-16GB, 45 %, 3 %, 548 MiB, 16384 MiB, 49
2026/08/10 06:59:28.328, Tesla V100-PCIE-16GB, 20 %, 3 %, 548 MiB, 16384 MiB, 49
2026/08/10 06:59:33.329, Tesla V100-PCIE-16GB, 49 %, 3 %, 548 MiB, 16384 MiB, 49
2026/08/10 06:59:38.329, Tesla V100-PCIE-16GB, 50 %, 3 %, 548 MiB, 16384 MiB, 49
2026/08/10 06:59:43.421, Tesla V100-PCIE-16GB, 48 %, 3 %, 548 MiB, 16384 MiB, 49
2026/08/10 06:59:48.424, Tesla V100-PCIE-16GB, 48 %, 3 %, 548 MiB, 16384 MiB, 49
2026/08/10 06:59:53.425, Tesla V100-PCIE-16GB, 49 %, 3 %, 548 MiB, 16384 MiB, 49
2026/08/10 06:59:58.426, Tesla V100-PCIE-16GB, 50 %, 3 %, 548 MiB, 16384 MiB, 49
2026/08/10 07:00:03.426, Tesla V100-PCIE-16GB, 45 %, 3 %, 548 MiB, 16384 MiB, 49
2026/08/10 07:00:08.427, Tesla V100-PCIE-16GB, 49 %, 3 %, 548 MiB, 16384 MiB, 49
2026/08/10 07:00:13.428, Tesla V100-PCIE-16GB, 47 %, 3 %, 548 MiB, 16384 MiB, 49
2026/08/10 07:00:18.429, Tesla V100-PCIE-16GB, 49 %, 3 %, 548 MiB, 16384 MiB, 49
2026/08/10 07:00:23.430, Tesla V100-PCIE-16GB, 51 %, 3 %, 548 MiB, 16384 MiB, 49
2026/08/10 07:00:28.431, Tesla V100-PCIE-16GB, 48 %, 3 %, 548 MiB, 16384 MiB, 49
2026/08/10 07:00:33.431, Tesla V100-PCIE-16GB, 50 %, 3 %, 548 MiB, 16384 MiB, 49
2026/08/10 07:00:38.432, Tesla V100-PCIE-16GB, 49 %, 3 %, 548 MiB, 16384 MiB, 49
2026/08/10 07:00:43.433, Tesla V100-PCIE-16GB, 34 %, 2 %, 548 MiB, 16384 MiB, 49
2026/08/10 07:00:48.434, Tesla V100-PCIE-16GB, 44 %, 3 %, 548 MiB, 16384 MiB, 49
2026/08/10 07:00:53.451, Tesla V100-PCIE-16GB, 49 %, 3 %, 548 MiB, 16384 MiB, 49
2026/08/10 07:00:58.452, Tesla V100-PCIE-16GB, 48 %, 3 %, 548 MiB, 16384 MiB, 49
2026/08/10 07:01:03.453, Tesla V100-PCIE-16GB, 49 %, 3 %, 548 MiB, 16384 MiB, 49
2026/08/10 07:01:08.454, Tesla V100-PCIE-16GB, 49 %, 3 %, 548 MiB, 16384 MiB, 49
2026/08/10 07:01:13.455, Tesla V100-PCIE-16GB, 48 %, 3 %, 548 MiB, 16384 MiB, 49
2026/08/10 07:01:18.456, Tesla V100-PCIE-16GB, 50 %, 3 %, 548 MiB, 16384 MiB, 49
2026/08/10 07:01:23.456, Tesla V100-PCIE-16GB, 46 %, 3 %, 548 MiB, 16384 MiB, 49
2026/08/10 07:01:28.457, Tesla V100-PCIE-16GB, 50 %, 3 %, 548 MiB, 16384 MiB, 49
2026/08/10 07:01:33.460, Tesla V100-PCIE-16GB, 43 %, 3 %, 548 MiB, 16384 MiB, 49
2026/08/10 07:01:38.461, Tesla V100-PCIE-16GB, 48 %, 3 %, 548 MiB, 16384 MiB, 49
2026/08/10 07:01:43.462, Tesla V100-PCIE-16GB, 48 %, 3 %, 548 MiB, 16384 MiB, 49
2026/08/10 07:01:48.556, Tesla V100-PCIE-16GB, 50 %, 3 %, 548 MiB, 16384 MiB, 49
2026/08/10 07:01:53.557, Tesla V100-PCIE-16GB, 50 %, 3 %, 548 MiB, 16384 MiB, 49
2026/08/10 07:01:58.557, Tesla V100-PCIE-16GB, 51 %, 3 %, 548 MiB, 16384 MiB, 49
2026/08/10 07:02:03.558, Tesla V100-PCIE-16GB, 45 %, 3 %, 548 MiB, 16384 MiB, 49
2026/08/10 07:02:08.566, Tesla V100-PCIE-16GB, 48 %, 3 %, 548 MiB, 16384 MiB, 49
2026/08/10 07:02:13.567, Tesla V100-PCIE-16GB, 46 %, 3 %, 548 MiB, 16384 MiB, 49
2026/08/10 07:02:18.568, Tesla V100-PCIE-16GB, 48 %, 3 %, 548 MiB, 16384 MiB, 49
2026/08/10 07:02:23.569, Tesla V100-PCIE-16GB, 49 %, 3 %, 548 MiB, 16384 MiB, 49
2026/08/10 07:02:28.571, Tesla V100-PCIE-16GB, 49 %, 3 %, 548 MiB, 16384 MiB, 49
2026/08/10 07:02:33.571, Tesla V100-PCIE-16GB, 52 %, 3 %, 548 MiB, 16384 MiB, 49
2026/08/10 07:02:38.572, Tesla V100-PCIE-16GB, 20 %, 4 %, 548 MiB, 16384 MiB, 49
2026/08/10 07:02:43.573, Tesla V100-PCIE-16GB, 48 %, 3 %, 548 MiB, 16384 MiB, 49
2026/08/10 07:02:48.648, Tesla V100-PCIE-16GB, 49 %, 3 %, 548 MiB, 16384 MiB, 49
2026/08/10 07:02:53.649, Tesla V100-PCIE-16GB, 48 %, 3 %, 548 MiB, 16384 MiB, 49
2026/08/10 07:02:58.650, Tesla V100-PCIE-16GB, 49 %, 3 %, 548 MiB, 16384 MiB, 49
2026/08/10 07:03:03.650, Tesla V100-PCIE-16GB, 47 %, 3 %, 548 MiB, 16384 MiB, 49
2026/08/10 07:03:08.651, Tesla V100-PCIE-16GB, 50 %, 3 %, 548 MiB, 16384 MiB, 49
2026/08/10 07:03:13.653, Tesla V100-PCIE-16GB, 40 %, 3 %, 548 MiB, 16384 MiB, 49
2026/08/10 07:03:18.655, Tesla V100-PCIE-16GB, 50 %, 3 %, 548 MiB, 16384 MiB, 49
2026/08/10 07:03:23.656, Tesla V100-PCIE-16GB, 49 %, 3 %, 548 MiB, 16384 MiB, 49
2026/08/10 07:03:28.656, Tesla V100-PCIE-16GB, 45 %, 3 %, 548 MiB, 16384 MiB, 49
2026/08/10 07:03:33.657, Tesla V100-PCIE-16GB, 50 %, 3 %, 548 MiB, 16384 MiB, 49
2026/08/10 07:03:38.705, Tesla V100-PCIE-16GB, 50 %, 3 %, 548 MiB, 16384 MiB, 49
2026/08/10 07:03:43.767, Tesla V100-PCIE-16GB, 47 %, 3 %, 548 MiB, 16384 MiB, 49
2026/08/10 07:03:48.768, Tesla V100-PCIE-16GB, 48 %, 3 %, 548 MiB, 16384 MiB, 49
2026/08/10 07:03:53.769, Tesla V100-PCIE-16GB, 48 %, 3 %, 548 MiB, 16384 MiB, 49
2026/08/10 07:03:58.769, Tesla V100-PCIE-16GB, 44 %, 3 %, 548 MiB, 16384 MiB, 49
2026/08/10 07:04:03.770, Tesla V100-PCIE-16GB, 42 %, 3 %, 548 MiB, 16384 MiB, 49
2026/08/10 07:04:08.828, Tesla V100-PCIE-16GB, 47 %, 3 %, 548 MiB, 16384 MiB, 49
2026/08/10 07:04:13.831, Tesla V100-PCIE-16GB, 51 %, 3 %, 548 MiB, 16384 MiB, 49
2026/08/10 07:04:18.832, Tesla V100-PCIE-16GB, 49 %, 3 %, 548 MiB, 16384 MiB, 49
2026/08/10 07:04:23.833, Tesla V100-PCIE-16GB, 48 %, 3 %, 548 MiB, 16384 MiB, 49
2026/08/10 07:04:28.833, Tesla V100-PCIE-16GB, 47 %, 3 %, 548 MiB, 16384 MiB, 49
2026/08/10 07:04:33.834, Tesla V100-PCIE-16GB, 50 %, 3 %, 548 MiB, 16384 MiB, 49
2026/08/10 07:04:38.835, Tesla V100-PCIE-16GB, 47 %, 3 %, 548 MiB, 16384 MiB, 49
2026/08/10 07:04:43.836, Tesla V100-PCIE-16GB, 49 %, 3 %, 548 MiB, 16384 MiB, 49
2026/08/10 07:04:48.839, Tesla V100-PCIE-16GB, 49 %, 3 %, 548 MiB, 16384 MiB, 49
2026/08/10 07:04:53.839, Tesla V100-PCIE-16GB, 18 %, 3 %, 548 MiB, 16384 MiB, 49
2026/08/10 07:04:58.840, Tesla V100-PCIE-16GB, 51 %, 3 %, 548 MiB, 16384 MiB, 49
2026/08/10 07:05:03.841, Tesla V100-PCIE-16GB, 49 %, 3 %, 548 MiB, 16384 MiB, 49
2026/08/10 07:05:08.842, Tesla V100-PCIE-16GB, 49 %, 3 %, 548 MiB, 16384 MiB, 49
2026/08/10 07:05:13.842, Tesla V100-PCIE-16GB, 49 %, 3 %, 548 MiB, 16384 MiB, 49
2026/08/10 07:05:18.843, Tesla V100-PCIE-16GB, 48 %, 3 %, 548 MiB, 16384 MiB, 49
2026/08/10 07:05:23.844, Tesla V100-PCIE-16GB, 48 %, 3 %, 548 MiB, 16384 MiB, 49
2026/08/10 07:05:28.845, Tesla V100-PCIE-16GB, 50 %, 3 %, 548 MiB, 16384 MiB, 49
2026/08/10 07:05:33.846, Tesla V100-PCIE-16GB, 48 %, 3 %, 548 MiB, 16384 MiB, 49
2026/08/10 07:05:38.847, Tesla V100-PCIE-16GB, 51 %, 3 %, 548 MiB, 16384 MiB, 49
2026/08/10 07:05:43.895, Tesla V100-PCIE-16GB, 48 %, 3 %, 548 MiB, 16384 MiB, 49
2026/08/10 07:05:48.964, Tesla V100-PCIE-16GB, 49 %, 3 %, 548 MiB, 16384 MiB, 49
2026/08/10 07:05:53.965, Tesla V100-PCIE-16GB, 49 %, 3 %, 548 MiB, 16384 MiB, 49
2026/08/10 07:05:58.965, Tesla V100-PCIE-16GB, 51 %, 3 %, 548 MiB, 16384 MiB, 49
2026/08/10 07:06:03.966, Tesla V100-PCIE-16GB, 49 %, 3 %, 548 MiB, 16384 MiB, 49
2026/08/10 07:06:08.967, Tesla V100-PCIE-16GB, 49 %, 3 %, 548 MiB, 16384 MiB, 49
2026/08/10 07:06:13.968, Tesla V100-PCIE-16GB, 46 %, 3 %, 548 MiB, 16384 MiB, 49
2026/08/10 07:06:18.968, Tesla V100-PCIE-16GB, 49 %, 3 %, 548 MiB, 16384 MiB, 49
2026/08/10 07:06:23.969, Tesla V100-PCIE-16GB, 46 %, 3 %, 548 MiB, 16384 MiB, 49
2026/08/10 07:06:28.970, Tesla V100-PCIE-16GB, 49 %, 3 %, 548 MiB, 16384 MiB, 49
2026/08/10 07:06:33.971, Tesla V100-PCIE-16GB, 48 %, 3 %, 548 MiB, 16384 MiB, 49
2026/08/10 07:06:38.971, Tesla V100-PCIE-16GB, 10 %, 1 %, 548 MiB, 16384 MiB, 49
2026/08/10 07:06:43.972, Tesla V100-PCIE-16GB, 49 %, 3 %, 548 MiB, 16384 MiB, 50
2026/08/10 07:06:48.973, Tesla V100-PCIE-16GB, 49 %, 3 %, 548 MiB, 16384 MiB, 49
2026/08/10 07:06:53.974, Tesla V100-PCIE-16GB, 48 %, 3 %, 548 MiB, 16384 MiB, 50
2026/08/10 07:06:58.974, Tesla V100-PCIE-16GB, 50 %, 3 %, 548 MiB, 16384 MiB, 50
2026/08/10 07:07:03.975, Tesla V100-PCIE-16GB, 47 %, 3 %, 548 MiB, 16384 MiB, 50
2026/08/10 07:07:08.976, Tesla V100-PCIE-16GB, 46 %, 3 %, 548 MiB, 16384 MiB, 50
2026/08/10 07:07:13.977, Tesla V100-PCIE-16GB, 50 %, 3 %, 548 MiB, 16384 MiB, 50
2026/08/10 07:07:18.978, Tesla V100-PCIE-16GB, 50 %, 3 %, 548 MiB, 16384 MiB, 50
2026/08/10 07:07:23.978, Tesla V100-PCIE-16GB, 47 %, 3 %, 548 MiB, 16384 MiB, 50
2026/08/10 07:07:28.979, Tesla V100-PCIE-16GB, 48 %, 3 %, 548 MiB, 16384 MiB, 50
2026/08/10 07:07:33.980, Tesla V100-PCIE-16GB, 47 %, 3 %, 548 MiB, 16384 MiB, 50
2026/08/10 07:07:38.981, Tesla V100-PCIE-16GB, 50 %, 3 %, 548 MiB, 16384 MiB, 50
2026/08/10 07:07:43.981, Tesla V100-PCIE-16GB, 49 %, 3 %, 548 MiB, 16384 MiB, 50
2026/08/10 07:07:48.982, Tesla V100-PCIE-16GB, 50 %, 3 %, 548 MiB, 16384 MiB, 50
2026/08/10 07:07:53.983, Tesla V100-PCIE-16GB, 49 %, 3 %, 548 MiB, 16384 MiB, 50
2026/08/10 07:07:58.984, Tesla V100-PCIE-16GB, 49 %, 3 %, 548 MiB, 16384 MiB, 50
2026/08/10 07:08:03.984, Tesla V100-PCIE-16GB, 46 %, 3 %, 548 MiB, 16384 MiB, 50
2026/08/10 07:08:08.985, Tesla V100-PCIE-16GB, 48 %, 3 %, 548 MiB, 16384 MiB, 50
2026/08/10 07:08:13.986, Tesla V100-PCIE-16GB, 45 %, 3 %, 548 MiB, 16384 MiB, 50
2026/08/10 07:08:18.987, Tesla V100-PCIE-16GB, 49 %, 3 %, 548 MiB, 16384 MiB, 50
2026/08/10 07:08:24.044, Tesla V100-PCIE-16GB, 49 %, 3 %, 548 MiB, 16384 MiB, 50
2026/08/10 07:08:29.044, Tesla V100-PCIE-16GB, 19 %, 4 %, 548 MiB, 16384 MiB, 50
2026/08/10 07:08:34.045, Tesla V100-PCIE-16GB, 49 %, 3 %, 548 MiB, 16384 MiB, 50
2026/08/10 07:08:39.046, Tesla V100-PCIE-16GB, 49 %, 3 %, 548 MiB, 16384 MiB, 50
2026/08/10 07:08:44.047, Tesla V100-PCIE-16GB, 49 %, 3 %, 548 MiB, 16384 MiB, 50
2026/08/10 07:08:49.047, Tesla V100-PCIE-16GB, 50 %, 3 %, 548 MiB, 16384 MiB, 50
2026/08/10 07:08:54.048, Tesla V100-PCIE-16GB, 49 %, 3 %, 548 MiB, 16384 MiB, 50
2026/08/10 07:08:59.051, Tesla V100-PCIE-16GB, 51 %, 3 %, 548 MiB, 16384 MiB, 50
2026/08/10 07:09:04.053, Tesla V100-PCIE-16GB, 50 %, 3 %, 548 MiB, 16384 MiB, 50
2026/08/10 07:09:09.054, Tesla V100-PCIE-16GB, 49 %, 3 %, 548 MiB, 16384 MiB, 50
2026/08/10 07:09:14.055, Tesla V100-PCIE-16GB, 46 %, 3 %, 548 MiB, 16384 MiB, 49
2026/08/10 07:09:19.055, Tesla V100-PCIE-16GB, 50 %, 3 %, 548 MiB, 16384 MiB, 49
2026/08/10 07:09:24.056, Tesla V100-PCIE-16GB, 49 %, 3 %, 548 MiB, 16384 MiB, 50
2026/08/10 07:09:29.057, Tesla V100-PCIE-16GB, 50 %, 3 %, 548 MiB, 16384 MiB, 50
2026/08/10 07:09:34.058, Tesla V100-PCIE-16GB, 45 %, 3 %, 548 MiB, 16384 MiB, 49
2026/08/10 07:09:39.058, Tesla V100-PCIE-16GB, 49 %, 3 %, 548 MiB, 16384 MiB, 49
2026/08/10 07:09:44.059, Tesla V100-PCIE-16GB, 49 %, 3 %, 548 MiB, 16384 MiB, 49
2026/08/10 07:09:49.060, Tesla V100-PCIE-16GB, 40 %, 3 %, 548 MiB, 16384 MiB, 49
2026/08/10 07:09:54.061, Tesla V100-PCIE-16GB, 50 %, 3 %, 548 MiB, 16384 MiB, 49
2026/08/10 07:09:59.062, Tesla V100-PCIE-16GB, 51 %, 3 %, 548 MiB, 16384 MiB, 49
2026/08/10 07:10:04.063, Tesla V100-PCIE-16GB, 47 %, 3 %, 548 MiB, 16384 MiB, 49
2026/08/10 07:10:09.064, Tesla V100-PCIE-16GB, 50 %, 3 %, 548 MiB, 16384 MiB, 49
2026/08/10 07:10:14.065, Tesla V100-PCIE-16GB, 47 %, 3 %, 548 MiB, 16384 MiB, 49
2026/08/10 07:10:19.066, Tesla V100-PCIE-16GB, 50 %, 3 %, 548 MiB, 16384 MiB, 49
2026/08/10 07:10:24.066, Tesla V100-PCIE-16GB, 50 %, 3 %, 548 MiB, 16384 MiB, 49
2026/08/10 07:10:29.068, Tesla V100-PCIE-16GB, 50 %, 3 %, 548 MiB, 16384 MiB, 49
2026/08/10 07:10:34.069, Tesla V100-PCIE-16GB, 46 %, 3 %, 548 MiB, 16384 MiB, 49
2026/08/10 07:10:39.070, Tesla V100-PCIE-16GB, 49 %, 3 %, 548 MiB, 16384 MiB, 49
2026/08/10 07:10:44.070, Tesla V100-PCIE-16GB, 19 %, 4 %, 548 MiB, 16384 MiB, 49
2026/08/10 07:10:49.071, Tesla V100-PCIE-16GB, 49 %, 3 %, 548 MiB, 16384 MiB, 49
2026/08/10 07:10:54.072, Tesla V100-PCIE-16GB, 45 %, 3 %, 548 MiB, 16384 MiB, 49
2026/08/10 07:10:59.074, Tesla V100-PCIE-16GB, 50 %, 3 %, 548 MiB, 16384 MiB, 49
2026/08/10 07:11:04.075, Tesla V100-PCIE-16GB, 47 %, 3 %, 548 MiB, 16384 MiB, 49
2026/08/10 07:11:09.076, Tesla V100-PCIE-16GB, 48 %, 3 %, 548 MiB, 16384 MiB, 49
2026/08/10 07:11:14.076, Tesla V100-PCIE-16GB, 50 %, 3 %, 548 MiB, 16384 MiB, 49
2026/08/10 07:11:19.077, Tesla V100-PCIE-16GB, 49 %, 3 %, 548 MiB, 16384 MiB, 49
2026/08/10 07:11:24.078, Tesla V100-PCIE-16GB, 48 %, 3 %, 548 MiB, 16384 MiB, 49
2026/08/10 07:11:29.079, Tesla V100-PCIE-16GB, 50 %, 3 %, 548 MiB, 16384 MiB, 49
2026/08/10 07:11:34.080, Tesla V100-PCIE-16GB, 46 %, 3 %, 548 MiB, 16384 MiB, 49
2026/08/10 07:11:39.081, Tesla V100-PCIE-16GB, 50 %, 3 %, 548 MiB, 16384 MiB, 49
2026/08/10 07:11:44.081, Tesla V100-PCIE-16GB, 48 %, 3 %, 548 MiB, 16384 MiB, 49
2026/08/10 07:11:49.082, Tesla V100-PCIE-16GB, 49 %, 3 %, 548 MiB, 16384 MiB, 49
2026/08/10 07:11:54.083, Tesla V100-PCIE-16GB, 50 %, 3 %, 548 MiB, 16384 MiB, 49
2026/08/10 07:11:59.084, Tesla V100-PCIE-16GB, 49 %, 3 %, 548 MiB, 16384 MiB, 49
2026/08/10 07:12:04.085, Tesla V100-PCIE-16GB, 49 %, 3 %, 548 MiB, 16384 MiB, 49
2026/08/10 07:12:09.088, Tesla V100-PCIE-16GB, 49 %, 3 %, 548 MiB, 16384 MiB, 49
2026/08/10 07:12:14.088, Tesla V100-PCIE-16GB, 49 %, 3 %, 548 MiB, 16384 MiB, 49
2026/08/10 07:12:19.090, Tesla V100-PCIE-16GB, 50 %, 3 %, 548 MiB, 16384 MiB, 49
2026/08/10 07:12:24.095, Tesla V100-PCIE-16GB, 48 %, 3 %, 548 MiB, 16384 MiB, 49
2026/08/10 07:12:29.096, Tesla V100-PCIE-16GB, 51 %, 3 %, 548 MiB, 16384 MiB, 49
2026/08/10 07:12:34.096, Tesla V100-PCIE-16GB, 46 %, 3 %, 548 MiB, 16384 MiB, 49
2026/08/10 07:12:39.097, Tesla V100-PCIE-16GB, 51 %, 3 %, 548 MiB, 16384 MiB, 49
2026/08/10 07:12:44.098, Tesla V100-PCIE-16GB, 49 %, 3 %, 548 MiB, 16384 MiB, 49
2026/08/10 07:12:49.099, Tesla V100-PCIE-16GB, 50 %, 3 %, 548 MiB, 16384 MiB, 49
2026/08/10 07:12:54.100, Tesla V100-PCIE-16GB, 50 %, 3 %, 548 MiB, 16384 MiB, 49
2026/08/10 07:12:59.100, Tesla V100-PCIE-16GB, 20 %, 4 %, 548 MiB, 16384 MiB, 49
2026/08/10 07:13:04.101, Tesla V100-PCIE-16GB, 49 %, 3 %, 548 MiB, 16384 MiB, 49
2026/08/10 07:13:09.102, Tesla V100-PCIE-16GB, 49 %, 3 %, 548 MiB, 16384 MiB, 49
2026/08/10 07:13:14.103, Tesla V100-PCIE-16GB, 50 %, 3 %, 548 MiB, 16384 MiB, 49
2026/08/10 07:13:19.104, Tesla V100-PCIE-16GB, 47 %, 3 %, 548 MiB, 16384 MiB, 49
2026/08/10 07:13:24.105, Tesla V100-PCIE-16GB, 50 %, 3 %, 548 MiB, 16384 MiB, 49
2026/08/10 07:13:29.105, Tesla V100-PCIE-16GB, 48 %, 3 %, 548 MiB, 16384 MiB, 49
2026/08/10 07:13:34.106, Tesla V100-PCIE-16GB, 49 %, 3 %, 548 MiB, 16384 MiB, 49
2026/08/10 07:13:39.107, Tesla V100-PCIE-16GB, 49 %, 3 %, 548 MiB, 16384 MiB, 49
2026/08/10 07:13:44.108, Tesla V100-PCIE-16GB, 48 %, 3 %, 548 MiB, 16384 MiB, 49
2026/08/10 07:13:49.109, Tesla V100-PCIE-16GB, 48 %, 3 %, 548 MiB, 16384 MiB, 49
2026/08/10 07:13:54.109, Tesla V100-PCIE-16GB, 50 %, 3 %, 548 MiB, 16384 MiB, 49
2026/08/10 07:13:59.110, Tesla V100-PCIE-16GB, 45 %, 3 %, 548 MiB, 16384 MiB, 49
2026/08/10 07:14:04.111, Tesla V100-PCIE-16GB, 49 %, 3 %, 548 MiB, 16384 MiB, 49
2026/08/10 07:14:09.112, Tesla V100-PCIE-16GB, 49 %, 3 %, 548 MiB, 16384 MiB, 49
2026/08/10 07:14:14.116, Tesla V100-PCIE-16GB, 48 %, 3 %, 548 MiB, 16384 MiB, 49
2026/08/10 07:14:19.117, Tesla V100-PCIE-16GB, 43 %, 3 %, 548 MiB, 16384 MiB, 49
2026/08/10 07:14:24.126, Tesla V100-PCIE-16GB, 50 %, 3 %, 548 MiB, 16384 MiB, 49
2026/08/10 07:14:29.126, Tesla V100-PCIE-16GB, 50 %, 3 %, 548 MiB, 16384 MiB, 49
2026/08/10 07:14:34.127, Tesla V100-PCIE-16GB, 47 %, 3 %, 548 MiB, 16384 MiB, 49
2026/08/10 07:14:39.128, Tesla V100-PCIE-16GB, 49 %, 3 %, 548 MiB, 16384 MiB, 49
2026/08/10 07:14:44.135, Tesla V100-PCIE-16GB, 46 %, 3 %, 548 MiB, 16384 MiB, 49
2026/08/10 07:14:49.138, Tesla V100-PCIE-16GB, 49 %, 3 %, 548 MiB, 16384 MiB, 49
2026/08/10 07:14:54.139, Tesla V100-PCIE-16GB, 52 %, 3 %, 548 MiB, 16384 MiB, 49
2026/08/10 07:14:59.140, Tesla V100-PCIE-16GB, 51 %, 3 %, 548 MiB, 16384 MiB, 49
2026/08/10 07:15:04.141, Tesla V100-PCIE-16GB, 46 %, 3 %, 548 MiB, 16384 MiB, 49
2026/08/10 07:15:09.141, Tesla V100-PCIE-16GB, 49 %, 3 %, 548 MiB, 16384 MiB, 49
2026/08/10 07:15:14.142, Tesla V100-PCIE-16GB, 19 %, 4 %, 548 MiB, 16384 MiB, 49
2026/08/10 07:15:19.143, Tesla V100-PCIE-16GB, 51 %, 3 %, 548 MiB, 16384 MiB, 49
2026/08/10 07:15:24.144, Tesla V100-PCIE-16GB, 46 %, 3 %, 548 MiB, 16384 MiB, 49
2026/08/10 07:15:29.144, Tesla V100-PCIE-16GB, 50 %, 3 %, 548 MiB, 16384 MiB, 49
2026/08/10 07:15:34.145, Tesla V100-PCIE-16GB, 49 %, 3 %, 548 MiB, 16384 MiB, 49
2026/08/10 07:15:39.147, Tesla V100-PCIE-16GB, 49 %, 3 %, 548 MiB, 16384 MiB, 49
2026/08/10 07:15:44.148, Tesla V100-PCIE-16GB, 48 %, 3 %, 548 MiB, 16384 MiB, 49
2026/08/10 07:15:49.148, Tesla V100-PCIE-16GB, 49 %, 3 %, 548 MiB, 16384 MiB, 49
2026/08/10 07:15:54.149, Tesla V100-PCIE-16GB, 49 %, 3 %, 548 MiB, 16384 MiB, 49
2026/08/10 07:15:59.150, Tesla V100-PCIE-16GB, 38 %, 3 %, 548 MiB, 16384 MiB, 49
2026/08/10 07:16:04.151, Tesla V100-PCIE-16GB, 49 %, 3 %, 548 MiB, 16384 MiB, 49
2026/08/10 07:16:09.152, Tesla V100-PCIE-16GB, 49 %, 3 %, 548 MiB, 16384 MiB, 49
2026/08/10 07:16:14.153, Tesla V100-PCIE-16GB, 46 %, 3 %, 548 MiB, 16384 MiB, 49
2026/08/10 07:16:19.153, Tesla V100-PCIE-16GB, 43 %, 3 %, 548 MiB, 16384 MiB, 49
2026/08/10 07:16:24.154, Tesla V100-PCIE-16GB, 44 %, 3 %, 548 MiB, 16384 MiB, 49
2026/08/10 07:16:29.155, Tesla V100-PCIE-16GB, 46 %, 3 %, 548 MiB, 16384 MiB, 49
2026/08/10 07:16:34.156, Tesla V100-PCIE-16GB, 51 %, 3 %, 548 MiB, 16384 MiB, 49
2026/08/10 07:16:39.225, Tesla V100-PCIE-16GB, 49 %, 3 %, 548 MiB, 16384 MiB, 49
2026/08/10 07:16:44.229, Tesla V100-PCIE-16GB, 49 %, 3 %, 548 MiB, 16384 MiB, 49
2026/08/10 07:16:49.230, Tesla V100-PCIE-16GB, 50 %, 3 %, 548 MiB, 16384 MiB, 49
2026/08/10 07:16:54.231, Tesla V100-PCIE-16GB, 48 %, 3 %, 548 MiB, 16384 MiB, 49
2026/08/10 07:16:59.310, Tesla V100-PCIE-16GB, 51 %, 3 %, 548 MiB, 16384 MiB, 49
2026/08/10 07:17:04.311, Tesla V100-PCIE-16GB, 44 %, 3 %, 548 MiB, 16384 MiB, 49
2026/08/10 07:17:09.312, Tesla V100-PCIE-16GB, 49 %, 3 %, 548 MiB, 16384 MiB, 49
2026/08/10 07:17:14.313, Tesla V100-PCIE-16GB, 48 %, 3 %, 548 MiB, 16384 MiB, 49
2026/08/10 07:17:19.313, Tesla V100-PCIE-16GB, 50 %, 3 %, 548 MiB, 16384 MiB, 49
2026/08/10 07:17:24.314, Tesla V100-PCIE-16GB, 49 %, 3 %, 548 MiB, 16384 MiB, 49
2026/08/10 07:17:29.315, Tesla V100-PCIE-16GB, 51 %, 3 %, 548 MiB, 16384 MiB, 49
2026/08/10 07:17:34.316, Tesla V100-PCIE-16GB, 49 %, 3 %, 548 MiB, 16384 MiB, 49
2026/08/10 07:17:39.316, Tesla V100-PCIE-16GB, 49 %, 3 %, 548 MiB, 16384 MiB, 49
2026/08/10 07:17:44.317, Tesla V100-PCIE-16GB, 49 %, 3 %, 548 MiB, 16384 MiB, 49
2026/08/10 07:17:49.333, Tesla V100-PCIE-16GB, 49 %, 3 %, 548 MiB, 16384 MiB, 49
2026/08/10 07:17:54.334, Tesla V100-PCIE-16GB, 48 %, 3 %, 548 MiB, 16384 MiB, 50
2026/08/10 07:17:59.335, Tesla V100-PCIE-16GB, 51 %, 3 %, 548 MiB, 16384 MiB, 50
2026/08/10 07:18:04.335, Tesla V100-PCIE-16GB, 48 %, 3 %, 548 MiB, 16384 MiB, 50
2026/08/10 07:18:09.336, Tesla V100-PCIE-16GB, 50 %, 3 %, 548 MiB, 16384 MiB, 50
2026/08/10 07:18:14.337, Tesla V100-PCIE-16GB, 49 %, 3 %, 548 MiB, 16384 MiB, 50
2026/08/10 07:18:19.338, Tesla V100-PCIE-16GB, 52 %, 3 %, 548 MiB, 16384 MiB, 50
2026/08/10 07:18:24.339, Tesla V100-PCIE-16GB, 48 %, 3 %, 548 MiB, 16384 MiB, 50
2026/08/10 07:18:29.339, Tesla V100-PCIE-16GB, 49 %, 3 %, 548 MiB, 16384 MiB, 50
2026/08/10 07:18:34.340, Tesla V100-PCIE-16GB, 51 %, 3 %, 548 MiB, 16384 MiB, 50
2026/08/10 07:18:39.341, Tesla V100-PCIE-16GB, 50 %, 3 %, 548 MiB, 16384 MiB, 50
2026/08/10 07:18:44.404, Tesla V100-PCIE-16GB, 48 %, 3 %, 548 MiB, 16384 MiB, 50
2026/08/10 07:18:49.405, Tesla V100-PCIE-16GB, 49 %, 3 %, 548 MiB, 16384 MiB, 50
2026/08/10 07:18:54.406, Tesla V100-PCIE-16GB, 52 %, 3 %, 548 MiB, 16384 MiB, 50
2026/08/10 07:18:59.407, Tesla V100-PCIE-16GB, 50 %, 3 %, 548 MiB, 16384 MiB, 50
2026/08/10 07:19:04.408, Tesla V100-PCIE-16GB, 48 %, 3 %, 548 MiB, 16384 MiB, 50
2026/08/10 07:19:09.409, Tesla V100-PCIE-16GB, 43 %, 3 %, 548 MiB, 16384 MiB, 50
2026/08/10 07:19:14.410, Tesla V100-PCIE-16GB, 46 %, 3 %, 548 MiB, 16384 MiB, 50
2026/08/10 07:19:19.411, Tesla V100-PCIE-16GB, 52 %, 3 %, 548 MiB, 16384 MiB, 50
2026/08/10 07:19:24.412, Tesla V100-PCIE-16GB, 49 %, 3 %, 548 MiB, 16384 MiB, 50
2026/08/10 07:19:29.413, Tesla V100-PCIE-16GB, 46 %, 3 %, 548 MiB, 16384 MiB, 50
2026/08/10 07:19:34.413, Tesla V100-PCIE-16GB, 46 %, 3 %, 548 MiB, 16384 MiB, 50
2026/08/10 07:19:39.414, Tesla V100-PCIE-16GB, 49 %, 3 %, 548 MiB, 16384 MiB, 50
2026/08/10 07:19:44.416, Tesla V100-PCIE-16GB, 19 %, 3 %, 548 MiB, 16384 MiB, 50
2026/08/10 07:19:49.416, Tesla V100-PCIE-16GB, 52 %, 3 %, 548 MiB, 16384 MiB, 50
2026/08/10 07:19:54.417, Tesla V100-PCIE-16GB, 49 %, 3 %, 548 MiB, 16384 MiB, 50
2026/08/10 07:19:59.418, Tesla V100-PCIE-16GB, 50 %, 3 %, 548 MiB, 16384 MiB, 50
2026/08/10 07:20:04.419, Tesla V100-PCIE-16GB, 48 %, 3 %, 548 MiB, 16384 MiB, 50
2026/08/10 07:20:09.420, Tesla V100-PCIE-16GB, 49 %, 3 %, 548 MiB, 16384 MiB, 50
2026/08/10 07:20:14.420, Tesla V100-PCIE-16GB, 51 %, 3 %, 548 MiB, 16384 MiB, 50
2026/08/10 07:20:19.422, Tesla V100-PCIE-16GB, 49 %, 3 %, 548 MiB, 16384 MiB, 50
2026/08/10 07:20:24.423, Tesla V100-PCIE-16GB, 48 %, 3 %, 548 MiB, 16384 MiB, 50
2026/08/10 07:20:29.424, Tesla V100-PCIE-16GB, 49 %, 3 %, 548 MiB, 16384 MiB, 49
2026/08/10 07:20:34.425, Tesla V100-PCIE-16GB, 46 %, 3 %, 548 MiB, 16384 MiB, 49
2026/08/10 07:20:39.426, Tesla V100-PCIE-16GB, 50 %, 3 %, 548 MiB, 16384 MiB, 49
2026/08/10 07:20:44.426, Tesla V100-PCIE-16GB, 48 %, 3 %, 548 MiB, 16384 MiB, 49
2026/08/10 07:20:49.427, Tesla V100-PCIE-16GB, 49 %, 3 %, 548 MiB, 16384 MiB, 49
2026/08/10 07:20:54.428, Tesla V100-PCIE-16GB, 49 %, 3 %, 548 MiB, 16384 MiB, 49
2026/08/10 07:20:59.429, Tesla V100-PCIE-16GB, 50 %, 3 %, 548 MiB, 16384 MiB, 49
2026/08/10 07:21:04.430, Tesla V100-PCIE-16GB, 48 %, 3 %, 548 MiB, 16384 MiB, 49
2026/08/10 07:21:09.430, Tesla V100-PCIE-16GB, 49 %, 3 %, 548 MiB, 16384 MiB, 49
2026/08/10 07:21:14.431, Tesla V100-PCIE-16GB, 51 %, 3 %, 548 MiB, 16384 MiB, 49
2026/08/10 07:21:19.432, Tesla V100-PCIE-16GB, 50 %, 3 %, 548 MiB, 16384 MiB, 49
2026/08/10 07:21:24.433, Tesla V100-PCIE-16GB, 49 %, 3 %, 548 MiB, 16384 MiB, 49
2026/08/10 07:21:29.433, Tesla V100-PCIE-16GB, 49 %, 3 %, 548 MiB, 16384 MiB, 49
2026/08/10 07:21:34.520, Tesla V100-PCIE-16GB, 49 %, 3 %, 548 MiB, 16384 MiB, 49
2026/08/10 07:21:39.520, Tesla V100-PCIE-16GB, 49 %, 3 %, 548 MiB, 16384 MiB, 49
2026/08/10 07:21:44.521, Tesla V100-PCIE-16GB, 48 %, 3 %, 548 MiB, 16384 MiB, 49
2026/08/10 07:21:49.522, Tesla V100-PCIE-16GB, 45 %, 3 %, 548 MiB, 16384 MiB, 49
2026/08/10 07:21:54.523, Tesla V100-PCIE-16GB, 48 %, 3 %, 548 MiB, 16384 MiB, 49
2026/08/10 07:21:59.524, Tesla V100-PCIE-16GB, 52 %, 3 %, 548 MiB, 16384 MiB, 49
2026/08/10 07:22:04.525, Tesla V100-PCIE-16GB, 47 %, 3 %, 548 MiB, 16384 MiB, 49
2026/08/10 07:22:09.526, Tesla V100-PCIE-16GB, 46 %, 3 %, 548 MiB, 16384 MiB, 49
2026/08/10 07:22:14.527, Tesla V100-PCIE-16GB, 51 %, 3 %, 548 MiB, 16384 MiB, 49
2026/08/10 07:22:19.528, Tesla V100-PCIE-16GB, 51 %, 3 %, 548 MiB, 16384 MiB, 49
2026/08/10 07:22:24.530, Tesla V100-PCIE-16GB, 42 %, 3 %, 548 MiB, 16384 MiB, 49
2026/08/10 07:22:29.570, Tesla V100-PCIE-16GB, 49 %, 3 %, 548 MiB, 16384 MiB, 49
2026/08/10 07:22:34.624, Tesla V100-PCIE-16GB, 50 %, 3 %, 548 MiB, 16384 MiB, 49
2026/08/10 07:22:39.625, Tesla V100-PCIE-16GB, 49 %, 3 %, 548 MiB, 16384 MiB, 49
2026/08/10 07:22:44.626, Tesla V100-PCIE-16GB, 50 %, 3 %, 548 MiB, 16384 MiB, 49
2026/08/10 07:22:49.636, Tesla V100-PCIE-16GB, 46 %, 3 %, 548 MiB, 16384 MiB, 49
2026/08/10 07:22:54.636, Tesla V100-PCIE-16GB, 46 %, 3 %, 548 MiB, 16384 MiB, 49
2026/08/10 07:22:59.637, Tesla V100-PCIE-16GB, 46 %, 3 %, 548 MiB, 16384 MiB, 49
2026/08/10 07:23:04.638, Tesla V100-PCIE-16GB, 49 %, 3 %, 548 MiB, 16384 MiB, 49
2026/08/10 07:23:09.639, Tesla V100-PCIE-16GB, 51 %, 3 %, 548 MiB, 16384 MiB, 49
2026/08/10 07:23:14.640, Tesla V100-PCIE-16GB, 47 %, 3 %, 548 MiB, 16384 MiB, 49
2026/08/10 07:23:19.640, Tesla V100-PCIE-16GB, 18 %, 3 %, 548 MiB, 16384 MiB, 49
2026/08/10 07:23:24.641, Tesla V100-PCIE-16GB, 49 %, 3 %, 548 MiB, 16384 MiB, 49
2026/08/10 07:23:29.645, Tesla V100-PCIE-16GB, 50 %, 3 %, 548 MiB, 16384 MiB, 49
2026/08/10 07:23:34.693, Tesla V100-PCIE-16GB, 49 %, 3 %, 548 MiB, 16384 MiB, 49
2026/08/10 07:23:39.694, Tesla V100-PCIE-16GB, 49 %, 3 %, 548 MiB, 16384 MiB, 49
2026/08/10 07:23:44.695, Tesla V100-PCIE-16GB, 45 %, 3 %, 548 MiB, 16384 MiB, 49
2026/08/10 07:23:49.696, Tesla V100-PCIE-16GB, 50 %, 3 %, 548 MiB, 16384 MiB, 49
2026/08/10 07:23:54.697, Tesla V100-PCIE-16GB, 51 %, 3 %, 548 MiB, 16384 MiB, 49
2026/08/10 07:23:59.698, Tesla V100-PCIE-16GB, 49 %, 3 %, 548 MiB, 16384 MiB, 49
2026/08/10 07:24:04.698, Tesla V100-PCIE-16GB, 51 %, 3 %, 548 MiB, 16384 MiB, 49
2026/08/10 07:24:09.699, Tesla V100-PCIE-16GB, 49 %, 3 %, 548 MiB, 16384 MiB, 49
2026/08/10 07:24:14.700, Tesla V100-PCIE-16GB, 46 %, 3 %, 548 MiB, 16384 MiB, 49
2026/08/10 07:24:19.701, Tesla V100-PCIE-16GB, 49 %, 3 %, 548 MiB, 16384 MiB, 49
2026/08/10 07:24:24.701, Tesla V100-PCIE-16GB, 50 %, 3 %, 548 MiB, 16384 MiB, 49
2026/08/10 07:24:29.703, Tesla V100-PCIE-16GB, 50 %, 3 %, 548 MiB, 16384 MiB, 49
2026/08/10 07:24:34.770, Tesla V100-PCIE-16GB, 48 %, 3 %, 548 MiB, 16384 MiB, 49
2026/08/10 07:24:39.770, Tesla V100-PCIE-16GB, 19 %, 4 %, 548 MiB, 16384 MiB, 49
2026/08/10 07:24:44.771, Tesla V100-PCIE-16GB, 46 %, 3 %, 548 MiB, 16384 MiB, 49
2026/08/10 07:24:49.772, Tesla V100-PCIE-16GB, 47 %, 3 %, 548 MiB, 16384 MiB, 49
2026/08/10 07:24:54.773, Tesla V100-PCIE-16GB, 49 %, 3 %, 548 MiB, 16384 MiB, 49
2026/08/10 07:24:59.774, Tesla V100-PCIE-16GB, 47 %, 3 %, 548 MiB, 16384 MiB, 49
2026/08/10 07:25:04.774, Tesla V100-PCIE-16GB, 49 %, 3 %, 548 MiB, 16384 MiB, 49
2026/08/10 07:25:09.775, Tesla V100-PCIE-16GB, 49 %, 3 %, 548 MiB, 16384 MiB, 49
2026/08/10 07:25:14.776, Tesla V100-PCIE-16GB, 49 %, 3 %, 548 MiB, 16384 MiB, 49
2026/08/10 07:25:19.777, Tesla V100-PCIE-16GB, 47 %, 3 %, 548 MiB, 16384 MiB, 49
2026/08/10 07:25:24.778, Tesla V100-PCIE-16GB, 50 %, 3 %, 548 MiB, 16384 MiB, 49
2026/08/10 07:25:29.778, Tesla V100-PCIE-16GB, 49 %, 3 %, 548 MiB, 16384 MiB, 49
2026/08/10 07:25:34.836, Tesla V100-PCIE-16GB, 49 %, 3 %, 548 MiB, 16384 MiB, 49
2026/08/10 07:25:39.837, Tesla V100-PCIE-16GB, 51 %, 3 %, 548 MiB, 16384 MiB, 49
2026/08/10 07:25:44.837, Tesla V100-PCIE-16GB, 51 %, 3 %, 548 MiB, 16384 MiB, 49
2026/08/10 07:25:49.838, Tesla V100-PCIE-16GB, 44 %, 3 %, 548 MiB, 16384 MiB, 49
2026/08/10 07:25:54.839, Tesla V100-PCIE-16GB, 50 %, 3 %, 548 MiB, 16384 MiB, 49
2026/08/10 07:25:59.842, Tesla V100-PCIE-16GB, 42 %, 3 %, 548 MiB, 16384 MiB, 49
2026/08/10 07:26:04.843, Tesla V100-PCIE-16GB, 50 %, 3 %, 548 MiB, 16384 MiB, 49
2026/08/10 07:26:09.844, Tesla V100-PCIE-16GB, 50 %, 3 %, 548 MiB, 16384 MiB, 49
2026/08/10 07:26:14.845, Tesla V100-PCIE-16GB, 49 %, 3 %, 548 MiB, 16384 MiB, 49
2026/08/10 07:26:19.845, Tesla V100-PCIE-16GB, 46 %, 3 %, 548 MiB, 16384 MiB, 49
2026/08/10 07:26:24.846, Tesla V100-PCIE-16GB, 46 %, 3 %, 548 MiB, 16384 MiB, 49
2026/08/10 07:26:29.847, Tesla V100-PCIE-16GB, 51 %, 3 %, 548 MiB, 16384 MiB, 49
2026/08/10 07:26:34.849, Tesla V100-PCIE-16GB, 48 %, 3 %, 548 MiB, 16384 MiB, 49
2026/08/10 07:26:39.850, Tesla V100-PCIE-16GB, 49 %, 3 %, 548 MiB, 16384 MiB, 49
2026/08/10 07:26:44.851, Tesla V100-PCIE-16GB, 45 %, 3 %, 548 MiB, 16384 MiB, 49
2026/08/10 07:26:49.852, Tesla V100-PCIE-16GB, 42 %, 3 %, 548 MiB, 16384 MiB, 49
2026/08/10 07:26:54.853, Tesla V100-PCIE-16GB, 19 %, 2 %, 548 MiB, 16384 MiB, 49
2026/08/10 07:26:59.854, Tesla V100-PCIE-16GB, 49 %, 3 %, 548 MiB, 16384 MiB, 49
2026/08/10 07:27:04.855, Tesla V100-PCIE-16GB, 50 %, 3 %, 548 MiB, 16384 MiB, 49
2026/08/10 07:27:09.856, Tesla V100-PCIE-16GB, 49 %, 3 %, 548 MiB, 16384 MiB, 49
2026/08/10 07:27:14.857, Tesla V100-PCIE-16GB, 49 %, 3 %, 548 MiB, 16384 MiB, 49
2026/08/10 07:27:19.857, Tesla V100-PCIE-16GB, 49 %, 3 %, 548 MiB, 16384 MiB, 49
2026/08/10 07:27:24.858, Tesla V100-PCIE-16GB, 47 %, 3 %, 548 MiB, 16384 MiB, 49
2026/08/10 07:27:29.859, Tesla V100-PCIE-16GB, 46 %, 3 %, 548 MiB, 16384 MiB, 49
2026/08/10 07:27:34.861, Tesla V100-PCIE-16GB, 50 %, 3 %, 548 MiB, 16384 MiB, 49
2026/08/10 07:27:39.931, Tesla V100-PCIE-16GB, 49 %, 3 %, 548 MiB, 16384 MiB, 49
2026/08/10 07:27:44.932, Tesla V100-PCIE-16GB, 45 %, 3 %, 548 MiB, 16384 MiB, 49
2026/08/10 07:27:49.934, Tesla V100-PCIE-16GB, 50 %, 3 %, 548 MiB, 16384 MiB, 49
2026/08/10 07:27:54.934, Tesla V100-PCIE-16GB, 49 %, 3 %, 548 MiB, 16384 MiB, 50
2026/08/10 07:27:59.938, Tesla V100-PCIE-16GB, 48 %, 3 %, 548 MiB, 16384 MiB, 49
2026/08/10 07:28:04.939, Tesla V100-PCIE-16GB, 49 %, 3 %, 548 MiB, 16384 MiB, 50
2026/08/10 07:28:09.940, Tesla V100-PCIE-16GB, 45 %, 3 %, 548 MiB, 16384 MiB, 49
2026/08/10 07:28:14.941, Tesla V100-PCIE-16GB, 40 %, 3 %, 548 MiB, 16384 MiB, 50
2026/08/10 07:28:19.942, Tesla V100-PCIE-16GB, 52 %, 3 %, 548 MiB, 16384 MiB, 50
2026/08/10 07:28:24.943, Tesla V100-PCIE-16GB, 46 %, 3 %, 548 MiB, 16384 MiB, 50
2026/08/10 07:28:29.944, Tesla V100-PCIE-16GB, 49 %, 3 %, 548 MiB, 16384 MiB, 49
2026/08/10 07:28:34.945, Tesla V100-PCIE-16GB, 49 %, 3 %, 548 MiB, 16384 MiB, 50
2026/08/10 07:28:39.945, Tesla V100-PCIE-16GB, 50 %, 3 %, 548 MiB, 16384 MiB, 50
2026/08/10 07:28:44.946, Tesla V100-PCIE-16GB, 51 %, 3 %, 550 MiB, 16384 MiB, 50
2026/08/10 07:28:49.947, Tesla V100-PCIE-16GB, 44 %, 3 %, 550 MiB, 16384 MiB, 50
2026/08/10 07:28:54.948, Tesla V100-PCIE-16GB, 50 %, 3 %, 550 MiB, 16384 MiB, 50
2026/08/10 07:28:59.948, Tesla V100-PCIE-16GB, 49 %, 3 %, 550 MiB, 16384 MiB, 50
2026/08/10 07:29:04.949, Tesla V100-PCIE-16GB, 51 %, 3 %, 550 MiB, 16384 MiB, 50
2026/08/10 07:29:09.950, Tesla V100-PCIE-16GB, 5 %, 0 %, 550 MiB, 16384 MiB, 50
2026/08/10 07:29:14.951, Tesla V100-PCIE-16GB, 49 %, 3 %, 550 MiB, 16384 MiB, 50
2026/08/10 07:29:19.952, Tesla V100-PCIE-16GB, 51 %, 3 %, 550 MiB, 16384 MiB, 50
2026/08/10 07:29:24.952, Tesla V100-PCIE-16GB, 49 %, 3 %, 550 MiB, 16384 MiB, 50
2026/08/10 07:29:29.975, Tesla V100-PCIE-16GB, 46 %, 3 %, 550 MiB, 16384 MiB, 50
2026/08/10 07:29:35.051, Tesla V100-PCIE-16GB, 42 %, 3 %, 550 MiB, 16384 MiB, 50
2026/08/10 07:29:40.052, Tesla V100-PCIE-16GB, 48 %, 3 %, 550 MiB, 16384 MiB, 50
2026/08/10 07:29:45.053, Tesla V100-PCIE-16GB, 49 %, 3 %, 550 MiB, 16384 MiB, 50
2026/08/10 07:29:50.054, Tesla V100-PCIE-16GB, 49 %, 3 %, 550 MiB, 16384 MiB, 50
2026/08/10 07:29:55.054, Tesla V100-PCIE-16GB, 49 %, 3 %, 550 MiB, 16384 MiB, 50
2026/08/10 07:30:00.055, Tesla V100-PCIE-16GB, 51 %, 3 %, 550 MiB, 16384 MiB, 50
2026/08/10 07:30:05.056, Tesla V100-PCIE-16GB, 19 %, 3 %, 550 MiB, 16384 MiB, 50
2026/08/10 07:30:10.057, Tesla V100-PCIE-16GB, 50 %, 3 %, 550 MiB, 16384 MiB, 50
2026/08/10 07:30:15.058, Tesla V100-PCIE-16GB, 50 %, 3 %, 550 MiB, 16384 MiB, 50
2026/08/10 07:30:20.058, Tesla V100-PCIE-16GB, 46 %, 3 %, 550 MiB, 16384 MiB, 50
2026/08/10 07:30:25.063, Tesla V100-PCIE-16GB, 34 %, 2 %, 550 MiB, 16384 MiB, 50
2026/08/10 07:30:30.064, Tesla V100-PCIE-16GB, 50 %, 3 %, 550 MiB, 16384 MiB, 50
2026/08/10 07:30:35.066, Tesla V100-PCIE-16GB, 49 %, 3 %, 550 MiB, 16384 MiB, 50
2026/08/10 07:30:40.066, Tesla V100-PCIE-16GB, 44 %, 3 %, 550 MiB, 16384 MiB, 50
2026/08/10 07:30:45.069, Tesla V100-PCIE-16GB, 49 %, 3 %, 550 MiB, 16384 MiB, 50
2026/08/10 07:30:50.071, Tesla V100-PCIE-16GB, 49 %, 3 %, 550 MiB, 16384 MiB, 50
2026/08/10 07:30:55.072, Tesla V100-PCIE-16GB, 49 %, 3 %, 550 MiB, 16384 MiB, 50
2026/08/10 07:31:00.073, Tesla V100-PCIE-16GB, 19 %, 4 %, 550 MiB, 16384 MiB, 50
2026/08/10 07:31:05.074, Tesla V100-PCIE-16GB, 49 %, 3 %, 550 MiB, 16384 MiB, 50
2026/08/10 07:31:10.075, Tesla V100-PCIE-16GB, 49 %, 3 %, 550 MiB, 16384 MiB, 50
2026/08/10 07:31:15.076, Tesla V100-PCIE-16GB, 50 %, 3 %, 550 MiB, 16384 MiB, 50
2026/08/10 07:31:20.077, Tesla V100-PCIE-16GB, 50 %, 3 %, 550 MiB, 16384 MiB, 50
2026/08/10 07:31:25.154, Tesla V100-PCIE-16GB, 47 %, 3 %, 550 MiB, 16384 MiB, 49
2026/08/10 07:31:30.155, Tesla V100-PCIE-16GB, 49 %, 3 %, 550 MiB, 16384 MiB, 49
2026/08/10 07:31:35.156, Tesla V100-PCIE-16GB, 50 %, 4 %, 550 MiB, 16384 MiB, 49
2026/08/10 07:31:40.157, Tesla V100-PCIE-16GB, 49 %, 3 %, 550 MiB, 16384 MiB, 49
2026/08/10 07:31:45.157, Tesla V100-PCIE-16GB, 50 %, 3 %, 550 MiB, 16384 MiB, 49
2026/08/10 07:31:50.158, Tesla V100-PCIE-16GB, 49 %, 3 %, 550 MiB, 16384 MiB, 49
2026/08/10 07:31:55.159, Tesla V100-PCIE-16GB, 52 %, 4 %, 550 MiB, 16384 MiB, 49
2026/08/10 07:32:00.160, Tesla V100-PCIE-16GB, 46 %, 3 %, 550 MiB, 16384 MiB, 49
2026/08/10 07:32:05.161, Tesla V100-PCIE-16GB, 48 %, 3 %, 550 MiB, 16384 MiB, 49
2026/08/10 07:32:10.162, Tesla V100-PCIE-16GB, 49 %, 3 %, 550 MiB, 16384 MiB, 49
2026/08/10 07:32:15.162, Tesla V100-PCIE-16GB, 49 %, 3 %, 550 MiB, 16384 MiB, 49
2026/08/10 07:32:20.164, Tesla V100-PCIE-16GB, 23 %, 3 %, 550 MiB, 16384 MiB, 49
2026/08/10 07:32:25.165, Tesla V100-PCIE-16GB, 48 %, 3 %, 550 MiB, 16384 MiB, 49
2026/08/10 07:32:30.166, Tesla V100-PCIE-16GB, 49 %, 3 %, 550 MiB, 16384 MiB, 49
2026/08/10 07:32:35.166, Tesla V100-PCIE-16GB, 49 %, 3 %, 550 MiB, 16384 MiB, 49
2026/08/10 07:32:40.167, Tesla V100-PCIE-16GB, 50 %, 3 %, 550 MiB, 16384 MiB, 49
2026/08/10 07:32:45.169, Tesla V100-PCIE-16GB, 47 %, 3 %, 550 MiB, 16384 MiB, 49
2026/08/10 07:32:50.170, Tesla V100-PCIE-16GB, 49 %, 3 %, 550 MiB, 16384 MiB, 49
2026/08/10 07:32:55.170, Tesla V100-PCIE-16GB, 50 %, 3 %, 550 MiB, 16384 MiB, 49
2026/08/10 07:33:00.172, Tesla V100-PCIE-16GB, 46 %, 3 %, 550 MiB, 16384 MiB, 49
2026/08/10 07:33:05.175, Tesla V100-PCIE-16GB, 46 %, 3 %, 550 MiB, 16384 MiB, 49
2026/08/10 07:33:10.176, Tesla V100-PCIE-16GB, 49 %, 3 %, 550 MiB, 16384 MiB, 49
2026/08/10 07:33:15.177, Tesla V100-PCIE-16GB, 49 %, 3 %, 550 MiB, 16384 MiB, 49
2026/08/10 07:33:20.177, Tesla V100-PCIE-16GB, 49 %, 3 %, 550 MiB, 16384 MiB, 49
2026/08/10 07:33:25.178, Tesla V100-PCIE-16GB, 49 %, 3 %, 550 MiB, 16384 MiB, 49
2026/08/10 07:33:30.179, Tesla V100-PCIE-16GB, 50 %, 3 %, 550 MiB, 16384 MiB, 49
2026/08/10 07:33:35.180, Tesla V100-PCIE-16GB, 50 %, 3 %, 550 MiB, 16384 MiB, 49
2026/08/10 07:33:40.181, Tesla V100-PCIE-16GB, 48 %, 3 %, 550 MiB, 16384 MiB, 49
2026/08/10 07:33:45.182, Tesla V100-PCIE-16GB, 51 %, 3 %, 550 MiB, 16384 MiB, 49
2026/08/10 07:33:50.183, Tesla V100-PCIE-16GB, 46 %, 3 %, 550 MiB, 16384 MiB, 49
2026/08/10 07:33:55.184, Tesla V100-PCIE-16GB, 49 %, 3 %, 550 MiB, 16384 MiB, 49
2026/08/10 07:34:00.184, Tesla V100-PCIE-16GB, 51 %, 3 %, 550 MiB, 16384 MiB, 49
2026/08/10 07:34:05.185, Tesla V100-PCIE-16GB, 48 %, 3 %, 550 MiB, 16384 MiB, 49
2026/08/10 07:34:10.186, Tesla V100-PCIE-16GB, 50 %, 3 %, 550 MiB, 16384 MiB, 49
2026/08/10 07:34:15.187, Tesla V100-PCIE-16GB, 51 %, 3 %, 550 MiB, 16384 MiB, 49
2026/08/10 07:34:20.187, Tesla V100-PCIE-16GB, 48 %, 3 %, 550 MiB, 16384 MiB, 49
2026/08/10 07:34:25.188, Tesla V100-PCIE-16GB, 49 %, 3 %, 550 MiB, 16384 MiB, 49
2026/08/10 07:34:30.189, Tesla V100-PCIE-16GB, 51 %, 3 %, 550 MiB, 16384 MiB, 49
2026/08/10 07:34:35.190, Tesla V100-PCIE-16GB, 19 %, 3 %, 550 MiB, 16384 MiB, 49
2026/08/10 07:34:40.190, Tesla V100-PCIE-16GB, 51 %, 3 %, 550 MiB, 16384 MiB, 49
2026/08/10 07:34:45.191, Tesla V100-PCIE-16GB, 48 %, 3 %, 550 MiB, 16384 MiB, 49
2026/08/10 07:34:50.192, Tesla V100-PCIE-16GB, 49 %, 3 %, 550 MiB, 16384 MiB, 49
2026/08/10 07:34:55.193, Tesla V100-PCIE-16GB, 49 %, 3 %, 550 MiB, 16384 MiB, 49
2026/08/10 07:35:00.194, Tesla V100-PCIE-16GB, 47 %, 3 %, 550 MiB, 16384 MiB, 49
2026/08/10 07:35:05.194, Tesla V100-PCIE-16GB, 49 %, 3 %, 550 MiB, 16384 MiB, 49
2026/08/10 07:35:10.195, Tesla V100-PCIE-16GB, 49 %, 3 %, 550 MiB, 16384 MiB, 49
2026/08/10 07:35:15.196, Tesla V100-PCIE-16GB, 45 %, 3 %, 550 MiB, 16384 MiB, 49
2026/08/10 07:35:20.197, Tesla V100-PCIE-16GB, 47 %, 3 %, 550 MiB, 16384 MiB, 49
2026/08/10 07:35:25.197, Tesla V100-PCIE-16GB, 48 %, 3 %, 550 MiB, 16384 MiB, 49
2026/08/10 07:35:30.198, Tesla V100-PCIE-16GB, 52 %, 4 %, 550 MiB, 16384 MiB, 49
2026/08/10 07:35:35.199, Tesla V100-PCIE-16GB, 51 %, 3 %, 550 MiB, 16384 MiB, 49
2026/08/10 07:35:40.200, Tesla V100-PCIE-16GB, 46 %, 3 %, 550 MiB, 16384 MiB, 49
2026/08/10 07:35:45.201, Tesla V100-PCIE-16GB, 46 %, 3 %, 550 MiB, 16384 MiB, 49
2026/08/10 07:35:50.201, Tesla V100-PCIE-16GB, 49 %, 3 %, 550 MiB, 16384 MiB, 49
2026/08/10 07:35:55.202, Tesla V100-PCIE-16GB, 48 %, 3 %, 550 MiB, 16384 MiB, 49
2026/08/10 07:36:00.203, Tesla V100-PCIE-16GB, 50 %, 3 %, 550 MiB, 16384 MiB, 49
2026/08/10 07:36:05.280, Tesla V100-PCIE-16GB, 49 %, 3 %, 550 MiB, 16384 MiB, 49
2026/08/10 07:36:10.280, Tesla V100-PCIE-16GB, 49 %, 3 %, 550 MiB, 16384 MiB, 49
2026/08/10 07:36:15.281, Tesla V100-PCIE-16GB, 49 %, 3 %, 550 MiB, 16384 MiB, 49
2026/08/10 07:36:20.283, Tesla V100-PCIE-16GB, 49 %, 3 %, 550 MiB, 16384 MiB, 49
2026/08/10 07:36:25.284, Tesla V100-PCIE-16GB, 49 %, 3 %, 550 MiB, 16384 MiB, 49
2026/08/10 07:36:30.285, Tesla V100-PCIE-16GB, 51 %, 3 %, 550 MiB, 16384 MiB, 49
2026/08/10 07:36:35.285, Tesla V100-PCIE-16GB, 49 %, 3 %, 550 MiB, 16384 MiB, 49
2026/08/10 07:36:40.286, Tesla V100-PCIE-16GB, 49 %, 3 %, 550 MiB, 16384 MiB, 49
2026/08/10 07:36:45.287, Tesla V100-PCIE-16GB, 47 %, 3 %, 550 MiB, 16384 MiB, 49
2026/08/10 07:36:50.288, Tesla V100-PCIE-16GB, 19 %, 3 %, 550 MiB, 16384 MiB, 49
2026/08/10 07:36:55.289, Tesla V100-PCIE-16GB, 51 %, 3 %, 550 MiB, 16384 MiB, 49
2026/08/10 07:37:00.289, Tesla V100-PCIE-16GB, 48 %, 3 %, 550 MiB, 16384 MiB, 49
2026/08/10 07:37:05.291, Tesla V100-PCIE-16GB, 47 %, 3 %, 550 MiB, 16384 MiB, 49
2026/08/10 07:37:10.292, Tesla V100-PCIE-16GB, 47 %, 3 %, 550 MiB, 16384 MiB, 49
2026/08/10 07:37:15.292, Tesla V100-PCIE-16GB, 43 %, 3 %, 550 MiB, 16384 MiB, 49
2026/08/10 07:37:20.293, Tesla V100-PCIE-16GB, 47 %, 3 %, 550 MiB, 16384 MiB, 49
2026/08/10 07:37:25.294, Tesla V100-PCIE-16GB, 46 %, 3 %, 550 MiB, 16384 MiB, 49
2026/08/10 07:37:30.295, Tesla V100-PCIE-16GB, 49 %, 3 %, 550 MiB, 16384 MiB, 49
2026/08/10 07:37:35.297, Tesla V100-PCIE-16GB, 49 %, 3 %, 550 MiB, 16384 MiB, 49
2026/08/10 07:37:40.297, Tesla V100-PCIE-16GB, 49 %, 3 %, 550 MiB, 16384 MiB, 49
2026/08/10 07:37:45.298, Tesla V100-PCIE-16GB, 21 %, 3 %, 550 MiB, 16384 MiB, 49
2026/08/10 07:37:50.299, Tesla V100-PCIE-16GB, 49 %, 3 %, 550 MiB, 16384 MiB, 49
2026/08/10 07:37:55.301, Tesla V100-PCIE-16GB, 51 %, 3 %, 550 MiB, 16384 MiB, 49
2026/08/10 07:38:00.301, Tesla V100-PCIE-16GB, 46 %, 3 %, 550 MiB, 16384 MiB, 49
2026/08/10 07:38:05.302, Tesla V100-PCIE-16GB, 42 %, 3 %, 550 MiB, 16384 MiB, 49
2026/08/10 07:38:10.305, Tesla V100-PCIE-16GB, 49 %, 3 %, 550 MiB, 16384 MiB, 49
2026/08/10 07:38:15.306, Tesla V100-PCIE-16GB, 50 %, 3 %, 550 MiB, 16384 MiB, 49
2026/08/10 07:38:20.308, Tesla V100-PCIE-16GB, 50 %, 3 %, 550 MiB, 16384 MiB, 50
2026/08/10 07:38:25.308, Tesla V100-PCIE-16GB, 43 %, 3 %, 550 MiB, 16384 MiB, 49
2026/08/10 07:38:30.344, Tesla V100-PCIE-16GB, 48 %, 3 %, 550 MiB, 16384 MiB, 50
2026/08/10 07:38:35.345, Tesla V100-PCIE-16GB, 46 %, 3 %, 550 MiB, 16384 MiB, 50
2026/08/10 07:38:40.346, Tesla V100-PCIE-16GB, 24 %, 3 %, 550 MiB, 16384 MiB, 50
2026/08/10 07:38:45.349, Tesla V100-PCIE-16GB, 50 %, 3 %, 550 MiB, 16384 MiB, 50
2026/08/10 07:38:50.350, Tesla V100-PCIE-16GB, 49 %, 3 %, 550 MiB, 16384 MiB, 50
2026/08/10 07:38:55.351, Tesla V100-PCIE-16GB, 49 %, 3 %, 550 MiB, 16384 MiB, 50
2026/08/10 07:39:00.352, Tesla V100-PCIE-16GB, 47 %, 3 %, 550 MiB, 16384 MiB, 50
2026/08/10 07:39:05.353, Tesla V100-PCIE-16GB, 48 %, 3 %, 550 MiB, 16384 MiB, 50
2026/08/10 07:39:10.363, Tesla V100-PCIE-16GB, 48 %, 3 %, 550 MiB, 16384 MiB, 50
2026/08/10 07:39:15.364, Tesla V100-PCIE-16GB, 49 %, 3 %, 550 MiB, 16384 MiB, 50
2026/08/10 07:39:20.364, Tesla V100-PCIE-16GB, 46 %, 3 %, 550 MiB, 16384 MiB, 50
2026/08/10 07:39:25.365, Tesla V100-PCIE-16GB, 46 %, 3 %, 550 MiB, 16384 MiB, 50
2026/08/10 07:39:30.366, Tesla V100-PCIE-16GB, 46 %, 3 %, 550 MiB, 16384 MiB, 50
2026/08/10 07:39:35.367, Tesla V100-PCIE-16GB, 19 %, 3 %, 550 MiB, 16384 MiB, 50
2026/08/10 07:39:40.368, Tesla V100-PCIE-16GB, 49 %, 3 %, 550 MiB, 16384 MiB, 50
2026/08/10 07:39:45.369, Tesla V100-PCIE-16GB, 46 %, 3 %, 550 MiB, 16384 MiB, 50
2026/08/10 07:39:50.370, Tesla V100-PCIE-16GB, 50 %, 3 %, 550 MiB, 16384 MiB, 50
2026/08/10 07:39:55.371, Tesla V100-PCIE-16GB, 48 %, 3 %, 550 MiB, 16384 MiB, 50
2026/08/10 07:40:00.371, Tesla V100-PCIE-16GB, 48 %, 3 %, 550 MiB, 16384 MiB, 50
2026/08/10 07:40:05.372, Tesla V100-PCIE-16GB, 50 %, 3 %, 550 MiB, 16384 MiB, 50
2026/08/10 07:40:10.374, Tesla V100-PCIE-16GB, 51 %, 3 %, 550 MiB, 16384 MiB, 50
2026/08/10 07:40:15.375, Tesla V100-PCIE-16GB, 49 %, 3 %, 550 MiB, 16384 MiB, 50
2026/08/10 07:40:20.376, Tesla V100-PCIE-16GB, 50 %, 3 %, 550 MiB, 16384 MiB, 50
2026/08/10 07:40:25.377, Tesla V100-PCIE-16GB, 48 %, 3 %, 550 MiB, 16384 MiB, 50
2026/08/10 07:40:30.381, Tesla V100-PCIE-16GB, 52 %, 3 %, 550 MiB, 16384 MiB, 50
2026/08/10 07:40:35.381, Tesla V100-PCIE-16GB, 49 %, 3 %, 550 MiB, 16384 MiB, 50
2026/08/10 07:40:40.382, Tesla V100-PCIE-16GB, 51 %, 3 %, 550 MiB, 16384 MiB, 50
2026/08/10 07:40:45.383, Tesla V100-PCIE-16GB, 47 %, 3 %, 550 MiB, 16384 MiB, 50
2026/08/10 07:40:50.384, Tesla V100-PCIE-16GB, 47 %, 3 %, 550 MiB, 16384 MiB, 50
2026/08/10 07:40:55.431, Tesla V100-PCIE-16GB, 19 %, 4 %, 550 MiB, 16384 MiB, 50
2026/08/10 07:41:00.432, Tesla V100-PCIE-16GB, 43 %, 3 %, 550 MiB, 16384 MiB, 50
2026/08/10 07:41:05.433, Tesla V100-PCIE-16GB, 41 %, 3 %, 550 MiB, 16384 MiB, 50
2026/08/10 07:41:10.434, Tesla V100-PCIE-16GB, 46 %, 3 %, 550 MiB, 16384 MiB, 50
2026/08/10 07:41:15.434, Tesla V100-PCIE-16GB, 50 %, 3 %, 550 MiB, 16384 MiB, 50
2026/08/10 07:41:20.436, Tesla V100-PCIE-16GB, 45 %, 3 %, 550 MiB, 16384 MiB, 50
2026/08/10 07:41:25.436, Tesla V100-PCIE-16GB, 45 %, 3 %, 550 MiB, 16384 MiB, 50
2026/08/10 07:41:30.437, Tesla V100-PCIE-16GB, 49 %, 3 %, 550 MiB, 16384 MiB, 50
2026/08/10 07:41:35.438, Tesla V100-PCIE-16GB, 50 %, 3 %, 550 MiB, 16384 MiB, 50
2026/08/10 07:41:40.439, Tesla V100-PCIE-16GB, 48 %, 3 %, 550 MiB, 16384 MiB, 50
2026/08/10 07:41:45.440, Tesla V100-PCIE-16GB, 49 %, 3 %, 550 MiB, 16384 MiB, 50
2026/08/10 07:41:50.440, Tesla V100-PCIE-16GB, 19 %, 3 %, 550 MiB, 16384 MiB, 50
2026/08/10 07:41:55.441, Tesla V100-PCIE-16GB, 46 %, 3 %, 550 MiB, 16384 MiB, 50
2026/08/10 07:42:00.442, Tesla V100-PCIE-16GB, 49 %, 3 %, 550 MiB, 16384 MiB, 50
2026/08/10 07:42:05.443, Tesla V100-PCIE-16GB, 46 %, 3 %, 550 MiB, 16384 MiB, 49
2026/08/10 07:42:10.444, Tesla V100-PCIE-16GB, 49 %, 3 %, 550 MiB, 16384 MiB, 49
2026/08/10 07:42:15.445, Tesla V100-PCIE-16GB, 49 %, 3 %, 550 MiB, 16384 MiB, 49
2026/08/10 07:42:20.500, Tesla V100-PCIE-16GB, 51 %, 3 %, 550 MiB, 16384 MiB, 49
2026/08/10 07:42:25.501, Tesla V100-PCIE-16GB, 49 %, 3 %, 550 MiB, 16384 MiB, 49
2026/08/10 07:42:30.502, Tesla V100-PCIE-16GB, 48 %, 3 %, 550 MiB, 16384 MiB, 49
2026/08/10 07:42:35.503, Tesla V100-PCIE-16GB, 46 %, 3 %, 550 MiB, 16384 MiB, 49
2026/08/10 07:42:40.504, Tesla V100-PCIE-16GB, 48 %, 3 %, 550 MiB, 16384 MiB, 49
2026/08/10 07:42:45.505, Tesla V100-PCIE-16GB, 47 %, 3 %, 550 MiB, 16384 MiB, 49
2026/08/10 07:42:50.506, Tesla V100-PCIE-16GB, 39 %, 3 %, 550 MiB, 16384 MiB, 49
2026/08/10 07:42:55.507, Tesla V100-PCIE-16GB, 49 %, 3 %, 550 MiB, 16384 MiB, 49
2026/08/10 07:43:00.507, Tesla V100-PCIE-16GB, 45 %, 3 %, 550 MiB, 16384 MiB, 49
2026/08/10 07:43:05.508, Tesla V100-PCIE-16GB, 47 %, 3 %, 550 MiB, 16384 MiB, 49
2026/08/10 07:43:10.509, Tesla V100-PCIE-16GB, 49 %, 3 %, 550 MiB, 16384 MiB, 49
2026/08/10 07:43:15.510, Tesla V100-PCIE-16GB, 48 %, 3 %, 550 MiB, 16384 MiB, 49
2026/08/10 07:43:20.575, Tesla V100-PCIE-16GB, 51 %, 3 %, 550 MiB, 16384 MiB, 49
2026/08/10 07:43:25.576, Tesla V100-PCIE-16GB, 48 %, 3 %, 550 MiB, 16384 MiB, 49
2026/08/10 07:43:30.577, Tesla V100-PCIE-16GB, 48 %, 3 %, 550 MiB, 16384 MiB, 49
2026/08/10 07:43:35.578, Tesla V100-PCIE-16GB, 48 %, 3 %, 550 MiB, 16384 MiB, 49
2026/08/10 07:43:40.579, Tesla V100-PCIE-16GB, 45 %, 3 %, 550 MiB, 16384 MiB, 49
2026/08/10 07:43:45.580, Tesla V100-PCIE-16GB, 50 %, 3 %, 550 MiB, 16384 MiB, 49
2026/08/10 07:43:50.646, Tesla V100-PCIE-16GB, 48 %, 3 %, 550 MiB, 16384 MiB, 49
2026/08/10 07:43:55.647, Tesla V100-PCIE-16GB, 47 %, 3 %, 550 MiB, 16384 MiB, 49
2026/08/10 07:44:00.648, Tesla V100-PCIE-16GB, 34 %, 2 %, 550 MiB, 16384 MiB, 49
2026/08/10 07:44:05.649, Tesla V100-PCIE-16GB, 46 %, 3 %, 550 MiB, 16384 MiB, 49
2026/08/10 07:44:10.649, Tesla V100-PCIE-16GB, 47 %, 3 %, 550 MiB, 16384 MiB, 49
2026/08/10 07:44:15.650, Tesla V100-PCIE-16GB, 38 %, 3 %, 550 MiB, 16384 MiB, 49
2026/08/10 07:44:20.651, Tesla V100-PCIE-16GB, 49 %, 3 %, 550 MiB, 16384 MiB, 49
2026/08/10 07:44:25.655, Tesla V100-PCIE-16GB, 49 %, 3 %, 550 MiB, 16384 MiB, 49
2026/08/10 07:44:30.656, Tesla V100-PCIE-16GB, 49 %, 3 %, 550 MiB, 16384 MiB, 49
2026/08/10 07:44:35.660, Tesla V100-PCIE-16GB, 48 %, 3 %, 550 MiB, 16384 MiB, 49
2026/08/10 07:44:40.661, Tesla V100-PCIE-16GB, 49 %, 3 %, 550 MiB, 16384 MiB, 49
2026/08/10 07:44:45.662, Tesla V100-PCIE-16GB, 50 %, 3 %, 550 MiB, 16384 MiB, 49
2026/08/10 07:44:50.665, Tesla V100-PCIE-16GB, 48 %, 3 %, 550 MiB, 16384 MiB, 49
2026/08/10 07:44:55.667, Tesla V100-PCIE-16GB, 48 %, 3 %, 550 MiB, 16384 MiB, 49
2026/08/10 07:45:00.667, Tesla V100-PCIE-16GB, 14 %, 3 %, 550 MiB, 16384 MiB, 49
2026/08/10 07:45:05.668, Tesla V100-PCIE-16GB, 46 %, 3 %, 550 MiB, 16384 MiB, 49
2026/08/10 07:45:10.708, Tesla V100-PCIE-16GB, 49 %, 3 %, 550 MiB, 16384 MiB, 49
2026/08/10 07:45:15.709, Tesla V100-PCIE-16GB, 49 %, 3 %, 550 MiB, 16384 MiB, 49
2026/08/10 07:45:20.709, Tesla V100-PCIE-16GB, 42 %, 3 %, 550 MiB, 16384 MiB, 49
2026/08/10 07:45:25.710, Tesla V100-PCIE-16GB, 46 %, 3 %, 550 MiB, 16384 MiB, 49
2026/08/10 07:45:30.711, Tesla V100-PCIE-16GB, 49 %, 3 %, 550 MiB, 16384 MiB, 49
2026/08/10 07:45:35.712, Tesla V100-PCIE-16GB, 50 %, 3 %, 550 MiB, 16384 MiB, 49
2026/08/10 07:45:40.714, Tesla V100-PCIE-16GB, 49 %, 3 %, 550 MiB, 16384 MiB, 49
2026/08/10 07:45:45.714, Tesla V100-PCIE-16GB, 49 %, 3 %, 550 MiB, 16384 MiB, 49
2026/08/10 07:45:50.715, Tesla V100-PCIE-16GB, 46 %, 3 %, 550 MiB, 16384 MiB, 49
2026/08/10 07:45:55.716, Tesla V100-PCIE-16GB, 49 %, 3 %, 550 MiB, 16384 MiB, 49
2026/08/10 07:46:00.717, Tesla V100-PCIE-16GB, 35 %, 2 %, 550 MiB, 16384 MiB, 49
2026/08/10 07:46:05.786, Tesla V100-PCIE-16GB, 49 %, 3 %, 550 MiB, 16384 MiB, 49
2026/08/10 07:46:10.787, Tesla V100-PCIE-16GB, 46 %, 3 %, 550 MiB, 16384 MiB, 49
2026/08/10 07:46:15.787, Tesla V100-PCIE-16GB, 49 %, 3 %, 550 MiB, 16384 MiB, 49
2026/08/10 07:46:20.789, Tesla V100-PCIE-16GB, 48 %, 3 %, 550 MiB, 16384 MiB, 49
2026/08/10 07:46:25.790, Tesla V100-PCIE-16GB, 47 %, 3 %, 550 MiB, 16384 MiB, 49
2026/08/10 07:46:30.791, Tesla V100-PCIE-16GB, 48 %, 3 %, 550 MiB, 16384 MiB, 49
2026/08/10 07:46:35.857, Tesla V100-PCIE-16GB, 46 %, 3 %, 550 MiB, 16384 MiB, 49
2026/08/10 07:46:40.857, Tesla V100-PCIE-16GB, 47 %, 3 %, 550 MiB, 16384 MiB, 49
2026/08/10 07:46:45.866, Tesla V100-PCIE-16GB, 43 %, 3 %, 550 MiB, 16384 MiB, 49
2026/08/10 07:46:50.867, Tesla V100-PCIE-16GB, 49 %, 3 %, 550 MiB, 16384 MiB, 49
2026/08/10 07:46:55.868, Tesla V100-PCIE-16GB, 51 %, 3 %, 550 MiB, 16384 MiB, 49
2026/08/10 07:47:00.869, Tesla V100-PCIE-16GB, 46 %, 3 %, 550 MiB, 16384 MiB, 49
2026/08/10 07:47:05.940, Tesla V100-PCIE-16GB, 49 %, 3 %, 550 MiB, 16384 MiB, 49
2026/08/10 07:47:10.941, Tesla V100-PCIE-16GB, 50 %, 3 %, 550 MiB, 16384 MiB, 49
2026/08/10 07:47:15.942, Tesla V100-PCIE-16GB, 49 %, 3 %, 550 MiB, 16384 MiB, 49
2026/08/10 07:47:20.945, Tesla V100-PCIE-16GB, 46 %, 3 %, 550 MiB, 16384 MiB, 49
2026/08/10 07:47:25.945, Tesla V100-PCIE-16GB, 46 %, 3 %, 550 MiB, 16384 MiB, 49
2026/08/10 07:47:30.946, Tesla V100-PCIE-16GB, 46 %, 3 %, 550 MiB, 16384 MiB, 49
2026/08/10 07:47:35.948, Tesla V100-PCIE-16GB, 48 %, 3 %, 550 MiB, 16384 MiB, 49
2026/08/10 07:47:40.948, Tesla V100-PCIE-16GB, 45 %, 3 %, 550 MiB, 16384 MiB, 49
2026/08/10 07:47:45.949, Tesla V100-PCIE-16GB, 50 %, 3 %, 550 MiB, 16384 MiB, 49
2026/08/10 07:47:50.950, Tesla V100-PCIE-16GB, 49 %, 3 %, 550 MiB, 16384 MiB, 49
2026/08/10 07:47:55.951, Tesla V100-PCIE-16GB, 45 %, 3 %, 550 MiB, 16384 MiB, 49
2026/08/10 07:48:00.952, Tesla V100-PCIE-16GB, 44 %, 3 %, 550 MiB, 16384 MiB, 49
2026/08/10 07:48:05.953, Tesla V100-PCIE-16GB, 49 %, 3 %, 550 MiB, 16384 MiB, 49
2026/08/10 07:48:10.953, Tesla V100-PCIE-16GB, 36 %, 3 %, 550 MiB, 16384 MiB, 49
2026/08/10 07:48:15.954, Tesla V100-PCIE-16GB, 45 %, 3 %, 550 MiB, 16384 MiB, 49
2026/08/10 07:48:20.955, Tesla V100-PCIE-16GB, 49 %, 3 %, 550 MiB, 16384 MiB, 49
2026/08/10 07:48:25.956, Tesla V100-PCIE-16GB, 49 %, 3 %, 550 MiB, 16384 MiB, 50
2026/08/10 07:48:30.957, Tesla V100-PCIE-16GB, 48 %, 3 %, 550 MiB, 16384 MiB, 50
2026/08/10 07:48:35.957, Tesla V100-PCIE-16GB, 46 %, 3 %, 550 MiB, 16384 MiB, 49
2026/08/10 07:48:40.958, Tesla V100-PCIE-16GB, 47 %, 3 %, 550 MiB, 16384 MiB, 50
2026/08/10 07:48:45.984, Tesla V100-PCIE-16GB, 46 %, 3 %, 550 MiB, 16384 MiB, 50
2026/08/10 07:48:50.985, Tesla V100-PCIE-16GB, 50 %, 3 %, 550 MiB, 16384 MiB, 50
2026/08/10 07:48:55.985, Tesla V100-PCIE-16GB, 46 %, 3 %, 550 MiB, 16384 MiB, 50
2026/08/10 07:49:00.986, Tesla V100-PCIE-16GB, 43 %, 3 %, 550 MiB, 16384 MiB, 50
2026/08/10 07:49:05.987, Tesla V100-PCIE-16GB, 52 %, 3 %, 550 MiB, 16384 MiB, 50
2026/08/10 07:49:10.988, Tesla V100-PCIE-16GB, 50 %, 3 %, 550 MiB, 16384 MiB, 50
2026/08/10 07:49:15.988, Tesla V100-PCIE-16GB, 49 %, 3 %, 550 MiB, 16384 MiB, 50
2026/08/10 07:49:20.989, Tesla V100-PCIE-16GB, 46 %, 3 %, 550 MiB, 16384 MiB, 50
2026/08/10 07:49:25.990, Tesla V100-PCIE-16GB, 47 %, 3 %, 550 MiB, 16384 MiB, 50
2026/08/10 07:49:30.991, Tesla V100-PCIE-16GB, 49 %, 3 %, 550 MiB, 16384 MiB, 50
2026/08/10 07:49:35.992, Tesla V100-PCIE-16GB, 51 %, 3 %, 550 MiB, 16384 MiB, 50
2026/08/10 07:49:40.993, Tesla V100-PCIE-16GB, 49 %, 3 %, 550 MiB, 16384 MiB, 50
2026/08/10 07:49:46.131, Tesla V100-PCIE-16GB, 49 %, 3 %, 550 MiB, 16384 MiB, 50
2026/08/10 07:49:51.134, Tesla V100-PCIE-16GB, 50 %, 3 %, 550 MiB, 16384 MiB, 50
2026/08/10 07:49:56.134, Tesla V100-PCIE-16GB, 49 %, 3 %, 550 MiB, 16384 MiB, 50
2026/08/10 07:50:01.135, Tesla V100-PCIE-16GB, 41 %, 3 %, 550 MiB, 16384 MiB, 50
2026/08/10 07:50:06.136, Tesla V100-PCIE-16GB, 49 %, 3 %, 550 MiB, 16384 MiB, 50
2026/08/10 07:50:11.137, Tesla V100-PCIE-16GB, 50 %, 3 %, 550 MiB, 16384 MiB, 50
2026/08/10 07:50:16.138, Tesla V100-PCIE-16GB, 46 %, 3 %, 550 MiB, 16384 MiB, 50
2026/08/10 07:50:21.139, Tesla V100-PCIE-16GB, 48 %, 3 %, 550 MiB, 16384 MiB, 50
2026/08/10 07:50:26.140, Tesla V100-PCIE-16GB, 22 %, 3 %, 550 MiB, 16384 MiB, 50
2026/08/10 07:50:31.140, Tesla V100-PCIE-16GB, 52 %, 3 %, 550 MiB, 16384 MiB, 50
2026/08/10 07:50:36.141, Tesla V100-PCIE-16GB, 49 %, 3 %, 550 MiB, 16384 MiB, 50
2026/08/10 07:50:41.142, Tesla V100-PCIE-16GB, 48 %, 3 %, 550 MiB, 16384 MiB, 50
2026/08/10 07:50:46.144, Tesla V100-PCIE-16GB, 50 %, 3 %, 550 MiB, 16384 MiB, 50
2026/08/10 07:50:51.145, Tesla V100-PCIE-16GB, 48 %, 3 %, 550 MiB, 16384 MiB, 50
2026/08/10 07:50:56.147, Tesla V100-PCIE-16GB, 48 %, 3 %, 550 MiB, 16384 MiB, 50
2026/08/10 07:51:01.148, Tesla V100-PCIE-16GB, 49 %, 3 %, 550 MiB, 16384 MiB, 50
2026/08/10 07:51:06.150, Tesla V100-PCIE-16GB, 48 %, 3 %, 550 MiB, 16384 MiB, 50
2026/08/10 07:51:11.151, Tesla V100-PCIE-16GB, 45 %, 3 %, 550 MiB, 16384 MiB, 50
2026/08/10 07:51:16.151, Tesla V100-PCIE-16GB, 50 %, 3 %, 550 MiB, 16384 MiB, 50
2026/08/10 07:51:21.152, Tesla V100-PCIE-16GB, 18 %, 3 %, 550 MiB, 16384 MiB, 50
2026/08/10 07:51:26.153, Tesla V100-PCIE-16GB, 48 %, 3 %, 550 MiB, 16384 MiB, 50
2026/08/10 07:51:31.154, Tesla V100-PCIE-16GB, 49 %, 3 %, 550 MiB, 16384 MiB, 50
2026/08/10 07:51:36.155, Tesla V100-PCIE-16GB, 44 %, 3 %, 550 MiB, 16384 MiB, 50
2026/08/10 07:51:41.260, Tesla V100-PCIE-16GB, 48 %, 3 %, 550 MiB, 16384 MiB, 49
2026/08/10 07:51:46.261, Tesla V100-PCIE-16GB, 49 %, 3 %, 550 MiB, 16384 MiB, 50
2026/08/10 07:51:51.263, Tesla V100-PCIE-16GB, 47 %, 3 %, 550 MiB, 16384 MiB, 50
2026/08/10 07:51:56.264, Tesla V100-PCIE-16GB, 49 %, 3 %, 550 MiB, 16384 MiB, 50
2026/08/10 07:52:01.264, Tesla V100-PCIE-16GB, 47 %, 3 %, 550 MiB, 16384 MiB, 49
2026/08/10 07:52:06.265, Tesla V100-PCIE-16GB, 49 %, 3 %, 550 MiB, 16384 MiB, 49
2026/08/10 07:52:11.266, Tesla V100-PCIE-16GB, 49 %, 3 %, 550 MiB, 16384 MiB, 49
2026/08/10 07:52:16.267, Tesla V100-PCIE-16GB, 49 %, 3 %, 550 MiB, 16384 MiB, 50
2026/08/10 07:52:21.270, Tesla V100-PCIE-16GB, 49 %, 3 %, 550 MiB, 16384 MiB, 49
2026/08/10 07:52:26.271, Tesla V100-PCIE-16GB, 48 %, 3 %, 550 MiB, 16384 MiB, 49
2026/08/10 07:52:31.272, Tesla V100-PCIE-16GB, 48 %, 3 %, 550 MiB, 16384 MiB, 49
2026/08/10 07:52:36.273, Tesla V100-PCIE-16GB, 45 %, 3 %, 550 MiB, 16384 MiB, 49
2026/08/10 07:52:41.347, Tesla V100-PCIE-16GB, 51 %, 3 %, 550 MiB, 16384 MiB, 49
2026/08/10 07:52:46.348, Tesla V100-PCIE-16GB, 49 %, 3 %, 550 MiB, 16384 MiB, 49
2026/08/10 07:52:51.348, Tesla V100-PCIE-16GB, 47 %, 3 %, 550 MiB, 16384 MiB, 49
2026/08/10 07:52:56.349, Tesla V100-PCIE-16GB, 49 %, 3 %, 550 MiB, 16384 MiB, 49
2026/08/10 07:53:01.350, Tesla V100-PCIE-16GB, 47 %, 3 %, 550 MiB, 16384 MiB, 49
2026/08/10 07:53:06.351, Tesla V100-PCIE-16GB, 48 %, 3 %, 550 MiB, 16384 MiB, 49
2026/08/10 07:53:11.352, Tesla V100-PCIE-16GB, 50 %, 3 %, 550 MiB, 16384 MiB, 49
2026/08/10 07:53:16.352, Tesla V100-PCIE-16GB, 48 %, 3 %, 550 MiB, 16384 MiB, 49
2026/08/10 07:53:21.353, Tesla V100-PCIE-16GB, 50 %, 3 %, 550 MiB, 16384 MiB, 49
2026/08/10 07:53:26.354, Tesla V100-PCIE-16GB, 48 %, 3 %, 550 MiB, 16384 MiB, 49
2026/08/10 07:53:31.357, Tesla V100-PCIE-16GB, 49 %, 3 %, 550 MiB, 16384 MiB, 49
2026/08/10 07:53:36.358, Tesla V100-PCIE-16GB, 46 %, 3 %, 550 MiB, 16384 MiB, 49
2026/08/10 07:53:41.359, Tesla V100-PCIE-16GB, 49 %, 3 %, 550 MiB, 16384 MiB, 49
2026/08/10 07:53:46.360, Tesla V100-PCIE-16GB, 49 %, 3 %, 550 MiB, 16384 MiB, 49
2026/08/10 07:53:51.419, Tesla V100-PCIE-16GB, 50 %, 3 %, 550 MiB, 16384 MiB, 49
2026/08/10 07:53:56.420, Tesla V100-PCIE-16GB, 51 %, 3 %, 550 MiB, 16384 MiB, 49
2026/08/10 07:54:01.421, Tesla V100-PCIE-16GB, 48 %, 3 %, 550 MiB, 16384 MiB, 49
2026/08/10 07:54:06.422, Tesla V100-PCIE-16GB, 48 %, 3 %, 550 MiB, 16384 MiB, 49
2026/08/10 07:54:11.423, Tesla V100-PCIE-16GB, 49 %, 3 %, 550 MiB, 16384 MiB, 49
2026/08/10 07:54:16.424, Tesla V100-PCIE-16GB, 49 %, 3 %, 550 MiB, 16384 MiB, 49
2026/08/10 07:54:21.424, Tesla V100-PCIE-16GB, 46 %, 3 %, 550 MiB, 16384 MiB, 49
2026/08/10 07:54:26.425, Tesla V100-PCIE-16GB, 45 %, 3 %, 550 MiB, 16384 MiB, 49
2026/08/10 07:54:31.426, Tesla V100-PCIE-16GB, 50 %, 3 %, 550 MiB, 16384 MiB, 49
2026/08/10 07:54:36.427, Tesla V100-PCIE-16GB, 46 %, 3 %, 550 MiB, 16384 MiB, 49
2026/08/10 07:54:41.516, Tesla V100-PCIE-16GB, 51 %, 3 %, 550 MiB, 16384 MiB, 49
2026/08/10 07:54:46.517, Tesla V100-PCIE-16GB, 48 %, 3 %, 550 MiB, 16384 MiB, 49
2026/08/10 07:54:51.518, Tesla V100-PCIE-16GB, 46 %, 3 %, 550 MiB, 16384 MiB, 49
2026/08/10 07:54:56.519, Tesla V100-PCIE-16GB, 50 %, 3 %, 550 MiB, 16384 MiB, 49
2026/08/10 07:55:01.520, Tesla V100-PCIE-16GB, 48 %, 3 %, 550 MiB, 16384 MiB, 49
2026/08/10 07:55:06.521, Tesla V100-PCIE-16GB, 49 %, 3 %, 550 MiB, 16384 MiB, 49
2026/08/10 07:55:11.522, Tesla V100-PCIE-16GB, 46 %, 3 %, 550 MiB, 16384 MiB, 49
2026/08/10 07:55:16.523, Tesla V100-PCIE-16GB, 47 %, 3 %, 550 MiB, 16384 MiB, 49
2026/08/10 07:55:21.524, Tesla V100-PCIE-16GB, 49 %, 3 %, 550 MiB, 16384 MiB, 49
2026/08/10 07:55:26.529, Tesla V100-PCIE-16GB, 49 %, 3 %, 550 MiB, 16384 MiB, 49
2026/08/10 07:55:31.530, Tesla V100-PCIE-16GB, 50 %, 3 %, 550 MiB, 16384 MiB, 49
2026/08/10 07:55:36.531, Tesla V100-PCIE-16GB, 45 %, 3 %, 550 MiB, 16384 MiB, 49
2026/08/10 07:55:41.532, Tesla V100-PCIE-16GB, 48 %, 3 %, 550 MiB, 16384 MiB, 49
2026/08/10 07:55:46.535, Tesla V100-PCIE-16GB, 47 %, 3 %, 550 MiB, 16384 MiB, 49
2026/08/10 07:55:51.536, Tesla V100-PCIE-16GB, 48 %, 3 %, 550 MiB, 16384 MiB, 49
2026/08/10 07:55:56.536, Tesla V100-PCIE-16GB, 47 %, 3 %, 550 MiB, 16384 MiB, 49
2026/08/10 07:56:01.537, Tesla V100-PCIE-16GB, 47 %, 3 %, 550 MiB, 16384 MiB, 49
2026/08/10 07:56:06.538, Tesla V100-PCIE-16GB, 50 %, 3 %, 550 MiB, 16384 MiB, 49
2026/08/10 07:56:11.539, Tesla V100-PCIE-16GB, 49 %, 3 %, 550 MiB, 16384 MiB, 49
2026/08/10 07:56:16.540, Tesla V100-PCIE-16GB, 48 %, 3 %, 550 MiB, 16384 MiB, 49
2026/08/10 07:56:21.540, Tesla V100-PCIE-16GB, 16 %, 3 %, 550 MiB, 16384 MiB, 49
2026/08/10 07:56:26.541, Tesla V100-PCIE-16GB, 50 %, 3 %, 550 MiB, 16384 MiB, 49
2026/08/10 07:56:31.542, Tesla V100-PCIE-16GB, 47 %, 3 %, 550 MiB, 16384 MiB, 49
2026/08/10 07:56:36.546, Tesla V100-PCIE-16GB, 42 %, 3 %, 550 MiB, 16384 MiB, 49
2026/08/10 07:56:41.574, Tesla V100-PCIE-16GB, 49 %, 3 %, 550 MiB, 16384 MiB, 49
2026/08/10 07:56:46.575, Tesla V100-PCIE-16GB, 46 %, 3 %, 550 MiB, 16384 MiB, 49
2026/08/10 07:56:51.576, Tesla V100-PCIE-16GB, 51 %, 3 %, 550 MiB, 16384 MiB, 49
2026/08/10 07:56:56.577, Tesla V100-PCIE-16GB, 49 %, 3 %, 550 MiB, 16384 MiB, 49
2026/08/10 07:57:01.578, Tesla V100-PCIE-16GB, 45 %, 3 %, 550 MiB, 16384 MiB, 49
2026/08/10 07:57:06.579, Tesla V100-PCIE-16GB, 50 %, 3 %, 550 MiB, 16384 MiB, 49
2026/08/10 07:57:11.580, Tesla V100-PCIE-16GB, 49 %, 3 %, 550 MiB, 16384 MiB, 49
2026/08/10 07:57:16.581, Tesla V100-PCIE-16GB, 20 %, 4 %, 550 MiB, 16384 MiB, 49
2026/08/10 07:57:21.582, Tesla V100-PCIE-16GB, 49 %, 3 %, 550 MiB, 16384 MiB, 49
2026/08/10 07:57:26.583, Tesla V100-PCIE-16GB, 50 %, 3 %, 550 MiB, 16384 MiB, 49
2026/08/10 07:57:31.584, Tesla V100-PCIE-16GB, 49 %, 3 %, 550 MiB, 16384 MiB, 49
2026/08/10 07:57:36.586, Tesla V100-PCIE-16GB, 49 %, 3 %, 550 MiB, 16384 MiB, 49
2026/08/10 07:57:41.589, Tesla V100-PCIE-16GB, 49 %, 3 %, 550 MiB, 16384 MiB, 49
2026/08/10 07:57:46.590, Tesla V100-PCIE-16GB, 47 %, 3 %, 550 MiB, 16384 MiB, 49
2026/08/10 07:57:51.591, Tesla V100-PCIE-16GB, 48 %, 3 %, 550 MiB, 16384 MiB, 49
2026/08/10 07:57:56.592, Tesla V100-PCIE-16GB, 49 %, 3 %, 550 MiB, 16384 MiB, 49
2026/08/10 07:58:01.593, Tesla V100-PCIE-16GB, 43 %, 3 %, 550 MiB, 16384 MiB, 49
2026/08/10 07:58:06.594, Tesla V100-PCIE-16GB, 46 %, 3 %, 550 MiB, 16384 MiB, 49
2026/08/10 07:58:11.595, Tesla V100-PCIE-16GB, 46 %, 3 %, 550 MiB, 16384 MiB, 49
2026/08/10 07:58:16.596, Tesla V100-PCIE-16GB, 46 %, 3 %, 550 MiB, 16384 MiB, 49
2026/08/10 07:58:21.598, Tesla V100-PCIE-16GB, 47 %, 3 %, 550 MiB, 16384 MiB, 49
2026/08/10 07:58:26.601, Tesla V100-PCIE-16GB, 48 %, 3 %, 550 MiB, 16384 MiB, 49
2026/08/10 07:58:31.602, Tesla V100-PCIE-16GB, 50 %, 3 %, 550 MiB, 16384 MiB, 49
2026/08/10 07:58:36.605, Tesla V100-PCIE-16GB, 46 %, 3 %, 550 MiB, 16384 MiB, 49
2026/08/10 07:58:41.605, Tesla V100-PCIE-16GB, 49 %, 3 %, 550 MiB, 16384 MiB, 49
2026/08/10 07:58:46.606, Tesla V100-PCIE-16GB, 49 %, 3 %, 550 MiB, 16384 MiB, 49
2026/08/10 07:58:51.607, Tesla V100-PCIE-16GB, 49 %, 3 %, 550 MiB, 16384 MiB, 50
2026/08/10 07:58:56.608, Tesla V100-PCIE-16GB, 46 %, 3 %, 550 MiB, 16384 MiB, 50
2026/08/10 07:59:01.608, Tesla V100-PCIE-16GB, 46 %, 3 %, 550 MiB, 16384 MiB, 49
2026/08/10 07:59:06.609, Tesla V100-PCIE-16GB, 47 %, 3 %, 550 MiB, 16384 MiB, 49
2026/08/10 07:59:11.610, Tesla V100-PCIE-16GB, 49 %, 3 %, 550 MiB, 16384 MiB, 50
2026/08/10 07:59:16.611, Tesla V100-PCIE-16GB, 48 %, 3 %, 550 MiB, 16384 MiB, 50
2026/08/10 07:59:21.612, Tesla V100-PCIE-16GB, 48 %, 3 %, 550 MiB, 16384 MiB, 50
2026/08/10 07:59:26.612, Tesla V100-PCIE-16GB, 49 %, 3 %, 550 MiB, 16384 MiB, 50
2026/08/10 07:59:31.613, Tesla V100-PCIE-16GB, 46 %, 3 %, 550 MiB, 16384 MiB, 50
2026/08/10 07:59:36.698, Tesla V100-PCIE-16GB, 49 %, 3 %, 550 MiB, 16384 MiB, 50
2026/08/10 07:59:41.698, Tesla V100-PCIE-16GB, 49 %, 3 %, 550 MiB, 16384 MiB, 50
2026/08/10 07:59:46.699, Tesla V100-PCIE-16GB, 43 %, 3 %, 550 MiB, 16384 MiB, 50
2026/08/10 07:59:51.700, Tesla V100-PCIE-16GB, 49 %, 3 %, 550 MiB, 16384 MiB, 50
2026/08/10 07:59:56.703, Tesla V100-PCIE-16GB, 49 %, 3 %, 550 MiB, 16384 MiB, 50
2026/08/10 08:00:01.707, Tesla V100-PCIE-16GB, 48 %, 3 %, 550 MiB, 16384 MiB, 50
2026/08/10 08:00:06.708, Tesla V100-PCIE-16GB, 49 %, 3 %, 550 MiB, 16384 MiB, 50
2026/08/10 08:00:11.709, Tesla V100-PCIE-16GB, 45 %, 3 %, 550 MiB, 16384 MiB, 50
2026/08/10 08:00:16.709, Tesla V100-PCIE-16GB, 49 %, 3 %, 550 MiB, 16384 MiB, 50
2026/08/10 08:00:21.710, Tesla V100-PCIE-16GB, 48 %, 3 %, 550 MiB, 16384 MiB, 50
2026/08/10 08:00:26.711, Tesla V100-PCIE-16GB, 48 %, 3 %, 550 MiB, 16384 MiB, 50
2026/08/10 08:00:31.712, Tesla V100-PCIE-16GB, 44 %, 3 %, 550 MiB, 16384 MiB, 50
2026/08/10 08:00:36.713, Tesla V100-PCIE-16GB, 49 %, 3 %, 550 MiB, 16384 MiB, 50
2026/08/10 08:00:41.714, Tesla V100-PCIE-16GB, 49 %, 3 %, 550 MiB, 16384 MiB, 50
2026/08/10 08:00:46.802, Tesla V100-PCIE-16GB, 47 %, 3 %, 550 MiB, 16384 MiB, 50
2026/08/10 08:00:51.803, Tesla V100-PCIE-16GB, 49 %, 3 %, 550 MiB, 16384 MiB, 50
2026/08/10 08:00:56.804, Tesla V100-PCIE-16GB, 50 %, 3 %, 550 MiB, 16384 MiB, 50
2026/08/10 08:01:01.805, Tesla V100-PCIE-16GB, 50 %, 3 %, 550 MiB, 16384 MiB, 50
2026/08/10 08:01:06.806, Tesla V100-PCIE-16GB, 46 %, 3 %, 550 MiB, 16384 MiB, 50
2026/08/10 08:01:11.806, Tesla V100-PCIE-16GB, 49 %, 3 %, 550 MiB, 16384 MiB, 50
2026/08/10 08:01:16.807, Tesla V100-PCIE-16GB, 49 %, 3 %, 550 MiB, 16384 MiB, 50
2026/08/10 08:01:21.808, Tesla V100-PCIE-16GB, 48 %, 3 %, 550 MiB, 16384 MiB, 50
2026/08/10 08:01:26.809, Tesla V100-PCIE-16GB, 50 %, 3 %, 550 MiB, 16384 MiB, 50
2026/08/10 08:01:31.810, Tesla V100-PCIE-16GB, 48 %, 3 %, 550 MiB, 16384 MiB, 50
2026/08/10 08:01:36.811, Tesla V100-PCIE-16GB, 49 %, 3 %, 550 MiB, 16384 MiB, 50
2026/08/10 08:01:41.865, Tesla V100-PCIE-16GB, 47 %, 3 %, 550 MiB, 16384 MiB, 50
2026/08/10 08:01:46.865, Tesla V100-PCIE-16GB, 48 %, 3 %, 550 MiB, 16384 MiB, 50
2026/08/10 08:01:51.866, Tesla V100-PCIE-16GB, 51 %, 3 %, 550 MiB, 16384 MiB, 50
2026/08/10 08:01:56.867, Tesla V100-PCIE-16GB, 44 %, 3 %, 550 MiB, 16384 MiB, 50
2026/08/10 08:02:01.869, Tesla V100-PCIE-16GB, 49 %, 3 %, 550 MiB, 16384 MiB, 50
2026/08/10 08:02:06.869, Tesla V100-PCIE-16GB, 40 %, 3 %, 550 MiB, 16384 MiB, 50
2026/08/10 08:02:11.870, Tesla V100-PCIE-16GB, 47 %, 3 %, 550 MiB, 16384 MiB, 50
2026/08/10 08:02:16.871, Tesla V100-PCIE-16GB, 48 %, 3 %, 550 MiB, 16384 MiB, 50
2026/08/10 08:02:21.881, Tesla V100-PCIE-16GB, 48 %, 3 %, 550 MiB, 16384 MiB, 50
2026/08/10 08:02:26.881, Tesla V100-PCIE-16GB, 49 %, 3 %, 550 MiB, 16384 MiB, 50
2026/08/10 08:02:31.882, Tesla V100-PCIE-16GB, 48 %, 3 %, 550 MiB, 16384 MiB, 50
2026/08/10 08:02:36.883, Tesla V100-PCIE-16GB, 44 %, 3 %, 550 MiB, 16384 MiB, 50
2026/08/10 08:02:41.884, Tesla V100-PCIE-16GB, 49 %, 3 %, 550 MiB, 16384 MiB, 50
2026/08/10 08:02:46.885, Tesla V100-PCIE-16GB, 49 %, 3 %, 550 MiB, 16384 MiB, 50
2026/08/10 08:02:51.885, Tesla V100-PCIE-16GB, 49 %, 3 %, 550 MiB, 16384 MiB, 50
2026/08/10 08:02:56.886, Tesla V100-PCIE-16GB, 44 %, 3 %, 550 MiB, 16384 MiB, 50
2026/08/10 08:03:01.887, Tesla V100-PCIE-16GB, 49 %, 3 %, 550 MiB, 16384 MiB, 50
2026/08/10 08:03:06.888, Tesla V100-PCIE-16GB, 46 %, 3 %, 550 MiB, 16384 MiB, 50
2026/08/10 08:03:11.889, Tesla V100-PCIE-16GB, 49 %, 3 %, 550 MiB, 16384 MiB, 50
2026/08/10 08:03:16.890, Tesla V100-PCIE-16GB, 47 %, 3 %, 550 MiB, 16384 MiB, 50
2026/08/10 08:03:21.891, Tesla V100-PCIE-16GB, 48 %, 3 %, 550 MiB, 16384 MiB, 50
2026/08/10 08:03:26.891, Tesla V100-PCIE-16GB, 43 %, 3 %, 550 MiB, 16384 MiB, 49
2026/08/10 08:03:31.892, Tesla V100-PCIE-16GB, 51 %, 3 %, 550 MiB, 16384 MiB, 49
2026/08/10 08:03:36.895, Tesla V100-PCIE-16GB, 47 %, 3 %, 550 MiB, 16384 MiB, 49
2026/08/10 08:03:41.896, Tesla V100-PCIE-16GB, 52 %, 3 %, 550 MiB, 16384 MiB, 49
2026/08/10 08:03:46.897, Tesla V100-PCIE-16GB, 50 %, 3 %, 550 MiB, 16384 MiB, 49
2026/08/10 08:03:51.897, Tesla V100-PCIE-16GB, 50 %, 3 %, 550 MiB, 16384 MiB, 49
2026/08/10 08:03:56.898, Tesla V100-PCIE-16GB, 42 %, 3 %, 550 MiB, 16384 MiB, 49
2026/08/10 08:04:01.900, Tesla V100-PCIE-16GB, 46 %, 3 %, 550 MiB, 16384 MiB, 49
2026/08/10 08:04:06.901, Tesla V100-PCIE-16GB, 36 %, 3 %, 550 MiB, 16384 MiB, 49
2026/08/10 08:04:11.901, Tesla V100-PCIE-16GB, 43 %, 3 %, 550 MiB, 16384 MiB, 49
2026/08/10 08:04:16.902, Tesla V100-PCIE-16GB, 46 %, 3 %, 550 MiB, 16384 MiB, 49
2026/08/10 08:04:21.905, Tesla V100-PCIE-16GB, 47 %, 3 %, 550 MiB, 16384 MiB, 49
2026/08/10 08:04:26.906, Tesla V100-PCIE-16GB, 49 %, 3 %, 550 MiB, 16384 MiB, 49
2026/08/10 08:04:31.909, Tesla V100-PCIE-16GB, 48 %, 3 %, 550 MiB, 16384 MiB, 49
2026/08/10 08:04:36.909, Tesla V100-PCIE-16GB, 49 %, 3 %, 550 MiB, 16384 MiB, 49
2026/08/10 08:04:41.910, Tesla V100-PCIE-16GB, 47 %, 3 %, 550 MiB, 16384 MiB, 49
2026/08/10 08:04:46.911, Tesla V100-PCIE-16GB, 48 %, 3 %, 550 MiB, 16384 MiB, 49
2026/08/10 08:04:51.912, Tesla V100-PCIE-16GB, 48 %, 3 %, 550 MiB, 16384 MiB, 49
2026/08/10 08:04:56.913, Tesla V100-PCIE-16GB, 50 %, 3 %, 550 MiB, 16384 MiB, 49
2026/08/10 08:05:01.913, Tesla V100-PCIE-16GB, 18 %, 3 %, 550 MiB, 16384 MiB, 49
2026/08/10 08:05:06.914, Tesla V100-PCIE-16GB, 49 %, 3 %, 550 MiB, 16384 MiB, 49
2026/08/10 08:05:11.915, Tesla V100-PCIE-16GB, 50 %, 3 %, 550 MiB, 16384 MiB, 49
2026/08/10 08:05:16.916, Tesla V100-PCIE-16GB, 46 %, 3 %, 550 MiB, 16384 MiB, 49
2026/08/10 08:05:21.917, Tesla V100-PCIE-16GB, 47 %, 3 %, 550 MiB, 16384 MiB, 49
2026/08/10 08:05:26.917, Tesla V100-PCIE-16GB, 38 %, 3 %, 550 MiB, 16384 MiB, 49
2026/08/10 08:05:31.918, Tesla V100-PCIE-16GB, 50 %, 3 %, 550 MiB, 16384 MiB, 49
2026/08/10 08:05:36.919, Tesla V100-PCIE-16GB, 45 %, 3 %, 550 MiB, 16384 MiB, 49
2026/08/10 08:05:41.990, Tesla V100-PCIE-16GB, 49 %, 3 %, 550 MiB, 16384 MiB, 49
2026/08/10 08:05:46.991, Tesla V100-PCIE-16GB, 49 %, 3 %, 550 MiB, 16384 MiB, 49
2026/08/10 08:05:51.991, Tesla V100-PCIE-16GB, 48 %, 3 %, 550 MiB, 16384 MiB, 49
2026/08/10 08:05:56.992, Tesla V100-PCIE-16GB, 31 %, 3 %, 550 MiB, 16384 MiB, 49
2026/08/10 08:06:01.994, Tesla V100-PCIE-16GB, 50 %, 3 %, 550 MiB, 16384 MiB, 49
2026/08/10 08:06:06.994, Tesla V100-PCIE-16GB, 49 %, 3 %, 550 MiB, 16384 MiB, 49
2026/08/10 08:06:11.995, Tesla V100-PCIE-16GB, 46 %, 3 %, 550 MiB, 16384 MiB, 49
2026/08/10 08:06:16.996, Tesla V100-PCIE-16GB, 50 %, 3 %, 550 MiB, 16384 MiB, 49
2026/08/10 08:06:21.997, Tesla V100-PCIE-16GB, 47 %, 3 %, 550 MiB, 16384 MiB, 49
2026/08/10 08:06:26.998, Tesla V100-PCIE-16GB, 51 %, 3 %, 550 MiB, 16384 MiB, 49
2026/08/10 08:06:31.998, Tesla V100-PCIE-16GB, 50 %, 3 %, 550 MiB, 16384 MiB, 49
2026/08/10 08:06:36.999, Tesla V100-PCIE-16GB, 49 %, 3 %, 550 MiB, 16384 MiB, 49
2026/08/10 08:06:42.000, Tesla V100-PCIE-16GB, 45 %, 3 %, 550 MiB, 16384 MiB, 49
2026/08/10 08:06:47.001, Tesla V100-PCIE-16GB, 47 %, 3 %, 550 MiB, 16384 MiB, 49
2026/08/10 08:06:52.002, Tesla V100-PCIE-16GB, 50 %, 3 %, 550 MiB, 16384 MiB, 49
2026/08/10 08:06:57.002, Tesla V100-PCIE-16GB, 50 %, 3 %, 550 MiB, 16384 MiB, 49
2026/08/10 08:07:02.003, Tesla V100-PCIE-16GB, 48 %, 3 %, 550 MiB, 16384 MiB, 49
2026/08/10 08:07:07.004, Tesla V100-PCIE-16GB, 48 %, 3 %, 550 MiB, 16384 MiB, 49
2026/08/10 08:07:12.005, Tesla V100-PCIE-16GB, 51 %, 3 %, 550 MiB, 16384 MiB, 49
2026/08/10 08:07:17.006, Tesla V100-PCIE-16GB, 46 %, 3 %, 550 MiB, 16384 MiB, 49
2026/08/10 08:07:22.010, Tesla V100-PCIE-16GB, 50 %, 3 %, 550 MiB, 16384 MiB, 49
2026/08/10 08:07:27.011, Tesla V100-PCIE-16GB, 46 %, 3 %, 550 MiB, 16384 MiB, 49
2026/08/10 08:07:32.011, Tesla V100-PCIE-16GB, 49 %, 3 %, 550 MiB, 16384 MiB, 49
2026/08/10 08:07:37.012, Tesla V100-PCIE-16GB, 43 %, 3 %, 550 MiB, 16384 MiB, 49
2026/08/10 08:07:42.013, Tesla V100-PCIE-16GB, 46 %, 3 %, 550 MiB, 16384 MiB, 49
2026/08/10 08:07:47.014, Tesla V100-PCIE-16GB, 49 %, 3 %, 550 MiB, 16384 MiB, 49
2026/08/10 08:07:52.015, Tesla V100-PCIE-16GB, 48 %, 3 %, 550 MiB, 16384 MiB, 49
2026/08/10 08:07:57.015, Tesla V100-PCIE-16GB, 49 %, 3 %, 550 MiB, 16384 MiB, 49
2026/08/10 08:08:02.016, Tesla V100-PCIE-16GB, 49 %, 3 %, 550 MiB, 16384 MiB, 49
2026/08/10 08:08:07.017, Tesla V100-PCIE-16GB, 51 %, 3 %, 550 MiB, 16384 MiB, 49
2026/08/10 08:08:12.018, Tesla V100-PCIE-16GB, 16 %, 3 %, 550 MiB, 16384 MiB, 49
2026/08/10 08:08:17.028, Tesla V100-PCIE-16GB, 46 %, 3 %, 550 MiB, 16384 MiB, 49
2026/08/10 08:08:22.029, Tesla V100-PCIE-16GB, 48 %, 3 %, 550 MiB, 16384 MiB, 49
2026/08/10 08:08:27.030, Tesla V100-PCIE-16GB, 49 %, 3 %, 550 MiB, 16384 MiB, 49
2026/08/10 08:08:32.030, Tesla V100-PCIE-16GB, 47 %, 3 %, 550 MiB, 16384 MiB, 49
2026/08/10 08:08:37.031, Tesla V100-PCIE-16GB, 49 %, 3 %, 550 MiB, 16384 MiB, 49
2026/08/10 08:08:42.103, Tesla V100-PCIE-16GB, 50 %, 3 %, 550 MiB, 16384 MiB, 49
2026/08/10 08:08:47.105, Tesla V100-PCIE-16GB, 44 %, 3 %, 550 MiB, 16384 MiB, 49
2026/08/10 08:08:52.107, Tesla V100-PCIE-16GB, 49 %, 3 %, 550 MiB, 16384 MiB, 49
2026/08/10 08:08:57.107, Tesla V100-PCIE-16GB, 49 %, 3 %, 550 MiB, 16384 MiB, 49
2026/08/10 08:09:02.108, Tesla V100-PCIE-16GB, 49 %, 3 %, 550 MiB, 16384 MiB, 49
2026/08/10 08:09:07.109, Tesla V100-PCIE-16GB, 48 %, 3 %, 550 MiB, 16384 MiB, 49
2026/08/10 08:09:12.110, Tesla V100-PCIE-16GB, 51 %, 3 %, 550 MiB, 16384 MiB, 49
2026/08/10 08:09:17.111, Tesla V100-PCIE-16GB, 50 %, 3 %, 550 MiB, 16384 MiB, 49
2026/08/10 08:09:22.112, Tesla V100-PCIE-16GB, 46 %, 3 %, 550 MiB, 16384 MiB, 49
2026/08/10 08:09:27.170, Tesla V100-PCIE-16GB, 49 %, 3 %, 550 MiB, 16384 MiB, 49
2026/08/10 08:09:32.171, Tesla V100-PCIE-16GB, 46 %, 3 %, 550 MiB, 16384 MiB, 49
2026/08/10 08:09:37.171, Tesla V100-PCIE-16GB, 46 %, 3 %, 550 MiB, 16384 MiB, 49
2026/08/10 08:09:42.172, Tesla V100-PCIE-16GB, 51 %, 3 %, 550 MiB, 16384 MiB, 50
2026/08/10 08:09:47.173, Tesla V100-PCIE-16GB, 49 %, 3 %, 550 MiB, 16384 MiB, 50
2026/08/10 08:09:52.174, Tesla V100-PCIE-16GB, 49 %, 3 %, 550 MiB, 16384 MiB, 50
2026/08/10 08:09:57.174, Tesla V100-PCIE-16GB, 47 %, 3 %, 550 MiB, 16384 MiB, 50
2026/08/10 08:10:02.176, Tesla V100-PCIE-16GB, 52 %, 3 %, 550 MiB, 16384 MiB, 50
2026/08/10 08:10:07.177, Tesla V100-PCIE-16GB, 49 %, 3 %, 550 MiB, 16384 MiB, 50
2026/08/10 08:10:12.178, Tesla V100-PCIE-16GB, 44 %, 3 %, 550 MiB, 16384 MiB, 50
2026/08/10 08:10:17.180, Tesla V100-PCIE-16GB, 48 %, 3 %, 550 MiB, 16384 MiB, 50
2026/08/10 08:10:22.181, Tesla V100-PCIE-16GB, 45 %, 3 %, 550 MiB, 16384 MiB, 50
2026/08/10 08:10:27.182, Tesla V100-PCIE-16GB, 45 %, 3 %, 550 MiB, 16384 MiB, 50
2026/08/10 08:10:32.183, Tesla V100-PCIE-16GB, 49 %, 3 %, 550 MiB, 16384 MiB, 50
2026/08/10 08:10:37.184, Tesla V100-PCIE-16GB, 51 %, 3 %, 550 MiB, 16384 MiB, 50
2026/08/10 08:10:42.184, Tesla V100-PCIE-16GB, 50 %, 3 %, 550 MiB, 16384 MiB, 50
2026/08/10 08:10:47.185, Tesla V100-PCIE-16GB, 49 %, 3 %, 550 MiB, 16384 MiB, 50
2026/08/10 08:10:52.186, Tesla V100-PCIE-16GB, 51 %, 3 %, 550 MiB, 16384 MiB, 50
2026/08/10 08:10:57.187, Tesla V100-PCIE-16GB, 50 %, 3 %, 550 MiB, 16384 MiB, 50
2026/08/10 08:11:02.188, Tesla V100-PCIE-16GB, 49 %, 3 %, 550 MiB, 16384 MiB, 50
2026/08/10 08:11:07.189, Tesla V100-PCIE-16GB, 50 %, 3 %, 550 MiB, 16384 MiB, 50
2026/08/10 08:11:12.190, Tesla V100-PCIE-16GB, 49 %, 3 %, 550 MiB, 16384 MiB, 50
2026/08/10 08:11:17.191, Tesla V100-PCIE-16GB, 48 %, 3 %, 550 MiB, 16384 MiB, 50
2026/08/10 08:11:22.192, Tesla V100-PCIE-16GB, 47 %, 3 %, 550 MiB, 16384 MiB, 50
2026/08/10 08:11:27.265, Tesla V100-PCIE-16GB, 49 %, 3 %, 550 MiB, 16384 MiB, 50
2026/08/10 08:11:32.266, Tesla V100-PCIE-16GB, 49 %, 3 %, 550 MiB, 16384 MiB, 50
2026/08/10 08:11:37.266, Tesla V100-PCIE-16GB, 48 %, 3 %, 550 MiB, 16384 MiB, 50
2026/08/10 08:11:42.267, Tesla V100-PCIE-16GB, 49 %, 3 %, 550 MiB, 16384 MiB, 50
2026/08/10 08:11:47.268, Tesla V100-PCIE-16GB, 50 %, 3 %, 550 MiB, 16384 MiB, 50
2026/08/10 08:11:52.269, Tesla V100-PCIE-16GB, 52 %, 4 %, 550 MiB, 16384 MiB, 50
2026/08/10 08:11:57.270, Tesla V100-PCIE-16GB, 51 %, 3 %, 550 MiB, 16384 MiB, 50
2026/08/10 08:12:02.270, Tesla V100-PCIE-16GB, 46 %, 3 %, 550 MiB, 16384 MiB, 50
2026/08/10 08:12:07.271, Tesla V100-PCIE-16GB, 50 %, 3 %, 550 MiB, 16384 MiB, 50
2026/08/10 08:12:12.272, Tesla V100-PCIE-16GB, 47 %, 3 %, 550 MiB, 16384 MiB, 50
2026/08/10 08:12:17.273, Tesla V100-PCIE-16GB, 17 %, 3 %, 550 MiB, 16384 MiB, 50
2026/08/10 08:12:22.274, Tesla V100-PCIE-16GB, 39 %, 3 %, 550 MiB, 16384 MiB, 50
2026/08/10 08:12:27.275, Tesla V100-PCIE-16GB, 45 %, 3 %, 550 MiB, 16384 MiB, 50
2026/08/10 08:12:32.275, Tesla V100-PCIE-16GB, 49 %, 3 %, 550 MiB, 16384 MiB, 50
2026/08/10 08:12:37.276, Tesla V100-PCIE-16GB, 47 %, 3 %, 550 MiB, 16384 MiB, 50
2026/08/10 08:12:42.277, Tesla V100-PCIE-16GB, 48 %, 3 %, 550 MiB, 16384 MiB, 50
2026/08/10 08:12:47.278, Tesla V100-PCIE-16GB, 47 %, 3 %, 550 MiB, 16384 MiB, 50
2026/08/10 08:12:52.346, Tesla V100-PCIE-16GB, 50 %, 3 %, 550 MiB, 16384 MiB, 50
2026/08/10 08:12:57.347, Tesla V100-PCIE-16GB, 45 %, 3 %, 550 MiB, 16384 MiB, 50
2026/08/10 08:13:02.348, Tesla V100-PCIE-16GB, 46 %, 3 %, 550 MiB, 16384 MiB, 50
2026/08/10 08:13:07.349, Tesla V100-PCIE-16GB, 50 %, 3 %, 550 MiB, 16384 MiB, 50
2026/08/10 08:13:12.350, Tesla V100-PCIE-16GB, 17 %, 3 %, 550 MiB, 16384 MiB, 50
2026/08/10 08:13:17.351, Tesla V100-PCIE-16GB, 46 %, 3 %, 550 MiB, 16384 MiB, 49
2026/08/10 08:13:22.352, Tesla V100-PCIE-16GB, 49 %, 3 %, 550 MiB, 16384 MiB, 50
2026/08/10 08:13:27.354, Tesla V100-PCIE-16GB, 51 %, 3 %, 550 MiB, 16384 MiB, 50
2026/08/10 08:13:32.354, Tesla V100-PCIE-16GB, 49 %, 3 %, 550 MiB, 16384 MiB, 49
2026/08/10 08:13:37.355, Tesla V100-PCIE-16GB, 47 %, 3 %, 550 MiB, 16384 MiB, 49
2026/08/10 08:13:42.356, Tesla V100-PCIE-16GB, 49 %, 3 %, 550 MiB, 16384 MiB, 49
2026/08/10 08:13:47.357, Tesla V100-PCIE-16GB, 48 %, 3 %, 550 MiB, 16384 MiB, 49
2026/08/10 08:13:52.358, Tesla V100-PCIE-16GB, 46 %, 3 %, 550 MiB, 16384 MiB, 49
2026/08/10 08:13:57.359, Tesla V100-PCIE-16GB, 49 %, 3 %, 550 MiB, 16384 MiB, 49
2026/08/10 08:14:02.360, Tesla V100-PCIE-16GB, 49 %, 3 %, 550 MiB, 16384 MiB, 49
2026/08/10 08:14:07.361, Tesla V100-PCIE-16GB, 51 %, 3 %, 550 MiB, 16384 MiB, 49
2026/08/10 08:14:12.362, Tesla V100-PCIE-16GB, 51 %, 3 %, 550 MiB, 16384 MiB, 49
2026/08/10 08:14:17.411, Tesla V100-PCIE-16GB, 48 %, 3 %, 550 MiB, 16384 MiB, 49
2026/08/10 08:14:22.412, Tesla V100-PCIE-16GB, 48 %, 3 %, 550 MiB, 16384 MiB, 49
2026/08/10 08:14:27.413, Tesla V100-PCIE-16GB, 48 %, 3 %, 550 MiB, 16384 MiB, 49
2026/08/10 08:14:32.414, Tesla V100-PCIE-16GB, 46 %, 3 %, 550 MiB, 16384 MiB, 49
2026/08/10 08:14:37.415, Tesla V100-PCIE-16GB, 48 %, 3 %, 550 MiB, 16384 MiB, 49
2026/08/10 08:14:42.416, Tesla V100-PCIE-16GB, 46 %, 3 %, 550 MiB, 16384 MiB, 49
2026/08/10 08:14:47.417, Tesla V100-PCIE-16GB, 49 %, 3 %, 550 MiB, 16384 MiB, 49
2026/08/10 08:14:52.417, Tesla V100-PCIE-16GB, 48 %, 3 %, 550 MiB, 16384 MiB, 49
2026/08/10 08:14:57.418, Tesla V100-PCIE-16GB, 50 %, 3 %, 550 MiB, 16384 MiB, 49
2026/08/10 08:15:02.419, Tesla V100-PCIE-16GB, 43 %, 3 %, 550 MiB, 16384 MiB, 49
2026/08/10 08:15:07.420, Tesla V100-PCIE-16GB, 47 %, 3 %, 550 MiB, 16384 MiB, 49
2026/08/10 08:15:12.421, Tesla V100-PCIE-16GB, 49 %, 3 %, 550 MiB, 16384 MiB, 49
2026/08/10 08:15:17.422, Tesla V100-PCIE-16GB, 48 %, 3 %, 550 MiB, 16384 MiB, 49
2026/08/10 08:15:22.422, Tesla V100-PCIE-16GB, 49 %, 3 %, 550 MiB, 16384 MiB, 49
2026/08/10 08:15:27.423, Tesla V100-PCIE-16GB, 49 %, 3 %, 550 MiB, 16384 MiB, 49
2026/08/10 08:15:32.424, Tesla V100-PCIE-16GB, 49 %, 3 %, 550 MiB, 16384 MiB, 49
2026/08/10 08:15:37.425, Tesla V100-PCIE-16GB, 50 %, 3 %, 550 MiB, 16384 MiB, 49
2026/08/10 08:15:42.426, Tesla V100-PCIE-16GB, 48 %, 3 %, 550 MiB, 16384 MiB, 49
2026/08/10 08:15:47.426, Tesla V100-PCIE-16GB, 50 %, 3 %, 550 MiB, 16384 MiB, 49
2026/08/10 08:15:52.427, Tesla V100-PCIE-16GB, 50 %, 3 %, 550 MiB, 16384 MiB, 49
2026/08/10 08:15:57.428, Tesla V100-PCIE-16GB, 50 %, 3 %, 550 MiB, 16384 MiB, 49
2026/08/10 08:16:02.429, Tesla V100-PCIE-16GB, 42 %, 3 %, 550 MiB, 16384 MiB, 49
2026/08/10 08:16:07.430, Tesla V100-PCIE-16GB, 49 %, 3 %, 550 MiB, 16384 MiB, 49
2026/08/10 08:16:12.430, Tesla V100-PCIE-16GB, 45 %, 3 %, 550 MiB, 16384 MiB, 49
2026/08/10 08:16:17.431, Tesla V100-PCIE-16GB, 48 %, 3 %, 550 MiB, 16384 MiB, 49
2026/08/10 08:16:22.432, Tesla V100-PCIE-16GB, 49 %, 3 %, 550 MiB, 16384 MiB, 49
2026/08/10 08:16:27.433, Tesla V100-PCIE-16GB, 52 %, 4 %, 550 MiB, 16384 MiB, 49
2026/08/10 08:16:32.436, Tesla V100-PCIE-16GB, 50 %, 3 %, 550 MiB, 16384 MiB, 49
2026/08/10 08:16:37.437, Tesla V100-PCIE-16GB, 49 %, 3 %, 550 MiB, 16384 MiB, 49
2026/08/10 08:16:42.437, Tesla V100-PCIE-16GB, 49 %, 3 %, 550 MiB, 16384 MiB, 49
2026/08/10 08:16:47.438, Tesla V100-PCIE-16GB, 49 %, 3 %, 550 MiB, 16384 MiB, 49
2026/08/10 08:16:52.439, Tesla V100-PCIE-16GB, 51 %, 3 %, 550 MiB, 16384 MiB, 49
2026/08/10 08:16:57.440, Tesla V100-PCIE-16GB, 51 %, 3 %, 550 MiB, 16384 MiB, 49
2026/08/10 08:17:02.441, Tesla V100-PCIE-16GB, 42 %, 3 %, 550 MiB, 16384 MiB, 49
2026/08/10 08:17:07.442, Tesla V100-PCIE-16GB, 50 %, 3 %, 550 MiB, 16384 MiB, 49
2026/08/10 08:17:12.442, Tesla V100-PCIE-16GB, 47 %, 3 %, 550 MiB, 16384 MiB, 49
2026/08/10 08:17:17.501, Tesla V100-PCIE-16GB, 19 %, 3 %, 550 MiB, 16384 MiB, 49
2026/08/10 08:17:22.502, Tesla V100-PCIE-16GB, 49 %, 3 %, 550 MiB, 16384 MiB, 49
2026/08/10 08:17:27.503, Tesla V100-PCIE-16GB, 50 %, 3 %, 550 MiB, 16384 MiB, 49
2026/08/10 08:17:32.503, Tesla V100-PCIE-16GB, 49 %, 3 %, 550 MiB, 16384 MiB, 49
2026/08/10 08:17:37.504, Tesla V100-PCIE-16GB, 48 %, 3 %, 550 MiB, 16384 MiB, 49
2026/08/10 08:17:42.505, Tesla V100-PCIE-16GB, 51 %, 3 %, 550 MiB, 16384 MiB, 49
2026/08/10 08:17:47.506, Tesla V100-PCIE-16GB, 48 %, 3 %, 550 MiB, 16384 MiB, 49
2026/08/10 08:17:52.506, Tesla V100-PCIE-16GB, 46 %, 3 %, 550 MiB, 16384 MiB, 49
2026/08/10 08:17:57.507, Tesla V100-PCIE-16GB, 48 %, 3 %, 550 MiB, 16384 MiB, 49
2026/08/10 08:18:02.508, Tesla V100-PCIE-16GB, 48 %, 3 %, 550 MiB, 16384 MiB, 49
2026/08/10 08:18:07.509, Tesla V100-PCIE-16GB, 51 %, 3 %, 550 MiB, 16384 MiB, 49
2026/08/10 08:18:12.510, Tesla V100-PCIE-16GB, 49 %, 3 %, 550 MiB, 16384 MiB, 49
2026/08/10 08:18:17.514, Tesla V100-PCIE-16GB, 47 %, 3 %, 550 MiB, 16384 MiB, 49
2026/08/10 08:18:22.515, Tesla V100-PCIE-16GB, 46 %, 3 %, 550 MiB, 16384 MiB, 49
2026/08/10 08:18:27.516, Tesla V100-PCIE-16GB, 49 %, 3 %, 550 MiB, 16384 MiB, 49
2026/08/10 08:18:32.517, Tesla V100-PCIE-16GB, 41 %, 3 %, 550 MiB, 16384 MiB, 49
2026/08/10 08:18:37.518, Tesla V100-PCIE-16GB, 49 %, 3 %, 550 MiB, 16384 MiB, 49
2026/08/10 08:18:42.519, Tesla V100-PCIE-16GB, 46 %, 3 %, 550 MiB, 16384 MiB, 49
2026/08/10 08:18:47.522, Tesla V100-PCIE-16GB, 46 %, 3 %, 550 MiB, 16384 MiB, 49
2026/08/10 08:18:52.522, Tesla V100-PCIE-16GB, 48 %, 3 %, 550 MiB, 16384 MiB, 49
2026/08/10 08:18:57.527, Tesla V100-PCIE-16GB, 49 %, 3 %, 550 MiB, 16384 MiB, 49
2026/08/10 08:19:02.528, Tesla V100-PCIE-16GB, 48 %, 3 %, 550 MiB, 16384 MiB, 49
2026/08/10 08:19:07.529, Tesla V100-PCIE-16GB, 51 %, 3 %, 550 MiB, 16384 MiB, 49
2026/08/10 08:19:12.530, Tesla V100-PCIE-16GB, 46 %, 3 %, 550 MiB, 16384 MiB, 49
2026/08/10 08:19:17.531, Tesla V100-PCIE-16GB, 50 %, 3 %, 550 MiB, 16384 MiB, 49
2026/08/10 08:19:22.532, Tesla V100-PCIE-16GB, 47 %, 3 %, 550 MiB, 16384 MiB, 49
2026/08/10 08:19:27.533, Tesla V100-PCIE-16GB, 49 %, 3 %, 550 MiB, 16384 MiB, 49
2026/08/10 08:19:32.533, Tesla V100-PCIE-16GB, 29 %, 3 %, 550 MiB, 16384 MiB, 49
2026/08/10 08:19:37.534, Tesla V100-PCIE-16GB, 48 %, 3 %, 550 MiB, 16384 MiB, 49
2026/08/10 08:19:42.535, Tesla V100-PCIE-16GB, 49 %, 3 %, 550 MiB, 16384 MiB, 49
2026/08/10 08:19:47.536, Tesla V100-PCIE-16GB, 49 %, 3 %, 550 MiB, 16384 MiB, 49
2026/08/10 08:19:52.537, Tesla V100-PCIE-16GB, 49 %, 3 %, 550 MiB, 16384 MiB, 49
2026/08/10 08:19:57.582, Tesla V100-PCIE-16GB, 46 %, 3 %, 550 MiB, 16384 MiB, 49
2026/08/10 08:20:02.583, Tesla V100-PCIE-16GB, 46 %, 3 %, 550 MiB, 16384 MiB, 49
2026/08/10 08:20:07.584, Tesla V100-PCIE-16GB, 51 %, 3 %, 550 MiB, 16384 MiB, 49
2026/08/10 08:20:12.585, Tesla V100-PCIE-16GB, 49 %, 3 %, 550 MiB, 16384 MiB, 49
2026/08/10 08:20:17.588, Tesla V100-PCIE-16GB, 49 %, 3 %, 550 MiB, 16384 MiB, 50
2026/08/10 08:20:22.672, Tesla V100-PCIE-16GB, 48 %, 3 %, 550 MiB, 16384 MiB, 49
2026/08/10 08:20:27.674, Tesla V100-PCIE-16GB, 18 %, 3 %, 550 MiB, 16384 MiB, 49
2026/08/10 08:20:32.675, Tesla V100-PCIE-16GB, 49 %, 3 %, 550 MiB, 16384 MiB, 50
2026/08/10 08:20:37.676, Tesla V100-PCIE-16GB, 43 %, 3 %, 550 MiB, 16384 MiB, 50
2026/08/10 08:20:42.677, Tesla V100-PCIE-16GB, 38 %, 3 %, 550 MiB, 16384 MiB, 49
2026/08/10 08:20:47.678, Tesla V100-PCIE-16GB, 49 %, 3 %, 550 MiB, 16384 MiB, 50
2026/08/10 08:20:52.678, Tesla V100-PCIE-16GB, 49 %, 3 %, 550 MiB, 16384 MiB, 50
2026/08/10 08:20:57.679, Tesla V100-PCIE-16GB, 49 %, 3 %, 550 MiB, 16384 MiB, 50
2026/08/10 08:21:02.680, Tesla V100-PCIE-16GB, 46 %, 3 %, 550 MiB, 16384 MiB, 50
2026/08/10 08:21:07.681, Tesla V100-PCIE-16GB, 48 %, 3 %, 550 MiB, 16384 MiB, 50
2026/08/10 08:21:12.681, Tesla V100-PCIE-16GB, 47 %, 3 %, 550 MiB, 16384 MiB, 50
2026/08/10 08:21:17.682, Tesla V100-PCIE-16GB, 43 %, 3 %, 550 MiB, 16384 MiB, 50
2026/08/10 08:21:22.779, Tesla V100-PCIE-16GB, 22 %, 3 %, 550 MiB, 16384 MiB, 50
2026/08/10 08:21:27.780, Tesla V100-PCIE-16GB, 50 %, 3 %, 550 MiB, 16384 MiB, 50
2026/08/10 08:21:32.781, Tesla V100-PCIE-16GB, 51 %, 3 %, 550 MiB, 16384 MiB, 50
2026/08/10 08:21:37.782, Tesla V100-PCIE-16GB, 48 %, 3 %, 550 MiB, 16384 MiB, 50
2026/08/10 08:21:42.784, Tesla V100-PCIE-16GB, 47 %, 3 %, 550 MiB, 16384 MiB, 50
2026/08/10 08:21:47.785, Tesla V100-PCIE-16GB, 49 %, 3 %, 550 MiB, 16384 MiB, 50
2026/08/10 08:21:52.788, Tesla V100-PCIE-16GB, 46 %, 3 %, 550 MiB, 16384 MiB, 50
2026/08/10 08:21:57.788, Tesla V100-PCIE-16GB, 49 %, 3 %, 550 MiB, 16384 MiB, 50
2026/08/10 08:22:02.790, Tesla V100-PCIE-16GB, 43 %, 3 %, 550 MiB, 16384 MiB, 50
2026/08/10 08:22:07.791, Tesla V100-PCIE-16GB, 41 %, 3 %, 550 MiB, 16384 MiB, 50
2026/08/10 08:22:12.846, Tesla V100-PCIE-16GB, 44 %, 3 %, 550 MiB, 16384 MiB, 50
2026/08/10 08:22:17.847, Tesla V100-PCIE-16GB, 49 %, 3 %, 550 MiB, 16384 MiB, 50
2026/08/10 08:22:22.848, Tesla V100-PCIE-16GB, 49 %, 3 %, 550 MiB, 16384 MiB, 50
2026/08/10 08:22:27.848, Tesla V100-PCIE-16GB, 50 %, 3 %, 550 MiB, 16384 MiB, 50
2026/08/10 08:22:32.852, Tesla V100-PCIE-16GB, 46 %, 3 %, 550 MiB, 16384 MiB, 50
2026/08/10 08:22:37.857, Tesla V100-PCIE-16GB, 46 %, 3 %, 550 MiB, 16384 MiB, 50
2026/08/10 08:22:42.857, Tesla V100-PCIE-16GB, 48 %, 3 %, 550 MiB, 16384 MiB, 50
2026/08/10 08:22:47.859, Tesla V100-PCIE-16GB, 51 %, 3 %, 550 MiB, 16384 MiB, 50
2026/08/10 08:22:52.859, Tesla V100-PCIE-16GB, 44 %, 3 %, 550 MiB, 16384 MiB, 50
2026/08/10 08:22:57.863, Tesla V100-PCIE-16GB, 51 %, 3 %, 550 MiB, 16384 MiB, 50
2026/08/10 08:23:02.950, Tesla V100-PCIE-16GB, 47 %, 3 %, 550 MiB, 16384 MiB, 50
2026/08/10 08:23:07.951, Tesla V100-PCIE-16GB, 49 %, 3 %, 550 MiB, 16384 MiB, 50
2026/08/10 08:23:12.952, Tesla V100-PCIE-16GB, 50 %, 3 %, 550 MiB, 16384 MiB, 50
2026/08/10 08:23:17.953, Tesla V100-PCIE-16GB, 50 %, 3 %, 550 MiB, 16384 MiB, 50
2026/08/10 08:23:22.953, Tesla V100-PCIE-16GB, 49 %, 3 %, 550 MiB, 16384 MiB, 50
2026/08/10 08:23:27.957, Tesla V100-PCIE-16GB, 49 %, 3 %, 550 MiB, 16384 MiB, 50
2026/08/10 08:23:32.958, Tesla V100-PCIE-16GB, 50 %, 3 %, 550 MiB, 16384 MiB, 50
2026/08/10 08:23:37.959, Tesla V100-PCIE-16GB, 18 %, 3 %, 550 MiB, 16384 MiB, 50
2026/08/10 08:23:42.961, Tesla V100-PCIE-16GB, 46 %, 3 %, 550 MiB, 16384 MiB, 50
2026/08/10 08:23:47.962, Tesla V100-PCIE-16GB, 49 %, 3 %, 550 MiB, 16384 MiB, 50
2026/08/10 08:23:52.964, Tesla V100-PCIE-16GB, 49 %, 3 %, 550 MiB, 16384 MiB, 50
2026/08/10 08:23:57.964, Tesla V100-PCIE-16GB, 49 %, 3 %, 550 MiB, 16384 MiB, 50
2026/08/10 08:24:02.965, Tesla V100-PCIE-16GB, 46 %, 3 %, 550 MiB, 16384 MiB, 50
2026/08/10 08:24:07.966, Tesla V100-PCIE-16GB, 49 %, 3 %, 550 MiB, 16384 MiB, 50
2026/08/10 08:24:12.967, Tesla V100-PCIE-16GB, 45 %, 3 %, 550 MiB, 16384 MiB, 50
2026/08/10 08:24:18.034, Tesla V100-PCIE-16GB, 41 %, 3 %, 550 MiB, 16384 MiB, 50
2026/08/10 08:24:23.035, Tesla V100-PCIE-16GB, 44 %, 3 %, 550 MiB, 16384 MiB, 50
2026/08/10 08:24:28.036, Tesla V100-PCIE-16GB, 49 %, 3 %, 550 MiB, 16384 MiB, 49
2026/08/10 08:24:33.037, Tesla V100-PCIE-16GB, 21 %, 4 %, 550 MiB, 16384 MiB, 49
2026/08/10 08:24:38.038, Tesla V100-PCIE-16GB, 50 %, 3 %, 550 MiB, 16384 MiB, 49
2026/08/10 08:24:43.039, Tesla V100-PCIE-16GB, 49 %, 3 %, 550 MiB, 16384 MiB, 49
2026/08/10 08:24:48.040, Tesla V100-PCIE-16GB, 49 %, 3 %, 550 MiB, 16384 MiB, 49
2026/08/10 08:24:53.041, Tesla V100-PCIE-16GB, 48 %, 3 %, 550 MiB, 16384 MiB, 49
2026/08/10 08:24:58.041, Tesla V100-PCIE-16GB, 42 %, 3 %, 550 MiB, 16384 MiB, 49
2026/08/10 08:25:03.045, Tesla V100-PCIE-16GB, 47 %, 3 %, 550 MiB, 16384 MiB, 49
2026/08/10 08:25:08.045, Tesla V100-PCIE-16GB, 46 %, 3 %, 550 MiB, 16384 MiB, 49
2026/08/10 08:25:13.046, Tesla V100-PCIE-16GB, 49 %, 3 %, 550 MiB, 16384 MiB, 49
2026/08/10 08:25:18.113, Tesla V100-PCIE-16GB, 51 %, 3 %, 550 MiB, 16384 MiB, 49
2026/08/10 08:25:23.114, Tesla V100-PCIE-16GB, 49 %, 3 %, 550 MiB, 16384 MiB, 49
2026/08/10 08:25:28.114, Tesla V100-PCIE-16GB, 47 %, 3 %, 550 MiB, 16384 MiB, 49
2026/08/10 08:25:33.115, Tesla V100-PCIE-16GB, 50 %, 3 %, 550 MiB, 16384 MiB, 49
2026/08/10 08:25:38.116, Tesla V100-PCIE-16GB, 43 %, 3 %, 550 MiB, 16384 MiB, 49
2026/08/10 08:25:43.117, Tesla V100-PCIE-16GB, 41 %, 3 %, 550 MiB, 16384 MiB, 49
2026/08/10 08:25:48.178, Tesla V100-PCIE-16GB, 49 %, 3 %, 550 MiB, 16384 MiB, 49
2026/08/10 08:25:53.179, Tesla V100-PCIE-16GB, 48 %, 3 %, 550 MiB, 16384 MiB, 49
2026/08/10 08:25:58.180, Tesla V100-PCIE-16GB, 50 %, 3 %, 550 MiB, 16384 MiB, 49
2026/08/10 08:26:03.182, Tesla V100-PCIE-16GB, 49 %, 3 %, 550 MiB, 16384 MiB, 49
2026/08/10 08:26:08.183, Tesla V100-PCIE-16GB, 45 %, 3 %, 550 MiB, 16384 MiB, 49
2026/08/10 08:26:13.184, Tesla V100-PCIE-16GB, 44 %, 3 %, 550 MiB, 16384 MiB, 49
2026/08/10 08:26:18.184, Tesla V100-PCIE-16GB, 49 %, 3 %, 550 MiB, 16384 MiB, 49
2026/08/10 08:26:23.185, Tesla V100-PCIE-16GB, 51 %, 3 %, 550 MiB, 16384 MiB, 49
2026/08/10 08:26:28.186, Tesla V100-PCIE-16GB, 41 %, 3 %, 550 MiB, 16384 MiB, 49
2026/08/10 08:26:33.188, Tesla V100-PCIE-16GB, 45 %, 3 %, 550 MiB, 16384 MiB, 49
2026/08/10 08:26:38.189, Tesla V100-PCIE-16GB, 45 %, 3 %, 550 MiB, 16384 MiB, 49
2026/08/10 08:26:43.189, Tesla V100-PCIE-16GB, 49 %, 3 %, 550 MiB, 16384 MiB, 49
2026/08/10 08:26:48.191, Tesla V100-PCIE-16GB, 49 %, 3 %, 550 MiB, 16384 MiB, 49
2026/08/10 08:26:53.192, Tesla V100-PCIE-16GB, 50 %, 3 %, 550 MiB, 16384 MiB, 49
2026/08/10 08:26:58.193, Tesla V100-PCIE-16GB, 49 %, 3 %, 550 MiB, 16384 MiB, 49
2026/08/10 08:27:03.193, Tesla V100-PCIE-16GB, 40 %, 3 %, 550 MiB, 16384 MiB, 49
2026/08/10 08:27:08.194, Tesla V100-PCIE-16GB, 45 %, 3 %, 550 MiB, 16384 MiB, 49
2026/08/10 08:27:13.197, Tesla V100-PCIE-16GB, 49 %, 3 %, 550 MiB, 16384 MiB, 49
2026/08/10 08:27:18.198, Tesla V100-PCIE-16GB, 47 %, 3 %, 550 MiB, 16384 MiB, 49
2026/08/10 08:27:23.200, Tesla V100-PCIE-16GB, 46 %, 3 %, 550 MiB, 16384 MiB, 49
2026/08/10 08:27:28.201, Tesla V100-PCIE-16GB, 50 %, 3 %, 550 MiB, 16384 MiB, 49
2026/08/10 08:27:33.201, Tesla V100-PCIE-16GB, 48 %, 3 %, 550 MiB, 16384 MiB, 49
2026/08/10 08:27:38.202, Tesla V100-PCIE-16GB, 47 %, 3 %, 550 MiB, 16384 MiB, 49
2026/08/10 08:27:43.203, Tesla V100-PCIE-16GB, 19 %, 3 %, 550 MiB, 16384 MiB, 49
2026/08/10 08:27:48.204, Tesla V100-PCIE-16GB, 46 %, 3 %, 550 MiB, 16384 MiB, 49
2026/08/10 08:27:53.205, Tesla V100-PCIE-16GB, 47 %, 3 %, 550 MiB, 16384 MiB, 49
2026/08/10 08:27:58.208, Tesla V100-PCIE-16GB, 49 %, 3 %, 550 MiB, 16384 MiB, 49
2026/08/10 08:28:03.209, Tesla V100-PCIE-16GB, 47 %, 3 %, 550 MiB, 16384 MiB, 49
2026/08/10 08:28:08.210, Tesla V100-PCIE-16GB, 46 %, 3 %, 550 MiB, 16384 MiB, 49
2026/08/10 08:28:13.210, Tesla V100-PCIE-16GB, 50 %, 3 %, 550 MiB, 16384 MiB, 49
2026/08/10 08:28:18.211, Tesla V100-PCIE-16GB, 50 %, 3 %, 550 MiB, 16384 MiB, 49
2026/08/10 08:28:23.214, Tesla V100-PCIE-16GB, 51 %, 4 %, 550 MiB, 16384 MiB, 49
2026/08/10 08:28:28.215, Tesla V100-PCIE-16GB, 46 %, 3 %, 550 MiB, 16384 MiB, 49
2026/08/10 08:28:33.216, Tesla V100-PCIE-16GB, 48 %, 3 %, 550 MiB, 16384 MiB, 49
2026/08/10 08:28:38.217, Tesla V100-PCIE-16GB, 48 %, 3 %, 550 MiB, 16384 MiB, 49
2026/08/10 08:28:43.218, Tesla V100-PCIE-16GB, 46 %, 3 %, 550 MiB, 16384 MiB, 49
2026/08/10 08:28:48.219, Tesla V100-PCIE-16GB, 49 %, 3 %, 550 MiB, 16384 MiB, 49
2026/08/10 08:28:53.219, Tesla V100-PCIE-16GB, 47 %, 3 %, 550 MiB, 16384 MiB, 49
2026/08/10 08:28:58.223, Tesla V100-PCIE-16GB, 51 %, 3 %, 550 MiB, 16384 MiB, 49
2026/08/10 08:29:03.308, Tesla V100-PCIE-16GB, 46 %, 3 %, 550 MiB, 16384 MiB, 49
2026/08/10 08:29:08.309, Tesla V100-PCIE-16GB, 51 %, 3 %, 550 MiB, 16384 MiB, 49
2026/08/10 08:29:13.309, Tesla V100-PCIE-16GB, 46 %, 3 %, 550 MiB, 16384 MiB, 49
2026/08/10 08:29:18.310, Tesla V100-PCIE-16GB, 49 %, 3 %, 550 MiB, 16384 MiB, 49
2026/08/10 08:29:23.311, Tesla V100-PCIE-16GB, 50 %, 3 %, 550 MiB, 16384 MiB, 49
2026/08/10 08:29:28.312, Tesla V100-PCIE-16GB, 48 %, 3 %, 550 MiB, 16384 MiB, 49
2026/08/10 08:29:33.312, Tesla V100-PCIE-16GB, 51 %, 3 %, 550 MiB, 16384 MiB, 49
2026/08/10 08:29:38.313, Tesla V100-PCIE-16GB, 49 %, 3 %, 550 MiB, 16384 MiB, 49
2026/08/10 08:29:43.314, Tesla V100-PCIE-16GB, 46 %, 3 %, 550 MiB, 16384 MiB, 49
2026/08/10 08:29:48.315, Tesla V100-PCIE-16GB, 48 %, 3 %, 550 MiB, 16384 MiB, 49
2026/08/10 08:29:53.382, Tesla V100-PCIE-16GB, 49 %, 3 %, 550 MiB, 16384 MiB, 49
2026/08/10 08:29:58.383, Tesla V100-PCIE-16GB, 49 %, 3 %, 550 MiB, 16384 MiB, 49
2026/08/10 08:30:03.384, Tesla V100-PCIE-16GB, 46 %, 3 %, 550 MiB, 16384 MiB, 49
2026/08/10 08:30:08.385, Tesla V100-PCIE-16GB, 50 %, 3 %, 550 MiB, 16384 MiB, 49
2026/08/10 08:30:13.386, Tesla V100-PCIE-16GB, 46 %, 3 %, 550 MiB, 16384 MiB, 49
2026/08/10 08:30:18.386, Tesla V100-PCIE-16GB, 47 %, 3 %, 550 MiB, 16384 MiB, 49
2026/08/10 08:30:23.387, Tesla V100-PCIE-16GB, 46 %, 3 %, 550 MiB, 16384 MiB, 49
2026/08/10 08:30:28.388, Tesla V100-PCIE-16GB, 51 %, 3 %, 550 MiB, 16384 MiB, 50
2026/08/10 08:30:33.389, Tesla V100-PCIE-16GB, 48 %, 3 %, 550 MiB, 16384 MiB, 49
2026/08/10 08:30:38.390, Tesla V100-PCIE-16GB, 50 %, 3 %, 550 MiB, 16384 MiB, 49
2026/08/10 08:30:43.390, Tesla V100-PCIE-16GB, 48 %, 3 %, 550 MiB, 16384 MiB, 49
2026/08/10 08:30:48.498, Tesla V100-PCIE-16GB, 47 %, 3 %, 550 MiB, 16384 MiB, 50
2026/08/10 08:30:53.500, Tesla V100-PCIE-16GB, 50 %, 3 %, 550 MiB, 16384 MiB, 50
2026/08/10 08:30:58.501, Tesla V100-PCIE-16GB, 50 %, 3 %, 550 MiB, 16384 MiB, 50
2026/08/10 08:31:03.502, Tesla V100-PCIE-16GB, 41 %, 3 %, 550 MiB, 16384 MiB, 50
2026/08/10 08:31:08.587, Tesla V100-PCIE-16GB, 50 %, 3 %, 550 MiB, 16384 MiB, 49
2026/08/10 08:31:13.588, Tesla V100-PCIE-16GB, 50 %, 3 %, 550 MiB, 16384 MiB, 50
2026/08/10 08:31:18.588, Tesla V100-PCIE-16GB, 17 %, 3 %, 550 MiB, 16384 MiB, 49
2026/08/10 08:31:23.589, Tesla V100-PCIE-16GB, 49 %, 3 %, 550 MiB, 16384 MiB, 50
2026/08/10 08:31:28.590, Tesla V100-PCIE-16GB, 49 %, 3 %, 550 MiB, 16384 MiB, 50
2026/08/10 08:31:33.591, Tesla V100-PCIE-16GB, 46 %, 3 %, 550 MiB, 16384 MiB, 50
2026/08/10 08:31:38.592, Tesla V100-PCIE-16GB, 48 %, 3 %, 550 MiB, 16384 MiB, 50
2026/08/10 08:31:43.593, Tesla V100-PCIE-16GB, 48 %, 3 %, 550 MiB, 16384 MiB, 50
2026/08/10 08:31:48.593, Tesla V100-PCIE-16GB, 49 %, 3 %, 550 MiB, 16384 MiB, 50
2026/08/10 08:31:53.594, Tesla V100-PCIE-16GB, 49 %, 3 %, 550 MiB, 16384 MiB, 50
2026/08/10 08:31:58.658, Tesla V100-PCIE-16GB, 50 %, 3 %, 550 MiB, 16384 MiB, 50
2026/08/10 08:32:03.659, Tesla V100-PCIE-16GB, 48 %, 3 %, 550 MiB, 16384 MiB, 50
2026/08/10 08:32:08.660, Tesla V100-PCIE-16GB, 48 %, 3 %, 550 MiB, 16384 MiB, 49
2026/08/10 08:32:13.661, Tesla V100-PCIE-16GB, 18 %, 3 %, 550 MiB, 16384 MiB, 50
2026/08/10 08:32:18.662, Tesla V100-PCIE-16GB, 46 %, 3 %, 550 MiB, 16384 MiB, 49
2026/08/10 08:32:23.662, Tesla V100-PCIE-16GB, 50 %, 3 %, 550 MiB, 16384 MiB, 49
2026/08/10 08:32:28.663, Tesla V100-PCIE-16GB, 49 %, 3 %, 550 MiB, 16384 MiB, 50
2026/08/10 08:32:33.665, Tesla V100-PCIE-16GB, 51 %, 3 %, 550 MiB, 16384 MiB, 49
2026/08/10 08:32:38.665, Tesla V100-PCIE-16GB, 47 %, 3 %, 550 MiB, 16384 MiB, 49
2026/08/10 08:32:43.666, Tesla V100-PCIE-16GB, 48 %, 3 %, 550 MiB, 16384 MiB, 49
2026/08/10 08:32:48.667, Tesla V100-PCIE-16GB, 48 %, 3 %, 550 MiB, 16384 MiB, 49
2026/08/10 08:32:53.668, Tesla V100-PCIE-16GB, 48 %, 3 %, 550 MiB, 16384 MiB, 50
2026/08/10 08:32:58.669, Tesla V100-PCIE-16GB, 49 %, 3 %, 550 MiB, 16384 MiB, 49
2026/08/10 08:33:03.771, Tesla V100-PCIE-16GB, 50 %, 3 %, 550 MiB, 16384 MiB, 49
2026/08/10 08:33:08.775, Tesla V100-PCIE-16GB, 50 %, 3 %, 550 MiB, 16384 MiB, 49
2026/08/10 08:33:13.778, Tesla V100-PCIE-16GB, 51 %, 3 %, 550 MiB, 16384 MiB, 49
2026/08/10 08:33:18.789, Tesla V100-PCIE-16GB, 46 %, 3 %, 550 MiB, 16384 MiB, 49
2026/08/10 08:33:23.790, Tesla V100-PCIE-16GB, 49 %, 3 %, 550 MiB, 16384 MiB, 49
2026/08/10 08:33:28.790, Tesla V100-PCIE-16GB, 47 %, 3 %, 550 MiB, 16384 MiB, 49
2026/08/10 08:33:33.791, Tesla V100-PCIE-16GB, 38 %, 3 %, 550 MiB, 16384 MiB, 49
2026/08/10 08:33:38.792, Tesla V100-PCIE-16GB, 49 %, 3 %, 550 MiB, 16384 MiB, 49
2026/08/10 08:33:43.793, Tesla V100-PCIE-16GB, 45 %, 3 %, 550 MiB, 16384 MiB, 49
2026/08/10 08:33:48.793, Tesla V100-PCIE-16GB, 48 %, 3 %, 550 MiB, 16384 MiB, 49
2026/08/10 08:33:53.794, Tesla V100-PCIE-16GB, 50 %, 3 %, 550 MiB, 16384 MiB, 49
2026/08/10 08:33:58.795, Tesla V100-PCIE-16GB, 49 %, 3 %, 550 MiB, 16384 MiB, 49
2026/08/10 08:34:03.796, Tesla V100-PCIE-16GB, 50 %, 3 %, 550 MiB, 16384 MiB, 49
2026/08/10 08:34:08.797, Tesla V100-PCIE-16GB, 49 %, 3 %, 550 MiB, 16384 MiB, 49
2026/08/10 08:34:13.800, Tesla V100-PCIE-16GB, 50 %, 3 %, 550 MiB, 16384 MiB, 49
2026/08/10 08:34:18.801, Tesla V100-PCIE-16GB, 49 %, 3 %, 550 MiB, 16384 MiB, 49
2026/08/10 08:34:23.802, Tesla V100-PCIE-16GB, 48 %, 3 %, 550 MiB, 16384 MiB, 49
2026/08/10 08:34:28.803, Tesla V100-PCIE-16GB, 51 %, 3 %, 550 MiB, 16384 MiB, 49
2026/08/10 08:34:33.804, Tesla V100-PCIE-16GB, 46 %, 3 %, 550 MiB, 16384 MiB, 49
2026/08/10 08:34:38.805, Tesla V100-PCIE-16GB, 46 %, 3 %, 550 MiB, 16384 MiB, 49
2026/08/10 08:34:43.805, Tesla V100-PCIE-16GB, 49 %, 3 %, 550 MiB, 16384 MiB, 49
2026/08/10 08:34:48.883, Tesla V100-PCIE-16GB, 49 %, 3 %, 550 MiB, 16384 MiB, 49
2026/08/10 08:34:53.883, Tesla V100-PCIE-16GB, 48 %, 3 %, 550 MiB, 16384 MiB, 49
2026/08/10 08:34:58.884, Tesla V100-PCIE-16GB, 48 %, 3 %, 550 MiB, 16384 MiB, 49
2026/08/10 08:35:03.885, Tesla V100-PCIE-16GB, 48 %, 3 %, 550 MiB, 16384 MiB, 49
2026/08/10 08:35:08.886, Tesla V100-PCIE-16GB, 49 %, 3 %, 550 MiB, 16384 MiB, 49
2026/08/10 08:35:13.886, Tesla V100-PCIE-16GB, 47 %, 3 %, 550 MiB, 16384 MiB, 49
2026/08/10 08:35:18.887, Tesla V100-PCIE-16GB, 49 %, 3 %, 550 MiB, 16384 MiB, 49
2026/08/10 08:35:23.888, Tesla V100-PCIE-16GB, 49 %, 3 %, 550 MiB, 16384 MiB, 49
2026/08/10 08:35:28.889, Tesla V100-PCIE-16GB, 44 %, 3 %, 550 MiB, 16384 MiB, 49
2026/08/10 08:35:33.892, Tesla V100-PCIE-16GB, 49 %, 3 %, 550 MiB, 16384 MiB, 49
2026/08/10 08:35:38.893, Tesla V100-PCIE-16GB, 48 %, 3 %, 550 MiB, 16384 MiB, 49
2026/08/10 08:35:43.894, Tesla V100-PCIE-16GB, 49 %, 3 %, 550 MiB, 16384 MiB, 49
2026/08/10 08:35:48.896, Tesla V100-PCIE-16GB, 48 %, 3 %, 550 MiB, 16384 MiB, 49
2026/08/10 08:35:53.897, Tesla V100-PCIE-16GB, 49 %, 3 %, 550 MiB, 16384 MiB, 49
2026/08/10 08:35:58.897, Tesla V100-PCIE-16GB, 46 %, 3 %, 550 MiB, 16384 MiB, 49
2026/08/10 08:36:03.898, Tesla V100-PCIE-16GB, 48 %, 3 %, 550 MiB, 16384 MiB, 49
2026/08/10 08:36:08.899, Tesla V100-PCIE-16GB, 49 %, 3 %, 550 MiB, 16384 MiB, 49
2026/08/10 08:36:13.901, Tesla V100-PCIE-16GB, 50 %, 3 %, 550 MiB, 16384 MiB, 49
2026/08/10 08:36:18.905, Tesla V100-PCIE-16GB, 52 %, 3 %, 550 MiB, 16384 MiB, 49
2026/08/10 08:36:23.907, Tesla V100-PCIE-16GB, 48 %, 3 %, 550 MiB, 16384 MiB, 49
2026/08/10 08:36:28.908, Tesla V100-PCIE-16GB, 49 %, 3 %, 550 MiB, 16384 MiB, 49
2026/08/10 08:36:33.909, Tesla V100-PCIE-16GB, 49 %, 3 %, 550 MiB, 16384 MiB, 49
2026/08/10 08:36:38.911, Tesla V100-PCIE-16GB, 38 %, 2 %, 550 MiB, 16384 MiB, 49
2026/08/10 08:36:43.911, Tesla V100-PCIE-16GB, 17 %, 3 %, 550 MiB, 16384 MiB, 49
2026/08/10 08:36:48.912, Tesla V100-PCIE-16GB, 49 %, 3 %, 550 MiB, 16384 MiB, 49
2026/08/10 08:36:53.913, Tesla V100-PCIE-16GB, 49 %, 3 %, 550 MiB, 16384 MiB, 49
2026/08/10 08:36:59.004, Tesla V100-PCIE-16GB, 50 %, 3 %, 550 MiB, 16384 MiB, 49
2026/08/10 08:37:04.005, Tesla V100-PCIE-16GB, 46 %, 3 %, 550 MiB, 16384 MiB, 49
2026/08/10 08:37:09.006, Tesla V100-PCIE-16GB, 49 %, 3 %, 550 MiB, 16384 MiB, 49
2026/08/10 08:37:14.010, Tesla V100-PCIE-16GB, 49 %, 3 %, 550 MiB, 16384 MiB, 49
2026/08/10 08:37:19.010, Tesla V100-PCIE-16GB, 46 %, 3 %, 550 MiB, 16384 MiB, 49
2026/08/10 08:37:24.011, Tesla V100-PCIE-16GB, 49 %, 3 %, 550 MiB, 16384 MiB, 49
2026/08/10 08:37:29.022, Tesla V100-PCIE-16GB, 48 %, 3 %, 550 MiB, 16384 MiB, 49
2026/08/10 08:37:34.023, Tesla V100-PCIE-16GB, 49 %, 3 %, 550 MiB, 16384 MiB, 49
2026/08/10 08:37:39.023, Tesla V100-PCIE-16GB, 24 %, 3 %, 550 MiB, 16384 MiB, 49
2026/08/10 08:37:44.024, Tesla V100-PCIE-16GB, 48 %, 3 %, 550 MiB, 16384 MiB, 49
2026/08/10 08:37:49.025, Tesla V100-PCIE-16GB, 47 %, 3 %, 550 MiB, 16384 MiB, 49
2026/08/10 08:37:54.026, Tesla V100-PCIE-16GB, 51 %, 3 %, 550 MiB, 16384 MiB, 49
2026/08/10 08:37:59.094, Tesla V100-PCIE-16GB, 49 %, 3 %, 550 MiB, 16384 MiB, 49
2026/08/10 08:38:04.095, Tesla V100-PCIE-16GB, 48 %, 3 %, 550 MiB, 16384 MiB, 49
2026/08/10 08:38:09.096, Tesla V100-PCIE-16GB, 46 %, 3 %, 550 MiB, 16384 MiB, 49
2026/08/10 08:38:14.097, Tesla V100-PCIE-16GB, 47 %, 3 %, 550 MiB, 16384 MiB, 49
2026/08/10 08:38:19.098, Tesla V100-PCIE-16GB, 50 %, 3 %, 550 MiB, 16384 MiB, 49
2026/08/10 08:38:24.098, Tesla V100-PCIE-16GB, 47 %, 3 %, 550 MiB, 16384 MiB, 49
2026/08/10 08:38:29.100, Tesla V100-PCIE-16GB, 49 %, 3 %, 550 MiB, 16384 MiB, 49
2026/08/10 08:38:34.102, Tesla V100-PCIE-16GB, 49 %, 3 %, 550 MiB, 16384 MiB, 49
2026/08/10 08:38:39.103, Tesla V100-PCIE-16GB, 48 %, 3 %, 550 MiB, 16384 MiB, 49
2026/08/10 08:38:44.103, Tesla V100-PCIE-16GB, 49 %, 3 %, 550 MiB, 16384 MiB, 49
2026/08/10 08:38:49.104, Tesla V100-PCIE-16GB, 49 %, 3 %, 550 MiB, 16384 MiB, 49
2026/08/10 08:38:54.105, Tesla V100-PCIE-16GB, 47 %, 3 %, 550 MiB, 16384 MiB, 49
2026/08/10 08:38:59.106, Tesla V100-PCIE-16GB, 49 %, 3 %, 550 MiB, 16384 MiB, 49
2026/08/10 08:39:04.107, Tesla V100-PCIE-16GB, 50 %, 3 %, 550 MiB, 16384 MiB, 49
2026/08/10 08:39:09.107, Tesla V100-PCIE-16GB, 48 %, 3 %, 550 MiB, 16384 MiB, 50
2026/08/10 08:39:14.108, Tesla V100-PCIE-16GB, 47 %, 3 %, 550 MiB, 16384 MiB, 50
2026/08/10 08:39:19.109, Tesla V100-PCIE-16GB, 47 %, 3 %, 550 MiB, 16384 MiB, 50
2026/08/10 08:39:24.110, Tesla V100-PCIE-16GB, 47 %, 3 %, 550 MiB, 16384 MiB, 50
2026/08/10 08:39:29.111, Tesla V100-PCIE-16GB, 48 %, 3 %, 550 MiB, 16384 MiB, 50
2026/08/10 08:39:34.112, Tesla V100-PCIE-16GB, 51 %, 3 %, 550 MiB, 16384 MiB, 50
2026/08/10 08:39:39.114, Tesla V100-PCIE-16GB, 46 %, 3 %, 550 MiB, 16384 MiB, 50
2026/08/10 08:39:44.114, Tesla V100-PCIE-16GB, 48 %, 3 %, 550 MiB, 16384 MiB, 50
2026/08/10 08:39:49.115, Tesla V100-PCIE-16GB, 49 %, 3 %, 550 MiB, 16384 MiB, 50
2026/08/10 08:39:54.116, Tesla V100-PCIE-16GB, 17 %, 3 %, 550 MiB, 16384 MiB, 50
2026/08/10 08:39:59.117, Tesla V100-PCIE-16GB, 49 %, 3 %, 550 MiB, 16384 MiB, 50
2026/08/10 08:40:04.118, Tesla V100-PCIE-16GB, 50 %, 3 %, 550 MiB, 16384 MiB, 50
2026/08/10 08:40:09.119, Tesla V100-PCIE-16GB, 49 %, 3 %, 550 MiB, 16384 MiB, 50
2026/08/10 08:40:14.120, Tesla V100-PCIE-16GB, 48 %, 3 %, 550 MiB, 16384 MiB, 50
2026/08/10 08:40:19.120, Tesla V100-PCIE-16GB, 50 %, 3 %, 550 MiB, 16384 MiB, 50
2026/08/10 08:40:24.121, Tesla V100-PCIE-16GB, 47 %, 3 %, 550 MiB, 16384 MiB, 50
2026/08/10 08:40:29.122, Tesla V100-PCIE-16GB, 48 %, 3 %, 550 MiB, 16384 MiB, 50
2026/08/10 08:40:34.123, Tesla V100-PCIE-16GB, 50 %, 3 %, 550 MiB, 16384 MiB, 50
2026/08/10 08:40:39.124, Tesla V100-PCIE-16GB, 49 %, 3 %, 550 MiB, 16384 MiB, 50
2026/08/10 08:40:44.125, Tesla V100-PCIE-16GB, 46 %, 3 %, 550 MiB, 16384 MiB, 50
2026/08/10 08:40:49.125, Tesla V100-PCIE-16GB, 49 %, 3 %, 550 MiB, 16384 MiB, 50
2026/08/10 08:40:54.126, Tesla V100-PCIE-16GB, 48 %, 3 %, 550 MiB, 16384 MiB, 50
2026/08/10 08:40:59.127, Tesla V100-PCIE-16GB, 48 %, 3 %, 550 MiB, 16384 MiB, 50
2026/08/10 08:41:04.128, Tesla V100-PCIE-16GB, 50 %, 3 %, 550 MiB, 16384 MiB, 50
2026/08/10 08:41:09.129, Tesla V100-PCIE-16GB, 46 %, 3 %, 550 MiB, 16384 MiB, 50
2026/08/10 08:41:14.129, Tesla V100-PCIE-16GB, 48 %, 3 %, 550 MiB, 16384 MiB, 50
2026/08/10 08:41:19.130, Tesla V100-PCIE-16GB, 48 %, 3 %, 550 MiB, 16384 MiB, 50
2026/08/10 08:41:24.134, Tesla V100-PCIE-16GB, 49 %, 3 %, 550 MiB, 16384 MiB, 50
2026/08/10 08:41:29.135, Tesla V100-PCIE-16GB, 48 %, 3 %, 550 MiB, 16384 MiB, 50
2026/08/10 08:41:34.136, Tesla V100-PCIE-16GB, 49 %, 3 %, 550 MiB, 16384 MiB, 50
2026/08/10 08:41:39.136, Tesla V100-PCIE-16GB, 48 %, 3 %, 550 MiB, 16384 MiB, 50
2026/08/10 08:41:44.137, Tesla V100-PCIE-16GB, 48 %, 3 %, 550 MiB, 16384 MiB, 50
2026/08/10 08:41:49.138, Tesla V100-PCIE-16GB, 51 %, 3 %, 550 MiB, 16384 MiB, 50
2026/08/10 08:41:54.239, Tesla V100-PCIE-16GB, 50 %, 4 %, 550 MiB, 16384 MiB, 50
2026/08/10 08:41:59.240, Tesla V100-PCIE-16GB, 50 %, 3 %, 550 MiB, 16384 MiB, 50
2026/08/10 08:42:04.242, Tesla V100-PCIE-16GB, 43 %, 3 %, 550 MiB, 16384 MiB, 50
2026/08/10 08:42:09.243, Tesla V100-PCIE-16GB, 46 %, 3 %, 550 MiB, 16384 MiB, 50
2026/08/10 08:42:14.244, Tesla V100-PCIE-16GB, 50 %, 3 %, 550 MiB, 16384 MiB, 50
2026/08/10 08:42:19.245, Tesla V100-PCIE-16GB, 50 %, 3 %, 550 MiB, 16384 MiB, 50
2026/08/10 08:42:24.247, Tesla V100-PCIE-16GB, 49 %, 3 %, 550 MiB, 16384 MiB, 50
2026/08/10 08:42:29.248, Tesla V100-PCIE-16GB, 49 %, 3 %, 550 MiB, 16384 MiB, 50
2026/08/10 08:42:34.248, Tesla V100-PCIE-16GB, 49 %, 3 %, 550 MiB, 16384 MiB, 50
2026/08/10 08:42:39.249, Tesla V100-PCIE-16GB, 48 %, 3 %, 550 MiB, 16384 MiB, 50
2026/08/10 08:42:44.250, Tesla V100-PCIE-16GB, 51 %, 3 %, 550 MiB, 16384 MiB, 50
2026/08/10 08:42:49.314, Tesla V100-PCIE-16GB, 50 %, 3 %, 550 MiB, 16384 MiB, 50
2026/08/10 08:42:54.315, Tesla V100-PCIE-16GB, 49 %, 3 %, 550 MiB, 16384 MiB, 50
2026/08/10 08:42:59.316, Tesla V100-PCIE-16GB, 49 %, 3 %, 550 MiB, 16384 MiB, 50
2026/08/10 08:43:04.316, Tesla V100-PCIE-16GB, 18 %, 3 %, 550 MiB, 16384 MiB, 50
2026/08/10 08:43:09.317, Tesla V100-PCIE-16GB, 46 %, 3 %, 550 MiB, 16384 MiB, 50
2026/08/10 08:43:14.318, Tesla V100-PCIE-16GB, 50 %, 3 %, 550 MiB, 16384 MiB, 50
2026/08/10 08:43:19.386, Tesla V100-PCIE-16GB, 49 %, 3 %, 550 MiB, 16384 MiB, 50
2026/08/10 08:43:24.387, Tesla V100-PCIE-16GB, 46 %, 3 %, 550 MiB, 16384 MiB, 50
2026/08/10 08:43:29.389, Tesla V100-PCIE-16GB, 46 %, 3 %, 550 MiB, 16384 MiB, 50
2026/08/10 08:43:34.390, Tesla V100-PCIE-16GB, 51 %, 3 %, 550 MiB, 16384 MiB, 50
2026/08/10 08:43:39.391, Tesla V100-PCIE-16GB, 49 %, 3 %, 550 MiB, 16384 MiB, 49
2026/08/10 08:43:44.391, Tesla V100-PCIE-16GB, 49 %, 3 %, 550 MiB, 16384 MiB, 50
2026/08/10 08:43:49.392, Tesla V100-PCIE-16GB, 50 %, 3 %, 550 MiB, 16384 MiB, 50
2026/08/10 08:43:54.393, Tesla V100-PCIE-16GB, 49 %, 3 %, 550 MiB, 16384 MiB, 49
2026/08/10 08:43:59.394, Tesla V100-PCIE-16GB, 52 %, 3 %, 550 MiB, 16384 MiB, 49
2026/08/10 08:44:04.394, Tesla V100-PCIE-16GB, 45 %, 3 %, 550 MiB, 16384 MiB, 49
2026/08/10 08:44:09.395, Tesla V100-PCIE-16GB, 49 %, 3 %, 550 MiB, 16384 MiB, 49
2026/08/10 08:44:14.397, Tesla V100-PCIE-16GB, 47 %, 3 %, 550 MiB, 16384 MiB, 49
2026/08/10 08:44:19.397, Tesla V100-PCIE-16GB, 50 %, 3 %, 550 MiB, 16384 MiB, 49
2026/08/10 08:44:24.398, Tesla V100-PCIE-16GB, 29 %, 3 %, 550 MiB, 16384 MiB, 49
2026/08/10 08:44:29.399, Tesla V100-PCIE-16GB, 50 %, 3 %, 550 MiB, 16384 MiB, 49
2026/08/10 08:44:34.400, Tesla V100-PCIE-16GB, 49 %, 3 %, 550 MiB, 16384 MiB, 49
2026/08/10 08:44:39.401, Tesla V100-PCIE-16GB, 49 %, 3 %, 550 MiB, 16384 MiB, 49
2026/08/10 08:44:44.402, Tesla V100-PCIE-16GB, 49 %, 3 %, 550 MiB, 16384 MiB, 49
2026/08/10 08:44:49.403, Tesla V100-PCIE-16GB, 47 %, 3 %, 550 MiB, 16384 MiB, 49
2026/08/10 08:44:54.404, Tesla V100-PCIE-16GB, 50 %, 3 %, 550 MiB, 16384 MiB, 49
2026/08/10 08:44:59.405, Tesla V100-PCIE-16GB, 46 %, 3 %, 550 MiB, 16384 MiB, 49
2026/08/10 08:45:04.406, Tesla V100-PCIE-16GB, 47 %, 3 %, 550 MiB, 16384 MiB, 49
2026/08/10 08:45:09.407, Tesla V100-PCIE-16GB, 49 %, 3 %, 550 MiB, 16384 MiB, 49
2026/08/10 08:45:14.407, Tesla V100-PCIE-16GB, 48 %, 3 %, 550 MiB, 16384 MiB, 49
2026/08/10 08:45:19.408, Tesla V100-PCIE-16GB, 48 %, 3 %, 550 MiB, 16384 MiB, 49
2026/08/10 08:45:24.409, Tesla V100-PCIE-16GB, 50 %, 3 %, 550 MiB, 16384 MiB, 49
2026/08/10 08:45:29.459, Tesla V100-PCIE-16GB, 44 %, 3 %, 550 MiB, 16384 MiB, 49
2026/08/10 08:45:34.460, Tesla V100-PCIE-16GB, 49 %, 3 %, 550 MiB, 16384 MiB, 49
2026/08/10 08:45:39.461, Tesla V100-PCIE-16GB, 45 %, 3 %, 550 MiB, 16384 MiB, 49
2026/08/10 08:45:44.462, Tesla V100-PCIE-16GB, 49 %, 3 %, 550 MiB, 16384 MiB, 49
2026/08/10 08:45:49.463, Tesla V100-PCIE-16GB, 49 %, 3 %, 550 MiB, 16384 MiB, 49
2026/08/10 08:45:54.464, Tesla V100-PCIE-16GB, 51 %, 3 %, 550 MiB, 16384 MiB, 49
2026/08/10 08:45:59.542, Tesla V100-PCIE-16GB, 44 %, 3 %, 550 MiB, 16384 MiB, 49
2026/08/10 08:46:04.602, Tesla V100-PCIE-16GB, 45 %, 3 %, 550 MiB, 16384 MiB, 49
2026/08/10 08:46:09.603, Tesla V100-PCIE-16GB, 47 %, 3 %, 550 MiB, 16384 MiB, 49
2026/08/10 08:46:14.604, Tesla V100-PCIE-16GB, 51 %, 3 %, 550 MiB, 16384 MiB, 49
2026/08/10 08:46:19.605, Tesla V100-PCIE-16GB, 48 %, 3 %, 550 MiB, 16384 MiB, 49
2026/08/10 08:46:24.606, Tesla V100-PCIE-16GB, 43 %, 3 %, 550 MiB, 16384 MiB, 49
2026/08/10 08:46:29.607, Tesla V100-PCIE-16GB, 47 %, 3 %, 550 MiB, 16384 MiB, 49
2026/08/10 08:46:34.608, Tesla V100-PCIE-16GB, 46 %, 3 %, 550 MiB, 16384 MiB, 49
2026/08/10 08:46:39.608, Tesla V100-PCIE-16GB, 18 %, 3 %, 550 MiB, 16384 MiB, 49
2026/08/10 08:46:44.609, Tesla V100-PCIE-16GB, 50 %, 3 %, 550 MiB, 16384 MiB, 49
2026/08/10 08:46:49.610, Tesla V100-PCIE-16GB, 47 %, 3 %, 550 MiB, 16384 MiB, 49
2026/08/10 08:46:54.611, Tesla V100-PCIE-16GB, 49 %, 3 %, 550 MiB, 16384 MiB, 49
2026/08/10 08:46:59.611, Tesla V100-PCIE-16GB, 48 %, 3 %, 550 MiB, 16384 MiB, 49
2026/08/10 08:47:04.612, Tesla V100-PCIE-16GB, 46 %, 3 %, 550 MiB, 16384 MiB, 49
2026/08/10 08:47:09.613, Tesla V100-PCIE-16GB, 49 %, 3 %, 550 MiB, 16384 MiB, 49
2026/08/10 08:47:14.614, Tesla V100-PCIE-16GB, 50 %, 3 %, 550 MiB, 16384 MiB, 49
2026/08/10 08:47:19.615, Tesla V100-PCIE-16GB, 46 %, 3 %, 550 MiB, 16384 MiB, 49
2026/08/10 08:47:24.615, Tesla V100-PCIE-16GB, 47 %, 3 %, 550 MiB, 16384 MiB, 49
2026/08/10 08:47:29.616, Tesla V100-PCIE-16GB, 50 %, 3 %, 550 MiB, 16384 MiB, 49
2026/08/10 08:47:34.617, Tesla V100-PCIE-16GB, 51 %, 3 %, 550 MiB, 16384 MiB, 49
2026/08/10 08:47:39.618, Tesla V100-PCIE-16GB, 49 %, 3 %, 550 MiB, 16384 MiB, 49
2026/08/10 08:47:44.619, Tesla V100-PCIE-16GB, 50 %, 3 %, 550 MiB, 16384 MiB, 49
2026/08/10 08:47:49.619, Tesla V100-PCIE-16GB, 51 %, 3 %, 550 MiB, 16384 MiB, 49
2026/08/10 08:47:54.620, Tesla V100-PCIE-16GB, 47 %, 3 %, 550 MiB, 16384 MiB, 49
2026/08/10 08:47:59.621, Tesla V100-PCIE-16GB, 18 %, 3 %, 550 MiB, 16384 MiB, 49
2026/08/10 08:48:04.681, Tesla V100-PCIE-16GB, 48 %, 3 %, 550 MiB, 16384 MiB, 49
2026/08/10 08:48:09.682, Tesla V100-PCIE-16GB, 48 %, 3 %, 550 MiB, 16384 MiB, 49
2026/08/10 08:48:14.682, Tesla V100-PCIE-16GB, 49 %, 3 %, 550 MiB, 16384 MiB, 49
2026/08/10 08:48:19.683, Tesla V100-PCIE-16GB, 49 %, 3 %, 550 MiB, 16384 MiB, 49
2026/08/10 08:48:24.684, Tesla V100-PCIE-16GB, 45 %, 3 %, 550 MiB, 16384 MiB, 49
2026/08/10 08:48:29.685, Tesla V100-PCIE-16GB, 50 %, 3 %, 550 MiB, 16384 MiB, 49
2026/08/10 08:48:34.685, Tesla V100-PCIE-16GB, 50 %, 3 %, 550 MiB, 16384 MiB, 49
2026/08/10 08:48:39.686, Tesla V100-PCIE-16GB, 50 %, 3 %, 550 MiB, 16384 MiB, 49
2026/08/10 08:48:44.687, Tesla V100-PCIE-16GB, 49 %, 3 %, 550 MiB, 16384 MiB, 49
2026/08/10 08:48:49.688, Tesla V100-PCIE-16GB, 50 %, 3 %, 550 MiB, 16384 MiB, 49
2026/08/10 08:48:54.688, Tesla V100-PCIE-16GB, 48 %, 3 %, 550 MiB, 16384 MiB, 49
2026/08/10 08:48:59.689, Tesla V100-PCIE-16GB, 49 %, 3 %, 550 MiB, 16384 MiB, 49
2026/08/10 08:49:04.690, Tesla V100-PCIE-16GB, 49 %, 3 %, 550 MiB, 16384 MiB, 49
2026/08/10 08:49:09.691, Tesla V100-PCIE-16GB, 48 %, 3 %, 550 MiB, 16384 MiB, 49
2026/08/10 08:49:14.699, Tesla V100-PCIE-16GB, 48 %, 3 %, 550 MiB, 16384 MiB, 49
2026/08/10 08:49:19.700, Tesla V100-PCIE-16GB, 49 %, 3 %, 550 MiB, 16384 MiB, 49
2026/08/10 08:49:24.701, Tesla V100-PCIE-16GB, 47 %, 3 %, 550 MiB, 16384 MiB, 49
2026/08/10 08:49:29.701, Tesla V100-PCIE-16GB, 46 %, 3 %, 550 MiB, 16384 MiB, 49
2026/08/10 08:49:34.764, Tesla V100-PCIE-16GB, 50 %, 3 %, 550 MiB, 16384 MiB, 49
2026/08/10 08:49:39.765, Tesla V100-PCIE-16GB, 49 %, 3 %, 550 MiB, 16384 MiB, 49
2026/08/10 08:49:44.766, Tesla V100-PCIE-16GB, 49 %, 3 %, 550 MiB, 16384 MiB, 49
2026/08/10 08:49:49.766, Tesla V100-PCIE-16GB, 52 %, 3 %, 550 MiB, 16384 MiB, 49
2026/08/10 08:49:54.767, Tesla V100-PCIE-16GB, 47 %, 3 %, 550 MiB, 16384 MiB, 49
2026/08/10 08:49:59.768, Tesla V100-PCIE-16GB, 48 %, 3 %, 550 MiB, 16384 MiB, 49
2026/08/10 08:50:04.769, Tesla V100-PCIE-16GB, 46 %, 3 %, 550 MiB, 16384 MiB, 49
2026/08/10 08:50:09.769, Tesla V100-PCIE-16GB, 49 %, 3 %, 550 MiB, 16384 MiB, 49
2026/08/10 08:50:14.770, Tesla V100-PCIE-16GB, 49 %, 3 %, 550 MiB, 16384 MiB, 49
2026/08/10 08:50:19.771, Tesla V100-PCIE-16GB, 45 %, 3 %, 550 MiB, 16384 MiB, 49
2026/08/10 08:50:24.772, Tesla V100-PCIE-16GB, 49 %, 3 %, 550 MiB, 16384 MiB, 49
2026/08/10 08:50:29.772, Tesla V100-PCIE-16GB, 46 %, 3 %, 550 MiB, 16384 MiB, 50
2026/08/10 08:50:34.773, Tesla V100-PCIE-16GB, 48 %, 3 %, 550 MiB, 16384 MiB, 49
2026/08/10 08:50:39.774, Tesla V100-PCIE-16GB, 49 %, 3 %, 550 MiB, 16384 MiB, 50
2026/08/10 08:50:44.775, Tesla V100-PCIE-16GB, 50 %, 3 %, 550 MiB, 16384 MiB, 49
2026/08/10 08:50:49.776, Tesla V100-PCIE-16GB, 49 %, 3 %, 550 MiB, 16384 MiB, 50
2026/08/10 08:50:54.779, Tesla V100-PCIE-16GB, 50 %, 3 %, 550 MiB, 16384 MiB, 50
2026/08/10 08:50:59.780, Tesla V100-PCIE-16GB, 45 %, 3 %, 550 MiB, 16384 MiB, 50
2026/08/10 08:51:04.781, Tesla V100-PCIE-16GB, 48 %, 3 %, 550 MiB, 16384 MiB, 50
2026/08/10 08:51:09.783, Tesla V100-PCIE-16GB, 51 %, 3 %, 550 MiB, 16384 MiB, 50
2026/08/10 08:51:14.894, Tesla V100-PCIE-16GB, 49 %, 3 %, 550 MiB, 16384 MiB, 50
2026/08/10 08:51:19.895, Tesla V100-PCIE-16GB, 48 %, 3 %, 550 MiB, 16384 MiB, 50
2026/08/10 08:51:24.895, Tesla V100-PCIE-16GB, 44 %, 3 %, 550 MiB, 16384 MiB, 50
2026/08/10 08:51:29.898, Tesla V100-PCIE-16GB, 50 %, 3 %, 550 MiB, 16384 MiB, 50
2026/08/10 08:51:34.902, Tesla V100-PCIE-16GB, 49 %, 3 %, 550 MiB, 16384 MiB, 50
2026/08/10 08:51:39.903, Tesla V100-PCIE-16GB, 51 %, 3 %, 550 MiB, 16384 MiB, 50
2026/08/10 08:51:44.903, Tesla V100-PCIE-16GB, 48 %, 3 %, 550 MiB, 16384 MiB, 50
2026/08/10 08:51:49.904, Tesla V100-PCIE-16GB, 50 %, 3 %, 550 MiB, 16384 MiB, 50
2026/08/10 08:51:54.905, Tesla V100-PCIE-16GB, 49 %, 3 %, 550 MiB, 16384 MiB, 50
2026/08/10 08:51:59.906, Tesla V100-PCIE-16GB, 46 %, 3 %, 550 MiB, 16384 MiB, 50
2026/08/10 08:52:04.907, Tesla V100-PCIE-16GB, 50 %, 3 %, 550 MiB, 16384 MiB, 50
2026/08/10 08:52:09.908, Tesla V100-PCIE-16GB, 47 %, 3 %, 550 MiB, 16384 MiB, 50
2026/08/10 08:52:14.909, Tesla V100-PCIE-16GB, 43 %, 3 %, 550 MiB, 16384 MiB, 50
2026/08/10 08:52:19.909, Tesla V100-PCIE-16GB, 50 %, 3 %, 550 MiB, 16384 MiB, 50
2026/08/10 08:52:24.910, Tesla V100-PCIE-16GB, 46 %, 3 %, 550 MiB, 16384 MiB, 50
2026/08/10 08:52:29.911, Tesla V100-PCIE-16GB, 46 %, 3 %, 550 MiB, 16384 MiB, 50
2026/08/10 08:52:34.912, Tesla V100-PCIE-16GB, 51 %, 3 %, 550 MiB, 16384 MiB, 50
2026/08/10 08:52:39.913, Tesla V100-PCIE-16GB, 46 %, 3 %, 550 MiB, 16384 MiB, 50
2026/08/10 08:52:44.914, Tesla V100-PCIE-16GB, 45 %, 3 %, 550 MiB, 16384 MiB, 49
2026/08/10 08:52:49.915, Tesla V100-PCIE-16GB, 49 %, 3 %, 550 MiB, 16384 MiB, 50
2026/08/10 08:52:54.916, Tesla V100-PCIE-16GB, 49 %, 3 %, 550 MiB, 16384 MiB, 50
2026/08/10 08:52:59.916, Tesla V100-PCIE-16GB, 49 %, 3 %, 550 MiB, 16384 MiB, 50
2026/08/10 08:53:04.917, Tesla V100-PCIE-16GB, 51 %, 3 %, 550 MiB, 16384 MiB, 49
2026/08/10 08:53:09.918, Tesla V100-PCIE-16GB, 50 %, 3 %, 550 MiB, 16384 MiB, 49
2026/08/10 08:53:14.919, Tesla V100-PCIE-16GB, 45 %, 3 %, 550 MiB, 16384 MiB, 49
2026/08/10 08:53:19.920, Tesla V100-PCIE-16GB, 45 %, 3 %, 550 MiB, 16384 MiB, 49
2026/08/10 08:53:24.921, Tesla V100-PCIE-16GB, 44 %, 3 %, 550 MiB, 16384 MiB, 49
2026/08/10 08:53:29.922, Tesla V100-PCIE-16GB, 48 %, 3 %, 550 MiB, 16384 MiB, 49
2026/08/10 08:53:34.948, Tesla V100-PCIE-16GB, 49 %, 3 %, 550 MiB, 16384 MiB, 49
2026/08/10 08:53:39.948, Tesla V100-PCIE-16GB, 48 %, 3 %, 550 MiB, 16384 MiB, 49
2026/08/10 08:53:44.951, Tesla V100-PCIE-16GB, 50 %, 3 %, 550 MiB, 16384 MiB, 49
2026/08/10 08:53:49.953, Tesla V100-PCIE-16GB, 50 %, 3 %, 550 MiB, 16384 MiB, 49
2026/08/10 08:53:54.954, Tesla V100-PCIE-16GB, 51 %, 3 %, 550 MiB, 16384 MiB, 49
2026/08/10 08:53:59.954, Tesla V100-PCIE-16GB, 50 %, 3 %, 550 MiB, 16384 MiB, 49
2026/08/10 08:54:04.955, Tesla V100-PCIE-16GB, 49 %, 3 %, 550 MiB, 16384 MiB, 49
2026/08/10 08:54:09.958, Tesla V100-PCIE-16GB, 49 %, 3 %, 550 MiB, 16384 MiB, 49
2026/08/10 08:54:14.962, Tesla V100-PCIE-16GB, 47 %, 3 %, 550 MiB, 16384 MiB, 49
2026/08/10 08:54:19.963, Tesla V100-PCIE-16GB, 15 %, 3 %, 550 MiB, 16384 MiB, 49
2026/08/10 08:54:24.964, Tesla V100-PCIE-16GB, 46 %, 3 %, 550 MiB, 16384 MiB, 49
2026/08/10 08:54:29.965, Tesla V100-PCIE-16GB, 50 %, 3 %, 550 MiB, 16384 MiB, 49
2026/08/10 08:54:34.966, Tesla V100-PCIE-16GB, 49 %, 3 %, 550 MiB, 16384 MiB, 49
2026/08/10 08:54:39.967, Tesla V100-PCIE-16GB, 49 %, 3 %, 550 MiB, 16384 MiB, 49
2026/08/10 08:54:44.968, Tesla V100-PCIE-16GB, 49 %, 3 %, 550 MiB, 16384 MiB, 49
2026/08/10 08:54:49.968, Tesla V100-PCIE-16GB, 49 %, 3 %, 550 MiB, 16384 MiB, 49
2026/08/10 08:54:54.969, Tesla V100-PCIE-16GB, 48 %, 3 %, 550 MiB, 16384 MiB, 49
2026/08/10 08:54:59.970, Tesla V100-PCIE-16GB, 44 %, 3 %, 550 MiB, 16384 MiB, 49
2026/08/10 08:55:04.971, Tesla V100-PCIE-16GB, 48 %, 3 %, 550 MiB, 16384 MiB, 49
2026/08/10 08:55:09.972, Tesla V100-PCIE-16GB, 49 %, 3 %, 550 MiB, 16384 MiB, 49
2026/08/10 08:55:15.028, Tesla V100-PCIE-16GB, 45 %, 3 %, 550 MiB, 16384 MiB, 49
2026/08/10 08:55:20.030, Tesla V100-PCIE-16GB, 47 %, 3 %, 550 MiB, 16384 MiB, 49
2026/08/10 08:55:25.031, Tesla V100-PCIE-16GB, 46 %, 3 %, 550 MiB, 16384 MiB, 49
2026/08/10 08:55:30.031, Tesla V100-PCIE-16GB, 49 %, 3 %, 550 MiB, 16384 MiB, 49
2026/08/10 08:55:35.032, Tesla V100-PCIE-16GB, 49 %, 3 %, 550 MiB, 16384 MiB, 49
2026/08/10 08:55:40.033, Tesla V100-PCIE-16GB, 48 %, 3 %, 550 MiB, 16384 MiB, 49
2026/08/10 08:55:45.034, Tesla V100-PCIE-16GB, 49 %, 3 %, 550 MiB, 16384 MiB, 49
2026/08/10 08:55:50.035, Tesla V100-PCIE-16GB, 50 %, 3 %, 550 MiB, 16384 MiB, 49
2026/08/10 08:55:55.035, Tesla V100-PCIE-16GB, 48 %, 3 %, 550 MiB, 16384 MiB, 49
2026/08/10 08:56:00.036, Tesla V100-PCIE-16GB, 48 %, 3 %, 550 MiB, 16384 MiB, 49
2026/08/10 08:56:05.037, Tesla V100-PCIE-16GB, 43 %, 3 %, 550 MiB, 16384 MiB, 49
2026/08/10 08:56:10.038, Tesla V100-PCIE-16GB, 49 %, 3 %, 550 MiB, 16384 MiB, 49
2026/08/10 08:56:15.039, Tesla V100-PCIE-16GB, 49 %, 3 %, 550 MiB, 16384 MiB, 49
2026/08/10 08:56:20.040, Tesla V100-PCIE-16GB, 44 %, 3 %, 550 MiB, 16384 MiB, 49
2026/08/10 08:56:25.041, Tesla V100-PCIE-16GB, 44 %, 3 %, 550 MiB, 16384 MiB, 49
2026/08/10 08:56:30.042, Tesla V100-PCIE-16GB, 49 %, 3 %, 550 MiB, 16384 MiB, 49
2026/08/10 08:56:35.043, Tesla V100-PCIE-16GB, 51 %, 3 %, 550 MiB, 16384 MiB, 49
2026/08/10 08:56:40.043, Tesla V100-PCIE-16GB, 51 %, 3 %, 550 MiB, 16384 MiB, 49
2026/08/10 08:56:45.044, Tesla V100-PCIE-16GB, 50 %, 3 %, 550 MiB, 16384 MiB, 49
2026/08/10 08:56:50.045, Tesla V100-PCIE-16GB, 47 %, 3 %, 550 MiB, 16384 MiB, 49
2026/08/10 08:56:55.046, Tesla V100-PCIE-16GB, 50 %, 3 %, 550 MiB, 16384 MiB, 49
2026/08/10 08:57:00.047, Tesla V100-PCIE-16GB, 45 %, 3 %, 550 MiB, 16384 MiB, 49
2026/08/10 08:57:05.048, Tesla V100-PCIE-16GB, 48 %, 3 %, 550 MiB, 16384 MiB, 49
2026/08/10 08:57:10.163, Tesla V100-PCIE-16GB, 50 %, 3 %, 550 MiB, 16384 MiB, 49
2026/08/10 08:57:15.246, Tesla V100-PCIE-16GB, 46 %, 3 %, 550 MiB, 16384 MiB, 49
2026/08/10 08:57:20.247, Tesla V100-PCIE-16GB, 50 %, 3 %, 550 MiB, 16384 MiB, 49
2026/08/10 08:57:25.248, Tesla V100-PCIE-16GB, 49 %, 3 %, 550 MiB, 16384 MiB, 49
2026/08/10 08:57:30.249, Tesla V100-PCIE-16GB, 46 %, 3 %, 550 MiB, 16384 MiB, 49
2026/08/10 08:57:35.249, Tesla V100-PCIE-16GB, 49 %, 3 %, 550 MiB, 16384 MiB, 49
2026/08/10 08:57:40.250, Tesla V100-PCIE-16GB, 50 %, 3 %, 550 MiB, 16384 MiB, 49
2026/08/10 08:57:45.251, Tesla V100-PCIE-16GB, 46 %, 3 %, 550 MiB, 16384 MiB, 49
2026/08/10 08:57:50.252, Tesla V100-PCIE-16GB, 49 %, 3 %, 550 MiB, 16384 MiB, 49
2026/08/10 08:57:55.253, Tesla V100-PCIE-16GB, 49 %, 3 %, 550 MiB, 16384 MiB, 49
2026/08/10 08:58:00.254, Tesla V100-PCIE-16GB, 48 %, 3 %, 550 MiB, 16384 MiB, 49
2026/08/10 08:58:05.254, Tesla V100-PCIE-16GB, 49 %, 3 %, 550 MiB, 16384 MiB, 49
2026/08/10 08:58:10.255, Tesla V100-PCIE-16GB, 48 %, 3 %, 550 MiB, 16384 MiB, 49
2026/08/10 08:58:15.257, Tesla V100-PCIE-16GB, 49 %, 3 %, 550 MiB, 16384 MiB, 49
2026/08/10 08:58:20.306, Tesla V100-PCIE-16GB, 50 %, 3 %, 550 MiB, 16384 MiB, 49
2026/08/10 08:58:25.306, Tesla V100-PCIE-16GB, 45 %, 3 %, 550 MiB, 16384 MiB, 49
2026/08/10 08:58:30.307, Tesla V100-PCIE-16GB, 48 %, 3 %, 550 MiB, 16384 MiB, 49
2026/08/10 08:58:35.308, Tesla V100-PCIE-16GB, 50 %, 3 %, 550 MiB, 16384 MiB, 49
2026/08/10 08:58:40.309, Tesla V100-PCIE-16GB, 50 %, 3 %, 550 MiB, 16384 MiB, 49
2026/08/10 08:58:45.310, Tesla V100-PCIE-16GB, 46 %, 3 %, 550 MiB, 16384 MiB, 49
2026/08/10 08:58:50.363, Tesla V100-PCIE-16GB, 50 %, 3 %, 550 MiB, 16384 MiB, 49
2026/08/10 08:58:55.365, Tesla V100-PCIE-16GB, 51 %, 3 %, 550 MiB, 16384 MiB, 49
2026/08/10 08:59:00.366, Tesla V100-PCIE-16GB, 49 %, 3 %, 550 MiB, 16384 MiB, 49
2026/08/10 08:59:05.367, Tesla V100-PCIE-16GB, 45 %, 3 %, 550 MiB, 16384 MiB, 49
2026/08/10 08:59:10.367, Tesla V100-PCIE-16GB, 48 %, 3 %, 550 MiB, 16384 MiB, 49
2026/08/10 08:59:15.368, Tesla V100-PCIE-16GB, 49 %, 3 %, 550 MiB, 16384 MiB, 49
2026/08/10 08:59:20.369, Tesla V100-PCIE-16GB, 52 %, 3 %, 550 MiB, 16384 MiB, 49
2026/08/10 08:59:25.370, Tesla V100-PCIE-16GB, 49 %, 3 %, 550 MiB, 16384 MiB, 49
2026/08/10 08:59:30.371, Tesla V100-PCIE-16GB, 46 %, 3 %, 550 MiB, 16384 MiB, 49
2026/08/10 08:59:35.371, Tesla V100-PCIE-16GB, 45 %, 3 %, 550 MiB, 16384 MiB, 49
2026/08/10 08:59:40.372, Tesla V100-PCIE-16GB, 44 %, 3 %, 550 MiB, 16384 MiB, 49
2026/08/10 08:59:45.373, Tesla V100-PCIE-16GB, 46 %, 3 %, 550 MiB, 16384 MiB, 49
2026/08/10 08:59:50.437, Tesla V100-PCIE-16GB, 50 %, 3 %, 550 MiB, 16384 MiB, 49
2026/08/10 08:59:55.438, Tesla V100-PCIE-16GB, 46 %, 3 %, 550 MiB, 16384 MiB, 49
2026/08/10 09:00:00.439, Tesla V100-PCIE-16GB, 44 %, 3 %, 550 MiB, 16384 MiB, 49
2026/08/10 09:00:05.440, Tesla V100-PCIE-16GB, 49 %, 3 %, 550 MiB, 16384 MiB, 49
2026/08/10 09:00:10.441, Tesla V100-PCIE-16GB, 49 %, 3 %, 550 MiB, 16384 MiB, 49
2026/08/10 09:00:15.442, Tesla V100-PCIE-16GB, 46 %, 3 %, 550 MiB, 16384 MiB, 49
2026/08/10 09:00:20.443, Tesla V100-PCIE-16GB, 51 %, 3 %, 550 MiB, 16384 MiB, 49
2026/08/10 09:00:25.444, Tesla V100-PCIE-16GB, 49 %, 3 %, 550 MiB, 16384 MiB, 49
2026/08/10 09:00:30.445, Tesla V100-PCIE-16GB, 47 %, 3 %, 550 MiB, 16384 MiB, 49
2026/08/10 09:00:35.446, Tesla V100-PCIE-16GB, 49 %, 3 %, 550 MiB, 16384 MiB, 50
2026/08/10 09:00:40.446, Tesla V100-PCIE-16GB, 51 %, 3 %, 550 MiB, 16384 MiB, 50
2026/08/10 09:00:45.447, Tesla V100-PCIE-16GB, 48 %, 3 %, 550 MiB, 16384 MiB, 50
2026/08/10 09:00:50.448, Tesla V100-PCIE-16GB, 49 %, 3 %, 550 MiB, 16384 MiB, 50
2026/08/10 09:00:55.450, Tesla V100-PCIE-16GB, 47 %, 3 %, 550 MiB, 16384 MiB, 50
2026/08/10 09:01:00.520, Tesla V100-PCIE-16GB, 42 %, 3 %, 550 MiB, 16384 MiB, 50
2026/08/10 09:01:05.523, Tesla V100-PCIE-16GB, 48 %, 3 %, 550 MiB, 16384 MiB, 50
2026/08/10 09:01:10.525, Tesla V100-PCIE-16GB, 49 %, 3 %, 550 MiB, 16384 MiB, 50
2026/08/10 09:01:15.526, Tesla V100-PCIE-16GB, 51 %, 3 %, 550 MiB, 16384 MiB, 50
2026/08/10 09:01:20.527, Tesla V100-PCIE-16GB, 50 %, 3 %, 550 MiB, 16384 MiB, 50
2026/08/10 09:01:25.527, Tesla V100-PCIE-16GB, 48 %, 3 %, 550 MiB, 16384 MiB, 50
2026/08/10 09:01:30.528, Tesla V100-PCIE-16GB, 49 %, 3 %, 550 MiB, 16384 MiB, 50
2026/08/10 09:01:35.529, Tesla V100-PCIE-16GB, 52 %, 3 %, 550 MiB, 16384 MiB, 50
2026/08/10 09:01:40.531, Tesla V100-PCIE-16GB, 45 %, 3 %, 550 MiB, 16384 MiB, 50
2026/08/10 09:01:45.532, Tesla V100-PCIE-16GB, 49 %, 3 %, 550 MiB, 16384 MiB, 50
2026/08/10 09:01:50.533, Tesla V100-PCIE-16GB, 48 %, 3 %, 550 MiB, 16384 MiB, 50
2026/08/10 09:01:55.534, Tesla V100-PCIE-16GB, 50 %, 3 %, 550 MiB, 16384 MiB, 50
2026/08/10 09:02:00.535, Tesla V100-PCIE-16GB, 12 %, 2 %, 550 MiB, 16384 MiB, 50
2026/08/10 09:02:05.536, Tesla V100-PCIE-16GB, 49 %, 3 %, 550 MiB, 16384 MiB, 50
2026/08/10 09:02:10.539, Tesla V100-PCIE-16GB, 49 %, 3 %, 550 MiB, 16384 MiB, 50
2026/08/10 09:02:15.544, Tesla V100-PCIE-16GB, 48 %, 3 %, 550 MiB, 16384 MiB, 50
2026/08/10 09:02:20.545, Tesla V100-PCIE-16GB, 50 %, 3 %, 550 MiB, 16384 MiB, 50
2026/08/10 09:02:25.546, Tesla V100-PCIE-16GB, 47 %, 3 %, 550 MiB, 16384 MiB, 50
2026/08/10 09:02:30.547, Tesla V100-PCIE-16GB, 51 %, 3 %, 550 MiB, 16384 MiB, 50
2026/08/10 09:02:35.547, Tesla V100-PCIE-16GB, 49 %, 3 %, 550 MiB, 16384 MiB, 50
2026/08/10 09:02:40.549, Tesla V100-PCIE-16GB, 46 %, 3 %, 550 MiB, 16384 MiB, 50
2026/08/10 09:02:45.549, Tesla V100-PCIE-16GB, 50 %, 3 %, 550 MiB, 16384 MiB, 50
2026/08/10 09:02:50.550, Tesla V100-PCIE-16GB, 48 %, 3 %, 550 MiB, 16384 MiB, 50
2026/08/10 09:02:55.551, Tesla V100-PCIE-16GB, 50 %, 3 %, 550 MiB, 16384 MiB, 50
2026/08/10 09:03:00.552, Tesla V100-PCIE-16GB, 44 %, 3 %, 550 MiB, 16384 MiB, 50
2026/08/10 09:03:05.637, Tesla V100-PCIE-16GB, 49 %, 3 %, 550 MiB, 16384 MiB, 50
2026/08/10 09:03:10.638, Tesla V100-PCIE-16GB, 50 %, 3 %, 550 MiB, 16384 MiB, 49
2026/08/10 09:03:15.639, Tesla V100-PCIE-16GB, 48 %, 3 %, 550 MiB, 16384 MiB, 50
2026/08/10 09:03:20.640, Tesla V100-PCIE-16GB, 43 %, 3 %, 550 MiB, 16384 MiB, 49
2026/08/10 09:03:25.641, Tesla V100-PCIE-16GB, 49 %, 3 %, 550 MiB, 16384 MiB, 49
2026/08/10 09:03:30.642, Tesla V100-PCIE-16GB, 46 %, 3 %, 550 MiB, 16384 MiB, 49
2026/08/10 09:03:35.642, Tesla V100-PCIE-16GB, 49 %, 3 %, 550 MiB, 16384 MiB, 49
2026/08/10 09:03:40.643, Tesla V100-PCIE-16GB, 47 %, 3 %, 550 MiB, 16384 MiB, 49
2026/08/10 09:03:45.644, Tesla V100-PCIE-16GB, 49 %, 3 %, 550 MiB, 16384 MiB, 49
2026/08/10 09:03:50.645, Tesla V100-PCIE-16GB, 49 %, 3 %, 550 MiB, 16384 MiB, 49
2026/08/10 09:03:55.647, Tesla V100-PCIE-16GB, 48 %, 3 %, 550 MiB, 16384 MiB, 49
2026/08/10 09:04:00.647, Tesla V100-PCIE-16GB, 39 %, 3 %, 550 MiB, 16384 MiB, 49
2026/08/10 09:04:05.648, Tesla V100-PCIE-16GB, 46 %, 3 %, 550 MiB, 16384 MiB, 49
2026/08/10 09:04:10.694, Tesla V100-PCIE-16GB, 46 %, 3 %, 550 MiB, 16384 MiB, 49
2026/08/10 09:04:15.695, Tesla V100-PCIE-16GB, 47 %, 3 %, 550 MiB, 16384 MiB, 49
2026/08/10 09:04:20.696, Tesla V100-PCIE-16GB, 48 %, 3 %, 550 MiB, 16384 MiB, 49
2026/08/10 09:04:25.697, Tesla V100-PCIE-16GB, 39 %, 3 %, 550 MiB, 16384 MiB, 49
2026/08/10 09:04:30.698, Tesla V100-PCIE-16GB, 45 %, 3 %, 550 MiB, 16384 MiB, 49
2026/08/10 09:04:35.698, Tesla V100-PCIE-16GB, 46 %, 3 %, 550 MiB, 16384 MiB, 49
2026/08/10 09:04:40.699, Tesla V100-PCIE-16GB, 47 %, 3 %, 550 MiB, 16384 MiB, 49
2026/08/10 09:04:45.700, Tesla V100-PCIE-16GB, 46 %, 3 %, 550 MiB, 16384 MiB, 49
2026/08/10 09:04:50.701, Tesla V100-PCIE-16GB, 46 %, 3 %, 550 MiB, 16384 MiB, 49
2026/08/10 09:04:55.702, Tesla V100-PCIE-16GB, 46 %, 3 %, 550 MiB, 16384 MiB, 49
2026/08/10 09:05:00.703, Tesla V100-PCIE-16GB, 37 %, 3 %, 550 MiB, 16384 MiB, 49
2026/08/10 09:05:05.704, Tesla V100-PCIE-16GB, 45 %, 3 %, 550 MiB, 16384 MiB, 49
2026/08/10 09:05:10.704, Tesla V100-PCIE-16GB, 49 %, 3 %, 550 MiB, 16384 MiB, 49
2026/08/10 09:05:15.705, Tesla V100-PCIE-16GB, 49 %, 3 %, 550 MiB, 16384 MiB, 49
2026/08/10 09:05:20.706, Tesla V100-PCIE-16GB, 49 %, 3 %, 550 MiB, 16384 MiB, 49
2026/08/10 09:05:25.708, Tesla V100-PCIE-16GB, 46 %, 3 %, 550 MiB, 16384 MiB, 49
2026/08/10 09:05:30.708, Tesla V100-PCIE-16GB, 49 %, 3 %, 550 MiB, 16384 MiB, 49
2026/08/10 09:05:35.709, Tesla V100-PCIE-16GB, 49 %, 3 %, 550 MiB, 16384 MiB, 49
2026/08/10 09:05:40.710, Tesla V100-PCIE-16GB, 51 %, 3 %, 550 MiB, 16384 MiB, 49
2026/08/10 09:05:45.711, Tesla V100-PCIE-16GB, 46 %, 3 %, 550 MiB, 16384 MiB, 49
2026/08/10 09:05:50.712, Tesla V100-PCIE-16GB, 44 %, 3 %, 550 MiB, 16384 MiB, 49
2026/08/10 09:05:55.712, Tesla V100-PCIE-16GB, 48 %, 3 %, 550 MiB, 16384 MiB, 49
2026/08/10 09:06:00.713, Tesla V100-PCIE-16GB, 40 %, 3 %, 550 MiB, 16384 MiB, 49
2026/08/10 09:06:05.714, Tesla V100-PCIE-16GB, 46 %, 3 %, 550 MiB, 16384 MiB, 49
2026/08/10 09:06:10.715, Tesla V100-PCIE-16GB, 49 %, 3 %, 550 MiB, 16384 MiB, 49
2026/08/10 09:06:15.716, Tesla V100-PCIE-16GB, 46 %, 3 %, 550 MiB, 16384 MiB, 49
2026/08/10 09:06:20.763, Tesla V100-PCIE-16GB, 48 %, 3 %, 550 MiB, 16384 MiB, 49
2026/08/10 09:06:25.764, Tesla V100-PCIE-16GB, 46 %, 3 %, 550 MiB, 16384 MiB, 49
2026/08/10 09:06:30.765, Tesla V100-PCIE-16GB, 19 %, 3 %, 550 MiB, 16384 MiB, 49
2026/08/10 09:06:35.766, Tesla V100-PCIE-16GB, 48 %, 3 %, 550 MiB, 16384 MiB, 49
2026/08/10 09:06:40.768, Tesla V100-PCIE-16GB, 39 %, 3 %, 550 MiB, 16384 MiB, 49
2026/08/10 09:06:45.769, Tesla V100-PCIE-16GB, 49 %, 3 %, 550 MiB, 16384 MiB, 49
2026/08/10 09:06:50.772, Tesla V100-PCIE-16GB, 49 %, 3 %, 550 MiB, 16384 MiB, 49
2026/08/10 09:06:55.773, Tesla V100-PCIE-16GB, 47 %, 3 %, 550 MiB, 16384 MiB, 49
2026/08/10 09:07:00.774, Tesla V100-PCIE-16GB, 37 %, 2 %, 550 MiB, 16384 MiB, 49
2026/08/10 09:07:05.775, Tesla V100-PCIE-16GB, 46 %, 3 %, 550 MiB, 16384 MiB, 49
2026/08/10 09:07:10.776, Tesla V100-PCIE-16GB, 47 %, 3 %, 550 MiB, 16384 MiB, 49
2026/08/10 09:07:15.777, Tesla V100-PCIE-16GB, 46 %, 3 %, 550 MiB, 16384 MiB, 49
2026/08/10 09:07:20.777, Tesla V100-PCIE-16GB, 39 %, 3 %, 550 MiB, 16384 MiB, 49
2026/08/10 09:07:25.778, Tesla V100-PCIE-16GB, 32 %, 3 %, 550 MiB, 16384 MiB, 49
2026/08/10 09:07:30.779, Tesla V100-PCIE-16GB, 46 %, 3 %, 550 MiB, 16384 MiB, 49
2026/08/10 09:07:35.780, Tesla V100-PCIE-16GB, 46 %, 3 %, 550 MiB, 16384 MiB, 49
2026/08/10 09:07:40.781, Tesla V100-PCIE-16GB, 51 %, 3 %, 550 MiB, 16384 MiB, 49
2026/08/10 09:07:45.781, Tesla V100-PCIE-16GB, 47 %, 3 %, 550 MiB, 16384 MiB, 49
2026/08/10 09:07:50.785, Tesla V100-PCIE-16GB, 46 %, 3 %, 550 MiB, 16384 MiB, 49
2026/08/10 09:07:55.786, Tesla V100-PCIE-16GB, 48 %, 3 %, 550 MiB, 16384 MiB, 49
2026/08/10 09:08:00.789, Tesla V100-PCIE-16GB, 38 %, 3 %, 550 MiB, 16384 MiB, 49
2026/08/10 09:08:05.853, Tesla V100-PCIE-16GB, 39 %, 3 %, 550 MiB, 16384 MiB, 49
2026/08/10 09:08:10.854, Tesla V100-PCIE-16GB, 46 %, 3 %, 550 MiB, 16384 MiB, 49
2026/08/10 09:08:15.854, Tesla V100-PCIE-16GB, 45 %, 3 %, 550 MiB, 16384 MiB, 49
2026/08/10 09:08:20.855, Tesla V100-PCIE-16GB, 45 %, 3 %, 550 MiB, 16384 MiB, 49
2026/08/10 09:08:25.856, Tesla V100-PCIE-16GB, 50 %, 3 %, 550 MiB, 16384 MiB, 49
2026/08/10 09:08:30.857, Tesla V100-PCIE-16GB, 45 %, 3 %, 550 MiB, 16384 MiB, 49
2026/08/10 09:08:35.858, Tesla V100-PCIE-16GB, 42 %, 3 %, 550 MiB, 16384 MiB, 49
2026/08/10 09:08:40.859, Tesla V100-PCIE-16GB, 45 %, 3 %, 550 MiB, 16384 MiB, 49
2026/08/10 09:08:45.859, Tesla V100-PCIE-16GB, 43 %, 3 %, 550 MiB, 16384 MiB, 49
2026/08/10 09:08:50.860, Tesla V100-PCIE-16GB, 46 %, 3 %, 550 MiB, 16384 MiB, 49
2026/08/10 09:08:55.883, Tesla V100-PCIE-16GB, 49 %, 3 %, 550 MiB, 16384 MiB, 49
2026/08/10 09:09:00.940, Tesla V100-PCIE-16GB, 35 %, 2 %, 550 MiB, 16384 MiB, 49
2026/08/10 09:09:05.941, Tesla V100-PCIE-16GB, 48 %, 3 %, 550 MiB, 16384 MiB, 49
2026/08/10 09:09:10.942, Tesla V100-PCIE-16GB, 46 %, 3 %, 550 MiB, 16384 MiB, 49
2026/08/10 09:09:15.943, Tesla V100-PCIE-16GB, 49 %, 3 %, 550 MiB, 16384 MiB, 49
2026/08/10 09:09:20.944, Tesla V100-PCIE-16GB, 47 %, 3 %, 550 MiB, 16384 MiB, 49
2026/08/10 09:09:25.944, Tesla V100-PCIE-16GB, 48 %, 3 %, 550 MiB, 16384 MiB, 49
2026/08/10 09:09:30.945, Tesla V100-PCIE-16GB, 45 %, 3 %, 550 MiB, 16384 MiB, 49
2026/08/10 09:09:35.946, Tesla V100-PCIE-16GB, 47 %, 3 %, 550 MiB, 16384 MiB, 49
2026/08/10 09:09:40.947, Tesla V100-PCIE-16GB, 22 %, 3 %, 550 MiB, 16384 MiB, 49
2026/08/10 09:09:45.948, Tesla V100-PCIE-16GB, 46 %, 3 %, 550 MiB, 16384 MiB, 49
2026/08/10 09:09:50.949, Tesla V100-PCIE-16GB, 49 %, 3 %, 550 MiB, 16384 MiB, 49
2026/08/10 09:09:55.950, Tesla V100-PCIE-16GB, 47 %, 3 %, 550 MiB, 16384 MiB, 49
2026/08/10 09:10:01.043, Tesla V100-PCIE-16GB, 39 %, 3 %, 550 MiB, 16384 MiB, 49
2026/08/10 09:10:06.044, Tesla V100-PCIE-16GB, 49 %, 3 %, 550 MiB, 16384 MiB, 49
2026/08/10 09:10:11.045, Tesla V100-PCIE-16GB, 45 %, 3 %, 550 MiB, 16384 MiB, 49
2026/08/10 09:10:16.046, Tesla V100-PCIE-16GB, 45 %, 3 %, 550 MiB, 16384 MiB, 49
2026/08/10 09:10:21.046, Tesla V100-PCIE-16GB, 41 %, 3 %, 550 MiB, 16384 MiB, 49
2026/08/10 09:10:26.047, Tesla V100-PCIE-16GB, 50 %, 3 %, 550 MiB, 16384 MiB, 49
2026/08/10 09:10:31.048, Tesla V100-PCIE-16GB, 47 %, 3 %, 550 MiB, 16384 MiB, 49
2026/08/10 09:10:36.049, Tesla V100-PCIE-16GB, 46 %, 3 %, 550 MiB, 16384 MiB, 49
2026/08/10 09:10:41.050, Tesla V100-PCIE-16GB, 49 %, 3 %, 550 MiB, 16384 MiB, 49
2026/08/10 09:10:46.050, Tesla V100-PCIE-16GB, 48 %, 3 %, 550 MiB, 16384 MiB, 49
2026/08/10 09:10:51.051, Tesla V100-PCIE-16GB, 49 %, 3 %, 550 MiB, 16384 MiB, 49
2026/08/10 09:10:56.052, Tesla V100-PCIE-16GB, 50 %, 3 %, 550 MiB, 16384 MiB, 49
2026/08/10 09:11:01.053, Tesla V100-PCIE-16GB, 37 %, 2 %, 550 MiB, 16384 MiB, 49
2026/08/10 09:11:06.132, Tesla V100-PCIE-16GB, 39 %, 3 %, 550 MiB, 16384 MiB, 49
2026/08/10 09:11:11.133, Tesla V100-PCIE-16GB, 46 %, 3 %, 550 MiB, 16384 MiB, 49
2026/08/10 09:11:16.135, Tesla V100-PCIE-16GB, 48 %, 3 %, 550 MiB, 16384 MiB, 49
2026/08/10 09:11:21.135, Tesla V100-PCIE-16GB, 48 %, 3 %, 550 MiB, 16384 MiB, 49
2026/08/10 09:11:26.136, Tesla V100-PCIE-16GB, 50 %, 3 %, 550 MiB, 16384 MiB, 49
2026/08/10 09:11:31.137, Tesla V100-PCIE-16GB, 17 %, 3 %, 550 MiB, 16384 MiB, 49
2026/08/10 09:11:36.139, Tesla V100-PCIE-16GB, 45 %, 3 %, 550 MiB, 16384 MiB, 49
2026/08/10 09:11:41.140, Tesla V100-PCIE-16GB, 51 %, 3 %, 550 MiB, 16384 MiB, 49
2026/08/10 09:11:46.140, Tesla V100-PCIE-16GB, 49 %, 3 %, 550 MiB, 16384 MiB, 49
2026/08/10 09:11:51.141, Tesla V100-PCIE-16GB, 49 %, 3 %, 550 MiB, 16384 MiB, 49
2026/08/10 09:11:56.142, Tesla V100-PCIE-16GB, 47 %, 3 %, 550 MiB, 16384 MiB, 49
2026/08/10 09:12:01.143, Tesla V100-PCIE-16GB, 48 %, 3 %, 550 MiB, 16384 MiB, 49
2026/08/10 09:12:06.143, Tesla V100-PCIE-16GB, 47 %, 3 %, 550 MiB, 16384 MiB, 49
2026/08/10 09:12:11.144, Tesla V100-PCIE-16GB, 47 %, 3 %, 550 MiB, 16384 MiB, 49
2026/08/10 09:12:16.145, Tesla V100-PCIE-16GB, 47 %, 3 %, 550 MiB, 16384 MiB, 49
2026/08/10 09:12:21.146, Tesla V100-PCIE-16GB, 46 %, 3 %, 550 MiB, 16384 MiB, 49
2026/08/10 09:12:26.148, Tesla V100-PCIE-16GB, 16 %, 3 %, 550 MiB, 16384 MiB, 49
2026/08/10 09:12:31.149, Tesla V100-PCIE-16GB, 46 %, 3 %, 550 MiB, 16384 MiB, 49
2026/08/10 09:12:36.150, Tesla V100-PCIE-16GB, 49 %, 3 %, 550 MiB, 16384 MiB, 49
2026/08/10 09:12:41.151, Tesla V100-PCIE-16GB, 48 %, 3 %, 550 MiB, 16384 MiB, 49
2026/08/10 09:12:46.152, Tesla V100-PCIE-16GB, 48 %, 3 %, 550 MiB, 16384 MiB, 49
2026/08/10 09:12:51.225, Tesla V100-PCIE-16GB, 49 %, 3 %, 550 MiB, 16384 MiB, 49
2026/08/10 09:12:56.226, Tesla V100-PCIE-16GB, 49 %, 3 %, 550 MiB, 16384 MiB, 49
2026/08/10 09:13:01.227, Tesla V100-PCIE-16GB, 41 %, 3 %, 550 MiB, 16384 MiB, 49
2026/08/10 09:13:06.227, Tesla V100-PCIE-16GB, 49 %, 3 %, 550 MiB, 16384 MiB, 49
2026/08/10 09:13:11.228, Tesla V100-PCIE-16GB, 47 %, 3 %, 550 MiB, 16384 MiB, 49
2026/08/10 09:13:16.229, Tesla V100-PCIE-16GB, 44 %, 3 %, 550 MiB, 16384 MiB, 49
2026/08/10 09:13:21.230, Tesla V100-PCIE-16GB, 50 %, 3 %, 550 MiB, 16384 MiB, 49
2026/08/10 09:13:26.242, Tesla V100-PCIE-16GB, 49 %, 3 %, 550 MiB, 16384 MiB, 49
2026/08/10 09:13:31.243, Tesla V100-PCIE-16GB, 46 %, 3 %, 550 MiB, 16384 MiB, 49
2026/08/10 09:13:36.244, Tesla V100-PCIE-16GB, 49 %, 3 %, 550 MiB, 16384 MiB, 49
2026/08/10 09:13:41.245, Tesla V100-PCIE-16GB, 49 %, 3 %, 550 MiB, 16384 MiB, 49
2026/08/10 09:13:46.245, Tesla V100-PCIE-16GB, 46 %, 3 %, 550 MiB, 16384 MiB, 49
2026/08/10 09:13:51.310, Tesla V100-PCIE-16GB, 50 %, 3 %, 550 MiB, 16384 MiB, 49
2026/08/10 09:13:56.311, Tesla V100-PCIE-16GB, 51 %, 3 %, 550 MiB, 16384 MiB, 49
2026/08/10 09:14:01.312, Tesla V100-PCIE-16GB, 42 %, 3 %, 550 MiB, 16384 MiB, 49
2026/08/10 09:14:06.313, Tesla V100-PCIE-16GB, 48 %, 3 %, 550 MiB, 16384 MiB, 49
2026/08/10 09:14:11.314, Tesla V100-PCIE-16GB, 46 %, 3 %, 550 MiB, 16384 MiB, 49
2026/08/10 09:14:16.315, Tesla V100-PCIE-16GB, 20 %, 4 %, 550 MiB, 16384 MiB, 49
2026/08/10 09:14:21.316, Tesla V100-PCIE-16GB, 46 %, 3 %, 550 MiB, 16384 MiB, 49
2026/08/10 09:14:26.316, Tesla V100-PCIE-16GB, 52 %, 3 %, 550 MiB, 16384 MiB, 49
2026/08/10 09:14:31.317, Tesla V100-PCIE-16GB, 51 %, 3 %, 550 MiB, 16384 MiB, 49
2026/08/10 09:14:36.320, Tesla V100-PCIE-16GB, 48 %, 3 %, 550 MiB, 16384 MiB, 49
2026/08/10 09:14:41.424, Tesla V100-PCIE-16GB, 46 %, 3 %, 550 MiB, 16384 MiB, 49
2026/08/10 09:14:46.427, Tesla V100-PCIE-16GB, 52 %, 4 %, 550 MiB, 16384 MiB, 49
2026/08/10 09:14:51.428, Tesla V100-PCIE-16GB, 46 %, 3 %, 550 MiB, 16384 MiB, 49
2026/08/10 09:14:56.428, Tesla V100-PCIE-16GB, 50 %, 3 %, 550 MiB, 16384 MiB, 49
2026/08/10 09:15:01.429, Tesla V100-PCIE-16GB, 45 %, 3 %, 550 MiB, 16384 MiB, 49
2026/08/10 09:15:06.430, Tesla V100-PCIE-16GB, 49 %, 3 %, 550 MiB, 16384 MiB, 49
2026/08/10 09:15:11.431, Tesla V100-PCIE-16GB, 48 %, 3 %, 550 MiB, 16384 MiB, 49
2026/08/10 09:15:16.432, Tesla V100-PCIE-16GB, 51 %, 3 %, 550 MiB, 16384 MiB, 49
2026/08/10 09:15:21.433, Tesla V100-PCIE-16GB, 46 %, 3 %, 550 MiB, 16384 MiB, 49
2026/08/10 09:15:26.433, Tesla V100-PCIE-16GB, 48 %, 3 %, 550 MiB, 16384 MiB, 49
2026/08/10 09:15:31.435, Tesla V100-PCIE-16GB, 49 %, 3 %, 550 MiB, 16384 MiB, 49
2026/08/10 09:15:36.436, Tesla V100-PCIE-16GB, 43 %, 3 %, 550 MiB, 16384 MiB, 49
2026/08/10 09:15:41.436, Tesla V100-PCIE-16GB, 48 %, 3 %, 550 MiB, 16384 MiB, 49
2026/08/10 09:15:46.437, Tesla V100-PCIE-16GB, 47 %, 3 %, 550 MiB, 16384 MiB, 49
2026/08/10 09:15:51.438, Tesla V100-PCIE-16GB, 49 %, 3 %, 550 MiB, 16384 MiB, 49
2026/08/10 09:15:56.439, Tesla V100-PCIE-16GB, 48 %, 3 %, 550 MiB, 16384 MiB, 49
2026/08/10 09:16:01.440, Tesla V100-PCIE-16GB, 49 %, 3 %, 550 MiB, 16384 MiB, 49
2026/08/10 09:16:06.440, Tesla V100-PCIE-16GB, 46 %, 3 %, 550 MiB, 16384 MiB, 49
2026/08/10 09:16:11.441, Tesla V100-PCIE-16GB, 46 %, 3 %, 550 MiB, 16384 MiB, 49
2026/08/10 09:16:16.442, Tesla V100-PCIE-16GB, 51 %, 3 %, 550 MiB, 16384 MiB, 49
2026/08/10 09:16:21.443, Tesla V100-PCIE-16GB, 50 %, 3 %, 550 MiB, 16384 MiB, 49
2026/08/10 09:16:26.444, Tesla V100-PCIE-16GB, 48 %, 3 %, 550 MiB, 16384 MiB, 49
2026/08/10 09:16:31.445, Tesla V100-PCIE-16GB, 45 %, 3 %, 550 MiB, 16384 MiB, 49
2026/08/10 09:16:36.447, Tesla V100-PCIE-16GB, 50 %, 3 %, 550 MiB, 16384 MiB, 49
2026/08/10 09:16:41.448, Tesla V100-PCIE-16GB, 45 %, 3 %, 550 MiB, 16384 MiB, 49
2026/08/10 09:16:46.452, Tesla V100-PCIE-16GB, 49 %, 3 %, 550 MiB, 16384 MiB, 49
2026/08/10 09:16:51.453, Tesla V100-PCIE-16GB, 49 %, 3 %, 550 MiB, 16384 MiB, 49
2026/08/10 09:16:56.454, Tesla V100-PCIE-16GB, 46 %, 3 %, 550 MiB, 16384 MiB, 49
2026/08/10 09:17:01.454, Tesla V100-PCIE-16GB, 49 %, 3 %, 550 MiB, 16384 MiB, 49
2026/08/10 09:17:06.455, Tesla V100-PCIE-16GB, 51 %, 3 %, 550 MiB, 16384 MiB, 49
2026/08/10 09:17:11.456, Tesla V100-PCIE-16GB, 49 %, 3 %, 550 MiB, 16384 MiB, 49
2026/08/10 09:17:16.457, Tesla V100-PCIE-16GB, 46 %, 3 %, 550 MiB, 16384 MiB, 49
2026/08/10 09:17:21.458, Tesla V100-PCIE-16GB, 50 %, 3 %, 550 MiB, 16384 MiB, 49
2026/08/10 09:17:26.458, Tesla V100-PCIE-16GB, 49 %, 3 %, 550 MiB, 16384 MiB, 49
2026/08/10 09:17:31.459, Tesla V100-PCIE-16GB, 46 %, 3 %, 550 MiB, 16384 MiB, 49
2026/08/10 09:17:36.460, Tesla V100-PCIE-16GB, 40 %, 3 %, 550 MiB, 16384 MiB, 49
2026/08/10 09:17:41.461, Tesla V100-PCIE-16GB, 49 %, 3 %, 550 MiB, 16384 MiB, 49
2026/08/10 09:17:46.464, Tesla V100-PCIE-16GB, 46 %, 3 %, 550 MiB, 16384 MiB, 49
2026/08/10 09:17:51.465, Tesla V100-PCIE-16GB, 20 %, 4 %, 550 MiB, 16384 MiB, 49
2026/08/10 09:17:56.466, Tesla V100-PCIE-16GB, 51 %, 3 %, 550 MiB, 16384 MiB, 49
2026/08/10 09:18:01.467, Tesla V100-PCIE-16GB, 46 %, 3 %, 550 MiB, 16384 MiB, 49
2026/08/10 09:18:06.468, Tesla V100-PCIE-16GB, 48 %, 3 %, 550 MiB, 16384 MiB, 49
2026/08/10 09:18:11.469, Tesla V100-PCIE-16GB, 48 %, 3 %, 550 MiB, 16384 MiB, 49
2026/08/10 09:18:16.470, Tesla V100-PCIE-16GB, 44 %, 3 %, 550 MiB, 16384 MiB, 49
2026/08/10 09:18:21.471, Tesla V100-PCIE-16GB, 49 %, 3 %, 550 MiB, 16384 MiB, 49
2026/08/10 09:18:26.472, Tesla V100-PCIE-16GB, 47 %, 3 %, 550 MiB, 16384 MiB, 49
2026/08/10 09:18:31.473, Tesla V100-PCIE-16GB, 48 %, 3 %, 550 MiB, 16384 MiB, 49
2026/08/10 09:18:36.474, Tesla V100-PCIE-16GB, 47 %, 3 %, 550 MiB, 16384 MiB, 49
2026/08/10 09:18:41.475, Tesla V100-PCIE-16GB, 49 %, 3 %, 550 MiB, 16384 MiB, 49
2026/08/10 09:18:46.476, Tesla V100-PCIE-16GB, 29 %, 3 %, 550 MiB, 16384 MiB, 49
2026/08/10 09:18:51.539, Tesla V100-PCIE-16GB, 50 %, 3 %, 550 MiB, 16384 MiB, 49
2026/08/10 09:18:56.539, Tesla V100-PCIE-16GB, 52 %, 3 %, 550 MiB, 16384 MiB, 49
2026/08/10 09:19:01.540, Tesla V100-PCIE-16GB, 47 %, 3 %, 550 MiB, 16384 MiB, 49
2026/08/10 09:19:06.543, Tesla V100-PCIE-16GB, 48 %, 3 %, 550 MiB, 16384 MiB, 49
2026/08/10 09:19:11.544, Tesla V100-PCIE-16GB, 46 %, 3 %, 550 MiB, 16384 MiB, 49
2026/08/10 09:19:16.545, Tesla V100-PCIE-16GB, 50 %, 3 %, 550 MiB, 16384 MiB, 49
2026/08/10 09:19:21.546, Tesla V100-PCIE-16GB, 48 %, 3 %, 550 MiB, 16384 MiB, 49
2026/08/10 09:19:26.546, Tesla V100-PCIE-16GB, 47 %, 3 %, 550 MiB, 16384 MiB, 49
2026/08/10 09:19:31.641, Tesla V100-PCIE-16GB, 47 %, 3 %, 550 MiB, 16384 MiB, 49
2026/08/10 09:19:36.642, Tesla V100-PCIE-16GB, 48 %, 3 %, 550 MiB, 16384 MiB, 50
2026/08/10 09:19:41.643, Tesla V100-PCIE-16GB, 48 %, 3 %, 550 MiB, 16384 MiB, 49
2026/08/10 09:19:46.643, Tesla V100-PCIE-16GB, 50 %, 3 %, 550 MiB, 16384 MiB, 50
2026/08/10 09:19:51.648, Tesla V100-PCIE-16GB, 47 %, 3 %, 550 MiB, 16384 MiB, 50
2026/08/10 09:19:56.648, Tesla V100-PCIE-16GB, 48 %, 3 %, 550 MiB, 16384 MiB, 50
2026/08/10 09:20:01.649, Tesla V100-PCIE-16GB, 49 %, 3 %, 550 MiB, 16384 MiB, 50
2026/08/10 09:20:06.650, Tesla V100-PCIE-16GB, 19 %, 4 %, 550 MiB, 16384 MiB, 49
2026/08/10 09:20:11.651, Tesla V100-PCIE-16GB, 49 %, 3 %, 550 MiB, 16384 MiB, 49
2026/08/10 09:20:16.652, Tesla V100-PCIE-16GB, 45 %, 3 %, 550 MiB, 16384 MiB, 50
2026/08/10 09:20:21.653, Tesla V100-PCIE-16GB, 44 %, 3 %, 550 MiB, 16384 MiB, 49
2026/08/10 09:20:26.654, Tesla V100-PCIE-16GB, 46 %, 3 %, 550 MiB, 16384 MiB, 50
2026/08/10 09:20:31.654, Tesla V100-PCIE-16GB, 49 %, 3 %, 550 MiB, 16384 MiB, 50
2026/08/10 09:20:36.748, Tesla V100-PCIE-16GB, 49 %, 3 %, 550 MiB, 16384 MiB, 50
2026/08/10 09:20:41.748, Tesla V100-PCIE-16GB, 46 %, 3 %, 550 MiB, 16384 MiB, 50
2026/08/10 09:20:46.749, Tesla V100-PCIE-16GB, 49 %, 3 %, 550 MiB, 16384 MiB, 50
2026/08/10 09:20:51.750, Tesla V100-PCIE-16GB, 49 %, 3 %, 550 MiB, 16384 MiB, 49
2026/08/10 09:20:56.752, Tesla V100-PCIE-16GB, 43 %, 3 %, 550 MiB, 16384 MiB, 49
2026/08/10 09:21:01.753, Tesla V100-PCIE-16GB, 19 %, 4 %, 550 MiB, 16384 MiB, 49
2026/08/10 09:21:06.754, Tesla V100-PCIE-16GB, 50 %, 3 %, 550 MiB, 16384 MiB, 49
2026/08/10 09:21:11.755, Tesla V100-PCIE-16GB, 50 %, 3 %, 550 MiB, 16384 MiB, 49
2026/08/10 09:21:16.756, Tesla V100-PCIE-16GB, 49 %, 3 %, 550 MiB, 16384 MiB, 49
2026/08/10 09:21:21.757, Tesla V100-PCIE-16GB, 46 %, 3 %, 550 MiB, 16384 MiB, 49
2026/08/10 09:21:26.804, Tesla V100-PCIE-16GB, 48 %, 3 %, 550 MiB, 16384 MiB, 49
2026/08/10 09:21:31.805, Tesla V100-PCIE-16GB, 46 %, 3 %, 550 MiB, 16384 MiB, 49
2026/08/10 09:21:36.806, Tesla V100-PCIE-16GB, 48 %, 3 %, 550 MiB, 16384 MiB, 49
2026/08/10 09:21:41.806, Tesla V100-PCIE-16GB, 50 %, 3 %, 550 MiB, 16384 MiB, 49
2026/08/10 09:21:46.807, Tesla V100-PCIE-16GB, 49 %, 3 %, 550 MiB, 16384 MiB, 49
2026/08/10 09:21:51.808, Tesla V100-PCIE-16GB, 45 %, 3 %, 550 MiB, 16384 MiB, 49
2026/08/10 09:21:56.809, Tesla V100-PCIE-16GB, 51 %, 3 %, 550 MiB, 16384 MiB, 49
2026/08/10 09:22:01.810, Tesla V100-PCIE-16GB, 48 %, 3 %, 550 MiB, 16384 MiB, 49
2026/08/10 09:22:06.811, Tesla V100-PCIE-16GB, 40 %, 3 %, 550 MiB, 16384 MiB, 49
2026/08/10 09:22:11.812, Tesla V100-PCIE-16GB, 50 %, 3 %, 550 MiB, 16384 MiB, 49
2026/08/10 09:22:16.812, Tesla V100-PCIE-16GB, 48 %, 3 %, 550 MiB, 16384 MiB, 49
2026/08/10 09:22:21.813, Tesla V100-PCIE-16GB, 46 %, 3 %, 550 MiB, 16384 MiB, 49
2026/08/10 09:22:26.814, Tesla V100-PCIE-16GB, 49 %, 3 %, 550 MiB, 16384 MiB, 49
2026/08/10 09:22:31.815, Tesla V100-PCIE-16GB, 49 %, 3 %, 550 MiB, 16384 MiB, 49
2026/08/10 09:22:36.816, Tesla V100-PCIE-16GB, 43 %, 3 %, 550 MiB, 16384 MiB, 49
2026/08/10 09:22:41.819, Tesla V100-PCIE-16GB, 50 %, 3 %, 550 MiB, 16384 MiB, 49
2026/08/10 09:22:46.820, Tesla V100-PCIE-16GB, 47 %, 3 %, 550 MiB, 16384 MiB, 49
2026/08/10 09:22:51.820, Tesla V100-PCIE-16GB, 50 %, 3 %, 550 MiB, 16384 MiB, 49
2026/08/10 09:22:56.821, Tesla V100-PCIE-16GB, 51 %, 3 %, 550 MiB, 16384 MiB, 49
2026/08/10 09:23:01.822, Tesla V100-PCIE-16GB, 50 %, 3 %, 550 MiB, 16384 MiB, 49
2026/08/10 09:23:06.823, Tesla V100-PCIE-16GB, 46 %, 3 %, 550 MiB, 16384 MiB, 49
2026/08/10 09:23:11.824, Tesla V100-PCIE-16GB, 49 %, 3 %, 550 MiB, 16384 MiB, 49
2026/08/10 09:23:16.824, Tesla V100-PCIE-16GB, 12 %, 2 %, 550 MiB, 16384 MiB, 49
2026/08/10 09:23:21.825, Tesla V100-PCIE-16GB, 46 %, 3 %, 550 MiB, 16384 MiB, 49
2026/08/10 09:23:26.826, Tesla V100-PCIE-16GB, 49 %, 3 %, 550 MiB, 16384 MiB, 49
2026/08/10 09:23:31.827, Tesla V100-PCIE-16GB, 48 %, 3 %, 550 MiB, 16384 MiB, 49
2026/08/10 09:23:36.887, Tesla V100-PCIE-16GB, 48 %, 3 %, 550 MiB, 16384 MiB, 49
2026/08/10 09:23:41.888, Tesla V100-PCIE-16GB, 49 %, 3 %, 550 MiB, 16384 MiB, 49
2026/08/10 09:23:46.889, Tesla V100-PCIE-16GB, 49 %, 3 %, 550 MiB, 16384 MiB, 49
2026/08/10 09:23:51.890, Tesla V100-PCIE-16GB, 50 %, 3 %, 550 MiB, 16384 MiB, 49
2026/08/10 09:23:56.905, Tesla V100-PCIE-16GB, 49 %, 3 %, 550 MiB, 16384 MiB, 49
2026/08/10 09:24:01.906, Tesla V100-PCIE-16GB, 50 %, 3 %, 550 MiB, 16384 MiB, 49
2026/08/10 09:24:06.907, Tesla V100-PCIE-16GB, 49 %, 3 %, 550 MiB, 16384 MiB, 49
2026/08/10 09:24:11.907, Tesla V100-PCIE-16GB, 49 %, 3 %, 550 MiB, 16384 MiB, 49
2026/08/10 09:24:16.908, Tesla V100-PCIE-16GB, 50 %, 3 %, 550 MiB, 16384 MiB, 49
2026/08/10 09:24:21.909, Tesla V100-PCIE-16GB, 48 %, 3 %, 550 MiB, 16384 MiB, 49
2026/08/10 09:24:26.997, Tesla V100-PCIE-16GB, 47 %, 3 %, 550 MiB, 16384 MiB, 49
2026/08/10 09:24:31.997, Tesla V100-PCIE-16GB, 49 %, 3 %, 550 MiB, 16384 MiB, 49
2026/08/10 09:24:36.998, Tesla V100-PCIE-16GB, 20 %, 4 %, 550 MiB, 16384 MiB, 49
2026/08/10 09:24:41.999, Tesla V100-PCIE-16GB, 47 %, 3 %, 550 MiB, 16384 MiB, 49
2026/08/10 09:24:47.000, Tesla V100-PCIE-16GB, 44 %, 3 %, 550 MiB, 16384 MiB, 49
2026/08/10 09:24:52.000, Tesla V100-PCIE-16GB, 51 %, 3 %, 550 MiB, 16384 MiB, 49
2026/08/10 09:24:57.001, Tesla V100-PCIE-16GB, 49 %, 3 %, 550 MiB, 16384 MiB, 49
2026/08/10 09:25:02.002, Tesla V100-PCIE-16GB, 45 %, 3 %, 550 MiB, 16384 MiB, 49
2026/08/10 09:25:07.003, Tesla V100-PCIE-16GB, 46 %, 3 %, 550 MiB, 16384 MiB, 49
2026/08/10 09:25:12.005, Tesla V100-PCIE-16GB, 48 %, 3 %, 550 MiB, 16384 MiB, 49
2026/08/10 09:25:17.006, Tesla V100-PCIE-16GB, 48 %, 3 %, 550 MiB, 16384 MiB, 49
2026/08/10 09:25:22.006, Tesla V100-PCIE-16GB, 49 %, 3 %, 550 MiB, 16384 MiB, 49
2026/08/10 09:25:27.009, Tesla V100-PCIE-16GB, 47 %, 3 %, 550 MiB, 16384 MiB, 49
2026/08/10 09:25:32.075, Tesla V100-PCIE-16GB, 49 %, 3 %, 550 MiB, 16384 MiB, 49
2026/08/10 09:25:37.075, Tesla V100-PCIE-16GB, 50 %, 3 %, 550 MiB, 16384 MiB, 49
2026/08/10 09:25:42.076, Tesla V100-PCIE-16GB, 49 %, 3 %, 550 MiB, 16384 MiB, 49
2026/08/10 09:25:47.077, Tesla V100-PCIE-16GB, 49 %, 3 %, 550 MiB, 16384 MiB, 49
2026/08/10 09:25:52.078, Tesla V100-PCIE-16GB, 51 %, 3 %, 550 MiB, 16384 MiB, 49
2026/08/10 09:25:57.078, Tesla V100-PCIE-16GB, 49 %, 3 %, 550 MiB, 16384 MiB, 49
2026/08/10 09:26:02.079, Tesla V100-PCIE-16GB, 46 %, 3 %, 550 MiB, 16384 MiB, 49
2026/08/10 09:26:07.080, Tesla V100-PCIE-16GB, 50 %, 3 %, 550 MiB, 16384 MiB, 49
2026/08/10 09:26:12.081, Tesla V100-PCIE-16GB, 49 %, 3 %, 550 MiB, 16384 MiB, 49
2026/08/10 09:26:17.081, Tesla V100-PCIE-16GB, 41 %, 3 %, 550 MiB, 16384 MiB, 49
2026/08/10 09:26:22.082, Tesla V100-PCIE-16GB, 49 %, 3 %, 550 MiB, 16384 MiB, 49
2026/08/10 09:26:27.172, Tesla V100-PCIE-16GB, 52 %, 4 %, 550 MiB, 16384 MiB, 49
2026/08/10 09:26:32.173, Tesla V100-PCIE-16GB, 48 %, 3 %, 550 MiB, 16384 MiB, 49
2026/08/10 09:26:37.175, Tesla V100-PCIE-16GB, 51 %, 3 %, 550 MiB, 16384 MiB, 49
2026/08/10 09:26:42.178, Tesla V100-PCIE-16GB, 49 %, 3 %, 550 MiB, 16384 MiB, 49
2026/08/10 09:26:47.179, Tesla V100-PCIE-16GB, 47 %, 3 %, 550 MiB, 16384 MiB, 49
2026/08/10 09:26:52.179, Tesla V100-PCIE-16GB, 17 %, 3 %, 550 MiB, 16384 MiB, 49
2026/08/10 09:26:57.180, Tesla V100-PCIE-16GB, 49 %, 3 %, 550 MiB, 16384 MiB, 49
2026/08/10 09:27:02.181, Tesla V100-PCIE-16GB, 49 %, 3 %, 550 MiB, 16384 MiB, 49
2026/08/10 09:27:07.182, Tesla V100-PCIE-16GB, 42 %, 3 %, 550 MiB, 16384 MiB, 49
2026/08/10 09:27:12.183, Tesla V100-PCIE-16GB, 46 %, 3 %, 550 MiB, 16384 MiB, 49
2026/08/10 09:27:17.184, Tesla V100-PCIE-16GB, 47 %, 3 %, 550 MiB, 16384 MiB, 49
2026/08/10 09:27:22.187, Tesla V100-PCIE-16GB, 46 %, 3 %, 550 MiB, 16384 MiB, 49
2026/08/10 09:27:27.188, Tesla V100-PCIE-16GB, 48 %, 3 %, 550 MiB, 16384 MiB, 49
2026/08/10 09:27:32.192, Tesla V100-PCIE-16GB, 50 %, 3 %, 550 MiB, 16384 MiB, 49
2026/08/10 09:27:37.193, Tesla V100-PCIE-16GB, 46 %, 3 %, 550 MiB, 16384 MiB, 49
2026/08/10 09:27:42.194, Tesla V100-PCIE-16GB, 50 %, 3 %, 550 MiB, 16384 MiB, 49
2026/08/10 09:27:47.195, Tesla V100-PCIE-16GB, 51 %, 4 %, 550 MiB, 16384 MiB, 49
2026/08/10 09:27:52.195, Tesla V100-PCIE-16GB, 50 %, 3 %, 550 MiB, 16384 MiB, 49
2026/08/10 09:27:57.198, Tesla V100-PCIE-16GB, 51 %, 3 %, 550 MiB, 16384 MiB, 49
2026/08/10 09:28:02.198, Tesla V100-PCIE-16GB, 49 %, 3 %, 550 MiB, 16384 MiB, 49
2026/08/10 09:28:07.199, Tesla V100-PCIE-16GB, 46 %, 3 %, 550 MiB, 16384 MiB, 49
2026/08/10 09:28:12.203, Tesla V100-PCIE-16GB, 19 %, 4 %, 550 MiB, 16384 MiB, 49
2026/08/10 09:28:17.204, Tesla V100-PCIE-16GB, 48 %, 3 %, 550 MiB, 16384 MiB, 49
2026/08/10 09:28:22.205, Tesla V100-PCIE-16GB, 49 %, 3 %, 550 MiB, 16384 MiB, 49
2026/08/10 09:28:27.282, Tesla V100-PCIE-16GB, 49 %, 3 %, 550 MiB, 16384 MiB, 49
2026/08/10 09:28:32.284, Tesla V100-PCIE-16GB, 49 %, 3 %, 550 MiB, 16384 MiB, 49
2026/08/10 09:28:37.285, Tesla V100-PCIE-16GB, 48 %, 3 %, 550 MiB, 16384 MiB, 49
2026/08/10 09:28:42.286, Tesla V100-PCIE-16GB, 50 %, 3 %, 550 MiB, 16384 MiB, 49
2026/08/10 09:28:47.287, Tesla V100-PCIE-16GB, 49 %, 3 %, 550 MiB, 16384 MiB, 49
2026/08/10 09:28:52.288, Tesla V100-PCIE-16GB, 51 %, 3 %, 550 MiB, 16384 MiB, 50
2026/08/10 09:28:57.289, Tesla V100-PCIE-16GB, 49 %, 3 %, 550 MiB, 16384 MiB, 50
2026/08/10 09:29:02.289, Tesla V100-PCIE-16GB, 47 %, 3 %, 550 MiB, 16384 MiB, 50
2026/08/10 09:29:07.290, Tesla V100-PCIE-16GB, 45 %, 3 %, 550 MiB, 16384 MiB, 50
2026/08/10 09:29:12.291, Tesla V100-PCIE-16GB, 48 %, 3 %, 550 MiB, 16384 MiB, 50
2026/08/10 09:29:17.292, Tesla V100-PCIE-16GB, 49 %, 3 %, 550 MiB, 16384 MiB, 50
2026/08/10 09:29:22.292, Tesla V100-PCIE-16GB, 49 %, 3 %, 550 MiB, 16384 MiB, 50
2026/08/10 09:29:27.293, Tesla V100-PCIE-16GB, 47 %, 3 %, 550 MiB, 16384 MiB, 50
2026/08/10 09:29:32.294, Tesla V100-PCIE-16GB, 49 %, 3 %, 550 MiB, 16384 MiB, 50
2026/08/10 09:29:37.386, Tesla V100-PCIE-16GB, 48 %, 3 %, 550 MiB, 16384 MiB, 50
2026/08/10 09:29:42.389, Tesla V100-PCIE-16GB, 48 %, 3 %, 550 MiB, 16384 MiB, 50
2026/08/10 09:29:47.390, Tesla V100-PCIE-16GB, 49 %, 3 %, 550 MiB, 16384 MiB, 50
2026/08/10 09:29:52.391, Tesla V100-PCIE-16GB, 48 %, 3 %, 550 MiB, 16384 MiB, 50
2026/08/10 09:29:57.392, Tesla V100-PCIE-16GB, 49 %, 3 %, 550 MiB, 16384 MiB, 50
2026/08/10 09:30:02.393, Tesla V100-PCIE-16GB, 52 %, 3 %, 550 MiB, 16384 MiB, 50
2026/08/10 09:30:07.461, Tesla V100-PCIE-16GB, 48 %, 3 %, 550 MiB, 16384 MiB, 50
2026/08/10 09:30:12.462, Tesla V100-PCIE-16GB, 50 %, 3 %, 550 MiB, 16384 MiB, 50
2026/08/10 09:30:17.463, Tesla V100-PCIE-16GB, 47 %, 3 %, 550 MiB, 16384 MiB, 50
2026/08/10 09:30:22.464, Tesla V100-PCIE-16GB, 47 %, 3 %, 550 MiB, 16384 MiB, 50
2026/08/10 09:30:27.468, Tesla V100-PCIE-16GB, 19 %, 4 %, 550 MiB, 16384 MiB, 50
2026/08/10 09:30:32.468, Tesla V100-PCIE-16GB, 49 %, 3 %, 550 MiB, 16384 MiB, 50
2026/08/10 09:30:37.469, Tesla V100-PCIE-16GB, 49 %, 3 %, 550 MiB, 16384 MiB, 50
2026/08/10 09:30:42.520, Tesla V100-PCIE-16GB, 49 %, 3 %, 550 MiB, 16384 MiB, 50
2026/08/10 09:30:47.524, Tesla V100-PCIE-16GB, 49 %, 3 %, 550 MiB, 16384 MiB, 50
2026/08/10 09:30:52.525, Tesla V100-PCIE-16GB, 48 %, 3 %, 550 MiB, 16384 MiB, 50
2026/08/10 09:30:57.526, Tesla V100-PCIE-16GB, 49 %, 3 %, 550 MiB, 16384 MiB, 50
2026/08/10 09:31:02.527, Tesla V100-PCIE-16GB, 51 %, 3 %, 550 MiB, 16384 MiB, 50
2026/08/10 09:31:07.527, Tesla V100-PCIE-16GB, 49 %, 3 %, 550 MiB, 16384 MiB, 50
2026/08/10 09:31:12.528, Tesla V100-PCIE-16GB, 44 %, 3 %, 550 MiB, 16384 MiB, 50
2026/08/10 09:31:17.529, Tesla V100-PCIE-16GB, 44 %, 3 %, 550 MiB, 16384 MiB, 50
2026/08/10 09:31:22.530, Tesla V100-PCIE-16GB, 50 %, 3 %, 550 MiB, 16384 MiB, 50
2026/08/10 09:31:27.531, Tesla V100-PCIE-16GB, 51 %, 3 %, 550 MiB, 16384 MiB, 50
2026/08/10 09:31:32.531, Tesla V100-PCIE-16GB, 49 %, 3 %, 550 MiB, 16384 MiB, 50
2026/08/10 09:31:37.532, Tesla V100-PCIE-16GB, 49 %, 3 %, 550 MiB, 16384 MiB, 50
2026/08/10 09:31:42.533, Tesla V100-PCIE-16GB, 49 %, 3 %, 550 MiB, 16384 MiB, 50
2026/08/10 09:31:47.534, Tesla V100-PCIE-16GB, 49 %, 3 %, 550 MiB, 16384 MiB, 50
2026/08/10 09:31:52.535, Tesla V100-PCIE-16GB, 47 %, 3 %, 550 MiB, 16384 MiB, 50
2026/08/10 09:31:57.535, Tesla V100-PCIE-16GB, 46 %, 3 %, 550 MiB, 16384 MiB, 50
2026/08/10 09:32:02.536, Tesla V100-PCIE-16GB, 44 %, 3 %, 550 MiB, 16384 MiB, 49
2026/08/10 09:32:07.537, Tesla V100-PCIE-16GB, 45 %, 3 %, 550 MiB, 16384 MiB, 50
2026/08/10 09:32:12.538, Tesla V100-PCIE-16GB, 49 %, 3 %, 550 MiB, 16384 MiB, 50
2026/08/10 09:32:17.539, Tesla V100-PCIE-16GB, 51 %, 3 %, 550 MiB, 16384 MiB, 49
2026/08/10 09:32:22.540, Tesla V100-PCIE-16GB, 46 %, 3 %, 550 MiB, 16384 MiB, 49
2026/08/10 09:32:27.540, Tesla V100-PCIE-16GB, 48 %, 3 %, 550 MiB, 16384 MiB, 49
2026/08/10 09:32:32.541, Tesla V100-PCIE-16GB, 49 %, 3 %, 550 MiB, 16384 MiB, 49
2026/08/10 09:32:37.542, Tesla V100-PCIE-16GB, 49 %, 3 %, 550 MiB, 16384 MiB, 49
2026/08/10 09:32:42.543, Tesla V100-PCIE-16GB, 19 %, 4 %, 550 MiB, 16384 MiB, 49
2026/08/10 09:32:47.544, Tesla V100-PCIE-16GB, 49 %, 3 %, 550 MiB, 16384 MiB, 49
2026/08/10 09:32:52.545, Tesla V100-PCIE-16GB, 49 %, 3 %, 550 MiB, 16384 MiB, 49
2026/08/10 09:32:57.546, Tesla V100-PCIE-16GB, 44 %, 3 %, 550 MiB, 16384 MiB, 49
2026/08/10 09:33:02.546, Tesla V100-PCIE-16GB, 45 %, 3 %, 550 MiB, 16384 MiB, 49
2026/08/10 09:33:07.547, Tesla V100-PCIE-16GB, 51 %, 3 %, 550 MiB, 16384 MiB, 49
2026/08/10 09:33:12.548, Tesla V100-PCIE-16GB, 49 %, 3 %, 550 MiB, 16384 MiB, 49
2026/08/10 09:33:17.621, Tesla V100-PCIE-16GB, 47 %, 3 %, 550 MiB, 16384 MiB, 49
2026/08/10 09:33:22.622, Tesla V100-PCIE-16GB, 46 %, 3 %, 550 MiB, 16384 MiB, 49
2026/08/10 09:33:27.623, Tesla V100-PCIE-16GB, 49 %, 3 %, 550 MiB, 16384 MiB, 49
2026/08/10 09:33:32.624, Tesla V100-PCIE-16GB, 49 %, 3 %, 550 MiB, 16384 MiB, 49
2026/08/10 09:33:37.624, Tesla V100-PCIE-16GB, 49 %, 3 %, 550 MiB, 16384 MiB, 49
2026/08/10 09:33:42.627, Tesla V100-PCIE-16GB, 48 %, 3 %, 550 MiB, 16384 MiB, 49
2026/08/10 09:33:47.628, Tesla V100-PCIE-16GB, 49 %, 3 %, 550 MiB, 16384 MiB, 49
2026/08/10 09:33:52.631, Tesla V100-PCIE-16GB, 49 %, 3 %, 550 MiB, 16384 MiB, 49
2026/08/10 09:33:57.632, Tesla V100-PCIE-16GB, 48 %, 3 %, 550 MiB, 16384 MiB, 49
2026/08/10 09:34:02.633, Tesla V100-PCIE-16GB, 49 %, 3 %, 550 MiB, 16384 MiB, 49
2026/08/10 09:34:07.633, Tesla V100-PCIE-16GB, 50 %, 3 %, 550 MiB, 16384 MiB, 49
2026/08/10 09:34:12.634, Tesla V100-PCIE-16GB, 45 %, 3 %, 550 MiB, 16384 MiB, 49
2026/08/10 09:34:17.635, Tesla V100-PCIE-16GB, 49 %, 3 %, 550 MiB, 16384 MiB, 49
2026/08/10 09:34:22.636, Tesla V100-PCIE-16GB, 49 %, 3 %, 550 MiB, 16384 MiB, 49
2026/08/10 09:34:27.637, Tesla V100-PCIE-16GB, 47 %, 3 %, 550 MiB, 16384 MiB, 49
2026/08/10 09:34:32.637, Tesla V100-PCIE-16GB, 47 %, 3 %, 550 MiB, 16384 MiB, 49
2026/08/10 09:34:37.638, Tesla V100-PCIE-16GB, 49 %, 3 %, 550 MiB, 16384 MiB, 49
2026/08/10 09:34:42.639, Tesla V100-PCIE-16GB, 43 %, 3 %, 550 MiB, 16384 MiB, 49
2026/08/10 09:34:47.679, Tesla V100-PCIE-16GB, 50 %, 3 %, 550 MiB, 16384 MiB, 49
2026/08/10 09:34:52.679, Tesla V100-PCIE-16GB, 49 %, 3 %, 550 MiB, 16384 MiB, 49
2026/08/10 09:34:57.680, Tesla V100-PCIE-16GB, 19 %, 4 %, 550 MiB, 16384 MiB, 49
2026/08/10 09:35:02.681, Tesla V100-PCIE-16GB, 56 %, 25 %, 610 MiB, 16384 MiB, 51
2026/08/10 09:35:07.682, Tesla V100-PCIE-16GB, 56 %, 27 %, 610 MiB, 16384 MiB, 52
2026/08/10 09:35:12.683, Tesla V100-PCIE-16GB, 55 %, 25 %, 610 MiB, 16384 MiB, 52
2026/08/10 09:35:17.684, Tesla V100-PCIE-16GB, 56 %, 25 %, 610 MiB, 16384 MiB, 53
2026/08/10 09:35:22.685, Tesla V100-PCIE-16GB, 33 %, 1 %, 730 MiB, 16384 MiB, 51
2026/08/10 09:35:27.686, Tesla V100-PCIE-16GB, 74 %, 2 %, 730 MiB, 16384 MiB, 50
2026/08/10 09:35:32.686, Tesla V100-PCIE-16GB, 74 %, 2 %, 792 MiB, 16384 MiB, 50
2026/08/10 09:35:37.690, Tesla V100-PCIE-16GB, 61 %, 2 %, 792 MiB, 16384 MiB, 50
2026/08/10 09:35:42.691, Tesla V100-PCIE-16GB, 72 %, 2 %, 858 MiB, 16384 MiB, 50
2026/08/10 09:35:47.691, Tesla V100-PCIE-16GB, 67 %, 2 %, 858 MiB, 16384 MiB, 50
2026/08/10 09:35:52.692, Tesla V100-PCIE-16GB, 69 %, 2 %, 858 MiB, 16384 MiB, 49
2026/08/10 09:35:57.693, Tesla V100-PCIE-16GB, 68 %, 2 %, 858 MiB, 16384 MiB, 49
2026/08/10 09:36:02.694, Tesla V100-PCIE-16GB, 69 %, 2 %, 858 MiB, 16384 MiB, 49
2026/08/10 09:36:07.695, Tesla V100-PCIE-16GB, 62 %, 2 %, 858 MiB, 16384 MiB, 49
2026/08/10 09:36:12.696, Tesla V100-PCIE-16GB, 67 %, 2 %, 858 MiB, 16384 MiB, 49
2026/08/10 09:36:17.697, Tesla V100-PCIE-16GB, 71 %, 2 %, 858 MiB, 16384 MiB, 49
2026/08/10 09:36:22.698, Tesla V100-PCIE-16GB, 69 %, 2 %, 858 MiB, 16384 MiB, 49
2026/08/10 09:36:27.699, Tesla V100-PCIE-16GB, 75 %, 2 %, 858 MiB, 16384 MiB, 49
2026/08/10 09:36:32.701, Tesla V100-PCIE-16GB, 72 %, 2 %, 858 MiB, 16384 MiB, 49
2026/08/10 09:36:37.702, Tesla V100-PCIE-16GB, 72 %, 2 %, 858 MiB, 16384 MiB, 49
2026/08/10 09:36:42.703, Tesla V100-PCIE-16GB, 70 %, 2 %, 858 MiB, 16384 MiB, 49
2026/08/10 09:36:47.704, Tesla V100-PCIE-16GB, 75 %, 2 %, 932 MiB, 16384 MiB, 49
2026/08/10 09:36:52.705, Tesla V100-PCIE-16GB, 70 %, 2 %, 932 MiB, 16384 MiB, 49
2026/08/10 09:36:57.705, Tesla V100-PCIE-16GB, 65 %, 2 %, 932 MiB, 16384 MiB, 49
2026/08/10 09:37:02.798, Tesla V100-PCIE-16GB, 70 %, 2 %, 932 MiB, 16384 MiB, 49
2026/08/10 09:37:07.800, Tesla V100-PCIE-16GB, 72 %, 2 %, 932 MiB, 16384 MiB, 49
