timestamp, name, utilization.gpu [%], utilization.memory [%], memory.used [MiB], memory.total [MiB], temperature.gpu
2026/08/12 17:40:00.795, Tesla V100-PCIE-16GB, 0 %, 0 %, 0 MiB, 16384 MiB, 38
2026/08/12 17:40:10.796, Tesla V100-PCIE-16GB, 55 %, 4 %, 548 MiB, 16384 MiB, 40
2026/08/12 17:40:20.798, Tesla V100-PCIE-16GB, 58 %, 4 %, 548 MiB, 16384 MiB, 41
2026/08/12 17:40:30.799, Tesla V100-PCIE-16GB, 57 %, 4 %, 548 MiB, 16384 MiB, 41
2026/08/12 17:40:40.800, Tesla V100-PCIE-16GB, 53 %, 4 %, 548 MiB, 16384 MiB, 42
2026/08/12 17:40:50.801, Tesla V100-PCIE-16GB, 49 %, 3 %, 548 MiB, 16384 MiB, 42
2026/08/12 17:41:00.802, Tesla V100-PCIE-16GB, 53 %, 4 %, 548 MiB, 16384 MiB, 42
2026/08/12 17:41:10.804, Tesla V100-PCIE-16GB, 46 %, 3 %, 548 MiB, 16384 MiB, 43
2026/08/12 17:41:20.805, Tesla V100-PCIE-16GB, 24 %, 5 %, 548 MiB, 16384 MiB, 43
2026/08/12 17:41:30.807, Tesla V100-PCIE-16GB, 52 %, 4 %, 548 MiB, 16384 MiB, 43
2026/08/12 17:41:40.808, Tesla V100-PCIE-16GB, 50 %, 3 %, 548 MiB, 16384 MiB, 43
2026/08/12 17:41:50.810, Tesla V100-PCIE-16GB, 51 %, 4 %, 548 MiB, 16384 MiB, 43
2026/08/12 17:42:00.866, Tesla V100-PCIE-16GB, 55 %, 4 %, 548 MiB, 16384 MiB, 43
2026/08/12 17:42:10.868, Tesla V100-PCIE-16GB, 57 %, 4 %, 548 MiB, 16384 MiB, 43
2026/08/12 17:42:20.869, Tesla V100-PCIE-16GB, 50 %, 3 %, 548 MiB, 16384 MiB, 43
2026/08/12 17:42:30.870, Tesla V100-PCIE-16GB, 55 %, 4 %, 548 MiB, 16384 MiB, 43
2026/08/12 17:42:40.871, Tesla V100-PCIE-16GB, 53 %, 4 %, 548 MiB, 16384 MiB, 43
2026/08/12 17:42:50.872, Tesla V100-PCIE-16GB, 52 %, 4 %, 548 MiB, 16384 MiB, 43
2026/08/12 17:43:00.874, Tesla V100-PCIE-16GB, 56 %, 4 %, 548 MiB, 16384 MiB, 43
2026/08/12 17:43:10.875, Tesla V100-PCIE-16GB, 51 %, 3 %, 548 MiB, 16384 MiB, 44
2026/08/12 17:43:20.877, Tesla V100-PCIE-16GB, 51 %, 3 %, 548 MiB, 16384 MiB, 43
2026/08/12 17:43:30.878, Tesla V100-PCIE-16GB, 55 %, 4 %, 548 MiB, 16384 MiB, 44
2026/08/12 17:43:40.879, Tesla V100-PCIE-16GB, 55 %, 4 %, 548 MiB, 16384 MiB, 43
2026/08/12 17:43:50.880, Tesla V100-PCIE-16GB, 56 %, 4 %, 548 MiB, 16384 MiB, 43
2026/08/12 17:44:00.881, Tesla V100-PCIE-16GB, 58 %, 4 %, 548 MiB, 16384 MiB, 44
2026/08/12 17:44:10.883, Tesla V100-PCIE-16GB, 56 %, 4 %, 548 MiB, 16384 MiB, 44
2026/08/12 17:44:20.884, Tesla V100-PCIE-16GB, 52 %, 4 %, 548 MiB, 16384 MiB, 44
2026/08/12 17:44:30.932, Tesla V100-PCIE-16GB, 58 %, 4 %, 548 MiB, 16384 MiB, 44
2026/08/12 17:44:40.933, Tesla V100-PCIE-16GB, 57 %, 4 %, 548 MiB, 16384 MiB, 44
2026/08/12 17:44:50.934, Tesla V100-PCIE-16GB, 54 %, 4 %, 548 MiB, 16384 MiB, 44
2026/08/12 17:45:00.935, Tesla V100-PCIE-16GB, 51 %, 3 %, 548 MiB, 16384 MiB, 44
2026/08/12 17:45:10.937, Tesla V100-PCIE-16GB, 55 %, 4 %, 548 MiB, 16384 MiB, 44
2026/08/12 17:45:20.938, Tesla V100-PCIE-16GB, 37 %, 4 %, 548 MiB, 16384 MiB, 44
2026/08/12 17:45:30.939, Tesla V100-PCIE-16GB, 55 %, 4 %, 548 MiB, 16384 MiB, 44
2026/08/12 17:45:40.940, Tesla V100-PCIE-16GB, 51 %, 4 %, 548 MiB, 16384 MiB, 44
2026/08/12 17:45:50.944, Tesla V100-PCIE-16GB, 55 %, 4 %, 548 MiB, 16384 MiB, 44
2026/08/12 17:46:00.945, Tesla V100-PCIE-16GB, 50 %, 3 %, 548 MiB, 16384 MiB, 44
2026/08/12 17:46:10.946, Tesla V100-PCIE-16GB, 53 %, 4 %, 548 MiB, 16384 MiB, 44
2026/08/12 17:46:20.948, Tesla V100-PCIE-16GB, 55 %, 4 %, 548 MiB, 16384 MiB, 44
2026/08/12 17:46:31.037, Tesla V100-PCIE-16GB, 53 %, 4 %, 548 MiB, 16384 MiB, 44
2026/08/12 17:46:41.039, Tesla V100-PCIE-16GB, 54 %, 4 %, 548 MiB, 16384 MiB, 44
2026/08/12 17:46:51.041, Tesla V100-PCIE-16GB, 55 %, 4 %, 548 MiB, 16384 MiB, 44
2026/08/12 17:47:01.042, Tesla V100-PCIE-16GB, 52 %, 4 %, 548 MiB, 16384 MiB, 44
2026/08/12 17:47:11.043, Tesla V100-PCIE-16GB, 47 %, 3 %, 548 MiB, 16384 MiB, 44
2026/08/12 17:47:21.044, Tesla V100-PCIE-16GB, 52 %, 4 %, 548 MiB, 16384 MiB, 44
2026/08/12 17:47:31.045, Tesla V100-PCIE-16GB, 56 %, 4 %, 548 MiB, 16384 MiB, 44
2026/08/12 17:47:41.046, Tesla V100-PCIE-16GB, 54 %, 4 %, 548 MiB, 16384 MiB, 44
2026/08/12 17:47:51.049, Tesla V100-PCIE-16GB, 52 %, 4 %, 548 MiB, 16384 MiB, 44
2026/08/12 17:48:01.051, Tesla V100-PCIE-16GB, 52 %, 4 %, 548 MiB, 16384 MiB, 44
2026/08/12 17:48:11.052, Tesla V100-PCIE-16GB, 57 %, 4 %, 548 MiB, 16384 MiB, 44
2026/08/12 17:48:21.053, Tesla V100-PCIE-16GB, 54 %, 4 %, 548 MiB, 16384 MiB, 44
2026/08/12 17:48:31.123, Tesla V100-PCIE-16GB, 52 %, 4 %, 548 MiB, 16384 MiB, 44
2026/08/12 17:48:41.126, Tesla V100-PCIE-16GB, 56 %, 4 %, 548 MiB, 16384 MiB, 44
2026/08/12 17:48:51.128, Tesla V100-PCIE-16GB, 54 %, 4 %, 548 MiB, 16384 MiB, 44
2026/08/12 17:49:01.131, Tesla V100-PCIE-16GB, 58 %, 4 %, 548 MiB, 16384 MiB, 44
2026/08/12 17:49:11.132, Tesla V100-PCIE-16GB, 52 %, 4 %, 548 MiB, 16384 MiB, 44
2026/08/12 17:49:21.133, Tesla V100-PCIE-16GB, 53 %, 4 %, 548 MiB, 16384 MiB, 44
2026/08/12 17:49:31.135, Tesla V100-PCIE-16GB, 58 %, 4 %, 548 MiB, 16384 MiB, 44
2026/08/12 17:49:41.136, Tesla V100-PCIE-16GB, 58 %, 4 %, 548 MiB, 16384 MiB, 44
2026/08/12 17:49:51.137, Tesla V100-PCIE-16GB, 56 %, 4 %, 548 MiB, 16384 MiB, 45
2026/08/12 17:50:01.138, Tesla V100-PCIE-16GB, 53 %, 4 %, 548 MiB, 16384 MiB, 45
2026/08/12 17:50:11.139, Tesla V100-PCIE-16GB, 55 %, 4 %, 548 MiB, 16384 MiB, 45
2026/08/12 17:50:21.140, Tesla V100-PCIE-16GB, 53 %, 4 %, 548 MiB, 16384 MiB, 45
2026/08/12 17:50:31.142, Tesla V100-PCIE-16GB, 55 %, 4 %, 548 MiB, 16384 MiB, 44
2026/08/12 17:50:41.143, Tesla V100-PCIE-16GB, 51 %, 4 %, 548 MiB, 16384 MiB, 44
2026/08/12 17:50:51.144, Tesla V100-PCIE-16GB, 55 %, 4 %, 548 MiB, 16384 MiB, 44
2026/08/12 17:51:01.145, Tesla V100-PCIE-16GB, 55 %, 4 %, 548 MiB, 16384 MiB, 44
2026/08/12 17:51:11.146, Tesla V100-PCIE-16GB, 47 %, 3 %, 548 MiB, 16384 MiB, 44
2026/08/12 17:51:21.147, Tesla V100-PCIE-16GB, 33 %, 3 %, 548 MiB, 16384 MiB, 44
2026/08/12 17:51:31.148, Tesla V100-PCIE-16GB, 53 %, 4 %, 548 MiB, 16384 MiB, 44
2026/08/12 17:51:41.150, Tesla V100-PCIE-16GB, 54 %, 4 %, 548 MiB, 16384 MiB, 44
2026/08/12 17:51:51.151, Tesla V100-PCIE-16GB, 54 %, 4 %, 548 MiB, 16384 MiB, 44
2026/08/12 17:52:01.152, Tesla V100-PCIE-16GB, 52 %, 4 %, 548 MiB, 16384 MiB, 44
2026/08/12 17:52:11.154, Tesla V100-PCIE-16GB, 55 %, 4 %, 548 MiB, 16384 MiB, 44
2026/08/12 17:52:21.155, Tesla V100-PCIE-16GB, 53 %, 4 %, 548 MiB, 16384 MiB, 44
2026/08/12 17:52:31.156, Tesla V100-PCIE-16GB, 49 %, 3 %, 548 MiB, 16384 MiB, 44
2026/08/12 17:52:41.157, Tesla V100-PCIE-16GB, 58 %, 4 %, 548 MiB, 16384 MiB, 44
2026/08/12 17:52:51.158, Tesla V100-PCIE-16GB, 54 %, 4 %, 548 MiB, 16384 MiB, 44
2026/08/12 17:53:01.160, Tesla V100-PCIE-16GB, 57 %, 4 %, 548 MiB, 16384 MiB, 44
2026/08/12 17:53:11.161, Tesla V100-PCIE-16GB, 50 %, 3 %, 548 MiB, 16384 MiB, 44
2026/08/12 17:53:21.162, Tesla V100-PCIE-16GB, 54 %, 4 %, 548 MiB, 16384 MiB, 44
2026/08/12 17:53:31.164, Tesla V100-PCIE-16GB, 53 %, 4 %, 548 MiB, 16384 MiB, 44
2026/08/12 17:53:41.165, Tesla V100-PCIE-16GB, 49 %, 3 %, 548 MiB, 16384 MiB, 44
2026/08/12 17:53:51.167, Tesla V100-PCIE-16GB, 53 %, 4 %, 548 MiB, 16384 MiB, 44
2026/08/12 17:54:01.168, Tesla V100-PCIE-16GB, 57 %, 4 %, 548 MiB, 16384 MiB, 44
2026/08/12 17:54:11.169, Tesla V100-PCIE-16GB, 58 %, 4 %, 548 MiB, 16384 MiB, 44
2026/08/12 17:54:21.171, Tesla V100-PCIE-16GB, 52 %, 4 %, 548 MiB, 16384 MiB, 44
2026/08/12 17:54:31.172, Tesla V100-PCIE-16GB, 58 %, 4 %, 548 MiB, 16384 MiB, 44
2026/08/12 17:54:41.174, Tesla V100-PCIE-16GB, 58 %, 4 %, 548 MiB, 16384 MiB, 44
2026/08/12 17:54:51.175, Tesla V100-PCIE-16GB, 57 %, 4 %, 548 MiB, 16384 MiB, 45
2026/08/12 17:55:01.176, Tesla V100-PCIE-16GB, 50 %, 3 %, 548 MiB, 16384 MiB, 45
2026/08/12 17:55:11.177, Tesla V100-PCIE-16GB, 53 %, 4 %, 548 MiB, 16384 MiB, 45
2026/08/12 17:55:21.178, Tesla V100-PCIE-16GB, 24 %, 5 %, 548 MiB, 16384 MiB, 45
2026/08/12 17:55:31.180, Tesla V100-PCIE-16GB, 51 %, 4 %, 548 MiB, 16384 MiB, 45
2026/08/12 17:55:41.181, Tesla V100-PCIE-16GB, 52 %, 3 %, 548 MiB, 16384 MiB, 45
2026/08/12 17:55:51.182, Tesla V100-PCIE-16GB, 52 %, 4 %, 548 MiB, 16384 MiB, 45
2026/08/12 17:56:01.183, Tesla V100-PCIE-16GB, 52 %, 4 %, 548 MiB, 16384 MiB, 45
2026/08/12 17:56:11.184, Tesla V100-PCIE-16GB, 55 %, 4 %, 548 MiB, 16384 MiB, 45
2026/08/12 17:56:21.186, Tesla V100-PCIE-16GB, 50 %, 3 %, 548 MiB, 16384 MiB, 44
2026/08/12 17:56:31.187, Tesla V100-PCIE-16GB, 52 %, 4 %, 548 MiB, 16384 MiB, 44
2026/08/12 17:56:41.188, Tesla V100-PCIE-16GB, 56 %, 4 %, 548 MiB, 16384 MiB, 44
2026/08/12 17:56:51.189, Tesla V100-PCIE-16GB, 53 %, 4 %, 548 MiB, 16384 MiB, 44
2026/08/12 17:57:01.190, Tesla V100-PCIE-16GB, 57 %, 4 %, 548 MiB, 16384 MiB, 44
2026/08/12 17:57:11.192, Tesla V100-PCIE-16GB, 56 %, 4 %, 548 MiB, 16384 MiB, 44
2026/08/12 17:57:21.193, Tesla V100-PCIE-16GB, 54 %, 4 %, 548 MiB, 16384 MiB, 44
2026/08/12 17:57:31.194, Tesla V100-PCIE-16GB, 57 %, 4 %, 548 MiB, 16384 MiB, 44
2026/08/12 17:57:41.195, Tesla V100-PCIE-16GB, 54 %, 4 %, 548 MiB, 16384 MiB, 44
2026/08/12 17:57:51.196, Tesla V100-PCIE-16GB, 54 %, 4 %, 548 MiB, 16384 MiB, 44
2026/08/12 17:58:01.197, Tesla V100-PCIE-16GB, 50 %, 3 %, 548 MiB, 16384 MiB, 44
2026/08/12 17:58:11.199, Tesla V100-PCIE-16GB, 57 %, 4 %, 548 MiB, 16384 MiB, 44
2026/08/12 17:58:21.200, Tesla V100-PCIE-16GB, 56 %, 4 %, 548 MiB, 16384 MiB, 44
2026/08/12 17:58:31.201, Tesla V100-PCIE-16GB, 51 %, 3 %, 548 MiB, 16384 MiB, 44
2026/08/12 17:58:41.202, Tesla V100-PCIE-16GB, 57 %, 4 %, 548 MiB, 16384 MiB, 44
2026/08/12 17:58:51.203, Tesla V100-PCIE-16GB, 50 %, 3 %, 548 MiB, 16384 MiB, 44
2026/08/12 17:59:01.205, Tesla V100-PCIE-16GB, 49 %, 3 %, 548 MiB, 16384 MiB, 44
2026/08/12 17:59:11.206, Tesla V100-PCIE-16GB, 55 %, 4 %, 548 MiB, 16384 MiB, 44
2026/08/12 17:59:21.207, Tesla V100-PCIE-16GB, 57 %, 4 %, 548 MiB, 16384 MiB, 44
2026/08/12 17:59:31.208, Tesla V100-PCIE-16GB, 53 %, 4 %, 548 MiB, 16384 MiB, 44
2026/08/12 17:59:41.209, Tesla V100-PCIE-16GB, 51 %, 4 %, 548 MiB, 16384 MiB, 44
2026/08/12 17:59:51.211, Tesla V100-PCIE-16GB, 58 %, 4 %, 548 MiB, 16384 MiB, 44
2026/08/12 18:00:01.212, Tesla V100-PCIE-16GB, 58 %, 4 %, 548 MiB, 16384 MiB, 44
2026/08/12 18:00:11.213, Tesla V100-PCIE-16GB, 52 %, 4 %, 548 MiB, 16384 MiB, 45
2026/08/12 18:00:21.214, Tesla V100-PCIE-16GB, 52 %, 4 %, 548 MiB, 16384 MiB, 45
2026/08/12 18:00:31.215, Tesla V100-PCIE-16GB, 52 %, 4 %, 548 MiB, 16384 MiB, 45
2026/08/12 18:00:41.217, Tesla V100-PCIE-16GB, 52 %, 4 %, 548 MiB, 16384 MiB, 45
2026/08/12 18:00:51.219, Tesla V100-PCIE-16GB, 55 %, 4 %, 548 MiB, 16384 MiB, 45
2026/08/12 18:01:01.220, Tesla V100-PCIE-16GB, 52 %, 4 %, 548 MiB, 16384 MiB, 44
2026/08/12 18:01:11.238, Tesla V100-PCIE-16GB, 53 %, 4 %, 548 MiB, 16384 MiB, 44
2026/08/12 18:01:21.239, Tesla V100-PCIE-16GB, 49 %, 3 %, 548 MiB, 16384 MiB, 44
2026/08/12 18:01:31.241, Tesla V100-PCIE-16GB, 49 %, 3 %, 548 MiB, 16384 MiB, 44
2026/08/12 18:01:41.242, Tesla V100-PCIE-16GB, 52 %, 4 %, 548 MiB, 16384 MiB, 44
2026/08/12 18:01:51.243, Tesla V100-PCIE-16GB, 54 %, 4 %, 548 MiB, 16384 MiB, 44
2026/08/12 18:02:01.244, Tesla V100-PCIE-16GB, 54 %, 4 %, 548 MiB, 16384 MiB, 44
2026/08/12 18:02:11.245, Tesla V100-PCIE-16GB, 53 %, 4 %, 548 MiB, 16384 MiB, 44
2026/08/12 18:02:21.246, Tesla V100-PCIE-16GB, 55 %, 4 %, 548 MiB, 16384 MiB, 44
2026/08/12 18:02:31.248, Tesla V100-PCIE-16GB, 46 %, 3 %, 548 MiB, 16384 MiB, 44
2026/08/12 18:02:41.249, Tesla V100-PCIE-16GB, 55 %, 4 %, 548 MiB, 16384 MiB, 44
2026/08/12 18:02:51.250, Tesla V100-PCIE-16GB, 56 %, 4 %, 548 MiB, 16384 MiB, 44
2026/08/12 18:03:01.251, Tesla V100-PCIE-16GB, 57 %, 4 %, 548 MiB, 16384 MiB, 44
2026/08/12 18:03:11.252, Tesla V100-PCIE-16GB, 55 %, 4 %, 548 MiB, 16384 MiB, 44
2026/08/12 18:03:21.254, Tesla V100-PCIE-16GB, 55 %, 4 %, 548 MiB, 16384 MiB, 44
2026/08/12 18:03:31.255, Tesla V100-PCIE-16GB, 54 %, 4 %, 548 MiB, 16384 MiB, 44
2026/08/12 18:03:41.257, Tesla V100-PCIE-16GB, 51 %, 3 %, 548 MiB, 16384 MiB, 44
2026/08/12 18:03:51.258, Tesla V100-PCIE-16GB, 57 %, 4 %, 548 MiB, 16384 MiB, 44
2026/08/12 18:04:01.260, Tesla V100-PCIE-16GB, 53 %, 4 %, 548 MiB, 16384 MiB, 44
2026/08/12 18:04:11.261, Tesla V100-PCIE-16GB, 24 %, 4 %, 548 MiB, 16384 MiB, 44
2026/08/12 18:04:21.262, Tesla V100-PCIE-16GB, 56 %, 4 %, 548 MiB, 16384 MiB, 44
2026/08/12 18:04:31.263, Tesla V100-PCIE-16GB, 57 %, 4 %, 548 MiB, 16384 MiB, 44
2026/08/12 18:04:41.264, Tesla V100-PCIE-16GB, 52 %, 4 %, 548 MiB, 16384 MiB, 44
2026/08/12 18:04:51.265, Tesla V100-PCIE-16GB, 52 %, 4 %, 548 MiB, 16384 MiB, 44
2026/08/12 18:05:01.266, Tesla V100-PCIE-16GB, 58 %, 4 %, 548 MiB, 16384 MiB, 44
2026/08/12 18:05:11.268, Tesla V100-PCIE-16GB, 54 %, 4 %, 548 MiB, 16384 MiB, 45
2026/08/12 18:05:21.269, Tesla V100-PCIE-16GB, 25 %, 5 %, 548 MiB, 16384 MiB, 45
2026/08/12 18:05:31.270, Tesla V100-PCIE-16GB, 53 %, 4 %, 548 MiB, 16384 MiB, 45
2026/08/12 18:05:41.272, Tesla V100-PCIE-16GB, 54 %, 4 %, 548 MiB, 16384 MiB, 45
2026/08/12 18:05:51.274, Tesla V100-PCIE-16GB, 48 %, 3 %, 548 MiB, 16384 MiB, 45
2026/08/12 18:06:01.275, Tesla V100-PCIE-16GB, 54 %, 4 %, 548 MiB, 16384 MiB, 45
2026/08/12 18:06:11.276, Tesla V100-PCIE-16GB, 56 %, 4 %, 548 MiB, 16384 MiB, 45
2026/08/12 18:06:21.277, Tesla V100-PCIE-16GB, 51 %, 4 %, 548 MiB, 16384 MiB, 44
2026/08/12 18:06:31.278, Tesla V100-PCIE-16GB, 54 %, 4 %, 548 MiB, 16384 MiB, 44
2026/08/12 18:06:41.280, Tesla V100-PCIE-16GB, 51 %, 4 %, 548 MiB, 16384 MiB, 44
2026/08/12 18:06:51.281, Tesla V100-PCIE-16GB, 53 %, 4 %, 548 MiB, 16384 MiB, 44
2026/08/12 18:07:01.282, Tesla V100-PCIE-16GB, 53 %, 4 %, 548 MiB, 16384 MiB, 44
2026/08/12 18:07:11.284, Tesla V100-PCIE-16GB, 48 %, 3 %, 548 MiB, 16384 MiB, 44
2026/08/12 18:07:21.285, Tesla V100-PCIE-16GB, 50 %, 3 %, 548 MiB, 16384 MiB, 44
2026/08/12 18:07:31.286, Tesla V100-PCIE-16GB, 53 %, 4 %, 548 MiB, 16384 MiB, 44
2026/08/12 18:07:41.287, Tesla V100-PCIE-16GB, 51 %, 3 %, 548 MiB, 16384 MiB, 44
2026/08/12 18:07:51.288, Tesla V100-PCIE-16GB, 55 %, 4 %, 548 MiB, 16384 MiB, 44
2026/08/12 18:08:01.290, Tesla V100-PCIE-16GB, 50 %, 3 %, 548 MiB, 16384 MiB, 44
2026/08/12 18:08:11.291, Tesla V100-PCIE-16GB, 52 %, 4 %, 548 MiB, 16384 MiB, 44
2026/08/12 18:08:21.292, Tesla V100-PCIE-16GB, 54 %, 4 %, 548 MiB, 16384 MiB, 44
2026/08/12 18:08:31.293, Tesla V100-PCIE-16GB, 51 %, 3 %, 548 MiB, 16384 MiB, 44
2026/08/12 18:08:41.294, Tesla V100-PCIE-16GB, 53 %, 4 %, 548 MiB, 16384 MiB, 44
2026/08/12 18:08:51.295, Tesla V100-PCIE-16GB, 50 %, 3 %, 548 MiB, 16384 MiB, 44
2026/08/12 18:09:01.297, Tesla V100-PCIE-16GB, 55 %, 4 %, 548 MiB, 16384 MiB, 44
2026/08/12 18:09:11.298, Tesla V100-PCIE-16GB, 52 %, 4 %, 548 MiB, 16384 MiB, 44
2026/08/12 18:09:21.299, Tesla V100-PCIE-16GB, 53 %, 4 %, 548 MiB, 16384 MiB, 44
2026/08/12 18:09:31.301, Tesla V100-PCIE-16GB, 57 %, 4 %, 548 MiB, 16384 MiB, 44
2026/08/12 18:09:41.302, Tesla V100-PCIE-16GB, 52 %, 4 %, 548 MiB, 16384 MiB, 44
2026/08/12 18:09:51.303, Tesla V100-PCIE-16GB, 53 %, 4 %, 548 MiB, 16384 MiB, 45
2026/08/12 18:10:01.304, Tesla V100-PCIE-16GB, 57 %, 4 %, 548 MiB, 16384 MiB, 45
2026/08/12 18:10:11.305, Tesla V100-PCIE-16GB, 59 %, 4 %, 548 MiB, 16384 MiB, 45
2026/08/12 18:10:21.307, Tesla V100-PCIE-16GB, 52 %, 4 %, 548 MiB, 16384 MiB, 45
2026/08/12 18:10:31.308, Tesla V100-PCIE-16GB, 52 %, 3 %, 548 MiB, 16384 MiB, 45
2026/08/12 18:10:41.309, Tesla V100-PCIE-16GB, 54 %, 4 %, 548 MiB, 16384 MiB, 45
2026/08/12 18:10:51.310, Tesla V100-PCIE-16GB, 52 %, 4 %, 548 MiB, 16384 MiB, 45
2026/08/12 18:11:01.312, Tesla V100-PCIE-16GB, 55 %, 4 %, 548 MiB, 16384 MiB, 45
2026/08/12 18:11:11.313, Tesla V100-PCIE-16GB, 53 %, 4 %, 548 MiB, 16384 MiB, 45
2026/08/12 18:11:21.376, Tesla V100-PCIE-16GB, 22 %, 4 %, 548 MiB, 16384 MiB, 45
2026/08/12 18:11:31.377, Tesla V100-PCIE-16GB, 55 %, 4 %, 548 MiB, 16384 MiB, 45
2026/08/12 18:11:41.380, Tesla V100-PCIE-16GB, 52 %, 4 %, 548 MiB, 16384 MiB, 44
2026/08/12 18:11:51.381, Tesla V100-PCIE-16GB, 58 %, 4 %, 548 MiB, 16384 MiB, 44
2026/08/12 18:12:01.382, Tesla V100-PCIE-16GB, 49 %, 3 %, 548 MiB, 16384 MiB, 44
2026/08/12 18:12:11.383, Tesla V100-PCIE-16GB, 57 %, 4 %, 548 MiB, 16384 MiB, 44
2026/08/12 18:12:21.385, Tesla V100-PCIE-16GB, 52 %, 4 %, 548 MiB, 16384 MiB, 44
2026/08/12 18:12:31.386, Tesla V100-PCIE-16GB, 55 %, 4 %, 548 MiB, 16384 MiB, 44
2026/08/12 18:12:41.387, Tesla V100-PCIE-16GB, 56 %, 4 %, 548 MiB, 16384 MiB, 44
2026/08/12 18:12:51.388, Tesla V100-PCIE-16GB, 52 %, 4 %, 548 MiB, 16384 MiB, 44
2026/08/12 18:13:01.389, Tesla V100-PCIE-16GB, 53 %, 4 %, 548 MiB, 16384 MiB, 44
2026/08/12 18:13:11.390, Tesla V100-PCIE-16GB, 53 %, 4 %, 548 MiB, 16384 MiB, 44
2026/08/12 18:13:21.392, Tesla V100-PCIE-16GB, 54 %, 4 %, 548 MiB, 16384 MiB, 44
2026/08/12 18:13:31.393, Tesla V100-PCIE-16GB, 56 %, 4 %, 548 MiB, 16384 MiB, 44
2026/08/12 18:13:41.394, Tesla V100-PCIE-16GB, 53 %, 4 %, 548 MiB, 16384 MiB, 44
2026/08/12 18:13:51.395, Tesla V100-PCIE-16GB, 56 %, 4 %, 548 MiB, 16384 MiB, 44
2026/08/12 18:14:01.396, Tesla V100-PCIE-16GB, 47 %, 3 %, 548 MiB, 16384 MiB, 44
2026/08/12 18:14:11.398, Tesla V100-PCIE-16GB, 56 %, 4 %, 548 MiB, 16384 MiB, 44
2026/08/12 18:14:21.399, Tesla V100-PCIE-16GB, 54 %, 4 %, 548 MiB, 16384 MiB, 44
2026/08/12 18:14:31.400, Tesla V100-PCIE-16GB, 58 %, 4 %, 548 MiB, 16384 MiB, 44
2026/08/12 18:14:41.401, Tesla V100-PCIE-16GB, 57 %, 4 %, 548 MiB, 16384 MiB, 44
2026/08/12 18:14:51.402, Tesla V100-PCIE-16GB, 52 %, 4 %, 548 MiB, 16384 MiB, 44
2026/08/12 18:15:01.403, Tesla V100-PCIE-16GB, 59 %, 4 %, 548 MiB, 16384 MiB, 44
2026/08/12 18:15:11.404, Tesla V100-PCIE-16GB, 59 %, 4 %, 548 MiB, 16384 MiB, 44
2026/08/12 18:15:21.406, Tesla V100-PCIE-16GB, 58 %, 4 %, 548 MiB, 16384 MiB, 45
2026/08/12 18:15:31.407, Tesla V100-PCIE-16GB, 51 %, 3 %, 548 MiB, 16384 MiB, 45
2026/08/12 18:15:41.475, Tesla V100-PCIE-16GB, 49 %, 3 %, 548 MiB, 16384 MiB, 45
2026/08/12 18:15:51.476, Tesla V100-PCIE-16GB, 52 %, 4 %, 548 MiB, 16384 MiB, 45
2026/08/12 18:16:01.477, Tesla V100-PCIE-16GB, 54 %, 4 %, 548 MiB, 16384 MiB, 45
2026/08/12 18:16:11.479, Tesla V100-PCIE-16GB, 52 %, 4 %, 548 MiB, 16384 MiB, 45
2026/08/12 18:16:21.480, Tesla V100-PCIE-16GB, 54 %, 4 %, 548 MiB, 16384 MiB, 45
2026/08/12 18:16:31.481, Tesla V100-PCIE-16GB, 51 %, 3 %, 548 MiB, 16384 MiB, 45
2026/08/12 18:16:41.482, Tesla V100-PCIE-16GB, 52 %, 3 %, 548 MiB, 16384 MiB, 44
2026/08/12 18:16:51.483, Tesla V100-PCIE-16GB, 55 %, 4 %, 548 MiB, 16384 MiB, 44
2026/08/12 18:17:01.484, Tesla V100-PCIE-16GB, 56 %, 4 %, 548 MiB, 16384 MiB, 44
2026/08/12 18:17:11.485, Tesla V100-PCIE-16GB, 54 %, 4 %, 548 MiB, 16384 MiB, 44
2026/08/12 18:17:21.487, Tesla V100-PCIE-16GB, 22 %, 4 %, 548 MiB, 16384 MiB, 44
2026/08/12 18:17:31.488, Tesla V100-PCIE-16GB, 52 %, 4 %, 548 MiB, 16384 MiB, 44
2026/08/12 18:17:41.539, Tesla V100-PCIE-16GB, 51 %, 4 %, 548 MiB, 16384 MiB, 44
2026/08/12 18:17:51.540, Tesla V100-PCIE-16GB, 55 %, 4 %, 548 MiB, 16384 MiB, 44
2026/08/12 18:18:01.541, Tesla V100-PCIE-16GB, 55 %, 4 %, 548 MiB, 16384 MiB, 44
2026/08/12 18:18:11.543, Tesla V100-PCIE-16GB, 53 %, 4 %, 548 MiB, 16384 MiB, 44
2026/08/12 18:18:21.544, Tesla V100-PCIE-16GB, 54 %, 4 %, 548 MiB, 16384 MiB, 44
2026/08/12 18:18:31.545, Tesla V100-PCIE-16GB, 50 %, 3 %, 548 MiB, 16384 MiB, 44
2026/08/12 18:18:41.546, Tesla V100-PCIE-16GB, 57 %, 4 %, 548 MiB, 16384 MiB, 44
2026/08/12 18:18:51.547, Tesla V100-PCIE-16GB, 53 %, 4 %, 548 MiB, 16384 MiB, 44
2026/08/12 18:19:01.548, Tesla V100-PCIE-16GB, 54 %, 4 %, 548 MiB, 16384 MiB, 44
2026/08/12 18:19:11.550, Tesla V100-PCIE-16GB, 54 %, 4 %, 548 MiB, 16384 MiB, 44
2026/08/12 18:19:21.551, Tesla V100-PCIE-16GB, 52 %, 4 %, 548 MiB, 16384 MiB, 44
2026/08/12 18:19:31.552, Tesla V100-PCIE-16GB, 57 %, 4 %, 548 MiB, 16384 MiB, 44
2026/08/12 18:19:41.640, Tesla V100-PCIE-16GB, 57 %, 4 %, 548 MiB, 16384 MiB, 44
2026/08/12 18:19:51.642, Tesla V100-PCIE-16GB, 58 %, 4 %, 548 MiB, 16384 MiB, 44
2026/08/12 18:20:01.643, Tesla V100-PCIE-16GB, 53 %, 4 %, 548 MiB, 16384 MiB, 44
2026/08/12 18:20:11.644, Tesla V100-PCIE-16GB, 58 %, 4 %, 548 MiB, 16384 MiB, 44
2026/08/12 18:20:21.645, Tesla V100-PCIE-16GB, 58 %, 4 %, 548 MiB, 16384 MiB, 44
2026/08/12 18:20:31.646, Tesla V100-PCIE-16GB, 58 %, 4 %, 548 MiB, 16384 MiB, 44
2026/08/12 18:20:41.647, Tesla V100-PCIE-16GB, 51 %, 3 %, 548 MiB, 16384 MiB, 45
2026/08/12 18:20:51.649, Tesla V100-PCIE-16GB, 51 %, 3 %, 548 MiB, 16384 MiB, 45
2026/08/12 18:21:01.768, Tesla V100-PCIE-16GB, 56 %, 4 %, 548 MiB, 16384 MiB, 45
2026/08/12 18:21:11.769, Tesla V100-PCIE-16GB, 52 %, 3 %, 548 MiB, 16384 MiB, 45
2026/08/12 18:21:21.770, Tesla V100-PCIE-16GB, 56 %, 4 %, 548 MiB, 16384 MiB, 45
2026/08/12 18:21:31.772, Tesla V100-PCIE-16GB, 54 %, 4 %, 548 MiB, 16384 MiB, 44
2026/08/12 18:21:41.866, Tesla V100-PCIE-16GB, 57 %, 4 %, 548 MiB, 16384 MiB, 44
2026/08/12 18:21:51.867, Tesla V100-PCIE-16GB, 56 %, 4 %, 548 MiB, 16384 MiB, 44
2026/08/12 18:22:01.869, Tesla V100-PCIE-16GB, 49 %, 3 %, 548 MiB, 16384 MiB, 44
2026/08/12 18:22:11.870, Tesla V100-PCIE-16GB, 59 %, 4 %, 548 MiB, 16384 MiB, 44
2026/08/12 18:22:21.872, Tesla V100-PCIE-16GB, 52 %, 4 %, 548 MiB, 16384 MiB, 44
2026/08/12 18:22:31.875, Tesla V100-PCIE-16GB, 53 %, 4 %, 548 MiB, 16384 MiB, 44
2026/08/12 18:22:41.877, Tesla V100-PCIE-16GB, 52 %, 4 %, 548 MiB, 16384 MiB, 44
2026/08/12 18:22:51.878, Tesla V100-PCIE-16GB, 52 %, 4 %, 548 MiB, 16384 MiB, 44
2026/08/12 18:23:01.879, Tesla V100-PCIE-16GB, 51 %, 3 %, 548 MiB, 16384 MiB, 44
2026/08/12 18:23:11.881, Tesla V100-PCIE-16GB, 49 %, 3 %, 548 MiB, 16384 MiB, 44
2026/08/12 18:23:21.882, Tesla V100-PCIE-16GB, 48 %, 3 %, 548 MiB, 16384 MiB, 44
2026/08/12 18:23:31.883, Tesla V100-PCIE-16GB, 50 %, 3 %, 548 MiB, 16384 MiB, 44
2026/08/12 18:23:41.885, Tesla V100-PCIE-16GB, 55 %, 4 %, 548 MiB, 16384 MiB, 44
2026/08/12 18:23:51.886, Tesla V100-PCIE-16GB, 56 %, 4 %, 548 MiB, 16384 MiB, 44
2026/08/12 18:24:01.887, Tesla V100-PCIE-16GB, 51 %, 3 %, 548 MiB, 16384 MiB, 44
2026/08/12 18:24:11.888, Tesla V100-PCIE-16GB, 53 %, 4 %, 548 MiB, 16384 MiB, 44
2026/08/12 18:24:21.889, Tesla V100-PCIE-16GB, 53 %, 4 %, 548 MiB, 16384 MiB, 44
2026/08/12 18:24:31.891, Tesla V100-PCIE-16GB, 50 %, 3 %, 548 MiB, 16384 MiB, 44
2026/08/12 18:24:41.893, Tesla V100-PCIE-16GB, 55 %, 4 %, 548 MiB, 16384 MiB, 44
2026/08/12 18:24:51.894, Tesla V100-PCIE-16GB, 28 %, 2 %, 548 MiB, 16384 MiB, 44
2026/08/12 18:25:01.951, Tesla V100-PCIE-16GB, 58 %, 4 %, 548 MiB, 16384 MiB, 44
2026/08/12 18:25:11.952, Tesla V100-PCIE-16GB, 53 %, 4 %, 548 MiB, 16384 MiB, 44
2026/08/12 18:25:21.953, Tesla V100-PCIE-16GB, 54 %, 4 %, 548 MiB, 16384 MiB, 44
2026/08/12 18:25:31.954, Tesla V100-PCIE-16GB, 58 %, 4 %, 548 MiB, 16384 MiB, 44
2026/08/12 18:25:41.955, Tesla V100-PCIE-16GB, 58 %, 4 %, 548 MiB, 16384 MiB, 44
2026/08/12 18:25:51.956, Tesla V100-PCIE-16GB, 58 %, 4 %, 548 MiB, 16384 MiB, 44
2026/08/12 18:26:01.958, Tesla V100-PCIE-16GB, 53 %, 4 %, 548 MiB, 16384 MiB, 45
2026/08/12 18:26:11.959, Tesla V100-PCIE-16GB, 57 %, 4 %, 548 MiB, 16384 MiB, 45
2026/08/12 18:26:21.960, Tesla V100-PCIE-16GB, 51 %, 3 %, 548 MiB, 16384 MiB, 45
2026/08/12 18:26:31.961, Tesla V100-PCIE-16GB, 49 %, 3 %, 548 MiB, 16384 MiB, 45
2026/08/12 18:26:41.963, Tesla V100-PCIE-16GB, 57 %, 4 %, 548 MiB, 16384 MiB, 45
2026/08/12 18:26:51.964, Tesla V100-PCIE-16GB, 51 %, 3 %, 548 MiB, 16384 MiB, 44
2026/08/12 18:27:02.043, Tesla V100-PCIE-16GB, 55 %, 4 %, 548 MiB, 16384 MiB, 44
2026/08/12 18:27:12.044, Tesla V100-PCIE-16GB, 52 %, 4 %, 548 MiB, 16384 MiB, 44
2026/08/12 18:27:22.046, Tesla V100-PCIE-16GB, 24 %, 4 %, 548 MiB, 16384 MiB, 44
2026/08/12 18:27:32.047, Tesla V100-PCIE-16GB, 52 %, 4 %, 548 MiB, 16384 MiB, 44
2026/08/12 18:27:42.048, Tesla V100-PCIE-16GB, 56 %, 4 %, 548 MiB, 16384 MiB, 44
2026/08/12 18:27:52.049, Tesla V100-PCIE-16GB, 57 %, 4 %, 548 MiB, 16384 MiB, 44
2026/08/12 18:28:02.051, Tesla V100-PCIE-16GB, 55 %, 4 %, 548 MiB, 16384 MiB, 44
2026/08/12 18:28:12.052, Tesla V100-PCIE-16GB, 57 %, 4 %, 548 MiB, 16384 MiB, 44
2026/08/12 18:28:22.053, Tesla V100-PCIE-16GB, 52 %, 4 %, 548 MiB, 16384 MiB, 44
2026/08/12 18:28:32.055, Tesla V100-PCIE-16GB, 54 %, 4 %, 548 MiB, 16384 MiB, 44
2026/08/12 18:28:42.056, Tesla V100-PCIE-16GB, 52 %, 4 %, 548 MiB, 16384 MiB, 44
2026/08/12 18:28:52.057, Tesla V100-PCIE-16GB, 53 %, 4 %, 548 MiB, 16384 MiB, 44
2026/08/12 18:29:02.058, Tesla V100-PCIE-16GB, 54 %, 4 %, 548 MiB, 16384 MiB, 44
2026/08/12 18:29:12.059, Tesla V100-PCIE-16GB, 52 %, 3 %, 548 MiB, 16384 MiB, 44
2026/08/12 18:29:22.060, Tesla V100-PCIE-16GB, 53 %, 4 %, 548 MiB, 16384 MiB, 44
2026/08/12 18:29:32.062, Tesla V100-PCIE-16GB, 55 %, 4 %, 548 MiB, 16384 MiB, 44
2026/08/12 18:29:42.063, Tesla V100-PCIE-16GB, 52 %, 4 %, 548 MiB, 16384 MiB, 44
2026/08/12 18:29:52.064, Tesla V100-PCIE-16GB, 53 %, 4 %, 548 MiB, 16384 MiB, 44
2026/08/12 18:30:02.126, Tesla V100-PCIE-16GB, 55 %, 4 %, 548 MiB, 16384 MiB, 44
2026/08/12 18:30:12.127, Tesla V100-PCIE-16GB, 60 %, 4 %, 548 MiB, 16384 MiB, 44
2026/08/12 18:30:22.129, Tesla V100-PCIE-16GB, 58 %, 4 %, 548 MiB, 16384 MiB, 44
2026/08/12 18:30:32.130, Tesla V100-PCIE-16GB, 47 %, 3 %, 548 MiB, 16384 MiB, 44
2026/08/12 18:30:42.131, Tesla V100-PCIE-16GB, 58 %, 4 %, 548 MiB, 16384 MiB, 44
2026/08/12 18:30:52.132, Tesla V100-PCIE-16GB, 57 %, 4 %, 548 MiB, 16384 MiB, 44
2026/08/12 18:31:02.133, Tesla V100-PCIE-16GB, 58 %, 4 %, 548 MiB, 16384 MiB, 44
2026/08/12 18:31:12.135, Tesla V100-PCIE-16GB, 50 %, 3 %, 548 MiB, 16384 MiB, 45
2026/08/12 18:31:22.137, Tesla V100-PCIE-16GB, 58 %, 4 %, 548 MiB, 16384 MiB, 45
2026/08/12 18:31:32.188, Tesla V100-PCIE-16GB, 53 %, 4 %, 548 MiB, 16384 MiB, 45
2026/08/12 18:31:42.189, Tesla V100-PCIE-16GB, 58 %, 4 %, 548 MiB, 16384 MiB, 45
2026/08/12 18:31:52.190, Tesla V100-PCIE-16GB, 53 %, 4 %, 548 MiB, 16384 MiB, 45
2026/08/12 18:32:02.191, Tesla V100-PCIE-16GB, 52 %, 4 %, 548 MiB, 16384 MiB, 45
2026/08/12 18:32:12.192, Tesla V100-PCIE-16GB, 55 %, 4 %, 548 MiB, 16384 MiB, 45
2026/08/12 18:32:22.193, Tesla V100-PCIE-16GB, 55 %, 4 %, 548 MiB, 16384 MiB, 44
2026/08/12 18:32:32.195, Tesla V100-PCIE-16GB, 53 %, 4 %, 548 MiB, 16384 MiB, 44
2026/08/12 18:32:42.196, Tesla V100-PCIE-16GB, 53 %, 4 %, 548 MiB, 16384 MiB, 44
2026/08/12 18:32:52.197, Tesla V100-PCIE-16GB, 52 %, 4 %, 548 MiB, 16384 MiB, 44
2026/08/12 18:33:02.198, Tesla V100-PCIE-16GB, 53 %, 3 %, 548 MiB, 16384 MiB, 44
2026/08/12 18:33:12.199, Tesla V100-PCIE-16GB, 52 %, 4 %, 548 MiB, 16384 MiB, 44
2026/08/12 18:33:22.201, Tesla V100-PCIE-16GB, 55 %, 4 %, 548 MiB, 16384 MiB, 44
2026/08/12 18:33:32.202, Tesla V100-PCIE-16GB, 50 %, 3 %, 550 MiB, 16384 MiB, 44
2026/08/12 18:33:42.203, Tesla V100-PCIE-16GB, 53 %, 4 %, 550 MiB, 16384 MiB, 44
2026/08/12 18:33:52.204, Tesla V100-PCIE-16GB, 54 %, 4 %, 550 MiB, 16384 MiB, 44
2026/08/12 18:34:02.282, Tesla V100-PCIE-16GB, 53 %, 4 %, 550 MiB, 16384 MiB, 44
2026/08/12 18:34:12.288, Tesla V100-PCIE-16GB, 54 %, 4 %, 550 MiB, 16384 MiB, 44
2026/08/12 18:34:22.289, Tesla V100-PCIE-16GB, 50 %, 3 %, 550 MiB, 16384 MiB, 44
2026/08/12 18:34:32.290, Tesla V100-PCIE-16GB, 53 %, 4 %, 550 MiB, 16384 MiB, 44
2026/08/12 18:34:42.291, Tesla V100-PCIE-16GB, 51 %, 3 %, 550 MiB, 16384 MiB, 43
2026/08/12 18:34:52.292, Tesla V100-PCIE-16GB, 54 %, 4 %, 550 MiB, 16384 MiB, 43
2026/08/12 18:35:02.293, Tesla V100-PCIE-16GB, 55 %, 4 %, 550 MiB, 16384 MiB, 43
2026/08/12 18:35:12.294, Tesla V100-PCIE-16GB, 54 %, 4 %, 550 MiB, 16384 MiB, 44
2026/08/12 18:35:22.297, Tesla V100-PCIE-16GB, 49 %, 3 %, 550 MiB, 16384 MiB, 44
2026/08/12 18:35:32.299, Tesla V100-PCIE-16GB, 57 %, 4 %, 550 MiB, 16384 MiB, 44
2026/08/12 18:35:42.300, Tesla V100-PCIE-16GB, 55 %, 4 %, 550 MiB, 16384 MiB, 44
2026/08/12 18:35:52.301, Tesla V100-PCIE-16GB, 52 %, 4 %, 550 MiB, 16384 MiB, 44
2026/08/12 18:36:02.314, Tesla V100-PCIE-16GB, 57 %, 4 %, 550 MiB, 16384 MiB, 44
2026/08/12 18:36:12.315, Tesla V100-PCIE-16GB, 59 %, 4 %, 550 MiB, 16384 MiB, 44
2026/08/12 18:36:22.316, Tesla V100-PCIE-16GB, 55 %, 4 %, 550 MiB, 16384 MiB, 45
2026/08/12 18:36:32.318, Tesla V100-PCIE-16GB, 54 %, 4 %, 550 MiB, 16384 MiB, 45
2026/08/12 18:36:42.319, Tesla V100-PCIE-16GB, 55 %, 4 %, 550 MiB, 16384 MiB, 45
2026/08/12 18:36:52.320, Tesla V100-PCIE-16GB, 51 %, 3 %, 550 MiB, 16384 MiB, 45
2026/08/12 18:37:02.373, Tesla V100-PCIE-16GB, 56 %, 4 %, 550 MiB, 16384 MiB, 45
2026/08/12 18:37:12.375, Tesla V100-PCIE-16GB, 52 %, 4 %, 550 MiB, 16384 MiB, 45
2026/08/12 18:37:22.376, Tesla V100-PCIE-16GB, 52 %, 4 %, 550 MiB, 16384 MiB, 45
2026/08/12 18:37:32.448, Tesla V100-PCIE-16GB, 50 %, 3 %, 550 MiB, 16384 MiB, 44
2026/08/12 18:37:42.449, Tesla V100-PCIE-16GB, 54 %, 4 %, 550 MiB, 16384 MiB, 44
2026/08/12 18:37:52.451, Tesla V100-PCIE-16GB, 54 %, 4 %, 550 MiB, 16384 MiB, 44
2026/08/12 18:38:02.452, Tesla V100-PCIE-16GB, 56 %, 4 %, 550 MiB, 16384 MiB, 44
2026/08/12 18:38:12.453, Tesla V100-PCIE-16GB, 54 %, 4 %, 550 MiB, 16384 MiB, 44
2026/08/12 18:38:22.454, Tesla V100-PCIE-16GB, 52 %, 4 %, 550 MiB, 16384 MiB, 44
2026/08/12 18:38:32.456, Tesla V100-PCIE-16GB, 53 %, 3 %, 550 MiB, 16384 MiB, 44
2026/08/12 18:38:42.457, Tesla V100-PCIE-16GB, 54 %, 4 %, 550 MiB, 16384 MiB, 44
2026/08/12 18:38:52.458, Tesla V100-PCIE-16GB, 56 %, 4 %, 550 MiB, 16384 MiB, 44
2026/08/12 18:39:02.523, Tesla V100-PCIE-16GB, 57 %, 4 %, 550 MiB, 16384 MiB, 44
2026/08/12 18:39:12.525, Tesla V100-PCIE-16GB, 52 %, 4 %, 550 MiB, 16384 MiB, 44
2026/08/12 18:39:22.527, Tesla V100-PCIE-16GB, 52 %, 4 %, 550 MiB, 16384 MiB, 44
2026/08/12 18:39:32.529, Tesla V100-PCIE-16GB, 55 %, 4 %, 550 MiB, 16384 MiB, 44
2026/08/12 18:39:42.530, Tesla V100-PCIE-16GB, 54 %, 4 %, 550 MiB, 16384 MiB, 44
2026/08/12 18:39:52.531, Tesla V100-PCIE-16GB, 55 %, 4 %, 550 MiB, 16384 MiB, 44
2026/08/12 18:40:02.532, Tesla V100-PCIE-16GB, 54 %, 4 %, 550 MiB, 16384 MiB, 44
2026/08/12 18:40:12.533, Tesla V100-PCIE-16GB, 49 %, 3 %, 550 MiB, 16384 MiB, 44
2026/08/12 18:40:22.534, Tesla V100-PCIE-16GB, 57 %, 4 %, 550 MiB, 16384 MiB, 44
2026/08/12 18:40:32.536, Tesla V100-PCIE-16GB, 57 %, 4 %, 550 MiB, 16384 MiB, 44
2026/08/12 18:40:42.537, Tesla V100-PCIE-16GB, 58 %, 4 %, 550 MiB, 16384 MiB, 44
2026/08/12 18:40:52.538, Tesla V100-PCIE-16GB, 53 %, 4 %, 550 MiB, 16384 MiB, 45
2026/08/12 18:41:02.540, Tesla V100-PCIE-16GB, 54 %, 4 %, 550 MiB, 16384 MiB, 45
2026/08/12 18:41:12.541, Tesla V100-PCIE-16GB, 56 %, 4 %, 550 MiB, 16384 MiB, 45
2026/08/12 18:41:22.669, Tesla V100-PCIE-16GB, 48 %, 3 %, 550 MiB, 16384 MiB, 45
2026/08/12 18:41:32.670, Tesla V100-PCIE-16GB, 53 %, 4 %, 550 MiB, 16384 MiB, 45
2026/08/12 18:41:42.671, Tesla V100-PCIE-16GB, 53 %, 4 %, 550 MiB, 16384 MiB, 45
2026/08/12 18:41:52.672, Tesla V100-PCIE-16GB, 51 %, 3 %, 550 MiB, 16384 MiB, 45
2026/08/12 18:42:02.674, Tesla V100-PCIE-16GB, 54 %, 4 %, 550 MiB, 16384 MiB, 45
2026/08/12 18:42:12.675, Tesla V100-PCIE-16GB, 52 %, 4 %, 550 MiB, 16384 MiB, 45
2026/08/12 18:42:22.676, Tesla V100-PCIE-16GB, 55 %, 4 %, 550 MiB, 16384 MiB, 45
2026/08/12 18:42:32.677, Tesla V100-PCIE-16GB, 55 %, 4 %, 550 MiB, 16384 MiB, 45
2026/08/12 18:42:42.678, Tesla V100-PCIE-16GB, 56 %, 4 %, 550 MiB, 16384 MiB, 45
2026/08/12 18:42:52.679, Tesla V100-PCIE-16GB, 52 %, 4 %, 550 MiB, 16384 MiB, 45
2026/08/12 18:43:02.681, Tesla V100-PCIE-16GB, 57 %, 4 %, 550 MiB, 16384 MiB, 45
2026/08/12 18:43:12.682, Tesla V100-PCIE-16GB, 54 %, 4 %, 550 MiB, 16384 MiB, 45
2026/08/12 18:43:22.683, Tesla V100-PCIE-16GB, 24 %, 4 %, 550 MiB, 16384 MiB, 44
2026/08/12 18:43:32.684, Tesla V100-PCIE-16GB, 50 %, 3 %, 550 MiB, 16384 MiB, 44
2026/08/12 18:43:42.685, Tesla V100-PCIE-16GB, 46 %, 3 %, 550 MiB, 16384 MiB, 44
2026/08/12 18:43:52.775, Tesla V100-PCIE-16GB, 55 %, 4 %, 550 MiB, 16384 MiB, 44
2026/08/12 18:44:02.776, Tesla V100-PCIE-16GB, 53 %, 4 %, 550 MiB, 16384 MiB, 44
2026/08/12 18:44:12.777, Tesla V100-PCIE-16GB, 54 %, 4 %, 550 MiB, 16384 MiB, 44
2026/08/12 18:44:22.778, Tesla V100-PCIE-16GB, 56 %, 4 %, 550 MiB, 16384 MiB, 44
2026/08/12 18:44:32.779, Tesla V100-PCIE-16GB, 50 %, 3 %, 550 MiB, 16384 MiB, 44
2026/08/12 18:44:42.781, Tesla V100-PCIE-16GB, 56 %, 4 %, 550 MiB, 16384 MiB, 44
2026/08/12 18:44:52.782, Tesla V100-PCIE-16GB, 54 %, 4 %, 550 MiB, 16384 MiB, 44
2026/08/12 18:45:02.783, Tesla V100-PCIE-16GB, 55 %, 4 %, 550 MiB, 16384 MiB, 44
2026/08/12 18:45:12.785, Tesla V100-PCIE-16GB, 56 %, 4 %, 550 MiB, 16384 MiB, 44
2026/08/12 18:45:22.786, Tesla V100-PCIE-16GB, 52 %, 3 %, 550 MiB, 16384 MiB, 44
2026/08/12 18:45:32.787, Tesla V100-PCIE-16GB, 53 %, 4 %, 550 MiB, 16384 MiB, 44
2026/08/12 18:45:42.788, Tesla V100-PCIE-16GB, 58 %, 4 %, 550 MiB, 16384 MiB, 45
2026/08/12 18:45:52.790, Tesla V100-PCIE-16GB, 58 %, 4 %, 550 MiB, 16384 MiB, 45
2026/08/12 18:46:02.791, Tesla V100-PCIE-16GB, 51 %, 3 %, 550 MiB, 16384 MiB, 45
2026/08/12 18:46:12.793, Tesla V100-PCIE-16GB, 20 %, 4 %, 550 MiB, 16384 MiB, 45
2026/08/12 18:46:22.794, Tesla V100-PCIE-16GB, 57 %, 4 %, 550 MiB, 16384 MiB, 45
2026/08/12 18:46:32.795, Tesla V100-PCIE-16GB, 58 %, 4 %, 550 MiB, 16384 MiB, 45
2026/08/12 18:46:42.796, Tesla V100-PCIE-16GB, 51 %, 3 %, 550 MiB, 16384 MiB, 46
2026/08/12 18:46:52.797, Tesla V100-PCIE-16GB, 52 %, 4 %, 550 MiB, 16384 MiB, 46
2026/08/12 18:47:02.799, Tesla V100-PCIE-16GB, 55 %, 4 %, 550 MiB, 16384 MiB, 46
2026/08/12 18:47:12.800, Tesla V100-PCIE-16GB, 53 %, 4 %, 550 MiB, 16384 MiB, 45
2026/08/12 18:47:22.801, Tesla V100-PCIE-16GB, 51 %, 3 %, 550 MiB, 16384 MiB, 45
2026/08/12 18:47:32.802, Tesla V100-PCIE-16GB, 54 %, 4 %, 550 MiB, 16384 MiB, 45
2026/08/12 18:47:42.803, Tesla V100-PCIE-16GB, 52 %, 4 %, 550 MiB, 16384 MiB, 45
2026/08/12 18:47:52.929, Tesla V100-PCIE-16GB, 54 %, 4 %, 550 MiB, 16384 MiB, 45
2026/08/12 18:48:02.930, Tesla V100-PCIE-16GB, 52 %, 4 %, 550 MiB, 16384 MiB, 45
2026/08/12 18:48:12.932, Tesla V100-PCIE-16GB, 55 %, 4 %, 550 MiB, 16384 MiB, 45
2026/08/12 18:48:22.933, Tesla V100-PCIE-16GB, 51 %, 4 %, 550 MiB, 16384 MiB, 45
2026/08/12 18:48:32.934, Tesla V100-PCIE-16GB, 51 %, 3 %, 550 MiB, 16384 MiB, 45
2026/08/12 18:48:42.935, Tesla V100-PCIE-16GB, 50 %, 3 %, 550 MiB, 16384 MiB, 45
2026/08/12 18:48:52.937, Tesla V100-PCIE-16GB, 57 %, 4 %, 550 MiB, 16384 MiB, 45
2026/08/12 18:49:02.938, Tesla V100-PCIE-16GB, 55 %, 4 %, 550 MiB, 16384 MiB, 45
2026/08/12 18:49:12.940, Tesla V100-PCIE-16GB, 54 %, 4 %, 550 MiB, 16384 MiB, 45
2026/08/12 18:49:22.941, Tesla V100-PCIE-16GB, 52 %, 4 %, 550 MiB, 16384 MiB, 45
2026/08/12 18:49:32.942, Tesla V100-PCIE-16GB, 50 %, 3 %, 550 MiB, 16384 MiB, 45
2026/08/12 18:49:42.943, Tesla V100-PCIE-16GB, 52 %, 4 %, 550 MiB, 16384 MiB, 45
2026/08/12 18:49:52.944, Tesla V100-PCIE-16GB, 50 %, 3 %, 550 MiB, 16384 MiB, 44
2026/08/12 18:50:02.946, Tesla V100-PCIE-16GB, 55 %, 4 %, 550 MiB, 16384 MiB, 44
2026/08/12 18:50:12.947, Tesla V100-PCIE-16GB, 57 %, 4 %, 550 MiB, 16384 MiB, 44
2026/08/12 18:50:23.067, Tesla V100-PCIE-16GB, 52 %, 4 %, 550 MiB, 16384 MiB, 44
2026/08/12 18:50:33.069, Tesla V100-PCIE-16GB, 49 %, 3 %, 550 MiB, 16384 MiB, 44
2026/08/12 18:50:43.070, Tesla V100-PCIE-16GB, 53 %, 4 %, 550 MiB, 16384 MiB, 44
2026/08/12 18:50:53.071, Tesla V100-PCIE-16GB, 57 %, 4 %, 550 MiB, 16384 MiB, 44
2026/08/12 18:51:03.072, Tesla V100-PCIE-16GB, 56 %, 4 %, 550 MiB, 16384 MiB, 45
2026/08/12 18:51:13.073, Tesla V100-PCIE-16GB, 54 %, 4 %, 550 MiB, 16384 MiB, 45
2026/08/12 18:51:23.074, Tesla V100-PCIE-16GB, 53 %, 4 %, 550 MiB, 16384 MiB, 45
2026/08/12 18:51:33.076, Tesla V100-PCIE-16GB, 58 %, 4 %, 550 MiB, 16384 MiB, 45
2026/08/12 18:51:43.077, Tesla V100-PCIE-16GB, 56 %, 4 %, 550 MiB, 16384 MiB, 45
2026/08/12 18:51:53.078, Tesla V100-PCIE-16GB, 53 %, 4 %, 550 MiB, 16384 MiB, 45
2026/08/12 18:52:03.080, Tesla V100-PCIE-16GB, 53 %, 4 %, 550 MiB, 16384 MiB, 45
2026/08/12 18:52:13.081, Tesla V100-PCIE-16GB, 55 %, 4 %, 550 MiB, 16384 MiB, 45
2026/08/12 18:52:23.082, Tesla V100-PCIE-16GB, 50 %, 3 %, 550 MiB, 16384 MiB, 45
2026/08/12 18:52:33.083, Tesla V100-PCIE-16GB, 52 %, 4 %, 550 MiB, 16384 MiB, 45
2026/08/12 18:52:43.084, Tesla V100-PCIE-16GB, 52 %, 4 %, 550 MiB, 16384 MiB, 45
2026/08/12 18:52:53.086, Tesla V100-PCIE-16GB, 53 %, 4 %, 550 MiB, 16384 MiB, 45
2026/08/12 18:53:03.087, Tesla V100-PCIE-16GB, 52 %, 3 %, 550 MiB, 16384 MiB, 45
2026/08/12 18:53:13.088, Tesla V100-PCIE-16GB, 54 %, 4 %, 550 MiB, 16384 MiB, 45
2026/08/12 18:53:23.089, Tesla V100-PCIE-16GB, 31 %, 3 %, 550 MiB, 16384 MiB, 45
2026/08/12 18:53:33.090, Tesla V100-PCIE-16GB, 56 %, 4 %, 550 MiB, 16384 MiB, 45
2026/08/12 18:53:43.092, Tesla V100-PCIE-16GB, 48 %, 3 %, 550 MiB, 16384 MiB, 45
2026/08/12 18:53:53.093, Tesla V100-PCIE-16GB, 57 %, 4 %, 550 MiB, 16384 MiB, 45
2026/08/12 18:54:03.094, Tesla V100-PCIE-16GB, 47 %, 3 %, 550 MiB, 16384 MiB, 44
2026/08/12 18:54:13.095, Tesla V100-PCIE-16GB, 54 %, 4 %, 550 MiB, 16384 MiB, 44
2026/08/12 18:54:23.096, Tesla V100-PCIE-16GB, 52 %, 3 %, 550 MiB, 16384 MiB, 44
2026/08/12 18:54:33.098, Tesla V100-PCIE-16GB, 51 %, 3 %, 550 MiB, 16384 MiB, 44
2026/08/12 18:54:43.099, Tesla V100-PCIE-16GB, 55 %, 4 %, 550 MiB, 16384 MiB, 44
2026/08/12 18:54:53.165, Tesla V100-PCIE-16GB, 53 %, 4 %, 550 MiB, 16384 MiB, 44
2026/08/12 18:55:03.166, Tesla V100-PCIE-16GB, 58 %, 4 %, 550 MiB, 16384 MiB, 44
2026/08/12 18:55:13.168, Tesla V100-PCIE-16GB, 56 %, 4 %, 550 MiB, 16384 MiB, 44
2026/08/12 18:55:23.169, Tesla V100-PCIE-16GB, 52 %, 4 %, 550 MiB, 16384 MiB, 44
2026/08/12 18:55:33.170, Tesla V100-PCIE-16GB, 53 %, 4 %, 550 MiB, 16384 MiB, 44
2026/08/12 18:55:43.172, Tesla V100-PCIE-16GB, 54 %, 4 %, 550 MiB, 16384 MiB, 44
2026/08/12 18:55:53.173, Tesla V100-PCIE-16GB, 53 %, 4 %, 550 MiB, 16384 MiB, 44
2026/08/12 18:56:03.174, Tesla V100-PCIE-16GB, 55 %, 4 %, 550 MiB, 16384 MiB, 44
2026/08/12 18:56:13.176, Tesla V100-PCIE-16GB, 54 %, 4 %, 550 MiB, 16384 MiB, 45
2026/08/12 18:56:23.177, Tesla V100-PCIE-16GB, 51 %, 3 %, 550 MiB, 16384 MiB, 45
2026/08/12 18:56:33.178, Tesla V100-PCIE-16GB, 58 %, 4 %, 550 MiB, 16384 MiB, 45
2026/08/12 18:56:43.179, Tesla V100-PCIE-16GB, 58 %, 4 %, 550 MiB, 16384 MiB, 45
2026/08/12 18:56:53.226, Tesla V100-PCIE-16GB, 54 %, 4 %, 550 MiB, 16384 MiB, 45
2026/08/12 18:57:03.228, Tesla V100-PCIE-16GB, 54 %, 4 %, 550 MiB, 16384 MiB, 45
2026/08/12 18:57:13.229, Tesla V100-PCIE-16GB, 55 %, 4 %, 550 MiB, 16384 MiB, 45
2026/08/12 18:57:23.230, Tesla V100-PCIE-16GB, 52 %, 4 %, 550 MiB, 16384 MiB, 45
2026/08/12 18:57:33.231, Tesla V100-PCIE-16GB, 55 %, 4 %, 550 MiB, 16384 MiB, 45
2026/08/12 18:57:43.232, Tesla V100-PCIE-16GB, 54 %, 4 %, 550 MiB, 16384 MiB, 45
2026/08/12 18:57:53.234, Tesla V100-PCIE-16GB, 53 %, 4 %, 550 MiB, 16384 MiB, 45
2026/08/12 18:58:03.235, Tesla V100-PCIE-16GB, 52 %, 3 %, 550 MiB, 16384 MiB, 45
2026/08/12 18:58:13.236, Tesla V100-PCIE-16GB, 58 %, 4 %, 550 MiB, 16384 MiB, 45
2026/08/12 18:58:23.237, Tesla V100-PCIE-16GB, 53 %, 4 %, 550 MiB, 16384 MiB, 45
2026/08/12 18:58:33.239, Tesla V100-PCIE-16GB, 54 %, 4 %, 550 MiB, 16384 MiB, 45
2026/08/12 18:58:43.241, Tesla V100-PCIE-16GB, 53 %, 4 %, 550 MiB, 16384 MiB, 44
2026/08/12 18:58:53.333, Tesla V100-PCIE-16GB, 49 %, 3 %, 550 MiB, 16384 MiB, 44
2026/08/12 18:59:03.334, Tesla V100-PCIE-16GB, 57 %, 4 %, 550 MiB, 16384 MiB, 44
2026/08/12 18:59:13.335, Tesla V100-PCIE-16GB, 53 %, 4 %, 550 MiB, 16384 MiB, 44
2026/08/12 18:59:23.336, Tesla V100-PCIE-16GB, 56 %, 4 %, 550 MiB, 16384 MiB, 44
2026/08/12 18:59:33.337, Tesla V100-PCIE-16GB, 55 %, 4 %, 550 MiB, 16384 MiB, 44
2026/08/12 18:59:43.339, Tesla V100-PCIE-16GB, 52 %, 4 %, 550 MiB, 16384 MiB, 44
2026/08/12 18:59:53.340, Tesla V100-PCIE-16GB, 55 %, 4 %, 550 MiB, 16384 MiB, 44
2026/08/12 19:00:03.341, Tesla V100-PCIE-16GB, 50 %, 3 %, 550 MiB, 16384 MiB, 44
2026/08/12 19:00:13.383, Tesla V100-PCIE-16GB, 24 %, 4 %, 550 MiB, 16384 MiB, 44
2026/08/12 19:00:23.385, Tesla V100-PCIE-16GB, 50 %, 3 %, 550 MiB, 16384 MiB, 44
2026/08/12 19:00:33.386, Tesla V100-PCIE-16GB, 54 %, 4 %, 550 MiB, 16384 MiB, 44
2026/08/12 19:00:43.387, Tesla V100-PCIE-16GB, 56 %, 4 %, 550 MiB, 16384 MiB, 44
2026/08/12 19:00:53.398, Tesla V100-PCIE-16GB, 51 %, 3 %, 550 MiB, 16384 MiB, 44
2026/08/12 19:01:03.399, Tesla V100-PCIE-16GB, 59 %, 4 %, 550 MiB, 16384 MiB, 44
2026/08/12 19:01:13.401, Tesla V100-PCIE-16GB, 56 %, 4 %, 550 MiB, 16384 MiB, 45
2026/08/12 19:01:23.402, Tesla V100-PCIE-16GB, 52 %, 4 %, 550 MiB, 16384 MiB, 45
2026/08/12 19:01:33.403, Tesla V100-PCIE-16GB, 52 %, 4 %, 550 MiB, 16384 MiB, 45
2026/08/12 19:01:43.404, Tesla V100-PCIE-16GB, 58 %, 4 %, 550 MiB, 16384 MiB, 45
2026/08/12 19:01:53.405, Tesla V100-PCIE-16GB, 54 %, 4 %, 550 MiB, 16384 MiB, 45
2026/08/12 19:02:03.406, Tesla V100-PCIE-16GB, 51 %, 3 %, 550 MiB, 16384 MiB, 45
2026/08/12 19:02:13.453, Tesla V100-PCIE-16GB, 57 %, 4 %, 550 MiB, 16384 MiB, 45
2026/08/12 19:02:23.454, Tesla V100-PCIE-16GB, 51 %, 3 %, 550 MiB, 16384 MiB, 45
2026/08/12 19:02:33.456, Tesla V100-PCIE-16GB, 52 %, 4 %, 550 MiB, 16384 MiB, 45
2026/08/12 19:02:43.457, Tesla V100-PCIE-16GB, 56 %, 4 %, 550 MiB, 16384 MiB, 45
2026/08/12 19:02:53.458, Tesla V100-PCIE-16GB, 52 %, 4 %, 550 MiB, 16384 MiB, 45
2026/08/12 19:03:03.459, Tesla V100-PCIE-16GB, 53 %, 4 %, 550 MiB, 16384 MiB, 45
2026/08/12 19:03:13.460, Tesla V100-PCIE-16GB, 56 %, 4 %, 550 MiB, 16384 MiB, 45
2026/08/12 19:03:23.461, Tesla V100-PCIE-16GB, 54 %, 4 %, 550 MiB, 16384 MiB, 45
2026/08/12 19:03:33.463, Tesla V100-PCIE-16GB, 52 %, 4 %, 550 MiB, 16384 MiB, 45
2026/08/12 19:03:43.464, Tesla V100-PCIE-16GB, 56 %, 4 %, 550 MiB, 16384 MiB, 45
2026/08/12 19:03:53.465, Tesla V100-PCIE-16GB, 51 %, 3 %, 550 MiB, 16384 MiB, 45
2026/08/12 19:04:03.466, Tesla V100-PCIE-16GB, 54 %, 4 %, 550 MiB, 16384 MiB, 45
2026/08/12 19:04:13.513, Tesla V100-PCIE-16GB, 24 %, 4 %, 550 MiB, 16384 MiB, 45
2026/08/12 19:04:23.515, Tesla V100-PCIE-16GB, 51 %, 3 %, 550 MiB, 16384 MiB, 45
2026/08/12 19:04:33.516, Tesla V100-PCIE-16GB, 49 %, 3 %, 550 MiB, 16384 MiB, 45
2026/08/12 19:04:43.517, Tesla V100-PCIE-16GB, 55 %, 4 %, 550 MiB, 16384 MiB, 45
2026/08/12 19:04:53.590, Tesla V100-PCIE-16GB, 53 %, 4 %, 550 MiB, 16384 MiB, 45
2026/08/12 19:05:03.591, Tesla V100-PCIE-16GB, 55 %, 4 %, 550 MiB, 16384 MiB, 45
2026/08/12 19:05:13.592, Tesla V100-PCIE-16GB, 50 %, 3 %, 550 MiB, 16384 MiB, 45
2026/08/12 19:05:23.593, Tesla V100-PCIE-16GB, 54 %, 4 %, 550 MiB, 16384 MiB, 45
2026/08/12 19:05:33.595, Tesla V100-PCIE-16GB, 52 %, 4 %, 550 MiB, 16384 MiB, 45
2026/08/12 19:05:43.596, Tesla V100-PCIE-16GB, 56 %, 4 %, 550 MiB, 16384 MiB, 45
2026/08/12 19:05:53.597, Tesla V100-PCIE-16GB, 56 %, 4 %, 550 MiB, 16384 MiB, 45
2026/08/12 19:06:03.598, Tesla V100-PCIE-16GB, 52 %, 4 %, 550 MiB, 16384 MiB, 45
2026/08/12 19:06:13.674, Tesla V100-PCIE-16GB, 55 %, 4 %, 550 MiB, 16384 MiB, 45
2026/08/12 19:06:23.676, Tesla V100-PCIE-16GB, 54 %, 4 %, 550 MiB, 16384 MiB, 45
2026/08/12 19:06:33.677, Tesla V100-PCIE-16GB, 52 %, 4 %, 550 MiB, 16384 MiB, 45
2026/08/12 19:06:43.678, Tesla V100-PCIE-16GB, 58 %, 4 %, 550 MiB, 16384 MiB, 45
2026/08/12 19:06:53.679, Tesla V100-PCIE-16GB, 58 %, 4 %, 550 MiB, 16384 MiB, 45
2026/08/12 19:07:03.680, Tesla V100-PCIE-16GB, 54 %, 4 %, 550 MiB, 16384 MiB, 46
2026/08/12 19:07:13.682, Tesla V100-PCIE-16GB, 55 %, 4 %, 550 MiB, 16384 MiB, 46
2026/08/12 19:07:23.683, Tesla V100-PCIE-16GB, 49 %, 3 %, 550 MiB, 16384 MiB, 45
2026/08/12 19:07:33.684, Tesla V100-PCIE-16GB, 54 %, 4 %, 550 MiB, 16384 MiB, 45
2026/08/12 19:07:43.687, Tesla V100-PCIE-16GB, 57 %, 4 %, 550 MiB, 16384 MiB, 45
2026/08/12 19:07:53.688, Tesla V100-PCIE-16GB, 58 %, 4 %, 550 MiB, 16384 MiB, 45
2026/08/12 19:08:03.689, Tesla V100-PCIE-16GB, 51 %, 3 %, 550 MiB, 16384 MiB, 45
2026/08/12 19:08:13.757, Tesla V100-PCIE-16GB, 27 %, 2 %, 550 MiB, 16384 MiB, 45
2026/08/12 19:08:23.758, Tesla V100-PCIE-16GB, 55 %, 4 %, 550 MiB, 16384 MiB, 45
2026/08/12 19:08:33.759, Tesla V100-PCIE-16GB, 48 %, 3 %, 550 MiB, 16384 MiB, 45
2026/08/12 19:08:43.760, Tesla V100-PCIE-16GB, 55 %, 4 %, 550 MiB, 16384 MiB, 45
2026/08/12 19:08:53.762, Tesla V100-PCIE-16GB, 54 %, 4 %, 550 MiB, 16384 MiB, 45
2026/08/12 19:09:03.763, Tesla V100-PCIE-16GB, 56 %, 4 %, 550 MiB, 16384 MiB, 45
2026/08/12 19:09:13.764, Tesla V100-PCIE-16GB, 56 %, 4 %, 550 MiB, 16384 MiB, 45
2026/08/12 19:09:23.765, Tesla V100-PCIE-16GB, 53 %, 4 %, 550 MiB, 16384 MiB, 45
2026/08/12 19:09:33.767, Tesla V100-PCIE-16GB, 54 %, 4 %, 550 MiB, 16384 MiB, 45
2026/08/12 19:09:43.768, Tesla V100-PCIE-16GB, 54 %, 4 %, 550 MiB, 16384 MiB, 45
2026/08/12 19:09:53.769, Tesla V100-PCIE-16GB, 53 %, 4 %, 550 MiB, 16384 MiB, 45
2026/08/12 19:10:03.771, Tesla V100-PCIE-16GB, 52 %, 3 %, 550 MiB, 16384 MiB, 45
2026/08/12 19:10:13.772, Tesla V100-PCIE-16GB, 53 %, 4 %, 550 MiB, 16384 MiB, 45
2026/08/12 19:10:23.773, Tesla V100-PCIE-16GB, 51 %, 3 %, 550 MiB, 16384 MiB, 45
2026/08/12 19:10:33.775, Tesla V100-PCIE-16GB, 53 %, 4 %, 550 MiB, 16384 MiB, 45
2026/08/12 19:10:43.776, Tesla V100-PCIE-16GB, 49 %, 3 %, 550 MiB, 16384 MiB, 45
2026/08/12 19:10:53.777, Tesla V100-PCIE-16GB, 56 %, 4 %, 550 MiB, 16384 MiB, 45
2026/08/12 19:11:03.778, Tesla V100-PCIE-16GB, 53 %, 4 %, 550 MiB, 16384 MiB, 45
2026/08/12 19:11:13.779, Tesla V100-PCIE-16GB, 58 %, 4 %, 550 MiB, 16384 MiB, 45
2026/08/12 19:11:23.780, Tesla V100-PCIE-16GB, 58 %, 4 %, 550 MiB, 16384 MiB, 45
2026/08/12 19:11:33.782, Tesla V100-PCIE-16GB, 52 %, 4 %, 550 MiB, 16384 MiB, 45
2026/08/12 19:11:43.784, Tesla V100-PCIE-16GB, 50 %, 3 %, 550 MiB, 16384 MiB, 45
2026/08/12 19:11:53.785, Tesla V100-PCIE-16GB, 59 %, 4 %, 550 MiB, 16384 MiB, 45
2026/08/12 19:12:03.786, Tesla V100-PCIE-16GB, 53 %, 4 %, 550 MiB, 16384 MiB, 46
2026/08/12 19:12:13.787, Tesla V100-PCIE-16GB, 49 %, 3 %, 550 MiB, 16384 MiB, 46
2026/08/12 19:12:23.789, Tesla V100-PCIE-16GB, 51 %, 4 %, 550 MiB, 16384 MiB, 46
2026/08/12 19:12:33.790, Tesla V100-PCIE-16GB, 57 %, 4 %, 550 MiB, 16384 MiB, 46
2026/08/12 19:12:43.791, Tesla V100-PCIE-16GB, 57 %, 4 %, 550 MiB, 16384 MiB, 45
2026/08/12 19:12:53.792, Tesla V100-PCIE-16GB, 53 %, 4 %, 550 MiB, 16384 MiB, 45
2026/08/12 19:13:03.793, Tesla V100-PCIE-16GB, 25 %, 5 %, 550 MiB, 16384 MiB, 45
2026/08/12 19:13:13.794, Tesla V100-PCIE-16GB, 53 %, 4 %, 550 MiB, 16384 MiB, 45
2026/08/12 19:13:23.796, Tesla V100-PCIE-16GB, 55 %, 4 %, 550 MiB, 16384 MiB, 45
2026/08/12 19:13:33.797, Tesla V100-PCIE-16GB, 55 %, 4 %, 550 MiB, 16384 MiB, 45
2026/08/12 19:13:43.799, Tesla V100-PCIE-16GB, 52 %, 3 %, 550 MiB, 16384 MiB, 45
2026/08/12 19:13:53.800, Tesla V100-PCIE-16GB, 54 %, 4 %, 550 MiB, 16384 MiB, 45
2026/08/12 19:14:03.801, Tesla V100-PCIE-16GB, 49 %, 3 %, 550 MiB, 16384 MiB, 45
2026/08/12 19:14:13.802, Tesla V100-PCIE-16GB, 53 %, 4 %, 550 MiB, 16384 MiB, 45
2026/08/12 19:14:23.804, Tesla V100-PCIE-16GB, 51 %, 3 %, 550 MiB, 16384 MiB, 45
2026/08/12 19:14:33.881, Tesla V100-PCIE-16GB, 52 %, 4 %, 550 MiB, 16384 MiB, 45
2026/08/12 19:14:43.882, Tesla V100-PCIE-16GB, 56 %, 4 %, 550 MiB, 16384 MiB, 45
2026/08/12 19:14:53.883, Tesla V100-PCIE-16GB, 55 %, 4 %, 550 MiB, 16384 MiB, 45
2026/08/12 19:15:03.885, Tesla V100-PCIE-16GB, 52 %, 4 %, 550 MiB, 16384 MiB, 45
2026/08/12 19:15:13.886, Tesla V100-PCIE-16GB, 52 %, 4 %, 550 MiB, 16384 MiB, 45
2026/08/12 19:15:23.887, Tesla V100-PCIE-16GB, 54 %, 4 %, 550 MiB, 16384 MiB, 45
2026/08/12 19:15:33.888, Tesla V100-PCIE-16GB, 54 %, 4 %, 550 MiB, 16384 MiB, 45
2026/08/12 19:15:43.889, Tesla V100-PCIE-16GB, 48 %, 3 %, 550 MiB, 16384 MiB, 45
2026/08/12 19:15:53.891, Tesla V100-PCIE-16GB, 24 %, 4 %, 550 MiB, 16384 MiB, 45
2026/08/12 19:16:03.892, Tesla V100-PCIE-16GB, 52 %, 4 %, 550 MiB, 16384 MiB, 45
2026/08/12 19:16:13.893, Tesla V100-PCIE-16GB, 54 %, 4 %, 550 MiB, 16384 MiB, 45
2026/08/12 19:16:23.894, Tesla V100-PCIE-16GB, 58 %, 4 %, 550 MiB, 16384 MiB, 45
2026/08/12 19:16:33.961, Tesla V100-PCIE-16GB, 51 %, 3 %, 550 MiB, 16384 MiB, 45
2026/08/12 19:16:43.963, Tesla V100-PCIE-16GB, 54 %, 4 %, 550 MiB, 16384 MiB, 45
2026/08/12 19:16:53.964, Tesla V100-PCIE-16GB, 58 %, 4 %, 550 MiB, 16384 MiB, 45
2026/08/12 19:17:03.965, Tesla V100-PCIE-16GB, 58 %, 4 %, 550 MiB, 16384 MiB, 45
2026/08/12 19:17:13.966, Tesla V100-PCIE-16GB, 56 %, 4 %, 550 MiB, 16384 MiB, 46
2026/08/12 19:17:23.967, Tesla V100-PCIE-16GB, 56 %, 4 %, 550 MiB, 16384 MiB, 46
2026/08/12 19:17:33.969, Tesla V100-PCIE-16GB, 52 %, 4 %, 550 MiB, 16384 MiB, 46
2026/08/12 19:17:43.970, Tesla V100-PCIE-16GB, 53 %, 4 %, 550 MiB, 16384 MiB, 46
2026/08/12 19:17:53.971, Tesla V100-PCIE-16GB, 57 %, 4 %, 550 MiB, 16384 MiB, 46
2026/08/12 19:18:03.972, Tesla V100-PCIE-16GB, 52 %, 4 %, 550 MiB, 16384 MiB, 46
2026/08/12 19:18:13.974, Tesla V100-PCIE-16GB, 56 %, 4 %, 550 MiB, 16384 MiB, 46
2026/08/12 19:18:23.975, Tesla V100-PCIE-16GB, 55 %, 4 %, 550 MiB, 16384 MiB, 46
2026/08/12 19:18:33.977, Tesla V100-PCIE-16GB, 53 %, 4 %, 550 MiB, 16384 MiB, 46
2026/08/12 19:18:43.978, Tesla V100-PCIE-16GB, 53 %, 4 %, 550 MiB, 16384 MiB, 46
2026/08/12 19:18:53.979, Tesla V100-PCIE-16GB, 52 %, 4 %, 550 MiB, 16384 MiB, 45
2026/08/12 19:19:03.980, Tesla V100-PCIE-16GB, 53 %, 4 %, 550 MiB, 16384 MiB, 45
2026/08/12 19:19:13.981, Tesla V100-PCIE-16GB, 56 %, 4 %, 550 MiB, 16384 MiB, 45
2026/08/12 19:19:23.983, Tesla V100-PCIE-16GB, 52 %, 4 %, 550 MiB, 16384 MiB, 45
2026/08/12 19:19:33.984, Tesla V100-PCIE-16GB, 49 %, 3 %, 550 MiB, 16384 MiB, 45
2026/08/12 19:19:43.985, Tesla V100-PCIE-16GB, 53 %, 4 %, 550 MiB, 16384 MiB, 45
2026/08/12 19:19:53.986, Tesla V100-PCIE-16GB, 56 %, 4 %, 550 MiB, 16384 MiB, 45
2026/08/12 19:20:03.987, Tesla V100-PCIE-16GB, 54 %, 4 %, 550 MiB, 16384 MiB, 45
2026/08/12 19:20:13.988, Tesla V100-PCIE-16GB, 52 %, 4 %, 550 MiB, 16384 MiB, 45
2026/08/12 19:20:23.990, Tesla V100-PCIE-16GB, 55 %, 4 %, 550 MiB, 16384 MiB, 45
2026/08/12 19:20:33.992, Tesla V100-PCIE-16GB, 53 %, 4 %, 550 MiB, 16384 MiB, 45
2026/08/12 19:20:43.993, Tesla V100-PCIE-16GB, 55 %, 4 %, 550 MiB, 16384 MiB, 45
2026/08/12 19:20:53.995, Tesla V100-PCIE-16GB, 57 %, 4 %, 550 MiB, 16384 MiB, 45
2026/08/12 19:21:03.996, Tesla V100-PCIE-16GB, 51 %, 3 %, 550 MiB, 16384 MiB, 45
2026/08/12 19:21:13.997, Tesla V100-PCIE-16GB, 54 %, 4 %, 550 MiB, 16384 MiB, 45
2026/08/12 19:21:23.998, Tesla V100-PCIE-16GB, 50 %, 3 %, 550 MiB, 16384 MiB, 45
2026/08/12 19:21:34.000, Tesla V100-PCIE-16GB, 59 %, 4 %, 550 MiB, 16384 MiB, 45
2026/08/12 19:21:44.001, Tesla V100-PCIE-16GB, 58 %, 4 %, 550 MiB, 16384 MiB, 45
2026/08/12 19:21:54.002, Tesla V100-PCIE-16GB, 53 %, 4 %, 550 MiB, 16384 MiB, 45
2026/08/12 19:22:04.003, Tesla V100-PCIE-16GB, 55 %, 4 %, 550 MiB, 16384 MiB, 46
2026/08/12 19:22:14.005, Tesla V100-PCIE-16GB, 58 %, 4 %, 550 MiB, 16384 MiB, 46
2026/08/12 19:22:24.006, Tesla V100-PCIE-16GB, 57 %, 4 %, 550 MiB, 16384 MiB, 46
2026/08/12 19:22:34.007, Tesla V100-PCIE-16GB, 54 %, 4 %, 550 MiB, 16384 MiB, 46
2026/08/12 19:22:44.008, Tesla V100-PCIE-16GB, 58 %, 4 %, 550 MiB, 16384 MiB, 46
2026/08/12 19:22:54.009, Tesla V100-PCIE-16GB, 53 %, 4 %, 550 MiB, 16384 MiB, 46
2026/08/12 19:23:04.010, Tesla V100-PCIE-16GB, 25 %, 5 %, 550 MiB, 16384 MiB, 46
2026/08/12 19:23:14.012, Tesla V100-PCIE-16GB, 56 %, 4 %, 550 MiB, 16384 MiB, 46
2026/08/12 19:23:24.013, Tesla V100-PCIE-16GB, 50 %, 3 %, 550 MiB, 16384 MiB, 46
2026/08/12 19:23:34.082, Tesla V100-PCIE-16GB, 56 %, 4 %, 550 MiB, 16384 MiB, 46
2026/08/12 19:23:44.083, Tesla V100-PCIE-16GB, 52 %, 3 %, 550 MiB, 16384 MiB, 45
2026/08/12 19:23:54.084, Tesla V100-PCIE-16GB, 54 %, 4 %, 550 MiB, 16384 MiB, 45
2026/08/12 19:24:04.085, Tesla V100-PCIE-16GB, 55 %, 4 %, 550 MiB, 16384 MiB, 45
2026/08/12 19:24:14.086, Tesla V100-PCIE-16GB, 53 %, 4 %, 550 MiB, 16384 MiB, 45
2026/08/12 19:24:24.087, Tesla V100-PCIE-16GB, 54 %, 4 %, 550 MiB, 16384 MiB, 45
2026/08/12 19:24:34.088, Tesla V100-PCIE-16GB, 52 %, 4 %, 550 MiB, 16384 MiB, 45
2026/08/12 19:24:44.090, Tesla V100-PCIE-16GB, 52 %, 3 %, 550 MiB, 16384 MiB, 45
2026/08/12 19:24:54.091, Tesla V100-PCIE-16GB, 56 %, 4 %, 550 MiB, 16384 MiB, 45
2026/08/12 19:25:04.092, Tesla V100-PCIE-16GB, 56 %, 4 %, 550 MiB, 16384 MiB, 45
2026/08/12 19:25:14.093, Tesla V100-PCIE-16GB, 52 %, 4 %, 550 MiB, 16384 MiB, 45
2026/08/12 19:25:24.094, Tesla V100-PCIE-16GB, 52 %, 4 %, 550 MiB, 16384 MiB, 45
2026/08/12 19:25:34.155, Tesla V100-PCIE-16GB, 55 %, 4 %, 550 MiB, 16384 MiB, 45
2026/08/12 19:25:44.157, Tesla V100-PCIE-16GB, 56 %, 4 %, 550 MiB, 16384 MiB, 45
2026/08/12 19:25:54.158, Tesla V100-PCIE-16GB, 57 %, 4 %, 550 MiB, 16384 MiB, 45
2026/08/12 19:26:04.159, Tesla V100-PCIE-16GB, 52 %, 3 %, 550 MiB, 16384 MiB, 45
2026/08/12 19:26:14.160, Tesla V100-PCIE-16GB, 55 %, 4 %, 550 MiB, 16384 MiB, 45
2026/08/12 19:26:24.161, Tesla V100-PCIE-16GB, 58 %, 4 %, 550 MiB, 16384 MiB, 45
2026/08/12 19:26:34.162, Tesla V100-PCIE-16GB, 51 %, 3 %, 550 MiB, 16384 MiB, 45
2026/08/12 19:26:44.163, Tesla V100-PCIE-16GB, 57 %, 4 %, 550 MiB, 16384 MiB, 45
2026/08/12 19:26:54.165, Tesla V100-PCIE-16GB, 58 %, 4 %, 550 MiB, 16384 MiB, 45
2026/08/12 19:27:04.166, Tesla V100-PCIE-16GB, 50 %, 3 %, 550 MiB, 16384 MiB, 46
2026/08/12 19:27:14.167, Tesla V100-PCIE-16GB, 58 %, 4 %, 550 MiB, 16384 MiB, 46
2026/08/12 19:27:24.168, Tesla V100-PCIE-16GB, 57 %, 4 %, 550 MiB, 16384 MiB, 46
2026/08/12 19:27:34.226, Tesla V100-PCIE-16GB, 52 %, 4 %, 550 MiB, 16384 MiB, 46
2026/08/12 19:27:44.227, Tesla V100-PCIE-16GB, 56 %, 4 %, 550 MiB, 16384 MiB, 46
2026/08/12 19:27:54.229, Tesla V100-PCIE-16GB, 55 %, 4 %, 550 MiB, 16384 MiB, 46
2026/08/12 19:28:04.230, Tesla V100-PCIE-16GB, 54 %, 4 %, 550 MiB, 16384 MiB, 46
2026/08/12 19:28:14.232, Tesla V100-PCIE-16GB, 49 %, 3 %, 550 MiB, 16384 MiB, 46
2026/08/12 19:28:24.233, Tesla V100-PCIE-16GB, 55 %, 4 %, 550 MiB, 16384 MiB, 46
2026/08/12 19:28:34.234, Tesla V100-PCIE-16GB, 52 %, 4 %, 550 MiB, 16384 MiB, 46
2026/08/12 19:28:44.235, Tesla V100-PCIE-16GB, 57 %, 4 %, 550 MiB, 16384 MiB, 46
2026/08/12 19:28:54.236, Tesla V100-PCIE-16GB, 56 %, 4 %, 550 MiB, 16384 MiB, 46
2026/08/12 19:29:04.237, Tesla V100-PCIE-16GB, 54 %, 4 %, 550 MiB, 16384 MiB, 45
2026/08/12 19:29:14.239, Tesla V100-PCIE-16GB, 57 %, 4 %, 550 MiB, 16384 MiB, 45
2026/08/12 19:29:24.240, Tesla V100-PCIE-16GB, 55 %, 4 %, 550 MiB, 16384 MiB, 45
2026/08/12 19:29:34.288, Tesla V100-PCIE-16GB, 52 %, 4 %, 550 MiB, 16384 MiB, 45
2026/08/12 19:29:44.289, Tesla V100-PCIE-16GB, 53 %, 4 %, 550 MiB, 16384 MiB, 45
2026/08/12 19:29:54.290, Tesla V100-PCIE-16GB, 55 %, 4 %, 550 MiB, 16384 MiB, 45
2026/08/12 19:30:04.292, Tesla V100-PCIE-16GB, 56 %, 4 %, 550 MiB, 16384 MiB, 45
2026/08/12 19:30:14.293, Tesla V100-PCIE-16GB, 56 %, 4 %, 550 MiB, 16384 MiB, 45
2026/08/12 19:30:24.294, Tesla V100-PCIE-16GB, 51 %, 3 %, 550 MiB, 16384 MiB, 45
2026/08/12 19:30:34.295, Tesla V100-PCIE-16GB, 53 %, 4 %, 550 MiB, 16384 MiB, 45
2026/08/12 19:30:44.296, Tesla V100-PCIE-16GB, 57 %, 4 %, 550 MiB, 16384 MiB, 45
2026/08/12 19:30:54.297, Tesla V100-PCIE-16GB, 54 %, 4 %, 550 MiB, 16384 MiB, 45
2026/08/12 19:31:04.298, Tesla V100-PCIE-16GB, 52 %, 3 %, 550 MiB, 16384 MiB, 45
2026/08/12 19:31:14.300, Tesla V100-PCIE-16GB, 55 %, 4 %, 550 MiB, 16384 MiB, 45
2026/08/12 19:31:24.301, Tesla V100-PCIE-16GB, 48 %, 3 %, 550 MiB, 16384 MiB, 45
2026/08/12 19:31:34.371, Tesla V100-PCIE-16GB, 56 %, 4 %, 550 MiB, 16384 MiB, 45
2026/08/12 19:31:44.373, Tesla V100-PCIE-16GB, 56 %, 4 %, 550 MiB, 16384 MiB, 45
2026/08/12 19:31:54.374, Tesla V100-PCIE-16GB, 24 %, 5 %, 550 MiB, 16384 MiB, 45
2026/08/12 19:32:04.375, Tesla V100-PCIE-16GB, 52 %, 4 %, 550 MiB, 16384 MiB, 46
2026/08/12 19:32:14.376, Tesla V100-PCIE-16GB, 53 %, 4 %, 550 MiB, 16384 MiB, 46
2026/08/12 19:32:24.377, Tesla V100-PCIE-16GB, 58 %, 4 %, 550 MiB, 16384 MiB, 46
2026/08/12 19:32:34.378, Tesla V100-PCIE-16GB, 55 %, 4 %, 550 MiB, 16384 MiB, 46
2026/08/12 19:32:44.379, Tesla V100-PCIE-16GB, 59 %, 4 %, 550 MiB, 16384 MiB, 46
2026/08/12 19:32:54.381, Tesla V100-PCIE-16GB, 55 %, 4 %, 550 MiB, 16384 MiB, 47
2026/08/12 19:33:04.382, Tesla V100-PCIE-16GB, 50 %, 3 %, 550 MiB, 16384 MiB, 47
2026/08/12 19:33:14.384, Tesla V100-PCIE-16GB, 50 %, 3 %, 550 MiB, 16384 MiB, 47
2026/08/12 19:33:24.385, Tesla V100-PCIE-16GB, 51 %, 3 %, 550 MiB, 16384 MiB, 47
2026/08/12 19:33:34.386, Tesla V100-PCIE-16GB, 55 %, 4 %, 550 MiB, 16384 MiB, 47
2026/08/12 19:33:44.387, Tesla V100-PCIE-16GB, 52 %, 4 %, 550 MiB, 16384 MiB, 46
2026/08/12 19:33:54.388, Tesla V100-PCIE-16GB, 56 %, 4 %, 550 MiB, 16384 MiB, 46
2026/08/12 19:34:04.389, Tesla V100-PCIE-16GB, 53 %, 4 %, 550 MiB, 16384 MiB, 46
2026/08/12 19:34:14.391, Tesla V100-PCIE-16GB, 52 %, 4 %, 550 MiB, 16384 MiB, 46
2026/08/12 19:34:24.392, Tesla V100-PCIE-16GB, 55 %, 4 %, 550 MiB, 16384 MiB, 46
2026/08/12 19:34:34.393, Tesla V100-PCIE-16GB, 55 %, 4 %, 550 MiB, 16384 MiB, 46
2026/08/12 19:34:44.394, Tesla V100-PCIE-16GB, 52 %, 4 %, 550 MiB, 16384 MiB, 46
2026/08/12 19:34:54.395, Tesla V100-PCIE-16GB, 52 %, 4 %, 550 MiB, 16384 MiB, 45
2026/08/12 19:35:04.396, Tesla V100-PCIE-16GB, 52 %, 4 %, 550 MiB, 16384 MiB, 45
2026/08/12 19:35:14.398, Tesla V100-PCIE-16GB, 54 %, 4 %, 550 MiB, 16384 MiB, 45
2026/08/12 19:35:24.399, Tesla V100-PCIE-16GB, 55 %, 4 %, 550 MiB, 16384 MiB, 45
2026/08/12 19:35:34.435, Tesla V100-PCIE-16GB, 52 %, 4 %, 550 MiB, 16384 MiB, 45
2026/08/12 19:35:44.437, Tesla V100-PCIE-16GB, 53 %, 4 %, 550 MiB, 16384 MiB, 45
2026/08/12 19:35:54.438, Tesla V100-PCIE-16GB, 55 %, 4 %, 550 MiB, 16384 MiB, 45
2026/08/12 19:36:04.440, Tesla V100-PCIE-16GB, 55 %, 4 %, 550 MiB, 16384 MiB, 45
2026/08/12 19:36:14.441, Tesla V100-PCIE-16GB, 55 %, 4 %, 550 MiB, 16384 MiB, 45
2026/08/12 19:36:24.442, Tesla V100-PCIE-16GB, 56 %, 4 %, 550 MiB, 16384 MiB, 45
2026/08/12 19:36:34.443, Tesla V100-PCIE-16GB, 56 %, 4 %, 550 MiB, 16384 MiB, 45
2026/08/12 19:36:44.444, Tesla V100-PCIE-16GB, 55 %, 4 %, 550 MiB, 16384 MiB, 45
2026/08/12 19:36:54.446, Tesla V100-PCIE-16GB, 52 %, 4 %, 550 MiB, 16384 MiB, 45
2026/08/12 19:37:04.447, Tesla V100-PCIE-16GB, 58 %, 4 %, 550 MiB, 16384 MiB, 45
2026/08/12 19:37:14.448, Tesla V100-PCIE-16GB, 57 %, 4 %, 550 MiB, 16384 MiB, 45
2026/08/12 19:37:24.449, Tesla V100-PCIE-16GB, 50 %, 3 %, 550 MiB, 16384 MiB, 45
2026/08/12 19:37:34.450, Tesla V100-PCIE-16GB, 53 %, 4 %, 550 MiB, 16384 MiB, 46
2026/08/12 19:37:44.452, Tesla V100-PCIE-16GB, 58 %, 4 %, 550 MiB, 16384 MiB, 46
2026/08/12 19:37:54.453, Tesla V100-PCIE-16GB, 49 %, 3 %, 550 MiB, 16384 MiB, 46
2026/08/12 19:38:04.454, Tesla V100-PCIE-16GB, 55 %, 4 %, 550 MiB, 16384 MiB, 46
2026/08/12 19:38:14.455, Tesla V100-PCIE-16GB, 54 %, 4 %, 550 MiB, 16384 MiB, 46
2026/08/12 19:38:24.457, Tesla V100-PCIE-16GB, 54 %, 4 %, 550 MiB, 16384 MiB, 46
2026/08/12 19:38:34.458, Tesla V100-PCIE-16GB, 51 %, 3 %, 550 MiB, 16384 MiB, 46
2026/08/12 19:38:44.459, Tesla V100-PCIE-16GB, 58 %, 4 %, 550 MiB, 16384 MiB, 46
2026/08/12 19:38:54.460, Tesla V100-PCIE-16GB, 55 %, 4 %, 550 MiB, 16384 MiB, 46
2026/08/12 19:39:04.461, Tesla V100-PCIE-16GB, 49 %, 3 %, 550 MiB, 16384 MiB, 46
2026/08/12 19:39:14.463, Tesla V100-PCIE-16GB, 54 %, 4 %, 550 MiB, 16384 MiB, 46
2026/08/12 19:39:24.464, Tesla V100-PCIE-16GB, 55 %, 4 %, 550 MiB, 16384 MiB, 46
2026/08/12 19:39:34.465, Tesla V100-PCIE-16GB, 51 %, 3 %, 550 MiB, 16384 MiB, 46
2026/08/12 19:39:44.466, Tesla V100-PCIE-16GB, 51 %, 3 %, 550 MiB, 16384 MiB, 46
2026/08/12 19:39:54.468, Tesla V100-PCIE-16GB, 55 %, 4 %, 550 MiB, 16384 MiB, 46
2026/08/12 19:40:04.469, Tesla V100-PCIE-16GB, 55 %, 4 %, 550 MiB, 16384 MiB, 46
2026/08/12 19:40:14.470, Tesla V100-PCIE-16GB, 49 %, 3 %, 550 MiB, 16384 MiB, 45
2026/08/12 19:40:24.471, Tesla V100-PCIE-16GB, 57 %, 4 %, 550 MiB, 16384 MiB, 46
2026/08/12 19:40:34.473, Tesla V100-PCIE-16GB, 53 %, 4 %, 550 MiB, 16384 MiB, 45
2026/08/12 19:40:44.474, Tesla V100-PCIE-16GB, 25 %, 5 %, 550 MiB, 16384 MiB, 46
2026/08/12 19:40:54.475, Tesla V100-PCIE-16GB, 50 %, 3 %, 550 MiB, 16384 MiB, 45
2026/08/12 19:41:04.476, Tesla V100-PCIE-16GB, 55 %, 4 %, 550 MiB, 16384 MiB, 45
2026/08/12 19:41:14.477, Tesla V100-PCIE-16GB, 51 %, 3 %, 550 MiB, 16384 MiB, 45
2026/08/12 19:41:24.478, Tesla V100-PCIE-16GB, 54 %, 4 %, 550 MiB, 16384 MiB, 45
2026/08/12 19:41:34.480, Tesla V100-PCIE-16GB, 53 %, 4 %, 550 MiB, 16384 MiB, 45
2026/08/12 19:41:44.481, Tesla V100-PCIE-16GB, 54 %, 4 %, 550 MiB, 16384 MiB, 45
2026/08/12 19:41:54.482, Tesla V100-PCIE-16GB, 53 %, 4 %, 550 MiB, 16384 MiB, 45
2026/08/12 19:42:04.483, Tesla V100-PCIE-16GB, 52 %, 4 %, 550 MiB, 16384 MiB, 45
2026/08/12 19:42:14.484, Tesla V100-PCIE-16GB, 58 %, 4 %, 550 MiB, 16384 MiB, 45
2026/08/12 19:42:24.486, Tesla V100-PCIE-16GB, 59 %, 4 %, 550 MiB, 16384 MiB, 46
2026/08/12 19:42:34.487, Tesla V100-PCIE-16GB, 51 %, 3 %, 550 MiB, 16384 MiB, 46
2026/08/12 19:42:44.488, Tesla V100-PCIE-16GB, 58 %, 4 %, 550 MiB, 16384 MiB, 46
2026/08/12 19:42:54.489, Tesla V100-PCIE-16GB, 58 %, 4 %, 550 MiB, 16384 MiB, 46
2026/08/12 19:43:04.490, Tesla V100-PCIE-16GB, 54 %, 4 %, 550 MiB, 16384 MiB, 46
2026/08/12 19:43:14.491, Tesla V100-PCIE-16GB, 52 %, 4 %, 550 MiB, 16384 MiB, 46
2026/08/12 19:43:24.493, Tesla V100-PCIE-16GB, 53 %, 4 %, 550 MiB, 16384 MiB, 46
2026/08/12 19:43:34.494, Tesla V100-PCIE-16GB, 53 %, 4 %, 550 MiB, 16384 MiB, 46
2026/08/12 19:43:44.495, Tesla V100-PCIE-16GB, 54 %, 4 %, 550 MiB, 16384 MiB, 46
2026/08/12 19:43:54.496, Tesla V100-PCIE-16GB, 56 %, 4 %, 550 MiB, 16384 MiB, 46
2026/08/12 19:44:04.498, Tesla V100-PCIE-16GB, 55 %, 4 %, 550 MiB, 16384 MiB, 46
2026/08/12 19:44:14.499, Tesla V100-PCIE-16GB, 56 %, 4 %, 550 MiB, 16384 MiB, 46
2026/08/12 19:44:24.500, Tesla V100-PCIE-16GB, 54 %, 4 %, 550 MiB, 16384 MiB, 46
2026/08/12 19:44:34.501, Tesla V100-PCIE-16GB, 57 %, 4 %, 550 MiB, 16384 MiB, 46
2026/08/12 19:44:44.502, Tesla V100-PCIE-16GB, 56 %, 4 %, 550 MiB, 16384 MiB, 46
2026/08/12 19:44:54.505, Tesla V100-PCIE-16GB, 53 %, 4 %, 550 MiB, 16384 MiB, 46
2026/08/12 19:45:04.506, Tesla V100-PCIE-16GB, 49 %, 3 %, 550 MiB, 16384 MiB, 46
2026/08/12 19:45:14.507, Tesla V100-PCIE-16GB, 57 %, 4 %, 550 MiB, 16384 MiB, 46
2026/08/12 19:45:24.508, Tesla V100-PCIE-16GB, 55 %, 4 %, 550 MiB, 16384 MiB, 46
2026/08/12 19:45:34.509, Tesla V100-PCIE-16GB, 23 %, 4 %, 550 MiB, 16384 MiB, 46
2026/08/12 19:45:44.511, Tesla V100-PCIE-16GB, 49 %, 3 %, 550 MiB, 16384 MiB, 46
2026/08/12 19:45:54.512, Tesla V100-PCIE-16GB, 55 %, 4 %, 550 MiB, 16384 MiB, 46
2026/08/12 19:46:04.513, Tesla V100-PCIE-16GB, 55 %, 4 %, 550 MiB, 16384 MiB, 46
2026/08/12 19:46:14.514, Tesla V100-PCIE-16GB, 53 %, 4 %, 550 MiB, 16384 MiB, 46
2026/08/12 19:46:24.516, Tesla V100-PCIE-16GB, 56 %, 4 %, 550 MiB, 16384 MiB, 46
2026/08/12 19:46:34.517, Tesla V100-PCIE-16GB, 54 %, 4 %, 550 MiB, 16384 MiB, 46
2026/08/12 19:46:44.518, Tesla V100-PCIE-16GB, 53 %, 4 %, 550 MiB, 16384 MiB, 45
2026/08/12 19:46:54.519, Tesla V100-PCIE-16GB, 55 %, 4 %, 550 MiB, 16384 MiB, 45
2026/08/12 19:47:04.520, Tesla V100-PCIE-16GB, 56 %, 4 %, 550 MiB, 16384 MiB, 45
2026/08/12 19:47:14.522, Tesla V100-PCIE-16GB, 54 %, 4 %, 550 MiB, 16384 MiB, 46
2026/08/12 19:47:24.523, Tesla V100-PCIE-16GB, 57 %, 4 %, 550 MiB, 16384 MiB, 46
2026/08/12 19:47:34.524, Tesla V100-PCIE-16GB, 51 %, 3 %, 550 MiB, 16384 MiB, 46
2026/08/12 19:47:44.525, Tesla V100-PCIE-16GB, 52 %, 4 %, 550 MiB, 16384 MiB, 46
2026/08/12 19:47:54.527, Tesla V100-PCIE-16GB, 58 %, 4 %, 550 MiB, 16384 MiB, 46
2026/08/12 19:48:04.528, Tesla V100-PCIE-16GB, 59 %, 4 %, 550 MiB, 16384 MiB, 46
2026/08/12 19:48:14.529, Tesla V100-PCIE-16GB, 50 %, 3 %, 550 MiB, 16384 MiB, 46
2026/08/12 19:48:24.530, Tesla V100-PCIE-16GB, 52 %, 4 %, 550 MiB, 16384 MiB, 46
2026/08/12 19:48:34.531, Tesla V100-PCIE-16GB, 55 %, 4 %, 550 MiB, 16384 MiB, 46
2026/08/12 19:48:44.533, Tesla V100-PCIE-16GB, 52 %, 4 %, 550 MiB, 16384 MiB, 46
2026/08/12 19:48:54.534, Tesla V100-PCIE-16GB, 56 %, 4 %, 550 MiB, 16384 MiB, 46
2026/08/12 19:49:04.535, Tesla V100-PCIE-16GB, 53 %, 4 %, 550 MiB, 16384 MiB, 46
2026/08/12 19:49:14.536, Tesla V100-PCIE-16GB, 52 %, 4 %, 550 MiB, 16384 MiB, 46
2026/08/12 19:49:24.537, Tesla V100-PCIE-16GB, 53 %, 4 %, 550 MiB, 16384 MiB, 46
2026/08/12 19:49:34.539, Tesla V100-PCIE-16GB, 53 %, 4 %, 550 MiB, 16384 MiB, 46
2026/08/12 19:49:44.540, Tesla V100-PCIE-16GB, 54 %, 4 %, 550 MiB, 16384 MiB, 46
2026/08/12 19:49:54.541, Tesla V100-PCIE-16GB, 54 %, 4 %, 550 MiB, 16384 MiB, 46
2026/08/12 19:50:04.543, Tesla V100-PCIE-16GB, 52 %, 4 %, 550 MiB, 16384 MiB, 46
2026/08/12 19:50:14.544, Tesla V100-PCIE-16GB, 52 %, 3 %, 550 MiB, 16384 MiB, 46
2026/08/12 19:50:24.545, Tesla V100-PCIE-16GB, 54 %, 4 %, 550 MiB, 16384 MiB, 46
2026/08/12 19:50:34.546, Tesla V100-PCIE-16GB, 51 %, 4 %, 550 MiB, 16384 MiB, 46
2026/08/12 19:50:44.548, Tesla V100-PCIE-16GB, 52 %, 3 %, 550 MiB, 16384 MiB, 46
2026/08/12 19:50:54.549, Tesla V100-PCIE-16GB, 53 %, 4 %, 550 MiB, 16384 MiB, 46
2026/08/12 19:51:04.550, Tesla V100-PCIE-16GB, 53 %, 4 %, 550 MiB, 16384 MiB, 46
2026/08/12 19:51:14.551, Tesla V100-PCIE-16GB, 55 %, 4 %, 550 MiB, 16384 MiB, 46
2026/08/12 19:51:24.552, Tesla V100-PCIE-16GB, 55 %, 4 %, 550 MiB, 16384 MiB, 46
2026/08/12 19:51:34.554, Tesla V100-PCIE-16GB, 56 %, 4 %, 550 MiB, 16384 MiB, 46
2026/08/12 19:51:44.556, Tesla V100-PCIE-16GB, 56 %, 4 %, 550 MiB, 16384 MiB, 46
2026/08/12 19:51:54.557, Tesla V100-PCIE-16GB, 52 %, 4 %, 550 MiB, 16384 MiB, 46
2026/08/12 19:52:04.558, Tesla V100-PCIE-16GB, 59 %, 4 %, 550 MiB, 16384 MiB, 46
2026/08/12 19:52:14.559, Tesla V100-PCIE-16GB, 53 %, 4 %, 550 MiB, 16384 MiB, 46
2026/08/12 19:52:24.561, Tesla V100-PCIE-16GB, 34 %, 3 %, 550 MiB, 16384 MiB, 46
2026/08/12 19:52:34.562, Tesla V100-PCIE-16GB, 58 %, 4 %, 550 MiB, 16384 MiB, 46
2026/08/12 19:52:44.564, Tesla V100-PCIE-16GB, 52 %, 4 %, 550 MiB, 16384 MiB, 46
2026/08/12 19:52:54.565, Tesla V100-PCIE-16GB, 54 %, 4 %, 550 MiB, 16384 MiB, 46
2026/08/12 19:53:04.566, Tesla V100-PCIE-16GB, 58 %, 4 %, 550 MiB, 16384 MiB, 46
2026/08/12 19:53:14.567, Tesla V100-PCIE-16GB, 59 %, 4 %, 550 MiB, 16384 MiB, 47
2026/08/12 19:53:24.568, Tesla V100-PCIE-16GB, 54 %, 4 %, 550 MiB, 16384 MiB, 47
2026/08/12 19:53:34.570, Tesla V100-PCIE-16GB, 57 %, 4 %, 550 MiB, 16384 MiB, 47
2026/08/12 19:53:44.571, Tesla V100-PCIE-16GB, 55 %, 4 %, 550 MiB, 16384 MiB, 47
2026/08/12 19:53:54.572, Tesla V100-PCIE-16GB, 54 %, 4 %, 550 MiB, 16384 MiB, 47
2026/08/12 19:54:04.573, Tesla V100-PCIE-16GB, 55 %, 4 %, 550 MiB, 16384 MiB, 47
2026/08/12 19:54:14.574, Tesla V100-PCIE-16GB, 53 %, 4 %, 550 MiB, 16384 MiB, 47
2026/08/12 19:54:24.576, Tesla V100-PCIE-16GB, 55 %, 4 %, 550 MiB, 16384 MiB, 47
2026/08/12 19:54:34.577, Tesla V100-PCIE-16GB, 53 %, 4 %, 550 MiB, 16384 MiB, 46
2026/08/12 19:54:44.578, Tesla V100-PCIE-16GB, 52 %, 4 %, 550 MiB, 16384 MiB, 46
2026/08/12 19:54:54.579, Tesla V100-PCIE-16GB, 55 %, 4 %, 550 MiB, 16384 MiB, 46
2026/08/12 19:55:04.581, Tesla V100-PCIE-16GB, 52 %, 4 %, 550 MiB, 16384 MiB, 46
2026/08/12 19:55:14.582, Tesla V100-PCIE-16GB, 56 %, 4 %, 550 MiB, 16384 MiB, 46
2026/08/12 19:55:24.583, Tesla V100-PCIE-16GB, 53 %, 4 %, 550 MiB, 16384 MiB, 46
2026/08/12 19:55:34.584, Tesla V100-PCIE-16GB, 49 %, 3 %, 550 MiB, 16384 MiB, 46
2026/08/12 19:55:44.585, Tesla V100-PCIE-16GB, 56 %, 4 %, 550 MiB, 16384 MiB, 46
2026/08/12 19:55:54.587, Tesla V100-PCIE-16GB, 55 %, 4 %, 550 MiB, 16384 MiB, 46
2026/08/12 19:56:04.588, Tesla V100-PCIE-16GB, 52 %, 4 %, 550 MiB, 16384 MiB, 46
2026/08/12 19:56:14.589, Tesla V100-PCIE-16GB, 54 %, 4 %, 550 MiB, 16384 MiB, 46
2026/08/12 19:56:24.591, Tesla V100-PCIE-16GB, 55 %, 4 %, 550 MiB, 16384 MiB, 46
2026/08/12 19:56:34.592, Tesla V100-PCIE-16GB, 56 %, 4 %, 550 MiB, 16384 MiB, 46
2026/08/12 19:56:44.593, Tesla V100-PCIE-16GB, 53 %, 4 %, 550 MiB, 16384 MiB, 46
2026/08/12 19:56:54.594, Tesla V100-PCIE-16GB, 54 %, 4 %, 550 MiB, 16384 MiB, 46
2026/08/12 19:57:04.595, Tesla V100-PCIE-16GB, 52 %, 3 %, 550 MiB, 16384 MiB, 46
2026/08/12 19:57:14.597, Tesla V100-PCIE-16GB, 56 %, 4 %, 550 MiB, 16384 MiB, 46
2026/08/12 19:57:24.598, Tesla V100-PCIE-16GB, 55 %, 4 %, 550 MiB, 16384 MiB, 46
2026/08/12 19:57:34.599, Tesla V100-PCIE-16GB, 58 %, 4 %, 550 MiB, 16384 MiB, 46
2026/08/12 19:57:44.600, Tesla V100-PCIE-16GB, 58 %, 4 %, 550 MiB, 16384 MiB, 46
2026/08/12 19:57:54.601, Tesla V100-PCIE-16GB, 50 %, 3 %, 550 MiB, 16384 MiB, 47
2026/08/12 19:58:04.602, Tesla V100-PCIE-16GB, 53 %, 4 %, 550 MiB, 16384 MiB, 47
2026/08/12 19:58:14.604, Tesla V100-PCIE-16GB, 58 %, 4 %, 550 MiB, 16384 MiB, 47
2026/08/12 19:58:24.605, Tesla V100-PCIE-16GB, 22 %, 4 %, 550 MiB, 16384 MiB, 47
2026/08/12 19:58:34.606, Tesla V100-PCIE-16GB, 58 %, 4 %, 550 MiB, 16384 MiB, 47
2026/08/12 19:58:44.607, Tesla V100-PCIE-16GB, 50 %, 3 %, 550 MiB, 16384 MiB, 47
2026/08/12 19:58:54.608, Tesla V100-PCIE-16GB, 55 %, 4 %, 550 MiB, 16384 MiB, 47
2026/08/12 19:59:04.609, Tesla V100-PCIE-16GB, 51 %, 3 %, 550 MiB, 16384 MiB, 47
2026/08/12 19:59:14.611, Tesla V100-PCIE-16GB, 55 %, 4 %, 550 MiB, 16384 MiB, 47
2026/08/12 19:59:24.612, Tesla V100-PCIE-16GB, 54 %, 4 %, 550 MiB, 16384 MiB, 47
2026/08/12 19:59:34.613, Tesla V100-PCIE-16GB, 54 %, 4 %, 550 MiB, 16384 MiB, 47
2026/08/12 19:59:44.614, Tesla V100-PCIE-16GB, 51 %, 3 %, 550 MiB, 16384 MiB, 47
2026/08/12 19:59:54.615, Tesla V100-PCIE-16GB, 52 %, 3 %, 550 MiB, 16384 MiB, 47
2026/08/12 20:00:04.616, Tesla V100-PCIE-16GB, 55 %, 4 %, 550 MiB, 16384 MiB, 46
2026/08/12 20:00:14.618, Tesla V100-PCIE-16GB, 56 %, 4 %, 550 MiB, 16384 MiB, 46
2026/08/12 20:00:24.619, Tesla V100-PCIE-16GB, 56 %, 4 %, 550 MiB, 16384 MiB, 46
2026/08/12 20:00:34.620, Tesla V100-PCIE-16GB, 52 %, 3 %, 550 MiB, 16384 MiB, 46
2026/08/12 20:00:44.621, Tesla V100-PCIE-16GB, 57 %, 4 %, 550 MiB, 16384 MiB, 46
2026/08/12 20:00:54.622, Tesla V100-PCIE-16GB, 54 %, 4 %, 550 MiB, 16384 MiB, 46
2026/08/12 20:01:04.623, Tesla V100-PCIE-16GB, 52 %, 3 %, 550 MiB, 16384 MiB, 46
2026/08/12 20:01:14.625, Tesla V100-PCIE-16GB, 58 %, 4 %, 550 MiB, 16384 MiB, 46
2026/08/12 20:01:24.626, Tesla V100-PCIE-16GB, 54 %, 4 %, 550 MiB, 16384 MiB, 46
2026/08/12 20:01:34.627, Tesla V100-PCIE-16GB, 52 %, 4 %, 550 MiB, 16384 MiB, 46
2026/08/12 20:01:44.628, Tesla V100-PCIE-16GB, 54 %, 4 %, 550 MiB, 16384 MiB, 46
2026/08/12 20:01:54.629, Tesla V100-PCIE-16GB, 52 %, 4 %, 550 MiB, 16384 MiB, 46
2026/08/12 20:02:04.630, Tesla V100-PCIE-16GB, 56 %, 4 %, 550 MiB, 16384 MiB, 46
2026/08/12 20:02:14.632, Tesla V100-PCIE-16GB, 55 %, 4 %, 550 MiB, 16384 MiB, 46
2026/08/12 20:02:24.633, Tesla V100-PCIE-16GB, 54 %, 4 %, 550 MiB, 16384 MiB, 46
2026/08/12 20:02:34.634, Tesla V100-PCIE-16GB, 55 %, 4 %, 550 MiB, 16384 MiB, 46
2026/08/12 20:02:44.635, Tesla V100-PCIE-16GB, 58 %, 4 %, 550 MiB, 16384 MiB, 46
2026/08/12 20:02:54.637, Tesla V100-PCIE-16GB, 55 %, 4 %, 550 MiB, 16384 MiB, 46
2026/08/12 20:03:04.638, Tesla V100-PCIE-16GB, 54 %, 4 %, 550 MiB, 16384 MiB, 47
2026/08/12 20:03:14.640, Tesla V100-PCIE-16GB, 48 %, 23 %, 610 MiB, 16384 MiB, 48
2026/08/12 20:03:24.641, Tesla V100-PCIE-16GB, 49 %, 23 %, 610 MiB, 16384 MiB, 49
2026/08/12 20:03:34.642, Tesla V100-PCIE-16GB, 44 %, 21 %, 610 MiB, 16384 MiB, 50
2026/08/12 20:03:44.643, Tesla V100-PCIE-16GB, 70 %, 2 %, 836 MiB, 16384 MiB, 49
2026/08/12 20:03:54.644, Tesla V100-PCIE-16GB, 58 %, 1 %, 898 MiB, 16384 MiB, 48
2026/08/12 20:04:04.646, Tesla V100-PCIE-16GB, 66 %, 2 %, 962 MiB, 16384 MiB, 48
2026/08/12 20:04:14.647, Tesla V100-PCIE-16GB, 65 %, 2 %, 1028 MiB, 16384 MiB, 47
2026/08/12 20:04:24.648, Tesla V100-PCIE-16GB, 73 %, 2 %, 1028 MiB, 16384 MiB, 47
2026/08/12 20:04:34.649, Tesla V100-PCIE-16GB, 0 %, 0 %, 4 MiB, 16384 MiB, 45
2026/08/12 20:04:44.651, Tesla V100-PCIE-16GB, 54 %, 21 %, 1216 MiB, 16384 MiB, 49
2026/08/12 20:04:54.652, Tesla V100-PCIE-16GB, 48 %, 18 %, 1216 MiB, 16384 MiB, 50
2026/08/12 20:05:04.653, Tesla V100-PCIE-16GB, 60 %, 24 %, 1216 MiB, 16384 MiB, 50
2026/08/12 20:05:14.654, Tesla V100-PCIE-16GB, 49 %, 18 %, 1216 MiB, 16384 MiB, 51
2026/08/12 20:05:24.656, Tesla V100-PCIE-16GB, 56 %, 23 %, 1216 MiB, 16384 MiB, 51
2026/08/12 20:05:34.657, Tesla V100-PCIE-16GB, 52 %, 19 %, 1218 MiB, 16384 MiB, 52
2026/08/12 20:05:44.658, Tesla V100-PCIE-16GB, 54 %, 21 %, 1218 MiB, 16384 MiB, 52
2026/08/12 20:05:54.659, Tesla V100-PCIE-16GB, 0 %, 0 %, 0 MiB, 16384 MiB, 49
2026/08/12 20:06:04.660, Tesla V100-PCIE-16GB, 65 %, 8 %, 638 MiB, 16384 MiB, 50
2026/08/12 20:06:14.662, Tesla V100-PCIE-16GB, 65 %, 8 %, 638 MiB, 16384 MiB, 50
2026/08/12 20:06:24.663, Tesla V100-PCIE-16GB, 61 %, 8 %, 638 MiB, 16384 MiB, 50
2026/08/12 20:06:34.664, Tesla V100-PCIE-16GB, 64 %, 8 %, 638 MiB, 16384 MiB, 50
2026/08/12 20:06:44.665, Tesla V100-PCIE-16GB, 65 %, 8 %, 638 MiB, 16384 MiB, 50
2026/08/12 20:06:54.666, Tesla V100-PCIE-16GB, 63 %, 8 %, 644 MiB, 16384 MiB, 50
2026/08/12 20:07:04.668, Tesla V100-PCIE-16GB, 65 %, 8 %, 644 MiB, 16384 MiB, 50
2026/08/12 20:07:14.669, Tesla V100-PCIE-16GB, 64 %, 8 %, 644 MiB, 16384 MiB, 50
2026/08/12 20:07:24.670, Tesla V100-PCIE-16GB, 59 %, 8 %, 644 MiB, 16384 MiB, 50
2026/08/12 20:07:34.671, Tesla V100-PCIE-16GB, 66 %, 8 %, 644 MiB, 16384 MiB, 50
2026/08/12 20:07:44.672, Tesla V100-PCIE-16GB, 64 %, 8 %, 644 MiB, 16384 MiB, 50
2026/08/12 20:07:54.674, Tesla V100-PCIE-16GB, 68 %, 9 %, 644 MiB, 16384 MiB, 50
2026/08/12 20:08:04.675, Tesla V100-PCIE-16GB, 62 %, 8 %, 644 MiB, 16384 MiB, 51
2026/08/12 20:08:14.676, Tesla V100-PCIE-16GB, 62 %, 8 %, 644 MiB, 16384 MiB, 51
2026/08/12 20:08:24.677, Tesla V100-PCIE-16GB, 69 %, 9 %, 644 MiB, 16384 MiB, 51
2026/08/12 20:08:34.678, Tesla V100-PCIE-16GB, 69 %, 9 %, 644 MiB, 16384 MiB, 51
2026/08/12 20:08:44.680, Tesla V100-PCIE-16GB, 67 %, 8 %, 644 MiB, 16384 MiB, 52
2026/08/12 20:08:54.681, Tesla V100-PCIE-16GB, 66 %, 8 %, 644 MiB, 16384 MiB, 52
2026/08/12 20:09:04.682, Tesla V100-PCIE-16GB, 63 %, 8 %, 644 MiB, 16384 MiB, 52
2026/08/12 20:09:14.684, Tesla V100-PCIE-16GB, 61 %, 8 %, 644 MiB, 16384 MiB, 52
2026/08/12 20:09:24.685, Tesla V100-PCIE-16GB, 62 %, 8 %, 644 MiB, 16384 MiB, 51
2026/08/12 20:09:34.686, Tesla V100-PCIE-16GB, 66 %, 8 %, 644 MiB, 16384 MiB, 51
2026/08/12 20:09:44.687, Tesla V100-PCIE-16GB, 60 %, 8 %, 644 MiB, 16384 MiB, 51
2026/08/12 20:09:54.689, Tesla V100-PCIE-16GB, 66 %, 8 %, 644 MiB, 16384 MiB, 51
2026/08/12 20:10:04.690, Tesla V100-PCIE-16GB, 61 %, 8 %, 644 MiB, 16384 MiB, 51
2026/08/12 20:10:14.691, Tesla V100-PCIE-16GB, 66 %, 8 %, 644 MiB, 16384 MiB, 51
2026/08/12 20:10:24.692, Tesla V100-PCIE-16GB, 66 %, 8 %, 644 MiB, 16384 MiB, 51
2026/08/12 20:10:34.693, Tesla V100-PCIE-16GB, 62 %, 8 %, 644 MiB, 16384 MiB, 51
2026/08/12 20:10:44.698, Tesla V100-PCIE-16GB, 62 %, 8 %, 644 MiB, 16384 MiB, 51
2026/08/12 20:10:54.699, Tesla V100-PCIE-16GB, 68 %, 9 %, 644 MiB, 16384 MiB, 51
2026/08/12 20:11:04.700, Tesla V100-PCIE-16GB, 63 %, 8 %, 644 MiB, 16384 MiB, 51
2026/08/12 20:11:14.703, Tesla V100-PCIE-16GB, 67 %, 8 %, 644 MiB, 16384 MiB, 51
2026/08/12 20:11:24.705, Tesla V100-PCIE-16GB, 65 %, 8 %, 644 MiB, 16384 MiB, 51
2026/08/12 20:11:34.706, Tesla V100-PCIE-16GB, 62 %, 8 %, 644 MiB, 16384 MiB, 51
2026/08/12 20:11:44.707, Tesla V100-PCIE-16GB, 62 %, 8 %, 644 MiB, 16384 MiB, 51
2026/08/12 20:11:54.708, Tesla V100-PCIE-16GB, 65 %, 8 %, 644 MiB, 16384 MiB, 51
2026/08/12 20:12:04.709, Tesla V100-PCIE-16GB, 63 %, 8 %, 644 MiB, 16384 MiB, 51
2026/08/12 20:12:14.711, Tesla V100-PCIE-16GB, 67 %, 9 %, 644 MiB, 16384 MiB, 51
2026/08/12 20:12:24.712, Tesla V100-PCIE-16GB, 65 %, 8 %, 644 MiB, 16384 MiB, 51
2026/08/12 20:12:34.713, Tesla V100-PCIE-16GB, 66 %, 8 %, 644 MiB, 16384 MiB, 51
2026/08/12 20:12:44.714, Tesla V100-PCIE-16GB, 67 %, 8 %, 644 MiB, 16384 MiB, 51
2026/08/12 20:12:54.716, Tesla V100-PCIE-16GB, 69 %, 9 %, 644 MiB, 16384 MiB, 51
2026/08/12 20:13:04.717, Tesla V100-PCIE-16GB, 68 %, 9 %, 644 MiB, 16384 MiB, 51
2026/08/12 20:13:14.718, Tesla V100-PCIE-16GB, 61 %, 8 %, 644 MiB, 16384 MiB, 51
2026/08/12 20:13:24.719, Tesla V100-PCIE-16GB, 65 %, 8 %, 644 MiB, 16384 MiB, 51
2026/08/12 20:13:34.721, Tesla V100-PCIE-16GB, 67 %, 9 %, 644 MiB, 16384 MiB, 51
2026/08/12 20:13:44.722, Tesla V100-PCIE-16GB, 61 %, 8 %, 644 MiB, 16384 MiB, 52
2026/08/12 20:13:54.723, Tesla V100-PCIE-16GB, 66 %, 8 %, 644 MiB, 16384 MiB, 52
2026/08/12 20:14:04.724, Tesla V100-PCIE-16GB, 66 %, 8 %, 644 MiB, 16384 MiB, 52
2026/08/12 20:14:14.726, Tesla V100-PCIE-16GB, 61 %, 8 %, 644 MiB, 16384 MiB, 52
2026/08/12 20:14:24.727, Tesla V100-PCIE-16GB, 65 %, 8 %, 644 MiB, 16384 MiB, 52
2026/08/12 20:14:34.728, Tesla V100-PCIE-16GB, 65 %, 8 %, 644 MiB, 16384 MiB, 51
2026/08/12 20:14:44.729, Tesla V100-PCIE-16GB, 62 %, 8 %, 644 MiB, 16384 MiB, 51
2026/08/12 20:14:54.730, Tesla V100-PCIE-16GB, 62 %, 8 %, 644 MiB, 16384 MiB, 51
2026/08/12 20:15:04.732, Tesla V100-PCIE-16GB, 64 %, 8 %, 644 MiB, 16384 MiB, 51
2026/08/12 20:15:14.734, Tesla V100-PCIE-16GB, 66 %, 8 %, 644 MiB, 16384 MiB, 51
2026/08/12 20:15:24.735, Tesla V100-PCIE-16GB, 62 %, 8 %, 644 MiB, 16384 MiB, 51
2026/08/12 20:15:34.736, Tesla V100-PCIE-16GB, 65 %, 8 %, 644 MiB, 16384 MiB, 51
2026/08/12 20:15:44.737, Tesla V100-PCIE-16GB, 63 %, 8 %, 644 MiB, 16384 MiB, 51
2026/08/12 20:15:54.738, Tesla V100-PCIE-16GB, 62 %, 8 %, 644 MiB, 16384 MiB, 51
2026/08/12 20:16:04.739, Tesla V100-PCIE-16GB, 65 %, 8 %, 644 MiB, 16384 MiB, 51
2026/08/12 20:16:14.741, Tesla V100-PCIE-16GB, 65 %, 8 %, 644 MiB, 16384 MiB, 51
2026/08/12 20:16:24.742, Tesla V100-PCIE-16GB, 67 %, 8 %, 644 MiB, 16384 MiB, 51
2026/08/12 20:16:34.744, Tesla V100-PCIE-16GB, 68 %, 8 %, 644 MiB, 16384 MiB, 51
2026/08/12 20:16:44.745, Tesla V100-PCIE-16GB, 65 %, 8 %, 644 MiB, 16384 MiB, 51
2026/08/12 20:16:54.746, Tesla V100-PCIE-16GB, 65 %, 8 %, 644 MiB, 16384 MiB, 51
2026/08/12 20:17:04.748, Tesla V100-PCIE-16GB, 65 %, 8 %, 644 MiB, 16384 MiB, 51
2026/08/12 20:17:14.749, Tesla V100-PCIE-16GB, 65 %, 8 %, 644 MiB, 16384 MiB, 51
2026/08/12 20:17:24.750, Tesla V100-PCIE-16GB, 61 %, 8 %, 644 MiB, 16384 MiB, 50
2026/08/12 20:17:34.751, Tesla V100-PCIE-16GB, 61 %, 8 %, 644 MiB, 16384 MiB, 51
2026/08/12 20:17:44.752, Tesla V100-PCIE-16GB, 65 %, 8 %, 644 MiB, 16384 MiB, 51
2026/08/12 20:17:54.754, Tesla V100-PCIE-16GB, 66 %, 8 %, 644 MiB, 16384 MiB, 51
2026/08/12 20:18:04.755, Tesla V100-PCIE-16GB, 67 %, 8 %, 644 MiB, 16384 MiB, 51
2026/08/12 20:18:14.756, Tesla V100-PCIE-16GB, 64 %, 8 %, 644 MiB, 16384 MiB, 51
2026/08/12 20:18:24.757, Tesla V100-PCIE-16GB, 61 %, 8 %, 644 MiB, 16384 MiB, 51
2026/08/12 20:18:34.758, Tesla V100-PCIE-16GB, 69 %, 9 %, 644 MiB, 16384 MiB, 51
2026/08/12 20:18:44.760, Tesla V100-PCIE-16GB, 68 %, 9 %, 644 MiB, 16384 MiB, 51
2026/08/12 20:18:54.761, Tesla V100-PCIE-16GB, 62 %, 8 %, 644 MiB, 16384 MiB, 52
2026/08/12 20:19:04.762, Tesla V100-PCIE-16GB, 62 %, 8 %, 644 MiB, 16384 MiB, 52
2026/08/12 20:19:14.764, Tesla V100-PCIE-16GB, 61 %, 8 %, 644 MiB, 16384 MiB, 52
2026/08/12 20:19:24.765, Tesla V100-PCIE-16GB, 24 %, 14 %, 644 MiB, 16384 MiB, 52
2026/08/12 20:19:34.767, Tesla V100-PCIE-16GB, 40 %, 15 %, 1188 MiB, 16384 MiB, 52
2026/08/12 20:19:44.768, Tesla V100-PCIE-16GB, 48 %, 18 %, 1226 MiB, 16384 MiB, 52
2026/08/12 20:19:54.769, Tesla V100-PCIE-16GB, 27 %, 9 %, 1226 MiB, 16384 MiB, 52
2026/08/12 20:20:04.770, Tesla V100-PCIE-16GB, 55 %, 21 %, 1226 MiB, 16384 MiB, 53
2026/08/12 20:20:14.771, Tesla V100-PCIE-16GB, 28 %, 10 %, 1226 MiB, 16384 MiB, 53
2026/08/12 20:20:24.773, Tesla V100-PCIE-16GB, 52 %, 19 %, 1226 MiB, 16384 MiB, 53
2026/08/12 20:20:34.774, Tesla V100-PCIE-16GB, 53 %, 21 %, 1226 MiB, 16384 MiB, 53
2026/08/12 20:20:44.775, Tesla V100-PCIE-16GB, 42 %, 17 %, 1226 MiB, 16384 MiB, 53
2026/08/12 20:20:54.776, Tesla V100-PCIE-16GB, 0 %, 0 %, 4 MiB, 16384 MiB, 48
2026/08/12 20:21:04.777, Tesla V100-PCIE-16GB, 64 %, 8 %, 638 MiB, 16384 MiB, 51
2026/08/12 20:21:14.778, Tesla V100-PCIE-16GB, 64 %, 8 %, 638 MiB, 16384 MiB, 51
2026/08/12 20:21:24.779, Tesla V100-PCIE-16GB, 64 %, 8 %, 638 MiB, 16384 MiB, 51
2026/08/12 20:21:34.781, Tesla V100-PCIE-16GB, 64 %, 8 %, 638 MiB, 16384 MiB, 51
2026/08/12 20:21:44.782, Tesla V100-PCIE-16GB, 62 %, 8 %, 638 MiB, 16384 MiB, 50
2026/08/12 20:21:54.783, Tesla V100-PCIE-16GB, 66 %, 8 %, 644 MiB, 16384 MiB, 51
2026/08/12 20:22:04.784, Tesla V100-PCIE-16GB, 64 %, 8 %, 644 MiB, 16384 MiB, 51
2026/08/12 20:22:14.786, Tesla V100-PCIE-16GB, 66 %, 8 %, 644 MiB, 16384 MiB, 51
2026/08/12 20:22:24.787, Tesla V100-PCIE-16GB, 63 %, 8 %, 644 MiB, 16384 MiB, 51
2026/08/12 20:22:34.788, Tesla V100-PCIE-16GB, 63 %, 8 %, 644 MiB, 16384 MiB, 51
2026/08/12 20:22:44.790, Tesla V100-PCIE-16GB, 66 %, 8 %, 644 MiB, 16384 MiB, 51
2026/08/12 20:22:54.791, Tesla V100-PCIE-16GB, 67 %, 8 %, 644 MiB, 16384 MiB, 51
2026/08/12 20:23:04.793, Tesla V100-PCIE-16GB, 68 %, 9 %, 644 MiB, 16384 MiB, 51
2026/08/12 20:23:14.794, Tesla V100-PCIE-16GB, 68 %, 9 %, 644 MiB, 16384 MiB, 51
2026/08/12 20:23:24.795, Tesla V100-PCIE-16GB, 62 %, 8 %, 644 MiB, 16384 MiB, 51
2026/08/12 20:23:34.796, Tesla V100-PCIE-16GB, 64 %, 8 %, 644 MiB, 16384 MiB, 51
2026/08/12 20:23:44.797, Tesla V100-PCIE-16GB, 69 %, 9 %, 644 MiB, 16384 MiB, 51
2026/08/12 20:23:54.798, Tesla V100-PCIE-16GB, 62 %, 8 %, 644 MiB, 16384 MiB, 51
2026/08/12 20:24:04.800, Tesla V100-PCIE-16GB, 66 %, 8 %, 644 MiB, 16384 MiB, 52
2026/08/12 20:24:14.801, Tesla V100-PCIE-16GB, 63 %, 8 %, 644 MiB, 16384 MiB, 52
2026/08/12 20:24:24.802, Tesla V100-PCIE-16GB, 63 %, 8 %, 644 MiB, 16384 MiB, 52
2026/08/12 20:24:34.804, Tesla V100-PCIE-16GB, 63 %, 8 %, 644 MiB, 16384 MiB, 52
2026/08/12 20:24:44.805, Tesla V100-PCIE-16GB, 63 %, 8 %, 644 MiB, 16384 MiB, 52
2026/08/12 20:24:54.806, Tesla V100-PCIE-16GB, 62 %, 8 %, 644 MiB, 16384 MiB, 51
2026/08/12 20:25:04.807, Tesla V100-PCIE-16GB, 62 %, 8 %, 644 MiB, 16384 MiB, 51
2026/08/12 20:25:14.809, Tesla V100-PCIE-16GB, 62 %, 8 %, 644 MiB, 16384 MiB, 51
2026/08/12 20:25:24.810, Tesla V100-PCIE-16GB, 60 %, 7 %, 644 MiB, 16384 MiB, 51
2026/08/12 20:25:34.811, Tesla V100-PCIE-16GB, 62 %, 8 %, 644 MiB, 16384 MiB, 51
2026/08/12 20:25:44.812, Tesla V100-PCIE-16GB, 63 %, 8 %, 644 MiB, 16384 MiB, 51
2026/08/12 20:25:54.813, Tesla V100-PCIE-16GB, 63 %, 8 %, 644 MiB, 16384 MiB, 51
2026/08/12 20:26:04.815, Tesla V100-PCIE-16GB, 61 %, 8 %, 644 MiB, 16384 MiB, 51
2026/08/12 20:26:14.816, Tesla V100-PCIE-16GB, 62 %, 8 %, 644 MiB, 16384 MiB, 51
2026/08/12 20:26:24.818, Tesla V100-PCIE-16GB, 61 %, 8 %, 644 MiB, 16384 MiB, 51
2026/08/12 20:26:34.819, Tesla V100-PCIE-16GB, 63 %, 8 %, 644 MiB, 16384 MiB, 51
2026/08/12 20:26:44.820, Tesla V100-PCIE-16GB, 67 %, 8 %, 644 MiB, 16384 MiB, 51
2026/08/12 20:26:54.821, Tesla V100-PCIE-16GB, 67 %, 8 %, 644 MiB, 16384 MiB, 51
2026/08/12 20:27:04.822, Tesla V100-PCIE-16GB, 64 %, 8 %, 644 MiB, 16384 MiB, 51
2026/08/12 20:27:14.824, Tesla V100-PCIE-16GB, 66 %, 8 %, 644 MiB, 16384 MiB, 51
2026/08/12 20:27:24.825, Tesla V100-PCIE-16GB, 61 %, 8 %, 644 MiB, 16384 MiB, 51
2026/08/12 20:27:34.827, Tesla V100-PCIE-16GB, 66 %, 8 %, 644 MiB, 16384 MiB, 51
2026/08/12 20:27:44.828, Tesla V100-PCIE-16GB, 62 %, 8 %, 644 MiB, 16384 MiB, 51
2026/08/12 20:27:54.829, Tesla V100-PCIE-16GB, 65 %, 8 %, 644 MiB, 16384 MiB, 51
2026/08/12 20:28:04.830, Tesla V100-PCIE-16GB, 61 %, 8 %, 644 MiB, 16384 MiB, 51
2026/08/12 20:28:14.832, Tesla V100-PCIE-16GB, 68 %, 9 %, 644 MiB, 16384 MiB, 51
2026/08/12 20:28:24.833, Tesla V100-PCIE-16GB, 61 %, 8 %, 644 MiB, 16384 MiB, 51
2026/08/12 20:28:34.834, Tesla V100-PCIE-16GB, 64 %, 8 %, 644 MiB, 16384 MiB, 51
2026/08/12 20:28:44.835, Tesla V100-PCIE-16GB, 69 %, 9 %, 644 MiB, 16384 MiB, 52
2026/08/12 20:28:54.836, Tesla V100-PCIE-16GB, 68 %, 9 %, 644 MiB, 16384 MiB, 52
2026/08/12 20:29:04.838, Tesla V100-PCIE-16GB, 61 %, 8 %, 644 MiB, 16384 MiB, 52
2026/08/12 20:29:14.839, Tesla V100-PCIE-16GB, 59 %, 7 %, 644 MiB, 16384 MiB, 52
2026/08/12 20:29:24.840, Tesla V100-PCIE-16GB, 63 %, 8 %, 644 MiB, 16384 MiB, 52
2026/08/12 20:29:34.841, Tesla V100-PCIE-16GB, 64 %, 8 %, 644 MiB, 16384 MiB, 52
2026/08/12 20:29:44.842, Tesla V100-PCIE-16GB, 67 %, 8 %, 644 MiB, 16384 MiB, 52
2026/08/12 20:29:54.843, Tesla V100-PCIE-16GB, 62 %, 8 %, 644 MiB, 16384 MiB, 52
2026/08/12 20:30:04.845, Tesla V100-PCIE-16GB, 64 %, 8 %, 644 MiB, 16384 MiB, 52
2026/08/12 20:30:14.846, Tesla V100-PCIE-16GB, 64 %, 8 %, 644 MiB, 16384 MiB, 52
2026/08/12 20:30:24.847, Tesla V100-PCIE-16GB, 63 %, 8 %, 644 MiB, 16384 MiB, 51
2026/08/12 20:30:34.848, Tesla V100-PCIE-16GB, 65 %, 8 %, 644 MiB, 16384 MiB, 51
2026/08/12 20:30:44.849, Tesla V100-PCIE-16GB, 66 %, 8 %, 644 MiB, 16384 MiB, 51
2026/08/12 20:30:54.850, Tesla V100-PCIE-16GB, 64 %, 8 %, 644 MiB, 16384 MiB, 51
2026/08/12 20:31:04.852, Tesla V100-PCIE-16GB, 61 %, 8 %, 644 MiB, 16384 MiB, 51
2026/08/12 20:31:14.853, Tesla V100-PCIE-16GB, 64 %, 8 %, 644 MiB, 16384 MiB, 51
2026/08/12 20:31:24.854, Tesla V100-PCIE-16GB, 64 %, 8 %, 644 MiB, 16384 MiB, 51
2026/08/12 20:31:34.855, Tesla V100-PCIE-16GB, 65 %, 8 %, 644 MiB, 16384 MiB, 51
2026/08/12 20:31:44.856, Tesla V100-PCIE-16GB, 66 %, 8 %, 644 MiB, 16384 MiB, 51
2026/08/12 20:31:54.858, Tesla V100-PCIE-16GB, 63 %, 8 %, 644 MiB, 16384 MiB, 51
2026/08/12 20:32:04.859, Tesla V100-PCIE-16GB, 66 %, 8 %, 644 MiB, 16384 MiB, 51
2026/08/12 20:32:14.860, Tesla V100-PCIE-16GB, 66 %, 8 %, 644 MiB, 16384 MiB, 51
2026/08/12 20:32:24.861, Tesla V100-PCIE-16GB, 63 %, 8 %, 644 MiB, 16384 MiB, 51
2026/08/12 20:32:34.863, Tesla V100-PCIE-16GB, 65 %, 8 %, 644 MiB, 16384 MiB, 51
2026/08/12 20:32:44.864, Tesla V100-PCIE-16GB, 68 %, 8 %, 644 MiB, 16384 MiB, 51
2026/08/12 20:32:54.865, Tesla V100-PCIE-16GB, 65 %, 8 %, 644 MiB, 16384 MiB, 51
2026/08/12 20:33:04.866, Tesla V100-PCIE-16GB, 64 %, 8 %, 644 MiB, 16384 MiB, 51
2026/08/12 20:33:14.867, Tesla V100-PCIE-16GB, 68 %, 9 %, 644 MiB, 16384 MiB, 51
2026/08/12 20:33:24.868, Tesla V100-PCIE-16GB, 66 %, 8 %, 644 MiB, 16384 MiB, 51
2026/08/12 20:33:34.870, Tesla V100-PCIE-16GB, 62 %, 8 %, 644 MiB, 16384 MiB, 51
2026/08/12 20:33:44.871, Tesla V100-PCIE-16GB, 61 %, 8 %, 644 MiB, 16384 MiB, 51
2026/08/12 20:33:54.872, Tesla V100-PCIE-16GB, 69 %, 9 %, 644 MiB, 16384 MiB, 51
2026/08/12 20:34:04.873, Tesla V100-PCIE-16GB, 67 %, 8 %, 644 MiB, 16384 MiB, 52
2026/08/12 20:34:14.874, Tesla V100-PCIE-16GB, 63 %, 8 %, 644 MiB, 16384 MiB, 52
2026/08/12 20:34:24.876, Tesla V100-PCIE-16GB, 62 %, 8 %, 644 MiB, 16384 MiB, 52
2026/08/12 20:34:34.878, Tesla V100-PCIE-16GB, 64 %, 8 %, 644 MiB, 16384 MiB, 52
2026/08/12 20:34:44.879, Tesla V100-PCIE-16GB, 65 %, 8 %, 644 MiB, 16384 MiB, 52
2026/08/12 20:34:54.881, Tesla V100-PCIE-16GB, 61 %, 8 %, 644 MiB, 16384 MiB, 51
2026/08/12 20:35:04.882, Tesla V100-PCIE-16GB, 63 %, 8 %, 644 MiB, 16384 MiB, 51
2026/08/12 20:35:14.883, Tesla V100-PCIE-16GB, 64 %, 8 %, 644 MiB, 16384 MiB, 51
2026/08/12 20:35:24.885, Tesla V100-PCIE-16GB, 67 %, 8 %, 644 MiB, 16384 MiB, 51
2026/08/12 20:35:34.886, Tesla V100-PCIE-16GB, 65 %, 8 %, 644 MiB, 16384 MiB, 51
2026/08/12 20:35:44.887, Tesla V100-PCIE-16GB, 66 %, 8 %, 644 MiB, 16384 MiB, 51
2026/08/12 20:35:54.888, Tesla V100-PCIE-16GB, 65 %, 8 %, 644 MiB, 16384 MiB, 51
2026/08/12 20:36:04.890, Tesla V100-PCIE-16GB, 36 %, 19 %, 644 MiB, 16384 MiB, 50
2026/08/12 20:36:14.891, Tesla V100-PCIE-16GB, 34 %, 11 %, 1226 MiB, 16384 MiB, 51
2026/08/12 20:36:24.892, Tesla V100-PCIE-16GB, 52 %, 20 %, 1226 MiB, 16384 MiB, 52
2026/08/12 20:36:34.893, Tesla V100-PCIE-16GB, 59 %, 24 %, 1226 MiB, 16384 MiB, 52
2026/08/12 20:36:44.895, Tesla V100-PCIE-16GB, 50 %, 19 %, 1226 MiB, 16384 MiB, 52
2026/08/12 20:36:54.896, Tesla V100-PCIE-16GB, 51 %, 20 %, 1226 MiB, 16384 MiB, 53
2026/08/12 20:37:04.897, Tesla V100-PCIE-16GB, 51 %, 20 %, 1226 MiB, 16384 MiB, 53
2026/08/12 20:37:14.898, Tesla V100-PCIE-16GB, 52 %, 20 %, 1226 MiB, 16384 MiB, 53
2026/08/12 20:37:24.904, Tesla V100-PCIE-16GB, 21 %, 3 %, 0 MiB, 16384 MiB, 51
2026/08/12 20:37:34.906, Tesla V100-PCIE-16GB, 65 %, 8 %, 638 MiB, 16384 MiB, 50
2026/08/12 20:37:44.907, Tesla V100-PCIE-16GB, 66 %, 8 %, 638 MiB, 16384 MiB, 51
2026/08/12 20:37:54.908, Tesla V100-PCIE-16GB, 63 %, 8 %, 638 MiB, 16384 MiB, 51
2026/08/12 20:38:04.909, Tesla V100-PCIE-16GB, 61 %, 8 %, 638 MiB, 16384 MiB, 51
2026/08/12 20:38:14.910, Tesla V100-PCIE-16GB, 65 %, 8 %, 638 MiB, 16384 MiB, 51
2026/08/12 20:38:24.911, Tesla V100-PCIE-16GB, 67 %, 8 %, 644 MiB, 16384 MiB, 51
2026/08/12 20:38:34.913, Tesla V100-PCIE-16GB, 68 %, 8 %, 644 MiB, 16384 MiB, 51
2026/08/12 20:38:44.914, Tesla V100-PCIE-16GB, 62 %, 8 %, 644 MiB, 16384 MiB, 51
2026/08/12 20:38:54.915, Tesla V100-PCIE-16GB, 65 %, 8 %, 644 MiB, 16384 MiB, 52
2026/08/12 20:39:04.916, Tesla V100-PCIE-16GB, 68 %, 9 %, 644 MiB, 16384 MiB, 52
2026/08/12 20:39:14.917, Tesla V100-PCIE-16GB, 64 %, 8 %, 644 MiB, 16384 MiB, 52
2026/08/12 20:39:24.982, Tesla V100-PCIE-16GB, 65 %, 8 %, 644 MiB, 16384 MiB, 52
2026/08/12 20:39:34.983, Tesla V100-PCIE-16GB, 61 %, 8 %, 644 MiB, 16384 MiB, 52
2026/08/12 20:39:44.984, Tesla V100-PCIE-16GB, 63 %, 8 %, 644 MiB, 16384 MiB, 52
2026/08/12 20:39:54.985, Tesla V100-PCIE-16GB, 66 %, 8 %, 644 MiB, 16384 MiB, 52
2026/08/12 20:40:04.987, Tesla V100-PCIE-16GB, 62 %, 8 %, 644 MiB, 16384 MiB, 52
2026/08/12 20:40:14.988, Tesla V100-PCIE-16GB, 64 %, 8 %, 644 MiB, 16384 MiB, 52
2026/08/12 20:40:24.989, Tesla V100-PCIE-16GB, 63 %, 8 %, 644 MiB, 16384 MiB, 52
2026/08/12 20:40:34.991, Tesla V100-PCIE-16GB, 62 %, 8 %, 644 MiB, 16384 MiB, 51
2026/08/12 20:40:44.992, Tesla V100-PCIE-16GB, 60 %, 7 %, 644 MiB, 16384 MiB, 51
2026/08/12 20:40:54.993, Tesla V100-PCIE-16GB, 41 %, 6 %, 644 MiB, 16384 MiB, 51
2026/08/12 20:41:04.994, Tesla V100-PCIE-16GB, 61 %, 8 %, 644 MiB, 16384 MiB, 51
2026/08/12 20:41:14.995, Tesla V100-PCIE-16GB, 66 %, 8 %, 644 MiB, 16384 MiB, 51
2026/08/12 20:41:25.057, Tesla V100-PCIE-16GB, 60 %, 8 %, 644 MiB, 16384 MiB, 51
2026/08/12 20:41:35.059, Tesla V100-PCIE-16GB, 62 %, 8 %, 644 MiB, 16384 MiB, 51
2026/08/12 20:41:45.060, Tesla V100-PCIE-16GB, 49 %, 15 %, 644 MiB, 16384 MiB, 52
2026/08/12 20:41:55.061, Tesla V100-PCIE-16GB, 67 %, 8 %, 644 MiB, 16384 MiB, 51
2026/08/12 20:42:05.183, Tesla V100-PCIE-16GB, 64 %, 8 %, 644 MiB, 16384 MiB, 51
2026/08/12 20:42:15.184, Tesla V100-PCIE-16GB, 62 %, 8 %, 644 MiB, 16384 MiB, 51
2026/08/12 20:42:25.290, Tesla V100-PCIE-16GB, 63 %, 8 %, 644 MiB, 16384 MiB, 51
2026/08/12 20:42:35.291, Tesla V100-PCIE-16GB, 48 %, 15 %, 644 MiB, 16384 MiB, 52
2026/08/12 20:42:45.292, Tesla V100-PCIE-16GB, 61 %, 8 %, 644 MiB, 16384 MiB, 51
2026/08/12 20:42:55.293, Tesla V100-PCIE-16GB, 66 %, 8 %, 644 MiB, 16384 MiB, 51
2026/08/12 20:43:05.294, Tesla V100-PCIE-16GB, 65 %, 8 %, 644 MiB, 16384 MiB, 51
2026/08/12 20:43:15.296, Tesla V100-PCIE-16GB, 64 %, 8 %, 644 MiB, 16384 MiB, 51
2026/08/12 20:43:25.297, Tesla V100-PCIE-16GB, 41 %, 6 %, 644 MiB, 16384 MiB, 51
2026/08/12 20:43:35.298, Tesla V100-PCIE-16GB, 65 %, 8 %, 644 MiB, 16384 MiB, 51
2026/08/12 20:43:45.300, Tesla V100-PCIE-16GB, 68 %, 8 %, 644 MiB, 16384 MiB, 52
2026/08/12 20:43:55.301, Tesla V100-PCIE-16GB, 62 %, 8 %, 644 MiB, 16384 MiB, 52
2026/08/12 20:44:05.302, Tesla V100-PCIE-16GB, 61 %, 8 %, 644 MiB, 16384 MiB, 52
2026/08/12 20:44:15.304, Tesla V100-PCIE-16GB, 49 %, 15 %, 644 MiB, 16384 MiB, 52
2026/08/12 20:44:25.384, Tesla V100-PCIE-16GB, 65 %, 8 %, 644 MiB, 16384 MiB, 52
2026/08/12 20:44:35.385, Tesla V100-PCIE-16GB, 61 %, 8 %, 644 MiB, 16384 MiB, 53
2026/08/12 20:44:45.386, Tesla V100-PCIE-16GB, 62 %, 8 %, 644 MiB, 16384 MiB, 53
2026/08/12 20:44:55.388, Tesla V100-PCIE-16GB, 63 %, 8 %, 644 MiB, 16384 MiB, 53
2026/08/12 20:45:05.389, Tesla V100-PCIE-16GB, 66 %, 8 %, 644 MiB, 16384 MiB, 53
2026/08/12 20:45:15.390, Tesla V100-PCIE-16GB, 62 %, 8 %, 644 MiB, 16384 MiB, 53
2026/08/12 20:45:25.391, Tesla V100-PCIE-16GB, 62 %, 8 %, 644 MiB, 16384 MiB, 52
2026/08/12 20:45:35.393, Tesla V100-PCIE-16GB, 64 %, 8 %, 644 MiB, 16384 MiB, 52
2026/08/12 20:45:45.394, Tesla V100-PCIE-16GB, 64 %, 8 %, 644 MiB, 16384 MiB, 52
2026/08/12 20:45:55.395, Tesla V100-PCIE-16GB, 48 %, 15 %, 644 MiB, 16384 MiB, 52
2026/08/12 20:46:05.396, Tesla V100-PCIE-16GB, 64 %, 8 %, 644 MiB, 16384 MiB, 52
2026/08/12 20:46:15.397, Tesla V100-PCIE-16GB, 67 %, 8 %, 644 MiB, 16384 MiB, 52
2026/08/12 20:46:25.399, Tesla V100-PCIE-16GB, 61 %, 8 %, 644 MiB, 16384 MiB, 52
2026/08/12 20:46:35.400, Tesla V100-PCIE-16GB, 64 %, 8 %, 644 MiB, 16384 MiB, 52
2026/08/12 20:46:45.401, Tesla V100-PCIE-16GB, 49 %, 15 %, 644 MiB, 16384 MiB, 52
2026/08/12 20:46:55.402, Tesla V100-PCIE-16GB, 62 %, 8 %, 644 MiB, 16384 MiB, 52
2026/08/12 20:47:05.403, Tesla V100-PCIE-16GB, 65 %, 8 %, 644 MiB, 16384 MiB, 52
2026/08/12 20:47:15.404, Tesla V100-PCIE-16GB, 61 %, 8 %, 644 MiB, 16384 MiB, 51
2026/08/12 20:47:25.406, Tesla V100-PCIE-16GB, 63 %, 8 %, 644 MiB, 16384 MiB, 52
2026/08/12 20:47:35.407, Tesla V100-PCIE-16GB, 55 %, 7 %, 644 MiB, 16384 MiB, 51
2026/08/12 20:47:45.408, Tesla V100-PCIE-16GB, 65 %, 8 %, 644 MiB, 16384 MiB, 52
2026/08/12 20:47:55.409, Tesla V100-PCIE-16GB, 65 %, 8 %, 644 MiB, 16384 MiB, 52
2026/08/12 20:48:05.410, Tesla V100-PCIE-16GB, 67 %, 8 %, 644 MiB, 16384 MiB, 52
2026/08/12 20:48:15.412, Tesla V100-PCIE-16GB, 64 %, 8 %, 644 MiB, 16384 MiB, 51
2026/08/12 20:48:25.413, Tesla V100-PCIE-16GB, 62 %, 8 %, 644 MiB, 16384 MiB, 51
2026/08/12 20:48:35.414, Tesla V100-PCIE-16GB, 65 %, 8 %, 644 MiB, 16384 MiB, 52
2026/08/12 20:48:45.415, Tesla V100-PCIE-16GB, 64 %, 8 %, 644 MiB, 16384 MiB, 51
2026/08/12 20:48:55.416, Tesla V100-PCIE-16GB, 68 %, 9 %, 644 MiB, 16384 MiB, 52
2026/08/12 20:49:05.418, Tesla V100-PCIE-16GB, 61 %, 8 %, 644 MiB, 16384 MiB, 52
2026/08/12 20:49:15.419, Tesla V100-PCIE-16GB, 64 %, 8 %, 644 MiB, 16384 MiB, 52
2026/08/12 20:49:25.420, Tesla V100-PCIE-16GB, 69 %, 9 %, 644 MiB, 16384 MiB, 52
2026/08/12 20:49:35.421, Tesla V100-PCIE-16GB, 69 %, 9 %, 644 MiB, 16384 MiB, 52
2026/08/12 20:49:45.499, Tesla V100-PCIE-16GB, 68 %, 9 %, 644 MiB, 16384 MiB, 53
2026/08/12 20:49:55.500, Tesla V100-PCIE-16GB, 61 %, 8 %, 644 MiB, 16384 MiB, 53
2026/08/12 20:50:05.501, Tesla V100-PCIE-16GB, 46 %, 14 %, 644 MiB, 16384 MiB, 53
2026/08/12 20:50:15.502, Tesla V100-PCIE-16GB, 68 %, 9 %, 644 MiB, 16384 MiB, 53
2026/08/12 20:50:25.503, Tesla V100-PCIE-16GB, 65 %, 8 %, 644 MiB, 16384 MiB, 53
2026/08/12 20:50:35.504, Tesla V100-PCIE-16GB, 64 %, 8 %, 644 MiB, 16384 MiB, 53
2026/08/12 20:50:45.505, Tesla V100-PCIE-16GB, 67 %, 8 %, 644 MiB, 16384 MiB, 52
2026/08/12 20:50:55.507, Tesla V100-PCIE-16GB, 48 %, 15 %, 644 MiB, 16384 MiB, 53
2026/08/12 20:51:05.508, Tesla V100-PCIE-16GB, 30 %, 16 %, 644 MiB, 16384 MiB, 52
2026/08/12 20:51:15.509, Tesla V100-PCIE-16GB, 36 %, 15 %, 1226 MiB, 16384 MiB, 53
2026/08/12 20:51:25.510, Tesla V100-PCIE-16GB, 53 %, 20 %, 1226 MiB, 16384 MiB, 53
2026/08/12 20:51:35.512, Tesla V100-PCIE-16GB, 39 %, 16 %, 1226 MiB, 16384 MiB, 53
2026/08/12 20:51:45.517, Tesla V100-PCIE-16GB, 56 %, 22 %, 1226 MiB, 16384 MiB, 53
2026/08/12 20:51:55.518, Tesla V100-PCIE-16GB, 52 %, 20 %, 1226 MiB, 16384 MiB, 53
2026/08/12 20:52:05.519, Tesla V100-PCIE-16GB, 50 %, 20 %, 1226 MiB, 16384 MiB, 53
2026/08/12 20:52:15.520, Tesla V100-PCIE-16GB, 53 %, 21 %, 1226 MiB, 16384 MiB, 54
2026/08/12 20:52:25.522, Tesla V100-PCIE-16GB, 0 %, 0 %, 4 MiB, 16384 MiB, 49
2026/08/12 20:52:35.523, Tesla V100-PCIE-16GB, 65 %, 8 %, 638 MiB, 16384 MiB, 51
2026/08/12 20:52:45.524, Tesla V100-PCIE-16GB, 62 %, 8 %, 638 MiB, 16384 MiB, 51
2026/08/12 20:52:55.525, Tesla V100-PCIE-16GB, 65 %, 8 %, 638 MiB, 16384 MiB, 51
2026/08/12 20:53:05.527, Tesla V100-PCIE-16GB, 67 %, 8 %, 638 MiB, 16384 MiB, 51
2026/08/12 20:53:15.528, Tesla V100-PCIE-16GB, 62 %, 8 %, 638 MiB, 16384 MiB, 51
2026/08/12 20:53:25.529, Tesla V100-PCIE-16GB, 64 %, 8 %, 644 MiB, 16384 MiB, 51
2026/08/12 20:53:35.531, Tesla V100-PCIE-16GB, 64 %, 8 %, 644 MiB, 16384 MiB, 52
2026/08/12 20:53:45.624, Tesla V100-PCIE-16GB, 65 %, 8 %, 644 MiB, 16384 MiB, 51
2026/08/12 20:53:55.625, Tesla V100-PCIE-16GB, 63 %, 8 %, 644 MiB, 16384 MiB, 51
2026/08/12 20:54:05.626, Tesla V100-PCIE-16GB, 61 %, 8 %, 644 MiB, 16384 MiB, 51
2026/08/12 20:54:15.627, Tesla V100-PCIE-16GB, 69 %, 9 %, 644 MiB, 16384 MiB, 51
2026/08/12 20:54:25.629, Tesla V100-PCIE-16GB, 63 %, 8 %, 644 MiB, 16384 MiB, 52
2026/08/12 20:54:35.630, Tesla V100-PCIE-16GB, 64 %, 8 %, 644 MiB, 16384 MiB, 52
2026/08/12 20:54:45.631, Tesla V100-PCIE-16GB, 69 %, 9 %, 644 MiB, 16384 MiB, 52
2026/08/12 20:54:55.632, Tesla V100-PCIE-16GB, 69 %, 9 %, 644 MiB, 16384 MiB, 52
2026/08/12 20:55:05.634, Tesla V100-PCIE-16GB, 68 %, 9 %, 644 MiB, 16384 MiB, 53
2026/08/12 20:55:15.635, Tesla V100-PCIE-16GB, 64 %, 8 %, 644 MiB, 16384 MiB, 53
2026/08/12 20:55:25.636, Tesla V100-PCIE-16GB, 66 %, 8 %, 644 MiB, 16384 MiB, 53
2026/08/12 20:55:35.638, Tesla V100-PCIE-16GB, 64 %, 8 %, 644 MiB, 16384 MiB, 53
2026/08/12 20:55:45.657, Tesla V100-PCIE-16GB, 61 %, 8 %, 644 MiB, 16384 MiB, 53
2026/08/12 20:55:55.658, Tesla V100-PCIE-16GB, 65 %, 8 %, 644 MiB, 16384 MiB, 53
2026/08/12 20:56:05.659, Tesla V100-PCIE-16GB, 67 %, 8 %, 644 MiB, 16384 MiB, 53
2026/08/12 20:56:15.660, Tesla V100-PCIE-16GB, 63 %, 8 %, 644 MiB, 16384 MiB, 52
2026/08/12 20:56:25.662, Tesla V100-PCIE-16GB, 65 %, 8 %, 644 MiB, 16384 MiB, 52
2026/08/12 20:56:35.663, Tesla V100-PCIE-16GB, 62 %, 8 %, 644 MiB, 16384 MiB, 52
2026/08/12 20:56:45.664, Tesla V100-PCIE-16GB, 66 %, 8 %, 644 MiB, 16384 MiB, 52
2026/08/12 20:56:55.665, Tesla V100-PCIE-16GB, 67 %, 8 %, 644 MiB, 16384 MiB, 52
2026/08/12 20:57:05.673, Tesla V100-PCIE-16GB, 62 %, 8 %, 644 MiB, 16384 MiB, 52
2026/08/12 20:57:15.674, Tesla V100-PCIE-16GB, 66 %, 8 %, 644 MiB, 16384 MiB, 52
2026/08/12 20:57:25.678, Tesla V100-PCIE-16GB, 62 %, 8 %, 644 MiB, 16384 MiB, 52
2026/08/12 20:57:35.679, Tesla V100-PCIE-16GB, 67 %, 8 %, 644 MiB, 16384 MiB, 52
2026/08/12 20:57:45.680, Tesla V100-PCIE-16GB, 67 %, 8 %, 644 MiB, 16384 MiB, 52
2026/08/12 20:57:55.681, Tesla V100-PCIE-16GB, 62 %, 8 %, 644 MiB, 16384 MiB, 52
2026/08/12 20:58:05.682, Tesla V100-PCIE-16GB, 66 %, 8 %, 644 MiB, 16384 MiB, 52
2026/08/12 20:58:15.684, Tesla V100-PCIE-16GB, 66 %, 8 %, 644 MiB, 16384 MiB, 52
2026/08/12 20:58:25.685, Tesla V100-PCIE-16GB, 67 %, 8 %, 644 MiB, 16384 MiB, 52
2026/08/12 20:58:35.686, Tesla V100-PCIE-16GB, 65 %, 8 %, 644 MiB, 16384 MiB, 52
2026/08/12 20:58:45.687, Tesla V100-PCIE-16GB, 64 %, 8 %, 644 MiB, 16384 MiB, 52
2026/08/12 20:58:55.689, Tesla V100-PCIE-16GB, 61 %, 8 %, 644 MiB, 16384 MiB, 52
2026/08/12 20:59:05.691, Tesla V100-PCIE-16GB, 65 %, 8 %, 644 MiB, 16384 MiB, 52
2026/08/12 20:59:15.692, Tesla V100-PCIE-16GB, 64 %, 8 %, 644 MiB, 16384 MiB, 52
2026/08/12 20:59:25.693, Tesla V100-PCIE-16GB, 64 %, 8 %, 644 MiB, 16384 MiB, 52
2026/08/12 20:59:35.695, Tesla V100-PCIE-16GB, 69 %, 9 %, 644 MiB, 16384 MiB, 52
2026/08/12 20:59:45.696, Tesla V100-PCIE-16GB, 63 %, 8 %, 644 MiB, 16384 MiB, 52
2026/08/12 20:59:55.697, Tesla V100-PCIE-16GB, 63 %, 8 %, 644 MiB, 16384 MiB, 53
2026/08/12 21:00:05.698, Tesla V100-PCIE-16GB, 69 %, 9 %, 644 MiB, 16384 MiB, 53
2026/08/12 21:00:15.699, Tesla V100-PCIE-16GB, 69 %, 9 %, 644 MiB, 16384 MiB, 53
2026/08/12 21:00:25.700, Tesla V100-PCIE-16GB, 60 %, 8 %, 644 MiB, 16384 MiB, 53
2026/08/12 21:00:35.702, Tesla V100-PCIE-16GB, 64 %, 8 %, 644 MiB, 16384 MiB, 53
2026/08/12 21:00:45.703, Tesla V100-PCIE-16GB, 64 %, 8 %, 644 MiB, 16384 MiB, 53
2026/08/12 21:00:55.704, Tesla V100-PCIE-16GB, 66 %, 8 %, 644 MiB, 16384 MiB, 53
2026/08/12 21:01:05.707, Tesla V100-PCIE-16GB, 65 %, 8 %, 644 MiB, 16384 MiB, 53
2026/08/12 21:01:15.708, Tesla V100-PCIE-16GB, 65 %, 8 %, 644 MiB, 16384 MiB, 53
2026/08/12 21:01:25.709, Tesla V100-PCIE-16GB, 65 %, 8 %, 644 MiB, 16384 MiB, 52
2026/08/12 21:01:35.711, Tesla V100-PCIE-16GB, 67 %, 8 %, 644 MiB, 16384 MiB, 52
2026/08/12 21:01:45.712, Tesla V100-PCIE-16GB, 63 %, 8 %, 644 MiB, 16384 MiB, 52
2026/08/12 21:01:55.713, Tesla V100-PCIE-16GB, 65 %, 8 %, 644 MiB, 16384 MiB, 52
2026/08/12 21:02:05.714, Tesla V100-PCIE-16GB, 64 %, 8 %, 644 MiB, 16384 MiB, 52
2026/08/12 21:02:15.715, Tesla V100-PCIE-16GB, 64 %, 8 %, 644 MiB, 16384 MiB, 52
2026/08/12 21:02:25.716, Tesla V100-PCIE-16GB, 67 %, 8 %, 644 MiB, 16384 MiB, 52
2026/08/12 21:02:35.718, Tesla V100-PCIE-16GB, 64 %, 8 %, 644 MiB, 16384 MiB, 52
2026/08/12 21:02:45.719, Tesla V100-PCIE-16GB, 64 %, 8 %, 644 MiB, 16384 MiB, 52
2026/08/12 21:02:55.720, Tesla V100-PCIE-16GB, 62 %, 8 %, 644 MiB, 16384 MiB, 52
2026/08/12 21:03:05.782, Tesla V100-PCIE-16GB, 61 %, 8 %, 644 MiB, 16384 MiB, 51
2026/08/12 21:03:15.783, Tesla V100-PCIE-16GB, 62 %, 8 %, 644 MiB, 16384 MiB, 51
2026/08/12 21:03:25.784, Tesla V100-PCIE-16GB, 67 %, 8 %, 644 MiB, 16384 MiB, 52
2026/08/12 21:03:35.785, Tesla V100-PCIE-16GB, 67 %, 8 %, 644 MiB, 16384 MiB, 52
2026/08/12 21:03:45.786, Tesla V100-PCIE-16GB, 64 %, 8 %, 644 MiB, 16384 MiB, 51
2026/08/12 21:03:55.788, Tesla V100-PCIE-16GB, 64 %, 8 %, 644 MiB, 16384 MiB, 51
2026/08/12 21:04:05.789, Tesla V100-PCIE-16GB, 64 %, 8 %, 644 MiB, 16384 MiB, 51
2026/08/12 21:04:15.790, Tesla V100-PCIE-16GB, 67 %, 9 %, 644 MiB, 16384 MiB, 52
2026/08/12 21:04:25.791, Tesla V100-PCIE-16GB, 65 %, 8 %, 644 MiB, 16384 MiB, 51
2026/08/12 21:04:35.793, Tesla V100-PCIE-16GB, 68 %, 9 %, 644 MiB, 16384 MiB, 52
2026/08/12 21:04:45.794, Tesla V100-PCIE-16GB, 67 %, 8 %, 644 MiB, 16384 MiB, 52
2026/08/12 21:04:55.795, Tesla V100-PCIE-16GB, 63 %, 8 %, 644 MiB, 16384 MiB, 52
2026/08/12 21:05:05.873, Tesla V100-PCIE-16GB, 65 %, 8 %, 644 MiB, 16384 MiB, 52
2026/08/12 21:05:15.875, Tesla V100-PCIE-16GB, 69 %, 9 %, 644 MiB, 16384 MiB, 52
2026/08/12 21:05:25.876, Tesla V100-PCIE-16GB, 69 %, 9 %, 644 MiB, 16384 MiB, 53
2026/08/12 21:05:35.877, Tesla V100-PCIE-16GB, 66 %, 8 %, 644 MiB, 16384 MiB, 53
2026/08/12 21:05:45.878, Tesla V100-PCIE-16GB, 61 %, 8 %, 644 MiB, 16384 MiB, 53
2026/08/12 21:05:55.935, Tesla V100-PCIE-16GB, 68 %, 8 %, 644 MiB, 16384 MiB, 53
2026/08/12 21:06:05.936, Tesla V100-PCIE-16GB, 63 %, 8 %, 644 MiB, 16384 MiB, 52
2026/08/12 21:06:15.937, Tesla V100-PCIE-16GB, 62 %, 8 %, 644 MiB, 16384 MiB, 52
2026/08/12 21:06:25.939, Tesla V100-PCIE-16GB, 66 %, 8 %, 644 MiB, 16384 MiB, 52
2026/08/12 21:06:35.940, Tesla V100-PCIE-16GB, 65 %, 8 %, 644 MiB, 16384 MiB, 52
2026/08/12 21:06:45.941, Tesla V100-PCIE-16GB, 67 %, 8 %, 644 MiB, 16384 MiB, 52
2026/08/12 21:06:55.942, Tesla V100-PCIE-16GB, 64 %, 8 %, 644 MiB, 16384 MiB, 52
2026/08/12 21:07:05.944, Tesla V100-PCIE-16GB, 65 %, 8 %, 644 MiB, 16384 MiB, 52
2026/08/12 21:07:15.945, Tesla V100-PCIE-16GB, 66 %, 8 %, 644 MiB, 16384 MiB, 52
2026/08/12 21:07:25.946, Tesla V100-PCIE-16GB, 62 %, 8 %, 644 MiB, 16384 MiB, 52
2026/08/12 21:07:35.947, Tesla V100-PCIE-16GB, 64 %, 8 %, 644 MiB, 16384 MiB, 51
2026/08/12 21:07:45.949, Tesla V100-PCIE-16GB, 67 %, 8 %, 644 MiB, 16384 MiB, 51
2026/08/12 21:07:55.950, Tesla V100-PCIE-16GB, 66 %, 8 %, 644 MiB, 16384 MiB, 51
2026/08/12 21:08:06.028, Tesla V100-PCIE-16GB, 64 %, 8 %, 644 MiB, 16384 MiB, 51
2026/08/12 21:08:16.029, Tesla V100-PCIE-16GB, 67 %, 9 %, 644 MiB, 16384 MiB, 51
2026/08/12 21:08:26.030, Tesla V100-PCIE-16GB, 62 %, 8 %, 644 MiB, 16384 MiB, 51
2026/08/12 21:08:36.031, Tesla V100-PCIE-16GB, 65 %, 8 %, 644 MiB, 16384 MiB, 51
2026/08/12 21:08:46.032, Tesla V100-PCIE-16GB, 63 %, 8 %, 644 MiB, 16384 MiB, 51
2026/08/12 21:08:56.034, Tesla V100-PCIE-16GB, 62 %, 8 %, 644 MiB, 16384 MiB, 51
2026/08/12 21:09:06.035, Tesla V100-PCIE-16GB, 66 %, 8 %, 644 MiB, 16384 MiB, 51
2026/08/12 21:09:16.036, Tesla V100-PCIE-16GB, 66 %, 8 %, 644 MiB, 16384 MiB, 51
2026/08/12 21:09:26.037, Tesla V100-PCIE-16GB, 60 %, 8 %, 644 MiB, 16384 MiB, 51
2026/08/12 21:09:36.101, Tesla V100-PCIE-16GB, 68 %, 8 %, 644 MiB, 16384 MiB, 51
2026/08/12 21:09:46.102, Tesla V100-PCIE-16GB, 68 %, 9 %, 644 MiB, 16384 MiB, 51
2026/08/12 21:09:56.103, Tesla V100-PCIE-16GB, 68 %, 9 %, 644 MiB, 16384 MiB, 51
2026/08/12 21:10:06.161, Tesla V100-PCIE-16GB, 62 %, 8 %, 644 MiB, 16384 MiB, 52
2026/08/12 21:10:16.162, Tesla V100-PCIE-16GB, 62 %, 8 %, 644 MiB, 16384 MiB, 52
2026/08/12 21:10:26.163, Tesla V100-PCIE-16GB, 69 %, 9 %, 644 MiB, 16384 MiB, 52
2026/08/12 21:10:36.164, Tesla V100-PCIE-16GB, 67 %, 8 %, 644 MiB, 16384 MiB, 52
2026/08/12 21:10:46.166, Tesla V100-PCIE-16GB, 49 %, 15 %, 644 MiB, 16384 MiB, 53
2026/08/12 21:10:56.167, Tesla V100-PCIE-16GB, 66 %, 8 %, 644 MiB, 16384 MiB, 53
2026/08/12 21:11:06.168, Tesla V100-PCIE-16GB, 65 %, 8 %, 644 MiB, 16384 MiB, 52
2026/08/12 21:11:16.169, Tesla V100-PCIE-16GB, 68 %, 9 %, 644 MiB, 16384 MiB, 52
2026/08/12 21:11:26.170, Tesla V100-PCIE-16GB, 65 %, 8 %, 644 MiB, 16384 MiB, 52
2026/08/12 21:11:36.221, Tesla V100-PCIE-16GB, 50 %, 15 %, 644 MiB, 16384 MiB, 52
2026/08/12 21:11:46.222, Tesla V100-PCIE-16GB, 60 %, 7 %, 644 MiB, 16384 MiB, 52
2026/08/12 21:11:56.223, Tesla V100-PCIE-16GB, 64 %, 8 %, 644 MiB, 16384 MiB, 52
2026/08/12 21:12:06.225, Tesla V100-PCIE-16GB, 66 %, 8 %, 644 MiB, 16384 MiB, 52
2026/08/12 21:12:16.226, Tesla V100-PCIE-16GB, 67 %, 8 %, 644 MiB, 16384 MiB, 52
2026/08/12 21:12:26.227, Tesla V100-PCIE-16GB, 49 %, 15 %, 644 MiB, 16384 MiB, 52
2026/08/12 21:12:36.228, Tesla V100-PCIE-16GB, 67 %, 8 %, 644 MiB, 16384 MiB, 52
2026/08/12 21:12:46.229, Tesla V100-PCIE-16GB, 67 %, 8 %, 644 MiB, 16384 MiB, 52
2026/08/12 21:12:56.230, Tesla V100-PCIE-16GB, 57 %, 7 %, 644 MiB, 16384 MiB, 52
2026/08/12 21:13:06.232, Tesla V100-PCIE-16GB, 63 %, 8 %, 644 MiB, 16384 MiB, 52
2026/08/12 21:13:16.233, Tesla V100-PCIE-16GB, 46 %, 14 %, 644 MiB, 16384 MiB, 52
2026/08/12 21:13:26.234, Tesla V100-PCIE-16GB, 63 %, 8 %, 644 MiB, 16384 MiB, 52
2026/08/12 21:13:36.347, Tesla V100-PCIE-16GB, 64 %, 8 %, 644 MiB, 16384 MiB, 52
2026/08/12 21:13:46.348, Tesla V100-PCIE-16GB, 64 %, 8 %, 644 MiB, 16384 MiB, 52
2026/08/12 21:13:56.349, Tesla V100-PCIE-16GB, 62 %, 8 %, 644 MiB, 16384 MiB, 51
2026/08/12 21:14:06.351, Tesla V100-PCIE-16GB, 47 %, 14 %, 644 MiB, 16384 MiB, 52
2026/08/12 21:14:16.352, Tesla V100-PCIE-16GB, 61 %, 8 %, 644 MiB, 16384 MiB, 52
2026/08/12 21:14:26.353, Tesla V100-PCIE-16GB, 65 %, 8 %, 644 MiB, 16384 MiB, 52
2026/08/12 21:14:36.354, Tesla V100-PCIE-16GB, 64 %, 8 %, 644 MiB, 16384 MiB, 52
2026/08/12 21:14:46.355, Tesla V100-PCIE-16GB, 61 %, 8 %, 644 MiB, 16384 MiB, 52
2026/08/12 21:14:56.357, Tesla V100-PCIE-16GB, 49 %, 15 %, 644 MiB, 16384 MiB, 52
2026/08/12 21:15:06.358, Tesla V100-PCIE-16GB, 23 %, 13 %, 644 MiB, 16384 MiB, 52
2026/08/12 21:15:16.359, Tesla V100-PCIE-16GB, 38 %, 12 %, 1226 MiB, 16384 MiB, 53
2026/08/12 21:15:26.360, Tesla V100-PCIE-16GB, 48 %, 17 %, 1226 MiB, 16384 MiB, 53
2026/08/12 21:15:36.361, Tesla V100-PCIE-16GB, 53 %, 20 %, 1226 MiB, 16384 MiB, 54
2026/08/12 21:15:46.362, Tesla V100-PCIE-16GB, 0 %, 0 %, 0 MiB, 16384 MiB, 52
2026/08/12 21:15:56.364, Tesla V100-PCIE-16GB, 0 %, 0 %, 0 MiB, 16384 MiB, 49
2026/08/12 21:16:06.366, Tesla V100-PCIE-16GB, 0 %, 0 %, 0 MiB, 16384 MiB, 47
2026/08/12 21:16:16.367, Tesla V100-PCIE-16GB, 0 %, 0 %, 0 MiB, 16384 MiB, 46
2026/08/12 21:16:26.368, Tesla V100-PCIE-16GB, 0 %, 0 %, 0 MiB, 16384 MiB, 45
2026/08/12 21:16:36.370, Tesla V100-PCIE-16GB, 0 %, 0 %, 0 MiB, 16384 MiB, 44
2026/08/12 21:16:46.371, Tesla V100-PCIE-16GB, 0 %, 0 %, 0 MiB, 16384 MiB, 44
2026/08/12 21:16:56.372, Tesla V100-PCIE-16GB, 0 %, 0 %, 0 MiB, 16384 MiB, 43
2026/08/12 21:17:06.374, Tesla V100-PCIE-16GB, 0 %, 0 %, 0 MiB, 16384 MiB, 43
2026/08/12 21:17:16.375, Tesla V100-PCIE-16GB, 0 %, 0 %, 0 MiB, 16384 MiB, 42
2026/08/12 21:17:26.376, Tesla V100-PCIE-16GB, 0 %, 0 %, 0 MiB, 16384 MiB, 42
2026/08/12 21:17:36.403, Tesla V100-PCIE-16GB, 0 %, 0 %, 0 MiB, 16384 MiB, 42
2026/08/12 21:17:46.404, Tesla V100-PCIE-16GB, 0 %, 0 %, 0 MiB, 16384 MiB, 42
2026/08/12 21:17:56.406, Tesla V100-PCIE-16GB, 0 %, 0 %, 0 MiB, 16384 MiB, 42
2026/08/12 21:18:06.407, Tesla V100-PCIE-16GB, 0 %, 0 %, 0 MiB, 16384 MiB, 42
2026/08/12 21:18:16.408, Tesla V100-PCIE-16GB, 0 %, 0 %, 0 MiB, 16384 MiB, 42
2026/08/12 21:18:26.410, Tesla V100-PCIE-16GB, 0 %, 0 %, 0 MiB, 16384 MiB, 42
2026/08/12 21:18:36.411, Tesla V100-PCIE-16GB, 0 %, 0 %, 0 MiB, 16384 MiB, 41
2026/08/12 21:18:46.412, Tesla V100-PCIE-16GB, 0 %, 0 %, 0 MiB, 16384 MiB, 41
2026/08/12 21:18:56.414, Tesla V100-PCIE-16GB, 0 %, 0 %, 0 MiB, 16384 MiB, 41
2026/08/12 21:19:06.415, Tesla V100-PCIE-16GB, 0 %, 0 %, 0 MiB, 16384 MiB, 41
2026/08/12 21:19:16.416, Tesla V100-PCIE-16GB, 0 %, 0 %, 0 MiB, 16384 MiB, 41
2026/08/12 21:19:26.417, Tesla V100-PCIE-16GB, 0 %, 0 %, 0 MiB, 16384 MiB, 41
2026/08/12 21:19:36.419, Tesla V100-PCIE-16GB, 0 %, 0 %, 0 MiB, 16384 MiB, 41
2026/08/12 21:19:46.420, Tesla V100-PCIE-16GB, 0 %, 0 %, 0 MiB, 16384 MiB, 41
2026/08/12 21:19:56.421, Tesla V100-PCIE-16GB, 0 %, 0 %, 0 MiB, 16384 MiB, 41
2026/08/12 21:20:06.422, Tesla V100-PCIE-16GB, 0 %, 0 %, 0 MiB, 16384 MiB, 41
2026/08/12 21:20:16.424, Tesla V100-PCIE-16GB, 0 %, 0 %, 0 MiB, 16384 MiB, 41
2026/08/12 21:20:26.425, Tesla V100-PCIE-16GB, 0 %, 0 %, 0 MiB, 16384 MiB, 41
2026/08/12 21:20:36.426, Tesla V100-PCIE-16GB, 0 %, 0 %, 2 MiB, 16384 MiB, 41
2026/08/12 21:20:46.428, Tesla V100-PCIE-16GB, 0 %, 0 %, 0 MiB, 16384 MiB, 41
2026/08/12 21:20:56.430, Tesla V100-PCIE-16GB, 0 %, 0 %, 0 MiB, 16384 MiB, 41
2026/08/12 21:21:06.431, Tesla V100-PCIE-16GB, 0 %, 0 %, 0 MiB, 16384 MiB, 42
2026/08/12 21:21:16.432, Tesla V100-PCIE-16GB, 0 %, 0 %, 0 MiB, 16384 MiB, 42
2026/08/12 21:21:26.433, Tesla V100-PCIE-16GB, 0 %, 0 %, 0 MiB, 16384 MiB, 42
2026/08/12 21:21:36.435, Tesla V100-PCIE-16GB, 0 %, 0 %, 0 MiB, 16384 MiB, 42
2026/08/12 21:21:46.436, Tesla V100-PCIE-16GB, 0 %, 0 %, 0 MiB, 16384 MiB, 42
2026/08/12 21:21:56.438, Tesla V100-PCIE-16GB, 0 %, 0 %, 0 MiB, 16384 MiB, 42
2026/08/12 21:22:06.439, Tesla V100-PCIE-16GB, 0 %, 0 %, 0 MiB, 16384 MiB, 42
2026/08/12 21:22:16.440, Tesla V100-PCIE-16GB, 0 %, 0 %, 0 MiB, 16384 MiB, 41
2026/08/12 21:22:26.441, Tesla V100-PCIE-16GB, 0 %, 0 %, 0 MiB, 16384 MiB, 41
2026/08/12 21:22:36.443, Tesla V100-PCIE-16GB, 0 %, 0 %, 0 MiB, 16384 MiB, 41
2026/08/12 21:22:46.444, Tesla V100-PCIE-16GB, 0 %, 0 %, 0 MiB, 16384 MiB, 41
2026/08/12 21:22:56.446, Tesla V100-PCIE-16GB, 0 %, 0 %, 0 MiB, 16384 MiB, 41
2026/08/12 21:23:06.447, Tesla V100-PCIE-16GB, 0 %, 0 %, 0 MiB, 16384 MiB, 41
2026/08/12 21:23:16.448, Tesla V100-PCIE-16GB, 0 %, 0 %, 0 MiB, 16384 MiB, 41
2026/08/12 21:23:26.449, Tesla V100-PCIE-16GB, 0 %, 0 %, 0 MiB, 16384 MiB, 41
2026/08/12 21:23:36.476, Tesla V100-PCIE-16GB, 0 %, 0 %, 0 MiB, 16384 MiB, 41
2026/08/12 21:23:46.477, Tesla V100-PCIE-16GB, 0 %, 0 %, 0 MiB, 16384 MiB, 41
2026/08/12 21:23:56.478, Tesla V100-PCIE-16GB, 0 %, 0 %, 0 MiB, 16384 MiB, 41
2026/08/12 21:24:06.480, Tesla V100-PCIE-16GB, 0 %, 0 %, 0 MiB, 16384 MiB, 41
2026/08/12 21:24:16.481, Tesla V100-PCIE-16GB, 0 %, 0 %, 0 MiB, 16384 MiB, 41
2026/08/12 21:24:26.483, Tesla V100-PCIE-16GB, 0 %, 0 %, 0 MiB, 16384 MiB, 41
2026/08/12 21:24:36.484, Tesla V100-PCIE-16GB, 0 %, 0 %, 0 MiB, 16384 MiB, 41
2026/08/12 21:24:46.485, Tesla V100-PCIE-16GB, 0 %, 0 %, 0 MiB, 16384 MiB, 41
2026/08/12 21:24:56.486, Tesla V100-PCIE-16GB, 0 %, 0 %, 0 MiB, 16384 MiB, 41
2026/08/12 21:25:06.488, Tesla V100-PCIE-16GB, 0 %, 0 %, 0 MiB, 16384 MiB, 41
2026/08/12 21:25:16.489, Tesla V100-PCIE-16GB, 0 %, 0 %, 0 MiB, 16384 MiB, 41
2026/08/12 21:25:26.490, Tesla V100-PCIE-16GB, 0 %, 0 %, 0 MiB, 16384 MiB, 41
2026/08/12 21:25:36.491, Tesla V100-PCIE-16GB, 0 %, 0 %, 0 MiB, 16384 MiB, 41
2026/08/12 21:25:46.493, Tesla V100-PCIE-16GB, 0 %, 0 %, 0 MiB, 16384 MiB, 41
2026/08/12 21:25:56.494, Tesla V100-PCIE-16GB, 0 %, 0 %, 0 MiB, 16384 MiB, 41
2026/08/12 21:26:06.496, Tesla V100-PCIE-16GB, 0 %, 0 %, 0 MiB, 16384 MiB, 41
2026/08/12 21:26:16.497, Tesla V100-PCIE-16GB, 0 %, 0 %, 0 MiB, 16384 MiB, 41
2026/08/12 21:26:26.498, Tesla V100-PCIE-16GB, 0 %, 0 %, 0 MiB, 16384 MiB, 42
2026/08/12 21:26:36.499, Tesla V100-PCIE-16GB, 0 %, 0 %, 0 MiB, 16384 MiB, 42
2026/08/12 21:26:46.501, Tesla V100-PCIE-16GB, 0 %, 0 %, 0 MiB, 16384 MiB, 42
2026/08/12 21:26:56.502, Tesla V100-PCIE-16GB, 0 %, 0 %, 0 MiB, 16384 MiB, 42
2026/08/12 21:27:06.503, Tesla V100-PCIE-16GB, 0 %, 0 %, 0 MiB, 16384 MiB, 42
2026/08/12 21:27:16.505, Tesla V100-PCIE-16GB, 0 %, 0 %, 0 MiB, 16384 MiB, 42
2026/08/12 21:27:26.506, Tesla V100-PCIE-16GB, 0 %, 0 %, 0 MiB, 16384 MiB, 42
2026/08/12 21:27:36.507, Tesla V100-PCIE-16GB, 0 %, 0 %, 0 MiB, 16384 MiB, 42
2026/08/12 21:27:46.509, Tesla V100-PCIE-16GB, 0 %, 0 %, 0 MiB, 16384 MiB, 41
2026/08/12 21:27:56.510, Tesla V100-PCIE-16GB, 0 %, 0 %, 0 MiB, 16384 MiB, 42
2026/08/12 21:28:06.511, Tesla V100-PCIE-16GB, 0 %, 0 %, 0 MiB, 16384 MiB, 42
2026/08/12 21:28:16.513, Tesla V100-PCIE-16GB, 0 %, 0 %, 0 MiB, 16384 MiB, 41
2026/08/12 21:28:26.514, Tesla V100-PCIE-16GB, 0 %, 0 %, 0 MiB, 16384 MiB, 41
2026/08/12 21:28:36.515, Tesla V100-PCIE-16GB, 0 %, 0 %, 0 MiB, 16384 MiB, 42
2026/08/12 21:28:46.517, Tesla V100-PCIE-16GB, 0 %, 0 %, 0 MiB, 16384 MiB, 41
2026/08/12 21:28:56.518, Tesla V100-PCIE-16GB, 0 %, 0 %, 0 MiB, 16384 MiB, 41
2026/08/12 21:29:06.519, Tesla V100-PCIE-16GB, 0 %, 0 %, 0 MiB, 16384 MiB, 41
2026/08/12 21:29:16.521, Tesla V100-PCIE-16GB, 0 %, 0 %, 0 MiB, 16384 MiB, 41
2026/08/12 21:29:26.522, Tesla V100-PCIE-16GB, 0 %, 0 %, 0 MiB, 16384 MiB, 41
2026/08/12 21:29:36.523, Tesla V100-PCIE-16GB, 0 %, 0 %, 0 MiB, 16384 MiB, 41
2026/08/12 21:29:46.526, Tesla V100-PCIE-16GB, 0 %, 0 %, 0 MiB, 16384 MiB, 41
2026/08/12 21:29:56.528, Tesla V100-PCIE-16GB, 0 %, 0 %, 0 MiB, 16384 MiB, 41
2026/08/12 21:30:06.529, Tesla V100-PCIE-16GB, 0 %, 0 %, 0 MiB, 16384 MiB, 41
2026/08/12 21:30:16.530, Tesla V100-PCIE-16GB, 0 %, 0 %, 0 MiB, 16384 MiB, 41
2026/08/12 21:30:26.532, Tesla V100-PCIE-16GB, 0 %, 0 %, 0 MiB, 16384 MiB, 41
2026/08/12 21:30:36.533, Tesla V100-PCIE-16GB, 0 %, 0 %, 0 MiB, 16384 MiB, 41
2026/08/12 21:30:46.534, Tesla V100-PCIE-16GB, 0 %, 0 %, 0 MiB, 16384 MiB, 41
2026/08/12 21:30:56.536, Tesla V100-PCIE-16GB, 0 %, 0 %, 0 MiB, 16384 MiB, 41
2026/08/12 21:31:06.537, Tesla V100-PCIE-16GB, 0 %, 0 %, 0 MiB, 16384 MiB, 41
2026/08/12 21:31:16.538, Tesla V100-PCIE-16GB, 0 %, 0 %, 0 MiB, 16384 MiB, 41
2026/08/12 21:31:26.539, Tesla V100-PCIE-16GB, 0 %, 0 %, 0 MiB, 16384 MiB, 41
2026/08/12 21:31:36.541, Tesla V100-PCIE-16GB, 0 %, 0 %, 0 MiB, 16384 MiB, 41
2026/08/12 21:31:46.542, Tesla V100-PCIE-16GB, 0 %, 0 %, 0 MiB, 16384 MiB, 42
2026/08/12 21:31:56.543, Tesla V100-PCIE-16GB, 0 %, 0 %, 0 MiB, 16384 MiB, 42
2026/08/12 21:32:06.544, Tesla V100-PCIE-16GB, 0 %, 0 %, 0 MiB, 16384 MiB, 42
2026/08/12 21:32:16.546, Tesla V100-PCIE-16GB, 0 %, 0 %, 0 MiB, 16384 MiB, 42
2026/08/12 21:32:26.547, Tesla V100-PCIE-16GB, 0 %, 0 %, 0 MiB, 16384 MiB, 42
2026/08/12 21:32:36.548, Tesla V100-PCIE-16GB, 0 %, 0 %, 0 MiB, 16384 MiB, 42
2026/08/12 21:32:46.550, Tesla V100-PCIE-16GB, 0 %, 0 %, 0 MiB, 16384 MiB, 42
2026/08/12 21:32:56.551, Tesla V100-PCIE-16GB, 0 %, 0 %, 0 MiB, 16384 MiB, 42
2026/08/12 21:33:06.552, Tesla V100-PCIE-16GB, 0 %, 0 %, 0 MiB, 16384 MiB, 42
2026/08/12 21:33:16.553, Tesla V100-PCIE-16GB, 0 %, 0 %, 0 MiB, 16384 MiB, 42
2026/08/12 21:33:26.555, Tesla V100-PCIE-16GB, 0 %, 0 %, 0 MiB, 16384 MiB, 42
2026/08/12 21:33:36.556, Tesla V100-PCIE-16GB, 0 %, 0 %, 0 MiB, 16384 MiB, 42
2026/08/12 21:33:46.558, Tesla V100-PCIE-16GB, 0 %, 0 %, 0 MiB, 16384 MiB, 42
2026/08/12 21:33:56.559, Tesla V100-PCIE-16GB, 0 %, 0 %, 0 MiB, 16384 MiB, 42
2026/08/12 21:34:06.560, Tesla V100-PCIE-16GB, 0 %, 0 %, 0 MiB, 16384 MiB, 42
2026/08/12 21:34:16.561, Tesla V100-PCIE-16GB, 0 %, 0 %, 0 MiB, 16384 MiB, 42
2026/08/12 21:34:26.563, Tesla V100-PCIE-16GB, 0 %, 0 %, 0 MiB, 16384 MiB, 42
2026/08/12 21:34:36.564, Tesla V100-PCIE-16GB, 0 %, 0 %, 0 MiB, 16384 MiB, 42
2026/08/12 21:34:46.565, Tesla V100-PCIE-16GB, 0 %, 0 %, 0 MiB, 16384 MiB, 42
2026/08/12 21:34:56.567, Tesla V100-PCIE-16GB, 0 %, 0 %, 0 MiB, 16384 MiB, 42
2026/08/12 21:35:06.568, Tesla V100-PCIE-16GB, 0 %, 0 %, 0 MiB, 16384 MiB, 42
2026/08/12 21:35:16.570, Tesla V100-PCIE-16GB, 0 %, 0 %, 0 MiB, 16384 MiB, 42
2026/08/12 21:35:26.571, Tesla V100-PCIE-16GB, 0 %, 0 %, 0 MiB, 16384 MiB, 42
2026/08/12 21:35:36.572, Tesla V100-PCIE-16GB, 0 %, 0 %, 0 MiB, 16384 MiB, 42
2026/08/12 21:35:46.573, Tesla V100-PCIE-16GB, 0 %, 0 %, 0 MiB, 16384 MiB, 42
2026/08/12 21:35:56.575, Tesla V100-PCIE-16GB, 0 %, 0 %, 0 MiB, 16384 MiB, 42
2026/08/12 21:36:06.576, Tesla V100-PCIE-16GB, 0 %, 0 %, 0 MiB, 16384 MiB, 42
2026/08/12 21:36:16.577, Tesla V100-PCIE-16GB, 0 %, 0 %, 0 MiB, 16384 MiB, 43
2026/08/12 21:36:26.579, Tesla V100-PCIE-16GB, 0 %, 0 %, 0 MiB, 16384 MiB, 43
2026/08/12 21:36:36.580, Tesla V100-PCIE-16GB, 0 %, 0 %, 0 MiB, 16384 MiB, 43
2026/08/12 21:36:46.581, Tesla V100-PCIE-16GB, 0 %, 0 %, 0 MiB, 16384 MiB, 43
2026/08/12 21:36:56.582, Tesla V100-PCIE-16GB, 0 %, 0 %, 0 MiB, 16384 MiB, 43
2026/08/12 21:37:06.584, Tesla V100-PCIE-16GB, 0 %, 0 %, 0 MiB, 16384 MiB, 43
2026/08/12 21:37:16.585, Tesla V100-PCIE-16GB, 0 %, 0 %, 0 MiB, 16384 MiB, 43
2026/08/12 21:37:26.586, Tesla V100-PCIE-16GB, 0 %, 0 %, 0 MiB, 16384 MiB, 43
2026/08/12 21:37:36.588, Tesla V100-PCIE-16GB, 0 %, 0 %, 0 MiB, 16384 MiB, 43
2026/08/12 21:37:46.589, Tesla V100-PCIE-16GB, 0 %, 0 %, 0 MiB, 16384 MiB, 43
2026/08/12 21:37:56.590, Tesla V100-PCIE-16GB, 0 %, 0 %, 0 MiB, 16384 MiB, 43
2026/08/12 21:38:06.592, Tesla V100-PCIE-16GB, 0 %, 0 %, 0 MiB, 16384 MiB, 43
2026/08/12 21:38:16.593, Tesla V100-PCIE-16GB, 0 %, 0 %, 0 MiB, 16384 MiB, 43
2026/08/12 21:38:26.595, Tesla V100-PCIE-16GB, 0 %, 0 %, 0 MiB, 16384 MiB, 43
2026/08/12 21:38:36.596, Tesla V100-PCIE-16GB, 0 %, 0 %, 0 MiB, 16384 MiB, 43
2026/08/12 21:38:46.597, Tesla V100-PCIE-16GB, 0 %, 0 %, 0 MiB, 16384 MiB, 43
2026/08/12 21:38:56.599, Tesla V100-PCIE-16GB, 0 %, 0 %, 0 MiB, 16384 MiB, 43
2026/08/12 21:39:06.600, Tesla V100-PCIE-16GB, 0 %, 0 %, 0 MiB, 16384 MiB, 43
2026/08/12 21:39:16.601, Tesla V100-PCIE-16GB, 0 %, 0 %, 0 MiB, 16384 MiB, 43
2026/08/12 21:39:26.602, Tesla V100-PCIE-16GB, 0 %, 0 %, 0 MiB, 16384 MiB, 43
2026/08/12 21:39:36.603, Tesla V100-PCIE-16GB, 0 %, 0 %, 0 MiB, 16384 MiB, 43
2026/08/12 21:39:46.605, Tesla V100-PCIE-16GB, 0 %, 0 %, 0 MiB, 16384 MiB, 43
2026/08/12 21:39:56.606, Tesla V100-PCIE-16GB, 0 %, 0 %, 0 MiB, 16384 MiB, 43
2026/08/12 21:40:06.607, Tesla V100-PCIE-16GB, 0 %, 0 %, 0 MiB, 16384 MiB, 43
2026/08/12 21:40:16.609, Tesla V100-PCIE-16GB, 0 %, 0 %, 0 MiB, 16384 MiB, 43
2026/08/12 21:40:26.610, Tesla V100-PCIE-16GB, 0 %, 0 %, 0 MiB, 16384 MiB, 43
2026/08/12 21:40:36.611, Tesla V100-PCIE-16GB, 0 %, 0 %, 0 MiB, 16384 MiB, 43
2026/08/12 21:40:46.612, Tesla V100-PCIE-16GB, 0 %, 0 %, 0 MiB, 16384 MiB, 43
2026/08/12 21:40:56.735, Tesla V100-PCIE-16GB, 0 %, 0 %, 0 MiB, 16384 MiB, 43
2026/08/12 21:41:06.736, Tesla V100-PCIE-16GB, 0 %, 0 %, 0 MiB, 16384 MiB, 43
2026/08/12 21:41:16.738, Tesla V100-PCIE-16GB, 0 %, 0 %, 0 MiB, 16384 MiB, 43
2026/08/12 21:41:26.739, Tesla V100-PCIE-16GB, 0 %, 0 %, 0 MiB, 16384 MiB, 43
2026/08/12 21:41:36.740, Tesla V100-PCIE-16GB, 0 %, 0 %, 0 MiB, 16384 MiB, 43
2026/08/12 21:41:46.742, Tesla V100-PCIE-16GB, 0 %, 0 %, 0 MiB, 16384 MiB, 43
2026/08/12 21:41:56.743, Tesla V100-PCIE-16GB, 0 %, 0 %, 0 MiB, 16384 MiB, 43
2026/08/12 21:42:06.744, Tesla V100-PCIE-16GB, 0 %, 0 %, 0 MiB, 16384 MiB, 43
2026/08/12 21:42:16.802, Tesla V100-PCIE-16GB, 0 %, 0 %, 0 MiB, 16384 MiB, 43
2026/08/12 21:42:26.804, Tesla V100-PCIE-16GB, 0 %, 0 %, 0 MiB, 16384 MiB, 43
2026/08/12 21:42:36.805, Tesla V100-PCIE-16GB, 0 %, 0 %, 0 MiB, 16384 MiB, 43
2026/08/12 21:42:46.806, Tesla V100-PCIE-16GB, 0 %, 0 %, 0 MiB, 16384 MiB, 43
2026/08/12 21:42:56.807, Tesla V100-PCIE-16GB, 0 %, 0 %, 0 MiB, 16384 MiB, 43
2026/08/12 21:43:06.809, Tesla V100-PCIE-16GB, 0 %, 0 %, 0 MiB, 16384 MiB, 43
2026/08/12 21:43:16.870, Tesla V100-PCIE-16GB, 0 %, 0 %, 0 MiB, 16384 MiB, 43
2026/08/12 21:43:26.872, Tesla V100-PCIE-16GB, 0 %, 0 %, 0 MiB, 16384 MiB, 43
2026/08/12 21:43:36.873, Tesla V100-PCIE-16GB, 0 %, 0 %, 0 MiB, 16384 MiB, 43
2026/08/12 21:43:46.874, Tesla V100-PCIE-16GB, 0 %, 0 %, 0 MiB, 16384 MiB, 43
2026/08/12 21:43:56.875, Tesla V100-PCIE-16GB, 0 %, 0 %, 0 MiB, 16384 MiB, 43
2026/08/12 21:44:06.877, Tesla V100-PCIE-16GB, 0 %, 0 %, 0 MiB, 16384 MiB, 43
2026/08/12 21:44:16.878, Tesla V100-PCIE-16GB, 0 %, 0 %, 0 MiB, 16384 MiB, 43
2026/08/12 21:44:26.879, Tesla V100-PCIE-16GB, 0 %, 0 %, 0 MiB, 16384 MiB, 43
2026/08/12 21:44:36.880, Tesla V100-PCIE-16GB, 0 %, 0 %, 0 MiB, 16384 MiB, 43
2026/08/12 21:44:46.882, Tesla V100-PCIE-16GB, 0 %, 0 %, 0 MiB, 16384 MiB, 43
2026/08/12 21:44:56.883, Tesla V100-PCIE-16GB, 0 %, 0 %, 0 MiB, 16384 MiB, 43
2026/08/12 21:45:06.884, Tesla V100-PCIE-16GB, 0 %, 0 %, 0 MiB, 16384 MiB, 43
2026/08/12 21:45:16.963, Tesla V100-PCIE-16GB, 0 %, 0 %, 0 MiB, 16384 MiB, 43
2026/08/12 21:45:26.964, Tesla V100-PCIE-16GB, 0 %, 0 %, 0 MiB, 16384 MiB, 43
2026/08/12 21:45:36.966, Tesla V100-PCIE-16GB, 0 %, 0 %, 0 MiB, 16384 MiB, 43
2026/08/12 21:45:46.967, Tesla V100-PCIE-16GB, 0 %, 0 %, 0 MiB, 16384 MiB, 43
2026/08/12 21:45:56.968, Tesla V100-PCIE-16GB, 0 %, 0 %, 0 MiB, 16384 MiB, 43
2026/08/12 21:46:06.969, Tesla V100-PCIE-16GB, 0 %, 0 %, 0 MiB, 16384 MiB, 43
2026/08/12 21:46:16.971, Tesla V100-PCIE-16GB, 0 %, 0 %, 0 MiB, 16384 MiB, 43
2026/08/12 21:46:26.972, Tesla V100-PCIE-16GB, 0 %, 0 %, 0 MiB, 16384 MiB, 43
2026/08/12 21:46:36.973, Tesla V100-PCIE-16GB, 0 %, 0 %, 0 MiB, 16384 MiB, 43
2026/08/12 21:46:46.974, Tesla V100-PCIE-16GB, 0 %, 0 %, 0 MiB, 16384 MiB, 43
2026/08/12 21:46:56.976, Tesla V100-PCIE-16GB, 0 %, 0 %, 0 MiB, 16384 MiB, 43
2026/08/12 21:47:06.977, Tesla V100-PCIE-16GB, 0 %, 0 %, 0 MiB, 16384 MiB, 43
2026/08/12 21:47:16.979, Tesla V100-PCIE-16GB, 0 %, 0 %, 0 MiB, 16384 MiB, 43
2026/08/12 21:47:26.980, Tesla V100-PCIE-16GB, 0 %, 0 %, 0 MiB, 16384 MiB, 43
2026/08/12 21:47:36.982, Tesla V100-PCIE-16GB, 0 %, 0 %, 0 MiB, 16384 MiB, 43
2026/08/12 21:47:46.983, Tesla V100-PCIE-16GB, 0 %, 0 %, 0 MiB, 16384 MiB, 43
2026/08/12 21:47:56.984, Tesla V100-PCIE-16GB, 0 %, 0 %, 0 MiB, 16384 MiB, 43
2026/08/12 21:48:06.986, Tesla V100-PCIE-16GB, 0 %, 0 %, 0 MiB, 16384 MiB, 43
2026/08/12 21:48:17.076, Tesla V100-PCIE-16GB, 0 %, 0 %, 0 MiB, 16384 MiB, 43
2026/08/12 21:48:27.078, Tesla V100-PCIE-16GB, 0 %, 0 %, 0 MiB, 16384 MiB, 43
2026/08/12 21:48:37.079, Tesla V100-PCIE-16GB, 0 %, 0 %, 0 MiB, 16384 MiB, 43
2026/08/12 21:48:47.080, Tesla V100-PCIE-16GB, 0 %, 0 %, 0 MiB, 16384 MiB, 43
2026/08/12 21:48:57.081, Tesla V100-PCIE-16GB, 0 %, 0 %, 0 MiB, 16384 MiB, 43
2026/08/12 21:49:07.083, Tesla V100-PCIE-16GB, 0 %, 0 %, 0 MiB, 16384 MiB, 43
2026/08/12 21:49:17.084, Tesla V100-PCIE-16GB, 0 %, 0 %, 0 MiB, 16384 MiB, 43
2026/08/12 21:49:27.085, Tesla V100-PCIE-16GB, 0 %, 0 %, 0 MiB, 16384 MiB, 43
2026/08/12 21:49:37.087, Tesla V100-PCIE-16GB, 0 %, 0 %, 0 MiB, 16384 MiB, 43
2026/08/12 21:49:47.088, Tesla V100-PCIE-16GB, 0 %, 0 %, 0 MiB, 16384 MiB, 43
2026/08/12 21:49:57.089, Tesla V100-PCIE-16GB, 0 %, 0 %, 0 MiB, 16384 MiB, 43
2026/08/12 21:50:07.090, Tesla V100-PCIE-16GB, 0 %, 0 %, 0 MiB, 16384 MiB, 43
2026/08/12 21:50:17.092, Tesla V100-PCIE-16GB, 0 %, 0 %, 0 MiB, 16384 MiB, 43
2026/08/12 21:50:27.093, Tesla V100-PCIE-16GB, 0 %, 0 %, 0 MiB, 16384 MiB, 43
2026/08/12 21:50:37.094, Tesla V100-PCIE-16GB, 0 %, 0 %, 0 MiB, 16384 MiB, 43
2026/08/12 21:50:47.095, Tesla V100-PCIE-16GB, 0 %, 0 %, 0 MiB, 16384 MiB, 43
2026/08/12 21:50:57.097, Tesla V100-PCIE-16GB, 0 %, 0 %, 0 MiB, 16384 MiB, 43
2026/08/12 21:51:07.098, Tesla V100-PCIE-16GB, 0 %, 0 %, 0 MiB, 16384 MiB, 43
2026/08/12 21:51:17.099, Tesla V100-PCIE-16GB, 0 %, 0 %, 0 MiB, 16384 MiB, 43
2026/08/12 21:51:27.100, Tesla V100-PCIE-16GB, 0 %, 0 %, 0 MiB, 16384 MiB, 43
2026/08/12 21:51:37.102, Tesla V100-PCIE-16GB, 0 %, 0 %, 0 MiB, 16384 MiB, 43
2026/08/12 21:51:47.103, Tesla V100-PCIE-16GB, 0 %, 0 %, 0 MiB, 16384 MiB, 43
2026/08/12 21:51:57.104, Tesla V100-PCIE-16GB, 0 %, 0 %, 0 MiB, 16384 MiB, 43
2026/08/12 21:52:07.106, Tesla V100-PCIE-16GB, 0 %, 0 %, 0 MiB, 16384 MiB, 43
2026/08/12 21:52:17.107, Tesla V100-PCIE-16GB, 0 %, 0 %, 0 MiB, 16384 MiB, 43
2026/08/12 21:52:27.108, Tesla V100-PCIE-16GB, 0 %, 0 %, 0 MiB, 16384 MiB, 43
2026/08/12 21:52:37.109, Tesla V100-PCIE-16GB, 0 %, 0 %, 0 MiB, 16384 MiB, 43
2026/08/12 21:52:47.111, Tesla V100-PCIE-16GB, 0 %, 0 %, 0 MiB, 16384 MiB, 43
2026/08/12 21:52:57.112, Tesla V100-PCIE-16GB, 0 %, 0 %, 0 MiB, 16384 MiB, 43
2026/08/12 21:53:07.113, Tesla V100-PCIE-16GB, 0 %, 0 %, 0 MiB, 16384 MiB, 43
2026/08/12 21:53:17.115, Tesla V100-PCIE-16GB, 0 %, 0 %, 0 MiB, 16384 MiB, 43
2026/08/12 21:53:27.116, Tesla V100-PCIE-16GB, 0 %, 0 %, 0 MiB, 16384 MiB, 43
2026/08/12 21:53:37.117, Tesla V100-PCIE-16GB, 0 %, 0 %, 0 MiB, 16384 MiB, 43
2026/08/12 21:53:47.118, Tesla V100-PCIE-16GB, 0 %, 0 %, 0 MiB, 16384 MiB, 43
2026/08/12 21:53:57.119, Tesla V100-PCIE-16GB, 0 %, 0 %, 0 MiB, 16384 MiB, 43
2026/08/12 21:54:07.121, Tesla V100-PCIE-16GB, 0 %, 0 %, 0 MiB, 16384 MiB, 43
2026/08/12 21:54:17.122, Tesla V100-PCIE-16GB, 0 %, 0 %, 0 MiB, 16384 MiB, 43
2026/08/12 21:54:27.123, Tesla V100-PCIE-16GB, 0 %, 0 %, 0 MiB, 16384 MiB, 43
2026/08/12 21:54:37.124, Tesla V100-PCIE-16GB, 0 %, 0 %, 0 MiB, 16384 MiB, 43
2026/08/12 21:54:47.126, Tesla V100-PCIE-16GB, 0 %, 0 %, 0 MiB, 16384 MiB, 43
2026/08/12 21:54:57.127, Tesla V100-PCIE-16GB, 0 %, 0 %, 0 MiB, 16384 MiB, 43
2026/08/12 21:55:07.129, Tesla V100-PCIE-16GB, 0 %, 0 %, 0 MiB, 16384 MiB, 43
2026/08/12 21:55:17.130, Tesla V100-PCIE-16GB, 0 %, 0 %, 4 MiB, 16384 MiB, 43
2026/08/12 21:55:27.131, Tesla V100-PCIE-16GB, 0 %, 0 %, 0 MiB, 16384 MiB, 43
2026/08/12 21:55:37.132, Tesla V100-PCIE-16GB, 0 %, 0 %, 0 MiB, 16384 MiB, 43
2026/08/12 21:55:47.134, Tesla V100-PCIE-16GB, 0 %, 0 %, 0 MiB, 16384 MiB, 43
2026/08/12 21:55:57.135, Tesla V100-PCIE-16GB, 0 %, 0 %, 0 MiB, 16384 MiB, 43
2026/08/12 21:56:07.136, Tesla V100-PCIE-16GB, 0 %, 0 %, 0 MiB, 16384 MiB, 43
2026/08/12 21:56:17.137, Tesla V100-PCIE-16GB, 0 %, 0 %, 0 MiB, 16384 MiB, 43
2026/08/12 21:56:27.139, Tesla V100-PCIE-16GB, 0 %, 0 %, 0 MiB, 16384 MiB, 43
2026/08/12 21:56:37.140, Tesla V100-PCIE-16GB, 0 %, 0 %, 0 MiB, 16384 MiB, 43
2026/08/12 21:56:47.141, Tesla V100-PCIE-16GB, 0 %, 0 %, 0 MiB, 16384 MiB, 43
2026/08/12 21:56:57.142, Tesla V100-PCIE-16GB, 0 %, 0 %, 0 MiB, 16384 MiB, 43
2026/08/12 21:57:07.144, Tesla V100-PCIE-16GB, 0 %, 0 %, 0 MiB, 16384 MiB, 43
2026/08/12 21:57:17.145, Tesla V100-PCIE-16GB, 0 %, 0 %, 0 MiB, 16384 MiB, 43
2026/08/12 21:57:27.146, Tesla V100-PCIE-16GB, 0 %, 0 %, 0 MiB, 16384 MiB, 43
2026/08/12 21:57:37.147, Tesla V100-PCIE-16GB, 0 %, 0 %, 0 MiB, 16384 MiB, 43
2026/08/12 21:57:47.149, Tesla V100-PCIE-16GB, 0 %, 0 %, 0 MiB, 16384 MiB, 43
2026/08/12 21:57:57.150, Tesla V100-PCIE-16GB, 0 %, 0 %, 0 MiB, 16384 MiB, 43
2026/08/12 21:58:07.151, Tesla V100-PCIE-16GB, 0 %, 0 %, 0 MiB, 16384 MiB, 43
2026/08/12 21:58:17.152, Tesla V100-PCIE-16GB, 0 %, 0 %, 0 MiB, 16384 MiB, 43
2026/08/12 21:58:27.154, Tesla V100-PCIE-16GB, 0 %, 0 %, 0 MiB, 16384 MiB, 43
2026/08/12 21:58:37.155, Tesla V100-PCIE-16GB, 0 %, 0 %, 0 MiB, 16384 MiB, 43
2026/08/12 21:58:47.156, Tesla V100-PCIE-16GB, 0 %, 0 %, 0 MiB, 16384 MiB, 43
2026/08/12 21:58:57.158, Tesla V100-PCIE-16GB, 0 %, 0 %, 0 MiB, 16384 MiB, 43
2026/08/12 21:59:07.159, Tesla V100-PCIE-16GB, 0 %, 0 %, 0 MiB, 16384 MiB, 43
2026/08/12 21:59:17.160, Tesla V100-PCIE-16GB, 0 %, 0 %, 0 MiB, 16384 MiB, 43
2026/08/12 21:59:27.161, Tesla V100-PCIE-16GB, 0 %, 0 %, 0 MiB, 16384 MiB, 43
2026/08/12 21:59:37.162, Tesla V100-PCIE-16GB, 0 %, 0 %, 0 MiB, 16384 MiB, 43
2026/08/12 21:59:47.244, Tesla V100-PCIE-16GB, 0 %, 0 %, 0 MiB, 16384 MiB, 43
2026/08/12 21:59:57.245, Tesla V100-PCIE-16GB, 0 %, 0 %, 0 MiB, 16384 MiB, 43
2026/08/12 22:00:07.246, Tesla V100-PCIE-16GB, 0 %, 0 %, 0 MiB, 16384 MiB, 43
2026/08/12 22:00:17.247, Tesla V100-PCIE-16GB, 0 %, 0 %, 0 MiB, 16384 MiB, 43
2026/08/12 22:00:27.249, Tesla V100-PCIE-16GB, 0 %, 0 %, 0 MiB, 16384 MiB, 43
2026/08/12 22:00:37.250, Tesla V100-PCIE-16GB, 0 %, 0 %, 0 MiB, 16384 MiB, 43
2026/08/12 22:00:47.251, Tesla V100-PCIE-16GB, 0 %, 0 %, 0 MiB, 16384 MiB, 43
2026/08/12 22:00:57.253, Tesla V100-PCIE-16GB, 0 %, 0 %, 0 MiB, 16384 MiB, 43
2026/08/12 22:01:07.254, Tesla V100-PCIE-16GB, 0 %, 0 %, 0 MiB, 16384 MiB, 43
2026/08/12 22:01:17.255, Tesla V100-PCIE-16GB, 0 %, 0 %, 0 MiB, 16384 MiB, 43
2026/08/12 22:01:27.256, Tesla V100-PCIE-16GB, 0 %, 0 %, 0 MiB, 16384 MiB, 43
2026/08/12 22:01:37.258, Tesla V100-PCIE-16GB, 0 %, 0 %, 0 MiB, 16384 MiB, 43
2026/08/12 22:01:47.259, Tesla V100-PCIE-16GB, 0 %, 0 %, 0 MiB, 16384 MiB, 43
2026/08/12 22:01:57.260, Tesla V100-PCIE-16GB, 0 %, 0 %, 0 MiB, 16384 MiB, 43
2026/08/12 22:02:07.261, Tesla V100-PCIE-16GB, 0 %, 0 %, 0 MiB, 16384 MiB, 43
2026/08/12 22:02:17.263, Tesla V100-PCIE-16GB, 0 %, 0 %, 0 MiB, 16384 MiB, 43
2026/08/12 22:02:27.265, Tesla V100-PCIE-16GB, 0 %, 0 %, 0 MiB, 16384 MiB, 43
2026/08/12 22:02:37.266, Tesla V100-PCIE-16GB, 0 %, 0 %, 0 MiB, 16384 MiB, 43
2026/08/12 22:02:47.267, Tesla V100-PCIE-16GB, 0 %, 0 %, 0 MiB, 16384 MiB, 43
2026/08/12 22:02:57.268, Tesla V100-PCIE-16GB, 0 %, 0 %, 0 MiB, 16384 MiB, 43
2026/08/12 22:03:07.270, Tesla V100-PCIE-16GB, 0 %, 0 %, 0 MiB, 16384 MiB, 43
2026/08/12 22:03:17.271, Tesla V100-PCIE-16GB, 0 %, 0 %, 0 MiB, 16384 MiB, 43
2026/08/12 22:03:27.273, Tesla V100-PCIE-16GB, 0 %, 0 %, 0 MiB, 16384 MiB, 43
2026/08/12 22:03:37.274, Tesla V100-PCIE-16GB, 0 %, 0 %, 0 MiB, 16384 MiB, 43
2026/08/12 22:03:47.275, Tesla V100-PCIE-16GB, 0 %, 0 %, 0 MiB, 16384 MiB, 43
2026/08/12 22:03:57.276, Tesla V100-PCIE-16GB, 0 %, 0 %, 0 MiB, 16384 MiB, 43
2026/08/12 22:04:07.277, Tesla V100-PCIE-16GB, 0 %, 0 %, 0 MiB, 16384 MiB, 43
2026/08/12 22:04:17.279, Tesla V100-PCIE-16GB, 0 %, 0 %, 0 MiB, 16384 MiB, 43
2026/08/12 22:04:27.280, Tesla V100-PCIE-16GB, 0 %, 0 %, 0 MiB, 16384 MiB, 43
2026/08/12 22:04:37.281, Tesla V100-PCIE-16GB, 0 %, 0 %, 0 MiB, 16384 MiB, 43
2026/08/12 22:04:47.283, Tesla V100-PCIE-16GB, 0 %, 0 %, 0 MiB, 16384 MiB, 43
2026/08/12 22:04:57.284, Tesla V100-PCIE-16GB, 0 %, 0 %, 0 MiB, 16384 MiB, 43
2026/08/12 22:05:07.285, Tesla V100-PCIE-16GB, 0 %, 0 %, 0 MiB, 16384 MiB, 43
2026/08/12 22:05:17.287, Tesla V100-PCIE-16GB, 0 %, 0 %, 0 MiB, 16384 MiB, 43
2026/08/12 22:05:27.288, Tesla V100-PCIE-16GB, 0 %, 0 %, 0 MiB, 16384 MiB, 43
2026/08/12 22:05:37.289, Tesla V100-PCIE-16GB, 0 %, 0 %, 0 MiB, 16384 MiB, 43
2026/08/12 22:05:47.291, Tesla V100-PCIE-16GB, 0 %, 0 %, 0 MiB, 16384 MiB, 43
2026/08/12 22:05:57.292, Tesla V100-PCIE-16GB, 0 %, 0 %, 0 MiB, 16384 MiB, 43
2026/08/12 22:06:07.293, Tesla V100-PCIE-16GB, 0 %, 0 %, 0 MiB, 16384 MiB, 43
2026/08/12 22:06:17.294, Tesla V100-PCIE-16GB, 0 %, 0 %, 0 MiB, 16384 MiB, 43
2026/08/12 22:06:27.296, Tesla V100-PCIE-16GB, 0 %, 0 %, 0 MiB, 16384 MiB, 43
2026/08/12 22:06:37.297, Tesla V100-PCIE-16GB, 0 %, 0 %, 0 MiB, 16384 MiB, 43
2026/08/12 22:06:47.298, Tesla V100-PCIE-16GB, 0 %, 0 %, 0 MiB, 16384 MiB, 43
2026/08/12 22:06:57.299, Tesla V100-PCIE-16GB, 0 %, 0 %, 0 MiB, 16384 MiB, 43
2026/08/12 22:07:07.301, Tesla V100-PCIE-16GB, 0 %, 0 %, 0 MiB, 16384 MiB, 43
2026/08/12 22:07:17.302, Tesla V100-PCIE-16GB, 0 %, 0 %, 0 MiB, 16384 MiB, 43
2026/08/12 22:07:27.303, Tesla V100-PCIE-16GB, 0 %, 0 %, 0 MiB, 16384 MiB, 43
2026/08/12 22:07:37.304, Tesla V100-PCIE-16GB, 0 %, 0 %, 0 MiB, 16384 MiB, 43
2026/08/12 22:07:47.351, Tesla V100-PCIE-16GB, 0 %, 0 %, 0 MiB, 16384 MiB, 43
2026/08/12 22:07:57.352, Tesla V100-PCIE-16GB, 0 %, 0 %, 0 MiB, 16384 MiB, 43
2026/08/12 22:08:07.353, Tesla V100-PCIE-16GB, 0 %, 0 %, 0 MiB, 16384 MiB, 43
2026/08/12 22:08:17.354, Tesla V100-PCIE-16GB, 0 %, 0 %, 0 MiB, 16384 MiB, 43
2026/08/12 22:08:27.356, Tesla V100-PCIE-16GB, 0 %, 0 %, 0 MiB, 16384 MiB, 43
2026/08/12 22:08:37.357, Tesla V100-PCIE-16GB, 0 %, 0 %, 0 MiB, 16384 MiB, 43
2026/08/12 22:08:47.358, Tesla V100-PCIE-16GB, 0 %, 0 %, 0 MiB, 16384 MiB, 43
2026/08/12 22:08:57.359, Tesla V100-PCIE-16GB, 0 %, 0 %, 0 MiB, 16384 MiB, 43
2026/08/12 22:09:07.360, Tesla V100-PCIE-16GB, 0 %, 0 %, 0 MiB, 16384 MiB, 43
2026/08/12 22:09:17.362, Tesla V100-PCIE-16GB, 0 %, 0 %, 0 MiB, 16384 MiB, 43
2026/08/12 22:09:27.363, Tesla V100-PCIE-16GB, 0 %, 0 %, 0 MiB, 16384 MiB, 43
2026/08/12 22:09:37.364, Tesla V100-PCIE-16GB, 0 %, 0 %, 0 MiB, 16384 MiB, 43
2026/08/12 22:09:47.365, Tesla V100-PCIE-16GB, 0 %, 0 %, 0 MiB, 16384 MiB, 43
2026/08/12 22:09:57.367, Tesla V100-PCIE-16GB, 0 %, 0 %, 0 MiB, 16384 MiB, 43
2026/08/12 22:10:07.368, Tesla V100-PCIE-16GB, 0 %, 0 %, 0 MiB, 16384 MiB, 43
2026/08/12 22:10:17.369, Tesla V100-PCIE-16GB, 0 %, 0 %, 0 MiB, 16384 MiB, 43
2026/08/12 22:10:27.371, Tesla V100-PCIE-16GB, 0 %, 0 %, 0 MiB, 16384 MiB, 43
2026/08/12 22:10:37.372, Tesla V100-PCIE-16GB, 0 %, 0 %, 0 MiB, 16384 MiB, 43
2026/08/12 22:10:47.373, Tesla V100-PCIE-16GB, 0 %, 0 %, 0 MiB, 16384 MiB, 43
2026/08/12 22:10:57.374, Tesla V100-PCIE-16GB, 0 %, 0 %, 0 MiB, 16384 MiB, 43
2026/08/12 22:11:07.375, Tesla V100-PCIE-16GB, 0 %, 0 %, 0 MiB, 16384 MiB, 43
2026/08/12 22:11:17.377, Tesla V100-PCIE-16GB, 0 %, 0 %, 0 MiB, 16384 MiB, 43
2026/08/12 22:11:27.378, Tesla V100-PCIE-16GB, 0 %, 0 %, 0 MiB, 16384 MiB, 43
2026/08/12 22:11:37.379, Tesla V100-PCIE-16GB, 0 %, 0 %, 0 MiB, 16384 MiB, 43
2026/08/12 22:11:47.381, Tesla V100-PCIE-16GB, 0 %, 0 %, 0 MiB, 16384 MiB, 43
2026/08/12 22:11:57.382, Tesla V100-PCIE-16GB, 0 %, 0 %, 0 MiB, 16384 MiB, 43
2026/08/12 22:12:07.383, Tesla V100-PCIE-16GB, 0 %, 0 %, 0 MiB, 16384 MiB, 43
2026/08/12 22:12:17.385, Tesla V100-PCIE-16GB, 0 %, 0 %, 0 MiB, 16384 MiB, 43
2026/08/12 22:12:27.386, Tesla V100-PCIE-16GB, 0 %, 0 %, 0 MiB, 16384 MiB, 43
2026/08/12 22:12:37.387, Tesla V100-PCIE-16GB, 0 %, 0 %, 0 MiB, 16384 MiB, 43
2026/08/12 22:12:47.388, Tesla V100-PCIE-16GB, 0 %, 0 %, 0 MiB, 16384 MiB, 43
2026/08/12 22:12:57.390, Tesla V100-PCIE-16GB, 0 %, 0 %, 0 MiB, 16384 MiB, 43
2026/08/12 22:13:07.391, Tesla V100-PCIE-16GB, 0 %, 0 %, 0 MiB, 16384 MiB, 43
2026/08/12 22:13:17.487, Tesla V100-PCIE-16GB, 0 %, 0 %, 0 MiB, 16384 MiB, 43
2026/08/12 22:13:27.488, Tesla V100-PCIE-16GB, 0 %, 0 %, 0 MiB, 16384 MiB, 43
2026/08/12 22:13:37.489, Tesla V100-PCIE-16GB, 0 %, 0 %, 0 MiB, 16384 MiB, 43
2026/08/12 22:13:47.490, Tesla V100-PCIE-16GB, 0 %, 0 %, 0 MiB, 16384 MiB, 43
2026/08/12 22:13:57.492, Tesla V100-PCIE-16GB, 0 %, 0 %, 0 MiB, 16384 MiB, 43
2026/08/12 22:14:07.527, Tesla V100-PCIE-16GB, 0 %, 0 %, 0 MiB, 16384 MiB, 43
2026/08/12 22:14:17.529, Tesla V100-PCIE-16GB, 0 %, 0 %, 0 MiB, 16384 MiB, 43
2026/08/12 22:14:27.530, Tesla V100-PCIE-16GB, 0 %, 0 %, 0 MiB, 16384 MiB, 43
2026/08/12 22:14:37.531, Tesla V100-PCIE-16GB, 0 %, 0 %, 0 MiB, 16384 MiB, 43
2026/08/12 22:14:47.532, Tesla V100-PCIE-16GB, 0 %, 0 %, 0 MiB, 16384 MiB, 43
2026/08/12 22:14:57.534, Tesla V100-PCIE-16GB, 0 %, 0 %, 0 MiB, 16384 MiB, 43
2026/08/12 22:15:07.535, Tesla V100-PCIE-16GB, 0 %, 0 %, 0 MiB, 16384 MiB, 43
2026/08/12 22:15:17.536, Tesla V100-PCIE-16GB, 0 %, 0 %, 0 MiB, 16384 MiB, 43
2026/08/12 22:15:27.537, Tesla V100-PCIE-16GB, 0 %, 0 %, 0 MiB, 16384 MiB, 43
2026/08/12 22:15:37.538, Tesla V100-PCIE-16GB, 0 %, 0 %, 0 MiB, 16384 MiB, 43
2026/08/12 22:15:47.540, Tesla V100-PCIE-16GB, 0 %, 0 %, 0 MiB, 16384 MiB, 43
2026/08/12 22:15:57.541, Tesla V100-PCIE-16GB, 0 %, 0 %, 0 MiB, 16384 MiB, 43
2026/08/12 22:16:07.625, Tesla V100-PCIE-16GB, 0 %, 0 %, 0 MiB, 16384 MiB, 43
2026/08/12 22:16:17.626, Tesla V100-PCIE-16GB, 0 %, 0 %, 0 MiB, 16384 MiB, 43
2026/08/12 22:16:27.627, Tesla V100-PCIE-16GB, 0 %, 0 %, 0 MiB, 16384 MiB, 43
2026/08/12 22:16:37.629, Tesla V100-PCIE-16GB, 0 %, 0 %, 0 MiB, 16384 MiB, 43
2026/08/12 22:16:47.630, Tesla V100-PCIE-16GB, 0 %, 0 %, 0 MiB, 16384 MiB, 43
2026/08/12 22:16:57.631, Tesla V100-PCIE-16GB, 0 %, 0 %, 0 MiB, 16384 MiB, 43
2026/08/12 22:17:07.632, Tesla V100-PCIE-16GB, 0 %, 0 %, 0 MiB, 16384 MiB, 43
2026/08/12 22:17:17.634, Tesla V100-PCIE-16GB, 0 %, 0 %, 0 MiB, 16384 MiB, 43
2026/08/12 22:17:27.635, Tesla V100-PCIE-16GB, 0 %, 0 %, 0 MiB, 16384 MiB, 43
2026/08/12 22:17:37.636, Tesla V100-PCIE-16GB, 0 %, 0 %, 0 MiB, 16384 MiB, 43
2026/08/12 22:17:47.637, Tesla V100-PCIE-16GB, 0 %, 0 %, 0 MiB, 16384 MiB, 43
2026/08/12 22:17:57.639, Tesla V100-PCIE-16GB, 0 %, 0 %, 4 MiB, 16384 MiB, 43
2026/08/12 22:18:07.640, Tesla V100-PCIE-16GB, 0 %, 0 %, 0 MiB, 16384 MiB, 43
2026/08/12 22:18:17.642, Tesla V100-PCIE-16GB, 0 %, 0 %, 4 MiB, 16384 MiB, 43
2026/08/12 22:18:27.643, Tesla V100-PCIE-16GB, 0 %, 0 %, 0 MiB, 16384 MiB, 43
2026/08/12 22:18:37.644, Tesla V100-PCIE-16GB, 0 %, 0 %, 0 MiB, 16384 MiB, 43
2026/08/12 22:18:47.646, Tesla V100-PCIE-16GB, 0 %, 0 %, 0 MiB, 16384 MiB, 43
2026/08/12 22:18:57.647, Tesla V100-PCIE-16GB, 0 %, 0 %, 0 MiB, 16384 MiB, 43
2026/08/12 22:19:07.648, Tesla V100-PCIE-16GB, 0 %, 0 %, 0 MiB, 16384 MiB, 43
2026/08/12 22:19:17.650, Tesla V100-PCIE-16GB, 0 %, 0 %, 0 MiB, 16384 MiB, 43
2026/08/12 22:19:27.651, Tesla V100-PCIE-16GB, 0 %, 0 %, 0 MiB, 16384 MiB, 43
2026/08/12 22:19:37.653, Tesla V100-PCIE-16GB, 0 %, 0 %, 0 MiB, 16384 MiB, 43
2026/08/12 22:19:47.654, Tesla V100-PCIE-16GB, 0 %, 0 %, 0 MiB, 16384 MiB, 43
2026/08/12 22:19:57.655, Tesla V100-PCIE-16GB, 0 %, 0 %, 0 MiB, 16384 MiB, 43
2026/08/12 22:20:07.734, Tesla V100-PCIE-16GB, 0 %, 0 %, 0 MiB, 16384 MiB, 43
2026/08/12 22:20:17.736, Tesla V100-PCIE-16GB, 0 %, 0 %, 0 MiB, 16384 MiB, 43
2026/08/12 22:20:27.737, Tesla V100-PCIE-16GB, 0 %, 0 %, 0 MiB, 16384 MiB, 43
2026/08/12 22:20:37.738, Tesla V100-PCIE-16GB, 0 %, 0 %, 0 MiB, 16384 MiB, 43
2026/08/12 22:20:47.739, Tesla V100-PCIE-16GB, 0 %, 0 %, 0 MiB, 16384 MiB, 43
2026/08/12 22:20:57.740, Tesla V100-PCIE-16GB, 0 %, 0 %, 0 MiB, 16384 MiB, 43
2026/08/12 22:21:07.742, Tesla V100-PCIE-16GB, 0 %, 0 %, 0 MiB, 16384 MiB, 43
2026/08/12 22:21:17.743, Tesla V100-PCIE-16GB, 0 %, 0 %, 0 MiB, 16384 MiB, 43
2026/08/12 22:21:27.744, Tesla V100-PCIE-16GB, 0 %, 0 %, 1 MiB, 16384 MiB, 43
2026/08/12 22:21:37.745, Tesla V100-PCIE-16GB, 0 %, 0 %, 0 MiB, 16384 MiB, 43
2026/08/12 22:21:47.747, Tesla V100-PCIE-16GB, 0 %, 0 %, 0 MiB, 16384 MiB, 43
2026/08/12 22:21:57.748, Tesla V100-PCIE-16GB, 0 %, 0 %, 0 MiB, 16384 MiB, 43
2026/08/12 22:22:07.787, Tesla V100-PCIE-16GB, 0 %, 0 %, 0 MiB, 16384 MiB, 43
2026/08/12 22:22:17.788, Tesla V100-PCIE-16GB, 0 %, 0 %, 0 MiB, 16384 MiB, 43
2026/08/12 22:22:27.789, Tesla V100-PCIE-16GB, 0 %, 0 %, 0 MiB, 16384 MiB, 43
2026/08/12 22:22:37.790, Tesla V100-PCIE-16GB, 0 %, 0 %, 0 MiB, 16384 MiB, 43
2026/08/12 22:22:47.792, Tesla V100-PCIE-16GB, 0 %, 0 %, 0 MiB, 16384 MiB, 43
2026/08/12 22:22:57.793, Tesla V100-PCIE-16GB, 0 %, 0 %, 0 MiB, 16384 MiB, 43
2026/08/12 22:23:07.794, Tesla V100-PCIE-16GB, 0 %, 0 %, 0 MiB, 16384 MiB, 43
2026/08/12 22:23:17.795, Tesla V100-PCIE-16GB, 0 %, 0 %, 0 MiB, 16384 MiB, 43
2026/08/12 22:23:27.796, Tesla V100-PCIE-16GB, 0 %, 0 %, 0 MiB, 16384 MiB, 43
2026/08/12 22:23:37.798, Tesla V100-PCIE-16GB, 0 %, 0 %, 0 MiB, 16384 MiB, 43
2026/08/12 22:23:47.799, Tesla V100-PCIE-16GB, 0 %, 0 %, 0 MiB, 16384 MiB, 43
2026/08/12 22:23:57.800, Tesla V100-PCIE-16GB, 0 %, 0 %, 0 MiB, 16384 MiB, 43
2026/08/12 22:24:07.865, Tesla V100-PCIE-16GB, 0 %, 0 %, 0 MiB, 16384 MiB, 43
2026/08/12 22:24:17.866, Tesla V100-PCIE-16GB, 0 %, 0 %, 0 MiB, 16384 MiB, 43
2026/08/12 22:24:27.868, Tesla V100-PCIE-16GB, 0 %, 0 %, 0 MiB, 16384 MiB, 43
2026/08/12 22:24:37.869, Tesla V100-PCIE-16GB, 0 %, 0 %, 0 MiB, 16384 MiB, 43
2026/08/12 22:24:47.870, Tesla V100-PCIE-16GB, 0 %, 0 %, 0 MiB, 16384 MiB, 43
2026/08/12 22:24:57.871, Tesla V100-PCIE-16GB, 0 %, 0 %, 0 MiB, 16384 MiB, 43
2026/08/12 22:25:07.873, Tesla V100-PCIE-16GB, 0 %, 0 %, 0 MiB, 16384 MiB, 43
2026/08/12 22:25:17.874, Tesla V100-PCIE-16GB, 0 %, 0 %, 0 MiB, 16384 MiB, 43
2026/08/12 22:25:27.877, Tesla V100-PCIE-16GB, 0 %, 0 %, 0 MiB, 16384 MiB, 43
2026/08/12 22:25:37.879, Tesla V100-PCIE-16GB, 0 %, 0 %, 0 MiB, 16384 MiB, 43
2026/08/12 22:25:47.880, Tesla V100-PCIE-16GB, 0 %, 0 %, 0 MiB, 16384 MiB, 43
2026/08/12 22:25:57.881, Tesla V100-PCIE-16GB, 0 %, 0 %, 0 MiB, 16384 MiB, 43
2026/08/12 22:26:07.942, Tesla V100-PCIE-16GB, 0 %, 0 %, 0 MiB, 16384 MiB, 43
2026/08/12 22:26:17.944, Tesla V100-PCIE-16GB, 0 %, 0 %, 0 MiB, 16384 MiB, 43
2026/08/12 22:26:27.945, Tesla V100-PCIE-16GB, 0 %, 0 %, 0 MiB, 16384 MiB, 43
2026/08/12 22:26:37.946, Tesla V100-PCIE-16GB, 0 %, 0 %, 0 MiB, 16384 MiB, 43
2026/08/12 22:26:47.948, Tesla V100-PCIE-16GB, 0 %, 0 %, 0 MiB, 16384 MiB, 43
2026/08/12 22:26:57.949, Tesla V100-PCIE-16GB, 0 %, 0 %, 0 MiB, 16384 MiB, 43
2026/08/12 22:27:07.950, Tesla V100-PCIE-16GB, 0 %, 0 %, 0 MiB, 16384 MiB, 43
2026/08/12 22:27:17.951, Tesla V100-PCIE-16GB, 0 %, 0 %, 0 MiB, 16384 MiB, 43
2026/08/12 22:27:28.035, Tesla V100-PCIE-16GB, 0 %, 0 %, 0 MiB, 16384 MiB, 43
2026/08/12 22:27:38.036, Tesla V100-PCIE-16GB, 0 %, 0 %, 0 MiB, 16384 MiB, 43
2026/08/12 22:27:48.037, Tesla V100-PCIE-16GB, 0 %, 0 %, 0 MiB, 16384 MiB, 43
2026/08/12 22:27:58.038, Tesla V100-PCIE-16GB, 0 %, 0 %, 0 MiB, 16384 MiB, 43
2026/08/12 22:28:08.039, Tesla V100-PCIE-16GB, 0 %, 0 %, 0 MiB, 16384 MiB, 43
2026/08/12 22:28:18.041, Tesla V100-PCIE-16GB, 0 %, 0 %, 0 MiB, 16384 MiB, 43
2026/08/12 22:28:28.042, Tesla V100-PCIE-16GB, 0 %, 0 %, 0 MiB, 16384 MiB, 43
2026/08/12 22:28:38.043, Tesla V100-PCIE-16GB, 0 %, 0 %, 0 MiB, 16384 MiB, 43
2026/08/12 22:28:48.044, Tesla V100-PCIE-16GB, 0 %, 0 %, 0 MiB, 16384 MiB, 43
2026/08/12 22:28:58.046, Tesla V100-PCIE-16GB, 0 %, 0 %, 0 MiB, 16384 MiB, 43
2026/08/12 22:29:08.047, Tesla V100-PCIE-16GB, 0 %, 0 %, 0 MiB, 16384 MiB, 43
2026/08/12 22:29:18.048, Tesla V100-PCIE-16GB, 0 %, 0 %, 0 MiB, 16384 MiB, 43
2026/08/12 22:29:28.049, Tesla V100-PCIE-16GB, 0 %, 0 %, 0 MiB, 16384 MiB, 43
2026/08/12 22:29:38.050, Tesla V100-PCIE-16GB, 0 %, 0 %, 4 MiB, 16384 MiB, 43
2026/08/12 22:29:48.052, Tesla V100-PCIE-16GB, 0 %, 0 %, 0 MiB, 16384 MiB, 43
2026/08/12 22:29:58.053, Tesla V100-PCIE-16GB, 0 %, 0 %, 0 MiB, 16384 MiB, 43
2026/08/12 22:30:08.054, Tesla V100-PCIE-16GB, 0 %, 0 %, 0 MiB, 16384 MiB, 43
2026/08/12 22:30:18.055, Tesla V100-PCIE-16GB, 0 %, 0 %, 0 MiB, 16384 MiB, 43
2026/08/12 22:30:28.057, Tesla V100-PCIE-16GB, 0 %, 0 %, 0 MiB, 16384 MiB, 43
2026/08/12 22:30:38.058, Tesla V100-PCIE-16GB, 0 %, 0 %, 0 MiB, 16384 MiB, 43
2026/08/12 22:30:48.059, Tesla V100-PCIE-16GB, 0 %, 0 %, 0 MiB, 16384 MiB, 43
2026/08/12 22:30:58.060, Tesla V100-PCIE-16GB, 0 %, 0 %, 0 MiB, 16384 MiB, 43
2026/08/12 22:31:08.061, Tesla V100-PCIE-16GB, 0 %, 0 %, 0 MiB, 16384 MiB, 43
2026/08/12 22:31:18.063, Tesla V100-PCIE-16GB, 0 %, 0 %, 0 MiB, 16384 MiB, 43
2026/08/12 22:31:28.064, Tesla V100-PCIE-16GB, 0 %, 0 %, 0 MiB, 16384 MiB, 43
2026/08/12 22:31:38.065, Tesla V100-PCIE-16GB, 0 %, 0 %, 0 MiB, 16384 MiB, 43
2026/08/12 22:31:48.066, Tesla V100-PCIE-16GB, 0 %, 0 %, 0 MiB, 16384 MiB, 43
2026/08/12 22:31:58.068, Tesla V100-PCIE-16GB, 0 %, 0 %, 0 MiB, 16384 MiB, 43
2026/08/12 22:32:08.069, Tesla V100-PCIE-16GB, 0 %, 0 %, 0 MiB, 16384 MiB, 43
2026/08/12 22:32:18.070, Tesla V100-PCIE-16GB, 0 %, 0 %, 0 MiB, 16384 MiB, 43
2026/08/12 22:32:28.071, Tesla V100-PCIE-16GB, 0 %, 0 %, 0 MiB, 16384 MiB, 43
2026/08/12 22:32:38.073, Tesla V100-PCIE-16GB, 0 %, 0 %, 0 MiB, 16384 MiB, 43
2026/08/12 22:32:48.074, Tesla V100-PCIE-16GB, 0 %, 0 %, 0 MiB, 16384 MiB, 43
2026/08/12 22:32:58.075, Tesla V100-PCIE-16GB, 0 %, 0 %, 0 MiB, 16384 MiB, 43
2026/08/12 22:33:08.076, Tesla V100-PCIE-16GB, 0 %, 0 %, 0 MiB, 16384 MiB, 43
2026/08/12 22:33:18.078, Tesla V100-PCIE-16GB, 0 %, 0 %, 0 MiB, 16384 MiB, 43
2026/08/12 22:33:28.079, Tesla V100-PCIE-16GB, 0 %, 0 %, 0 MiB, 16384 MiB, 43
2026/08/12 22:33:38.080, Tesla V100-PCIE-16GB, 0 %, 0 %, 0 MiB, 16384 MiB, 43
2026/08/12 22:33:48.081, Tesla V100-PCIE-16GB, 0 %, 0 %, 0 MiB, 16384 MiB, 43
2026/08/12 22:33:58.083, Tesla V100-PCIE-16GB, 0 %, 0 %, 0 MiB, 16384 MiB, 43
2026/08/12 22:34:08.084, Tesla V100-PCIE-16GB, 0 %, 0 %, 0 MiB, 16384 MiB, 43
2026/08/12 22:34:18.085, Tesla V100-PCIE-16GB, 0 %, 0 %, 0 MiB, 16384 MiB, 43
2026/08/12 22:34:28.086, Tesla V100-PCIE-16GB, 0 %, 0 %, 0 MiB, 16384 MiB, 43
2026/08/12 22:34:38.088, Tesla V100-PCIE-16GB, 0 %, 0 %, 0 MiB, 16384 MiB, 43
2026/08/12 22:34:48.089, Tesla V100-PCIE-16GB, 0 %, 0 %, 0 MiB, 16384 MiB, 43
2026/08/12 22:34:58.090, Tesla V100-PCIE-16GB, 0 %, 0 %, 0 MiB, 16384 MiB, 43
2026/08/12 22:35:08.091, Tesla V100-PCIE-16GB, 0 %, 0 %, 0 MiB, 16384 MiB, 43
2026/08/12 22:35:18.093, Tesla V100-PCIE-16GB, 0 %, 0 %, 0 MiB, 16384 MiB, 43
2026/08/12 22:35:28.142, Tesla V100-PCIE-16GB, 0 %, 0 %, 0 MiB, 16384 MiB, 43
2026/08/12 22:35:38.144, Tesla V100-PCIE-16GB, 0 %, 0 %, 0 MiB, 16384 MiB, 43
2026/08/12 22:35:48.145, Tesla V100-PCIE-16GB, 0 %, 0 %, 0 MiB, 16384 MiB, 43
2026/08/12 22:35:58.146, Tesla V100-PCIE-16GB, 0 %, 0 %, 0 MiB, 16384 MiB, 43
2026/08/12 22:36:08.147, Tesla V100-PCIE-16GB, 0 %, 0 %, 0 MiB, 16384 MiB, 43
2026/08/12 22:36:18.149, Tesla V100-PCIE-16GB, 0 %, 0 %, 0 MiB, 16384 MiB, 43
2026/08/12 22:36:28.150, Tesla V100-PCIE-16GB, 0 %, 0 %, 0 MiB, 16384 MiB, 43
2026/08/12 22:36:38.151, Tesla V100-PCIE-16GB, 0 %, 0 %, 0 MiB, 16384 MiB, 43
2026/08/12 22:36:48.152, Tesla V100-PCIE-16GB, 0 %, 0 %, 0 MiB, 16384 MiB, 43
2026/08/12 22:36:58.153, Tesla V100-PCIE-16GB, 0 %, 0 %, 0 MiB, 16384 MiB, 43
2026/08/12 22:37:08.155, Tesla V100-PCIE-16GB, 0 %, 0 %, 0 MiB, 16384 MiB, 43
2026/08/12 22:37:18.156, Tesla V100-PCIE-16GB, 0 %, 0 %, 0 MiB, 16384 MiB, 43
2026/08/12 22:37:28.244, Tesla V100-PCIE-16GB, 0 %, 0 %, 0 MiB, 16384 MiB, 43
2026/08/12 22:37:38.245, Tesla V100-PCIE-16GB, 0 %, 0 %, 0 MiB, 16384 MiB, 43
2026/08/12 22:37:48.246, Tesla V100-PCIE-16GB, 0 %, 0 %, 0 MiB, 16384 MiB, 43
2026/08/12 22:37:58.248, Tesla V100-PCIE-16GB, 0 %, 0 %, 0 MiB, 16384 MiB, 43
2026/08/12 22:38:08.249, Tesla V100-PCIE-16GB, 0 %, 0 %, 0 MiB, 16384 MiB, 43
2026/08/12 22:38:18.250, Tesla V100-PCIE-16GB, 0 %, 0 %, 0 MiB, 16384 MiB, 43
2026/08/12 22:38:28.251, Tesla V100-PCIE-16GB, 0 %, 0 %, 0 MiB, 16384 MiB, 43
2026/08/12 22:38:38.252, Tesla V100-PCIE-16GB, 0 %, 0 %, 0 MiB, 16384 MiB, 43
2026/08/12 22:38:48.254, Tesla V100-PCIE-16GB, 0 %, 0 %, 0 MiB, 16384 MiB, 43
2026/08/12 22:38:58.255, Tesla V100-PCIE-16GB, 0 %, 0 %, 0 MiB, 16384 MiB, 43
2026/08/12 22:39:08.256, Tesla V100-PCIE-16GB, 0 %, 0 %, 0 MiB, 16384 MiB, 43
2026/08/12 22:39:18.257, Tesla V100-PCIE-16GB, 0 %, 0 %, 0 MiB, 16384 MiB, 43
2026/08/12 22:39:28.311, Tesla V100-PCIE-16GB, 0 %, 0 %, 0 MiB, 16384 MiB, 43
2026/08/12 22:39:38.312, Tesla V100-PCIE-16GB, 0 %, 0 %, 0 MiB, 16384 MiB, 43
2026/08/12 22:39:48.313, Tesla V100-PCIE-16GB, 0 %, 0 %, 0 MiB, 16384 MiB, 43
2026/08/12 22:39:58.315, Tesla V100-PCIE-16GB, 0 %, 0 %, 0 MiB, 16384 MiB, 43
2026/08/12 22:40:08.316, Tesla V100-PCIE-16GB, 0 %, 0 %, 0 MiB, 16384 MiB, 43
2026/08/12 22:40:18.317, Tesla V100-PCIE-16GB, 0 %, 0 %, 0 MiB, 16384 MiB, 43
2026/08/12 22:40:28.319, Tesla V100-PCIE-16GB, 0 %, 0 %, 0 MiB, 16384 MiB, 43
2026/08/12 22:40:38.320, Tesla V100-PCIE-16GB, 0 %, 0 %, 0 MiB, 16384 MiB, 43
2026/08/12 22:40:48.321, Tesla V100-PCIE-16GB, 0 %, 0 %, 0 MiB, 16384 MiB, 43
2026/08/12 22:40:58.322, Tesla V100-PCIE-16GB, 0 %, 0 %, 0 MiB, 16384 MiB, 43
2026/08/12 22:41:08.324, Tesla V100-PCIE-16GB, 0 %, 0 %, 0 MiB, 16384 MiB, 43
2026/08/12 22:41:18.325, Tesla V100-PCIE-16GB, 0 %, 0 %, 0 MiB, 16384 MiB, 43
2026/08/12 22:41:28.452, Tesla V100-PCIE-16GB, 0 %, 0 %, 0 MiB, 16384 MiB, 43
2026/08/12 22:41:38.453, Tesla V100-PCIE-16GB, 0 %, 0 %, 4 MiB, 16384 MiB, 43
2026/08/12 22:41:48.458, Tesla V100-PCIE-16GB, 0 %, 0 %, 0 MiB, 16384 MiB, 43
2026/08/12 22:41:58.459, Tesla V100-PCIE-16GB, 0 %, 0 %, 4 MiB, 16384 MiB, 43
2026/08/12 22:42:08.464, Tesla V100-PCIE-16GB, 0 %, 0 %, 0 MiB, 16384 MiB, 43
2026/08/12 22:42:18.465, Tesla V100-PCIE-16GB, 0 %, 0 %, 0 MiB, 16384 MiB, 43
2026/08/12 22:42:28.467, Tesla V100-PCIE-16GB, 0 %, 0 %, 0 MiB, 16384 MiB, 43
2026/08/12 22:42:38.468, Tesla V100-PCIE-16GB, 0 %, 0 %, 0 MiB, 16384 MiB, 43
2026/08/12 22:42:48.469, Tesla V100-PCIE-16GB, 0 %, 0 %, 0 MiB, 16384 MiB, 43
2026/08/12 22:42:58.475, Tesla V100-PCIE-16GB, 0 %, 0 %, 0 MiB, 16384 MiB, 43
2026/08/12 22:43:08.477, Tesla V100-PCIE-16GB, 0 %, 0 %, 0 MiB, 16384 MiB, 43
2026/08/12 22:43:18.478, Tesla V100-PCIE-16GB, 0 %, 0 %, 0 MiB, 16384 MiB, 43
2026/08/12 22:43:28.555, Tesla V100-PCIE-16GB, 0 %, 0 %, 0 MiB, 16384 MiB, 43
2026/08/12 22:43:38.557, Tesla V100-PCIE-16GB, 0 %, 0 %, 0 MiB, 16384 MiB, 43
2026/08/12 22:43:48.558, Tesla V100-PCIE-16GB, 0 %, 0 %, 0 MiB, 16384 MiB, 43
2026/08/12 22:43:58.559, Tesla V100-PCIE-16GB, 0 %, 0 %, 0 MiB, 16384 MiB, 43
2026/08/12 22:44:08.561, Tesla V100-PCIE-16GB, 0 %, 0 %, 0 MiB, 16384 MiB, 43
2026/08/12 22:44:18.562, Tesla V100-PCIE-16GB, 0 %, 0 %, 0 MiB, 16384 MiB, 43
2026/08/12 22:44:28.563, Tesla V100-PCIE-16GB, 0 %, 0 %, 0 MiB, 16384 MiB, 43
2026/08/12 22:44:38.564, Tesla V100-PCIE-16GB, 0 %, 0 %, 0 MiB, 16384 MiB, 43
2026/08/12 22:44:48.566, Tesla V100-PCIE-16GB, 0 %, 0 %, 0 MiB, 16384 MiB, 43
2026/08/12 22:44:58.699, Tesla V100-PCIE-16GB, 0 %, 0 %, 0 MiB, 16384 MiB, 43
2026/08/12 22:45:08.700, Tesla V100-PCIE-16GB, 0 %, 0 %, 0 MiB, 16384 MiB, 43
2026/08/12 22:45:18.701, Tesla V100-PCIE-16GB, 0 %, 0 %, 0 MiB, 16384 MiB, 43
2026/08/12 22:45:28.703, Tesla V100-PCIE-16GB, 0 %, 0 %, 0 MiB, 16384 MiB, 43
2026/08/12 22:45:38.704, Tesla V100-PCIE-16GB, 0 %, 0 %, 0 MiB, 16384 MiB, 43
2026/08/12 22:45:48.705, Tesla V100-PCIE-16GB, 0 %, 0 %, 0 MiB, 16384 MiB, 43
2026/08/12 22:45:58.706, Tesla V100-PCIE-16GB, 0 %, 0 %, 0 MiB, 16384 MiB, 43
2026/08/12 22:46:08.708, Tesla V100-PCIE-16GB, 0 %, 0 %, 0 MiB, 16384 MiB, 43
2026/08/12 22:46:18.709, Tesla V100-PCIE-16GB, 0 %, 0 %, 0 MiB, 16384 MiB, 43
2026/08/12 22:46:28.710, Tesla V100-PCIE-16GB, 0 %, 0 %, 0 MiB, 16384 MiB, 43
2026/08/12 22:46:38.711, Tesla V100-PCIE-16GB, 0 %, 0 %, 0 MiB, 16384 MiB, 43
2026/08/12 22:46:48.713, Tesla V100-PCIE-16GB, 0 %, 0 %, 0 MiB, 16384 MiB, 43
2026/08/12 22:46:58.767, Tesla V100-PCIE-16GB, 0 %, 0 %, 0 MiB, 16384 MiB, 43
2026/08/12 22:47:08.768, Tesla V100-PCIE-16GB, 0 %, 0 %, 0 MiB, 16384 MiB, 43
2026/08/12 22:47:18.769, Tesla V100-PCIE-16GB, 0 %, 0 %, 0 MiB, 16384 MiB, 43
2026/08/12 22:47:28.771, Tesla V100-PCIE-16GB, 0 %, 0 %, 0 MiB, 16384 MiB, 43
2026/08/12 22:47:38.772, Tesla V100-PCIE-16GB, 0 %, 0 %, 0 MiB, 16384 MiB, 43
2026/08/12 22:47:48.773, Tesla V100-PCIE-16GB, 0 %, 0 %, 0 MiB, 16384 MiB, 43
2026/08/12 22:47:58.774, Tesla V100-PCIE-16GB, 0 %, 0 %, 0 MiB, 16384 MiB, 43
2026/08/12 22:48:08.776, Tesla V100-PCIE-16GB, 0 %, 0 %, 0 MiB, 16384 MiB, 43
2026/08/12 22:48:18.777, Tesla V100-PCIE-16GB, 0 %, 0 %, 0 MiB, 16384 MiB, 43
2026/08/12 22:48:28.778, Tesla V100-PCIE-16GB, 0 %, 0 %, 0 MiB, 16384 MiB, 43
2026/08/12 22:48:38.779, Tesla V100-PCIE-16GB, 0 %, 0 %, 0 MiB, 16384 MiB, 43
2026/08/12 22:48:48.780, Tesla V100-PCIE-16GB, 0 %, 0 %, 0 MiB, 16384 MiB, 43
2026/08/12 22:48:58.851, Tesla V100-PCIE-16GB, 0 %, 0 %, 0 MiB, 16384 MiB, 43
2026/08/12 22:49:08.853, Tesla V100-PCIE-16GB, 0 %, 0 %, 0 MiB, 16384 MiB, 43
2026/08/12 22:49:18.854, Tesla V100-PCIE-16GB, 0 %, 0 %, 0 MiB, 16384 MiB, 43
2026/08/12 22:49:28.855, Tesla V100-PCIE-16GB, 0 %, 0 %, 0 MiB, 16384 MiB, 43
2026/08/12 22:49:38.857, Tesla V100-PCIE-16GB, 0 %, 0 %, 0 MiB, 16384 MiB, 43
2026/08/12 22:49:48.858, Tesla V100-PCIE-16GB, 0 %, 0 %, 0 MiB, 16384 MiB, 43
2026/08/12 22:49:58.859, Tesla V100-PCIE-16GB, 0 %, 0 %, 0 MiB, 16384 MiB, 43
2026/08/12 22:50:08.860, Tesla V100-PCIE-16GB, 0 %, 0 %, 0 MiB, 16384 MiB, 43
2026/08/12 22:50:18.862, Tesla V100-PCIE-16GB, 0 %, 0 %, 0 MiB, 16384 MiB, 43
2026/08/12 22:50:28.863, Tesla V100-PCIE-16GB, 0 %, 0 %, 0 MiB, 16384 MiB, 43
2026/08/12 22:50:38.864, Tesla V100-PCIE-16GB, 0 %, 0 %, 0 MiB, 16384 MiB, 43
2026/08/12 22:50:48.865, Tesla V100-PCIE-16GB, 0 %, 0 %, 0 MiB, 16384 MiB, 43
2026/08/12 22:50:58.923, Tesla V100-PCIE-16GB, 0 %, 0 %, 0 MiB, 16384 MiB, 43
2026/08/12 22:51:08.925, Tesla V100-PCIE-16GB, 0 %, 0 %, 0 MiB, 16384 MiB, 43
2026/08/12 22:51:18.926, Tesla V100-PCIE-16GB, 0 %, 0 %, 0 MiB, 16384 MiB, 43
2026/08/12 22:51:28.927, Tesla V100-PCIE-16GB, 0 %, 0 %, 0 MiB, 16384 MiB, 43
2026/08/12 22:51:38.928, Tesla V100-PCIE-16GB, 0 %, 0 %, 0 MiB, 16384 MiB, 43
2026/08/12 22:51:48.929, Tesla V100-PCIE-16GB, 0 %, 0 %, 0 MiB, 16384 MiB, 43
2026/08/12 22:51:58.931, Tesla V100-PCIE-16GB, 0 %, 0 %, 0 MiB, 16384 MiB, 43
2026/08/12 22:52:08.932, Tesla V100-PCIE-16GB, 0 %, 0 %, 0 MiB, 16384 MiB, 43
2026/08/12 22:52:18.933, Tesla V100-PCIE-16GB, 0 %, 0 %, 0 MiB, 16384 MiB, 43
2026/08/12 22:52:28.934, Tesla V100-PCIE-16GB, 0 %, 0 %, 0 MiB, 16384 MiB, 43
2026/08/12 22:52:38.935, Tesla V100-PCIE-16GB, 0 %, 0 %, 0 MiB, 16384 MiB, 43
2026/08/12 22:52:48.938, Tesla V100-PCIE-16GB, 0 %, 0 %, 0 MiB, 16384 MiB, 43
2026/08/12 22:52:58.939, Tesla V100-PCIE-16GB, 0 %, 0 %, 0 MiB, 16384 MiB, 43
2026/08/12 22:53:08.940, Tesla V100-PCIE-16GB, 0 %, 0 %, 0 MiB, 16384 MiB, 43
2026/08/12 22:53:18.942, Tesla V100-PCIE-16GB, 0 %, 0 %, 0 MiB, 16384 MiB, 43
2026/08/12 22:53:28.943, Tesla V100-PCIE-16GB, 0 %, 0 %, 0 MiB, 16384 MiB, 43
2026/08/12 22:53:38.944, Tesla V100-PCIE-16GB, 0 %, 0 %, 0 MiB, 16384 MiB, 43
2026/08/12 22:53:48.945, Tesla V100-PCIE-16GB, 0 %, 0 %, 0 MiB, 16384 MiB, 43
2026/08/12 22:53:58.947, Tesla V100-PCIE-16GB, 0 %, 0 %, 0 MiB, 16384 MiB, 43
2026/08/12 22:54:08.948, Tesla V100-PCIE-16GB, 0 %, 0 %, 0 MiB, 16384 MiB, 43
2026/08/12 22:54:19.030, Tesla V100-PCIE-16GB, 0 %, 0 %, 0 MiB, 16384 MiB, 43
2026/08/12 22:54:29.032, Tesla V100-PCIE-16GB, 0 %, 0 %, 0 MiB, 16384 MiB, 43
2026/08/12 22:54:39.033, Tesla V100-PCIE-16GB, 0 %, 0 %, 0 MiB, 16384 MiB, 43
2026/08/12 22:54:49.034, Tesla V100-PCIE-16GB, 0 %, 0 %, 0 MiB, 16384 MiB, 43
2026/08/12 22:54:59.036, Tesla V100-PCIE-16GB, 0 %, 0 %, 0 MiB, 16384 MiB, 43
2026/08/12 22:55:09.037, Tesla V100-PCIE-16GB, 0 %, 0 %, 0 MiB, 16384 MiB, 43
2026/08/12 22:55:19.038, Tesla V100-PCIE-16GB, 0 %, 0 %, 0 MiB, 16384 MiB, 43
2026/08/12 22:55:29.039, Tesla V100-PCIE-16GB, 0 %, 0 %, 0 MiB, 16384 MiB, 43
2026/08/12 22:55:39.040, Tesla V100-PCIE-16GB, 0 %, 0 %, 0 MiB, 16384 MiB, 43
2026/08/12 22:55:49.042, Tesla V100-PCIE-16GB, 0 %, 0 %, 0 MiB, 16384 MiB, 43
2026/08/12 22:55:59.043, Tesla V100-PCIE-16GB, 0 %, 0 %, 0 MiB, 16384 MiB, 43
2026/08/12 22:56:09.044, Tesla V100-PCIE-16GB, 0 %, 0 %, 0 MiB, 16384 MiB, 43
2026/08/12 22:56:19.082, Tesla V100-PCIE-16GB, 0 %, 0 %, 0 MiB, 16384 MiB, 43
2026/08/12 22:56:29.083, Tesla V100-PCIE-16GB, 0 %, 0 %, 0 MiB, 16384 MiB, 43
2026/08/12 22:56:39.084, Tesla V100-PCIE-16GB, 0 %, 0 %, 0 MiB, 16384 MiB, 43
2026/08/12 22:56:49.086, Tesla V100-PCIE-16GB, 0 %, 0 %, 0 MiB, 16384 MiB, 43
2026/08/12 22:56:59.087, Tesla V100-PCIE-16GB, 0 %, 0 %, 0 MiB, 16384 MiB, 43
2026/08/12 22:57:09.088, Tesla V100-PCIE-16GB, 0 %, 0 %, 0 MiB, 16384 MiB, 43
2026/08/12 22:57:19.089, Tesla V100-PCIE-16GB, 0 %, 0 %, 0 MiB, 16384 MiB, 43
2026/08/12 22:57:29.091, Tesla V100-PCIE-16GB, 0 %, 0 %, 0 MiB, 16384 MiB, 43
2026/08/12 22:57:39.099, Tesla V100-PCIE-16GB, 0 %, 0 %, 0 MiB, 16384 MiB, 43
2026/08/12 22:57:49.100, Tesla V100-PCIE-16GB, 0 %, 0 %, 0 MiB, 16384 MiB, 43
2026/08/12 22:57:59.101, Tesla V100-PCIE-16GB, 0 %, 0 %, 0 MiB, 16384 MiB, 43
2026/08/12 22:58:09.102, Tesla V100-PCIE-16GB, 0 %, 0 %, 0 MiB, 16384 MiB, 43
2026/08/12 22:58:19.104, Tesla V100-PCIE-16GB, 0 %, 0 %, 0 MiB, 16384 MiB, 43
2026/08/12 22:58:29.105, Tesla V100-PCIE-16GB, 0 %, 0 %, 0 MiB, 16384 MiB, 43
2026/08/12 22:58:39.107, Tesla V100-PCIE-16GB, 0 %, 0 %, 0 MiB, 16384 MiB, 43
2026/08/12 22:58:49.108, Tesla V100-PCIE-16GB, 0 %, 0 %, 0 MiB, 16384 MiB, 43
2026/08/12 22:58:59.109, Tesla V100-PCIE-16GB, 0 %, 0 %, 0 MiB, 16384 MiB, 43
2026/08/12 22:59:09.110, Tesla V100-PCIE-16GB, 0 %, 0 %, 0 MiB, 16384 MiB, 43
2026/08/12 22:59:19.112, Tesla V100-PCIE-16GB, 0 %, 0 %, 0 MiB, 16384 MiB, 43
2026/08/12 22:59:29.113, Tesla V100-PCIE-16GB, 0 %, 0 %, 0 MiB, 16384 MiB, 43
2026/08/12 22:59:39.114, Tesla V100-PCIE-16GB, 0 %, 0 %, 0 MiB, 16384 MiB, 43
2026/08/12 22:59:49.115, Tesla V100-PCIE-16GB, 0 %, 0 %, 0 MiB, 16384 MiB, 43
2026/08/12 22:59:59.116, Tesla V100-PCIE-16GB, 0 %, 0 %, 0 MiB, 16384 MiB, 43
2026/08/12 23:00:09.117, Tesla V100-PCIE-16GB, 0 %, 0 %, 0 MiB, 16384 MiB, 43
2026/08/12 23:00:19.210, Tesla V100-PCIE-16GB, 0 %, 0 %, 0 MiB, 16384 MiB, 43
2026/08/12 23:00:29.211, Tesla V100-PCIE-16GB, 0 %, 0 %, 0 MiB, 16384 MiB, 43
2026/08/12 23:00:39.212, Tesla V100-PCIE-16GB, 0 %, 0 %, 0 MiB, 16384 MiB, 43
2026/08/12 23:00:49.213, Tesla V100-PCIE-16GB, 0 %, 0 %, 0 MiB, 16384 MiB, 43
2026/08/12 23:00:59.215, Tesla V100-PCIE-16GB, 0 %, 0 %, 0 MiB, 16384 MiB, 43
2026/08/12 23:01:09.216, Tesla V100-PCIE-16GB, 0 %, 0 %, 0 MiB, 16384 MiB, 43
2026/08/12 23:01:19.217, Tesla V100-PCIE-16GB, 0 %, 0 %, 0 MiB, 16384 MiB, 43
2026/08/12 23:01:29.218, Tesla V100-PCIE-16GB, 0 %, 0 %, 0 MiB, 16384 MiB, 43
2026/08/12 23:01:39.220, Tesla V100-PCIE-16GB, 0 %, 0 %, 0 MiB, 16384 MiB, 43
2026/08/12 23:01:49.221, Tesla V100-PCIE-16GB, 0 %, 0 %, 0 MiB, 16384 MiB, 43
2026/08/12 23:01:59.222, Tesla V100-PCIE-16GB, 0 %, 0 %, 0 MiB, 16384 MiB, 43
2026/08/12 23:02:09.224, Tesla V100-PCIE-16GB, 0 %, 0 %, 0 MiB, 16384 MiB, 43
2026/08/12 23:02:19.225, Tesla V100-PCIE-16GB, 0 %, 0 %, 0 MiB, 16384 MiB, 43
2026/08/12 23:02:29.226, Tesla V100-PCIE-16GB, 0 %, 0 %, 0 MiB, 16384 MiB, 43
2026/08/12 23:02:39.228, Tesla V100-PCIE-16GB, 0 %, 0 %, 0 MiB, 16384 MiB, 43
2026/08/12 23:02:49.229, Tesla V100-PCIE-16GB, 0 %, 0 %, 0 MiB, 16384 MiB, 43
2026/08/12 23:02:59.230, Tesla V100-PCIE-16GB, 0 %, 0 %, 0 MiB, 16384 MiB, 43
2026/08/12 23:03:09.231, Tesla V100-PCIE-16GB, 0 %, 0 %, 0 MiB, 16384 MiB, 43
2026/08/12 23:03:19.232, Tesla V100-PCIE-16GB, 0 %, 0 %, 0 MiB, 16384 MiB, 43
2026/08/12 23:03:29.234, Tesla V100-PCIE-16GB, 0 %, 0 %, 0 MiB, 16384 MiB, 43
2026/08/12 23:03:39.235, Tesla V100-PCIE-16GB, 0 %, 0 %, 0 MiB, 16384 MiB, 43
2026/08/12 23:03:49.236, Tesla V100-PCIE-16GB, 0 %, 0 %, 0 MiB, 16384 MiB, 43
2026/08/12 23:03:59.238, Tesla V100-PCIE-16GB, 0 %, 0 %, 0 MiB, 16384 MiB, 43
2026/08/12 23:04:09.239, Tesla V100-PCIE-16GB, 0 %, 0 %, 0 MiB, 16384 MiB, 43
2026/08/12 23:04:19.240, Tesla V100-PCIE-16GB, 0 %, 0 %, 0 MiB, 16384 MiB, 43
2026/08/12 23:04:29.242, Tesla V100-PCIE-16GB, 0 %, 0 %, 0 MiB, 16384 MiB, 43
2026/08/12 23:04:39.243, Tesla V100-PCIE-16GB, 0 %, 0 %, 0 MiB, 16384 MiB, 43
2026/08/12 23:04:49.244, Tesla V100-PCIE-16GB, 0 %, 0 %, 0 MiB, 16384 MiB, 43
2026/08/12 23:04:59.245, Tesla V100-PCIE-16GB, 0 %, 0 %, 0 MiB, 16384 MiB, 43
2026/08/12 23:05:09.247, Tesla V100-PCIE-16GB, 0 %, 0 %, 0 MiB, 16384 MiB, 43
2026/08/12 23:05:19.321, Tesla V100-PCIE-16GB, 0 %, 0 %, 0 MiB, 16384 MiB, 43
2026/08/12 23:05:29.322, Tesla V100-PCIE-16GB, 0 %, 0 %, 0 MiB, 16384 MiB, 43
2026/08/12 23:05:39.323, Tesla V100-PCIE-16GB, 0 %, 0 %, 0 MiB, 16384 MiB, 43
2026/08/12 23:05:49.325, Tesla V100-PCIE-16GB, 0 %, 0 %, 0 MiB, 16384 MiB, 43
2026/08/12 23:05:59.326, Tesla V100-PCIE-16GB, 0 %, 0 %, 0 MiB, 16384 MiB, 43
2026/08/12 23:06:09.327, Tesla V100-PCIE-16GB, 0 %, 0 %, 0 MiB, 16384 MiB, 43
2026/08/12 23:06:19.328, Tesla V100-PCIE-16GB, 0 %, 0 %, 0 MiB, 16384 MiB, 43
2026/08/12 23:06:29.330, Tesla V100-PCIE-16GB, 0 %, 0 %, 0 MiB, 16384 MiB, 43
2026/08/12 23:06:39.331, Tesla V100-PCIE-16GB, 0 %, 0 %, 0 MiB, 16384 MiB, 43
2026/08/12 23:06:49.332, Tesla V100-PCIE-16GB, 0 %, 0 %, 0 MiB, 16384 MiB, 43
2026/08/12 23:06:59.333, Tesla V100-PCIE-16GB, 0 %, 0 %, 0 MiB, 16384 MiB, 43
2026/08/12 23:07:09.335, Tesla V100-PCIE-16GB, 0 %, 0 %, 0 MiB, 16384 MiB, 43
2026/08/12 23:07:19.336, Tesla V100-PCIE-16GB, 0 %, 0 %, 4 MiB, 16384 MiB, 43
2026/08/12 23:07:29.337, Tesla V100-PCIE-16GB, 0 %, 0 %, 0 MiB, 16384 MiB, 43
2026/08/12 23:07:39.374, Tesla V100-PCIE-16GB, 0 %, 0 %, 0 MiB, 16384 MiB, 43
2026/08/12 23:07:49.376, Tesla V100-PCIE-16GB, 0 %, 0 %, 0 MiB, 16384 MiB, 43
2026/08/12 23:07:59.377, Tesla V100-PCIE-16GB, 0 %, 0 %, 0 MiB, 16384 MiB, 43
2026/08/12 23:08:09.378, Tesla V100-PCIE-16GB, 0 %, 0 %, 0 MiB, 16384 MiB, 43
2026/08/12 23:08:19.379, Tesla V100-PCIE-16GB, 0 %, 0 %, 0 MiB, 16384 MiB, 43
2026/08/12 23:08:29.381, Tesla V100-PCIE-16GB, 0 %, 0 %, 0 MiB, 16384 MiB, 43
2026/08/12 23:08:39.382, Tesla V100-PCIE-16GB, 0 %, 0 %, 0 MiB, 16384 MiB, 43
2026/08/12 23:08:49.383, Tesla V100-PCIE-16GB, 0 %, 0 %, 0 MiB, 16384 MiB, 43
2026/08/12 23:08:59.384, Tesla V100-PCIE-16GB, 0 %, 0 %, 0 MiB, 16384 MiB, 44
2026/08/12 23:09:09.385, Tesla V100-PCIE-16GB, 0 %, 0 %, 0 MiB, 16384 MiB, 43
2026/08/12 23:09:19.387, Tesla V100-PCIE-16GB, 0 %, 0 %, 0 MiB, 16384 MiB, 43
2026/08/12 23:09:29.388, Tesla V100-PCIE-16GB, 0 %, 0 %, 0 MiB, 16384 MiB, 43
2026/08/12 23:09:39.389, Tesla V100-PCIE-16GB, 0 %, 0 %, 0 MiB, 16384 MiB, 43
2026/08/12 23:09:49.390, Tesla V100-PCIE-16GB, 0 %, 0 %, 0 MiB, 16384 MiB, 43
2026/08/12 23:09:59.392, Tesla V100-PCIE-16GB, 0 %, 0 %, 0 MiB, 16384 MiB, 43
2026/08/12 23:10:09.393, Tesla V100-PCIE-16GB, 0 %, 0 %, 0 MiB, 16384 MiB, 43
2026/08/12 23:10:19.394, Tesla V100-PCIE-16GB, 0 %, 0 %, 0 MiB, 16384 MiB, 43
2026/08/12 23:10:29.395, Tesla V100-PCIE-16GB, 0 %, 0 %, 0 MiB, 16384 MiB, 43
2026/08/12 23:10:39.396, Tesla V100-PCIE-16GB, 0 %, 0 %, 0 MiB, 16384 MiB, 43
2026/08/12 23:10:49.398, Tesla V100-PCIE-16GB, 0 %, 0 %, 0 MiB, 16384 MiB, 43
2026/08/12 23:10:59.399, Tesla V100-PCIE-16GB, 0 %, 0 %, 0 MiB, 16384 MiB, 43
2026/08/12 23:11:09.400, Tesla V100-PCIE-16GB, 0 %, 0 %, 0 MiB, 16384 MiB, 43
2026/08/12 23:11:19.402, Tesla V100-PCIE-16GB, 0 %, 0 %, 0 MiB, 16384 MiB, 43
2026/08/12 23:11:29.403, Tesla V100-PCIE-16GB, 0 %, 0 %, 0 MiB, 16384 MiB, 43
2026/08/12 23:11:39.404, Tesla V100-PCIE-16GB, 0 %, 0 %, 0 MiB, 16384 MiB, 43
2026/08/12 23:11:49.406, Tesla V100-PCIE-16GB, 0 %, 0 %, 0 MiB, 16384 MiB, 43
2026/08/12 23:11:59.407, Tesla V100-PCIE-16GB, 0 %, 0 %, 0 MiB, 16384 MiB, 43
2026/08/12 23:12:09.408, Tesla V100-PCIE-16GB, 0 %, 0 %, 0 MiB, 16384 MiB, 43
2026/08/12 23:12:19.409, Tesla V100-PCIE-16GB, 0 %, 0 %, 0 MiB, 16384 MiB, 43
2026/08/12 23:12:29.411, Tesla V100-PCIE-16GB, 0 %, 0 %, 0 MiB, 16384 MiB, 43
2026/08/12 23:12:39.412, Tesla V100-PCIE-16GB, 0 %, 0 %, 0 MiB, 16384 MiB, 43
2026/08/12 23:12:49.413, Tesla V100-PCIE-16GB, 0 %, 0 %, 0 MiB, 16384 MiB, 43
2026/08/12 23:12:59.414, Tesla V100-PCIE-16GB, 0 %, 0 %, 0 MiB, 16384 MiB, 43
2026/08/12 23:13:09.416, Tesla V100-PCIE-16GB, 0 %, 0 %, 0 MiB, 16384 MiB, 43
2026/08/12 23:13:19.417, Tesla V100-PCIE-16GB, 0 %, 0 %, 0 MiB, 16384 MiB, 43
2026/08/12 23:13:29.418, Tesla V100-PCIE-16GB, 0 %, 0 %, 0 MiB, 16384 MiB, 43
2026/08/12 23:13:39.464, Tesla V100-PCIE-16GB, 0 %, 0 %, 0 MiB, 16384 MiB, 43
2026/08/12 23:13:49.465, Tesla V100-PCIE-16GB, 0 %, 0 %, 0 MiB, 16384 MiB, 43
2026/08/12 23:13:59.466, Tesla V100-PCIE-16GB, 0 %, 0 %, 0 MiB, 16384 MiB, 43
2026/08/12 23:14:09.468, Tesla V100-PCIE-16GB, 0 %, 0 %, 0 MiB, 16384 MiB, 43
2026/08/12 23:14:19.469, Tesla V100-PCIE-16GB, 0 %, 0 %, 0 MiB, 16384 MiB, 43
2026/08/12 23:14:29.470, Tesla V100-PCIE-16GB, 0 %, 0 %, 0 MiB, 16384 MiB, 43
2026/08/12 23:14:39.472, Tesla V100-PCIE-16GB, 0 %, 0 %, 0 MiB, 16384 MiB, 43
2026/08/12 23:14:49.473, Tesla V100-PCIE-16GB, 0 %, 0 %, 0 MiB, 16384 MiB, 43
2026/08/12 23:14:59.474, Tesla V100-PCIE-16GB, 0 %, 0 %, 0 MiB, 16384 MiB, 43
2026/08/12 23:15:09.475, Tesla V100-PCIE-16GB, 0 %, 0 %, 0 MiB, 16384 MiB, 43
2026/08/12 23:15:19.476, Tesla V100-PCIE-16GB, 0 %, 0 %, 0 MiB, 16384 MiB, 43
2026/08/12 23:15:29.478, Tesla V100-PCIE-16GB, 0 %, 0 %, 0 MiB, 16384 MiB, 43
2026/08/12 23:15:39.479, Tesla V100-PCIE-16GB, 0 %, 0 %, 0 MiB, 16384 MiB, 43
2026/08/12 23:15:49.480, Tesla V100-PCIE-16GB, 0 %, 0 %, 0 MiB, 16384 MiB, 43
2026/08/12 23:15:59.481, Tesla V100-PCIE-16GB, 0 %, 0 %, 0 MiB, 16384 MiB, 43
2026/08/12 23:16:09.483, Tesla V100-PCIE-16GB, 0 %, 0 %, 0 MiB, 16384 MiB, 43
2026/08/12 23:16:19.484, Tesla V100-PCIE-16GB, 0 %, 0 %, 0 MiB, 16384 MiB, 43
2026/08/12 23:16:29.486, Tesla V100-PCIE-16GB, 0 %, 0 %, 0 MiB, 16384 MiB, 43
2026/08/12 23:16:39.487, Tesla V100-PCIE-16GB, 0 %, 0 %, 0 MiB, 16384 MiB, 43
2026/08/12 23:16:49.488, Tesla V100-PCIE-16GB, 0 %, 0 %, 0 MiB, 16384 MiB, 43
2026/08/12 23:16:59.489, Tesla V100-PCIE-16GB, 0 %, 0 %, 0 MiB, 16384 MiB, 43
2026/08/12 23:17:09.491, Tesla V100-PCIE-16GB, 0 %, 0 %, 0 MiB, 16384 MiB, 43
2026/08/12 23:17:19.492, Tesla V100-PCIE-16GB, 0 %, 0 %, 0 MiB, 16384 MiB, 43
2026/08/12 23:17:29.493, Tesla V100-PCIE-16GB, 0 %, 0 %, 0 MiB, 16384 MiB, 43
2026/08/12 23:17:39.494, Tesla V100-PCIE-16GB, 0 %, 0 %, 0 MiB, 16384 MiB, 43
2026/08/12 23:17:49.496, Tesla V100-PCIE-16GB, 0 %, 0 %, 0 MiB, 16384 MiB, 43
2026/08/12 23:17:59.497, Tesla V100-PCIE-16GB, 0 %, 0 %, 0 MiB, 16384 MiB, 43
2026/08/12 23:18:09.498, Tesla V100-PCIE-16GB, 0 %, 0 %, 0 MiB, 16384 MiB, 43
2026/08/12 23:18:19.500, Tesla V100-PCIE-16GB, 0 %, 0 %, 0 MiB, 16384 MiB, 43
2026/08/12 23:18:29.501, Tesla V100-PCIE-16GB, 0 %, 0 %, 0 MiB, 16384 MiB, 43
2026/08/12 23:18:39.502, Tesla V100-PCIE-16GB, 0 %, 0 %, 0 MiB, 16384 MiB, 43
2026/08/12 23:18:49.503, Tesla V100-PCIE-16GB, 0 %, 0 %, 0 MiB, 16384 MiB, 43
2026/08/12 23:18:59.504, Tesla V100-PCIE-16GB, 0 %, 0 %, 0 MiB, 16384 MiB, 44
2026/08/12 23:19:09.506, Tesla V100-PCIE-16GB, 0 %, 0 %, 0 MiB, 16384 MiB, 43
2026/08/12 23:19:19.507, Tesla V100-PCIE-16GB, 0 %, 0 %, 0 MiB, 16384 MiB, 43
2026/08/12 23:19:29.508, Tesla V100-PCIE-16GB, 0 %, 0 %, 0 MiB, 16384 MiB, 43
2026/08/12 23:19:39.583, Tesla V100-PCIE-16GB, 0 %, 0 %, 0 MiB, 16384 MiB, 43
2026/08/12 23:19:49.584, Tesla V100-PCIE-16GB, 0 %, 0 %, 0 MiB, 16384 MiB, 43
2026/08/12 23:19:59.585, Tesla V100-PCIE-16GB, 0 %, 0 %, 0 MiB, 16384 MiB, 43
2026/08/12 23:20:09.586, Tesla V100-PCIE-16GB, 0 %, 0 %, 0 MiB, 16384 MiB, 43
2026/08/12 23:20:19.587, Tesla V100-PCIE-16GB, 0 %, 0 %, 0 MiB, 16384 MiB, 44
2026/08/12 23:20:29.589, Tesla V100-PCIE-16GB, 0 %, 0 %, 0 MiB, 16384 MiB, 43
2026/08/12 23:20:39.590, Tesla V100-PCIE-16GB, 0 %, 0 %, 0 MiB, 16384 MiB, 44
2026/08/12 23:20:49.591, Tesla V100-PCIE-16GB, 0 %, 0 %, 0 MiB, 16384 MiB, 44
2026/08/12 23:20:59.592, Tesla V100-PCIE-16GB, 0 %, 0 %, 0 MiB, 16384 MiB, 44
2026/08/12 23:21:09.594, Tesla V100-PCIE-16GB, 0 %, 0 %, 0 MiB, 16384 MiB, 44
2026/08/12 23:21:19.595, Tesla V100-PCIE-16GB, 0 %, 0 %, 0 MiB, 16384 MiB, 44
2026/08/12 23:21:29.596, Tesla V100-PCIE-16GB, 0 %, 0 %, 0 MiB, 16384 MiB, 44
2026/08/12 23:21:39.598, Tesla V100-PCIE-16GB, 0 %, 0 %, 0 MiB, 16384 MiB, 44
2026/08/12 23:21:49.599, Tesla V100-PCIE-16GB, 0 %, 0 %, 0 MiB, 16384 MiB, 44
2026/08/12 23:21:59.600, Tesla V100-PCIE-16GB, 0 %, 0 %, 0 MiB, 16384 MiB, 44
2026/08/12 23:22:09.601, Tesla V100-PCIE-16GB, 0 %, 0 %, 0 MiB, 16384 MiB, 44
2026/08/12 23:22:19.603, Tesla V100-PCIE-16GB, 0 %, 0 %, 0 MiB, 16384 MiB, 44
2026/08/12 23:22:29.604, Tesla V100-PCIE-16GB, 0 %, 0 %, 0 MiB, 16384 MiB, 44
2026/08/12 23:22:39.605, Tesla V100-PCIE-16GB, 0 %, 0 %, 0 MiB, 16384 MiB, 44
2026/08/12 23:22:49.606, Tesla V100-PCIE-16GB, 0 %, 0 %, 0 MiB, 16384 MiB, 44
2026/08/12 23:22:59.607, Tesla V100-PCIE-16GB, 0 %, 0 %, 0 MiB, 16384 MiB, 44
2026/08/12 23:23:09.609, Tesla V100-PCIE-16GB, 0 %, 0 %, 0 MiB, 16384 MiB, 43
2026/08/12 23:23:19.610, Tesla V100-PCIE-16GB, 0 %, 0 %, 0 MiB, 16384 MiB, 44
2026/08/12 23:23:29.611, Tesla V100-PCIE-16GB, 0 %, 0 %, 0 MiB, 16384 MiB, 43
2026/08/12 23:23:39.612, Tesla V100-PCIE-16GB, 0 %, 0 %, 0 MiB, 16384 MiB, 44
2026/08/12 23:23:49.614, Tesla V100-PCIE-16GB, 0 %, 0 %, 0 MiB, 16384 MiB, 43
2026/08/12 23:23:59.615, Tesla V100-PCIE-16GB, 0 %, 0 %, 0 MiB, 16384 MiB, 43
2026/08/12 23:24:09.616, Tesla V100-PCIE-16GB, 0 %, 0 %, 0 MiB, 16384 MiB, 43
2026/08/12 23:24:19.617, Tesla V100-PCIE-16GB, 0 %, 0 %, 0 MiB, 16384 MiB, 44
2026/08/12 23:24:29.619, Tesla V100-PCIE-16GB, 0 %, 0 %, 0 MiB, 16384 MiB, 44
2026/08/12 23:24:39.620, Tesla V100-PCIE-16GB, 0 %, 0 %, 0 MiB, 16384 MiB, 44
2026/08/12 23:24:49.621, Tesla V100-PCIE-16GB, 0 %, 0 %, 0 MiB, 16384 MiB, 44
2026/08/12 23:24:59.623, Tesla V100-PCIE-16GB, 0 %, 0 %, 0 MiB, 16384 MiB, 43
2026/08/12 23:25:09.624, Tesla V100-PCIE-16GB, 0 %, 0 %, 0 MiB, 16384 MiB, 44
2026/08/12 23:25:19.626, Tesla V100-PCIE-16GB, 0 %, 0 %, 0 MiB, 16384 MiB, 44
2026/08/12 23:25:29.627, Tesla V100-PCIE-16GB, 0 %, 0 %, 0 MiB, 16384 MiB, 44
2026/08/12 23:25:39.628, Tesla V100-PCIE-16GB, 0 %, 0 %, 0 MiB, 16384 MiB, 44
2026/08/12 23:25:49.629, Tesla V100-PCIE-16GB, 0 %, 0 %, 0 MiB, 16384 MiB, 44
2026/08/12 23:25:59.631, Tesla V100-PCIE-16GB, 0 %, 0 %, 0 MiB, 16384 MiB, 44
2026/08/12 23:26:09.632, Tesla V100-PCIE-16GB, 0 %, 0 %, 0 MiB, 16384 MiB, 44
2026/08/12 23:26:19.633, Tesla V100-PCIE-16GB, 0 %, 0 %, 0 MiB, 16384 MiB, 44
2026/08/12 23:26:29.634, Tesla V100-PCIE-16GB, 0 %, 0 %, 0 MiB, 16384 MiB, 44
2026/08/12 23:26:39.635, Tesla V100-PCIE-16GB, 0 %, 0 %, 0 MiB, 16384 MiB, 44
2026/08/12 23:26:49.637, Tesla V100-PCIE-16GB, 0 %, 0 %, 0 MiB, 16384 MiB, 44
2026/08/12 23:26:59.638, Tesla V100-PCIE-16GB, 0 %, 0 %, 4 MiB, 16384 MiB, 44
2026/08/12 23:27:09.639, Tesla V100-PCIE-16GB, 0 %, 0 %, 0 MiB, 16384 MiB, 44
2026/08/12 23:27:19.640, Tesla V100-PCIE-16GB, 0 %, 0 %, 0 MiB, 16384 MiB, 44
2026/08/12 23:27:29.642, Tesla V100-PCIE-16GB, 0 %, 0 %, 0 MiB, 16384 MiB, 44
2026/08/12 23:27:39.643, Tesla V100-PCIE-16GB, 0 %, 0 %, 0 MiB, 16384 MiB, 44
2026/08/12 23:27:49.644, Tesla V100-PCIE-16GB, 0 %, 0 %, 0 MiB, 16384 MiB, 44
2026/08/12 23:27:59.646, Tesla V100-PCIE-16GB, 0 %, 0 %, 0 MiB, 16384 MiB, 44
2026/08/12 23:28:09.647, Tesla V100-PCIE-16GB, 0 %, 0 %, 0 MiB, 16384 MiB, 44
2026/08/12 23:28:19.648, Tesla V100-PCIE-16GB, 0 %, 0 %, 0 MiB, 16384 MiB, 44
2026/08/12 23:28:29.650, Tesla V100-PCIE-16GB, 0 %, 0 %, 0 MiB, 16384 MiB, 44
2026/08/12 23:28:39.651, Tesla V100-PCIE-16GB, 0 %, 0 %, 0 MiB, 16384 MiB, 44
2026/08/12 23:28:49.652, Tesla V100-PCIE-16GB, 0 %, 0 %, 0 MiB, 16384 MiB, 44
2026/08/12 23:28:59.653, Tesla V100-PCIE-16GB, 0 %, 0 %, 0 MiB, 16384 MiB, 44
2026/08/12 23:29:09.654, Tesla V100-PCIE-16GB, 0 %, 0 %, 0 MiB, 16384 MiB, 44
2026/08/12 23:29:19.656, Tesla V100-PCIE-16GB, 0 %, 0 %, 0 MiB, 16384 MiB, 44
2026/08/12 23:29:29.657, Tesla V100-PCIE-16GB, 0 %, 0 %, 0 MiB, 16384 MiB, 44
2026/08/12 23:29:39.658, Tesla V100-PCIE-16GB, 0 %, 0 %, 0 MiB, 16384 MiB, 44
2026/08/12 23:29:49.659, Tesla V100-PCIE-16GB, 0 %, 0 %, 0 MiB, 16384 MiB, 43
2026/08/12 23:29:59.660, Tesla V100-PCIE-16GB, 0 %, 0 %, 0 MiB, 16384 MiB, 43
2026/08/12 23:30:09.662, Tesla V100-PCIE-16GB, 0 %, 0 %, 0 MiB, 16384 MiB, 43
2026/08/12 23:30:19.663, Tesla V100-PCIE-16GB, 0 %, 0 %, 0 MiB, 16384 MiB, 44
2026/08/12 23:30:29.664, Tesla V100-PCIE-16GB, 0 %, 0 %, 0 MiB, 16384 MiB, 44
2026/08/12 23:30:39.665, Tesla V100-PCIE-16GB, 0 %, 0 %, 0 MiB, 16384 MiB, 44
2026/08/12 23:30:49.667, Tesla V100-PCIE-16GB, 0 %, 0 %, 0 MiB, 16384 MiB, 43
2026/08/12 23:30:59.668, Tesla V100-PCIE-16GB, 0 %, 0 %, 0 MiB, 16384 MiB, 44
2026/08/12 23:31:09.669, Tesla V100-PCIE-16GB, 0 %, 0 %, 0 MiB, 16384 MiB, 44
2026/08/12 23:31:19.670, Tesla V100-PCIE-16GB, 0 %, 0 %, 0 MiB, 16384 MiB, 43
2026/08/12 23:31:29.671, Tesla V100-PCIE-16GB, 0 %, 0 %, 0 MiB, 16384 MiB, 43
2026/08/12 23:31:39.673, Tesla V100-PCIE-16GB, 0 %, 0 %, 0 MiB, 16384 MiB, 43
2026/08/12 23:31:49.674, Tesla V100-PCIE-16GB, 0 %, 0 %, 0 MiB, 16384 MiB, 44
2026/08/12 23:31:59.675, Tesla V100-PCIE-16GB, 0 %, 0 %, 0 MiB, 16384 MiB, 43
2026/08/12 23:32:09.676, Tesla V100-PCIE-16GB, 0 %, 0 %, 0 MiB, 16384 MiB, 44
2026/08/12 23:32:19.677, Tesla V100-PCIE-16GB, 0 %, 0 %, 0 MiB, 16384 MiB, 44
2026/08/12 23:32:29.679, Tesla V100-PCIE-16GB, 0 %, 0 %, 0 MiB, 16384 MiB, 43
2026/08/12 23:32:39.680, Tesla V100-PCIE-16GB, 0 %, 0 %, 0 MiB, 16384 MiB, 43
2026/08/12 23:32:49.681, Tesla V100-PCIE-16GB, 0 %, 0 %, 0 MiB, 16384 MiB, 44
2026/08/12 23:32:59.682, Tesla V100-PCIE-16GB, 0 %, 0 %, 0 MiB, 16384 MiB, 43
2026/08/12 23:33:09.684, Tesla V100-PCIE-16GB, 0 %, 0 %, 0 MiB, 16384 MiB, 43
2026/08/12 23:33:19.685, Tesla V100-PCIE-16GB, 0 %, 0 %, 4 MiB, 16384 MiB, 43
2026/08/12 23:33:29.686, Tesla V100-PCIE-16GB, 0 %, 0 %, 0 MiB, 16384 MiB, 43
2026/08/12 23:33:39.687, Tesla V100-PCIE-16GB, 0 %, 0 %, 0 MiB, 16384 MiB, 44
2026/08/12 23:33:49.689, Tesla V100-PCIE-16GB, 0 %, 0 %, 0 MiB, 16384 MiB, 43
2026/08/12 23:33:59.690, Tesla V100-PCIE-16GB, 0 %, 0 %, 0 MiB, 16384 MiB, 44
2026/08/12 23:34:09.691, Tesla V100-PCIE-16GB, 0 %, 0 %, 0 MiB, 16384 MiB, 43
2026/08/12 23:34:19.692, Tesla V100-PCIE-16GB, 0 %, 0 %, 0 MiB, 16384 MiB, 43
2026/08/12 23:34:29.694, Tesla V100-PCIE-16GB, 0 %, 0 %, 0 MiB, 16384 MiB, 43
2026/08/12 23:34:39.695, Tesla V100-PCIE-16GB, 0 %, 0 %, 0 MiB, 16384 MiB, 44
2026/08/12 23:34:49.696, Tesla V100-PCIE-16GB, 0 %, 0 %, 0 MiB, 16384 MiB, 43
2026/08/12 23:34:59.697, Tesla V100-PCIE-16GB, 0 %, 0 %, 0 MiB, 16384 MiB, 44
2026/08/12 23:35:09.699, Tesla V100-PCIE-16GB, 0 %, 0 %, 0 MiB, 16384 MiB, 44
2026/08/12 23:35:19.700, Tesla V100-PCIE-16GB, 0 %, 0 %, 0 MiB, 16384 MiB, 44
2026/08/12 23:35:29.701, Tesla V100-PCIE-16GB, 0 %, 0 %, 4 MiB, 16384 MiB, 44
2026/08/12 23:35:39.707, Tesla V100-PCIE-16GB, 0 %, 0 %, 0 MiB, 16384 MiB, 43
2026/08/12 23:35:49.708, Tesla V100-PCIE-16GB, 0 %, 0 %, 0 MiB, 16384 MiB, 44
2026/08/12 23:35:59.709, Tesla V100-PCIE-16GB, 0 %, 0 %, 0 MiB, 16384 MiB, 44
2026/08/12 23:36:09.711, Tesla V100-PCIE-16GB, 0 %, 0 %, 0 MiB, 16384 MiB, 44
2026/08/12 23:36:19.712, Tesla V100-PCIE-16GB, 0 %, 0 %, 0 MiB, 16384 MiB, 44
2026/08/12 23:36:29.713, Tesla V100-PCIE-16GB, 0 %, 0 %, 0 MiB, 16384 MiB, 44
2026/08/12 23:36:39.714, Tesla V100-PCIE-16GB, 0 %, 0 %, 0 MiB, 16384 MiB, 43
2026/08/12 23:36:49.716, Tesla V100-PCIE-16GB, 0 %, 0 %, 0 MiB, 16384 MiB, 44
2026/08/12 23:36:59.717, Tesla V100-PCIE-16GB, 0 %, 0 %, 0 MiB, 16384 MiB, 43
2026/08/12 23:37:09.718, Tesla V100-PCIE-16GB, 0 %, 0 %, 0 MiB, 16384 MiB, 44
2026/08/12 23:37:19.719, Tesla V100-PCIE-16GB, 0 %, 0 %, 0 MiB, 16384 MiB, 44
2026/08/12 23:37:29.720, Tesla V100-PCIE-16GB, 0 %, 0 %, 0 MiB, 16384 MiB, 44
2026/08/12 23:37:39.722, Tesla V100-PCIE-16GB, 0 %, 0 %, 0 MiB, 16384 MiB, 44
2026/08/12 23:37:49.723, Tesla V100-PCIE-16GB, 0 %, 0 %, 0 MiB, 16384 MiB, 44
2026/08/12 23:37:59.724, Tesla V100-PCIE-16GB, 0 %, 0 %, 0 MiB, 16384 MiB, 44
2026/08/12 23:38:09.725, Tesla V100-PCIE-16GB, 0 %, 0 %, 0 MiB, 16384 MiB, 44
2026/08/12 23:38:19.727, Tesla V100-PCIE-16GB, 0 %, 0 %, 0 MiB, 16384 MiB, 44
2026/08/12 23:38:29.728, Tesla V100-PCIE-16GB, 0 %, 0 %, 0 MiB, 16384 MiB, 44
2026/08/12 23:38:39.729, Tesla V100-PCIE-16GB, 0 %, 0 %, 0 MiB, 16384 MiB, 44
2026/08/12 23:38:49.730, Tesla V100-PCIE-16GB, 0 %, 0 %, 0 MiB, 16384 MiB, 44
2026/08/12 23:38:59.732, Tesla V100-PCIE-16GB, 0 %, 0 %, 0 MiB, 16384 MiB, 44
2026/08/12 23:39:09.733, Tesla V100-PCIE-16GB, 0 %, 0 %, 0 MiB, 16384 MiB, 44
2026/08/12 23:39:19.734, Tesla V100-PCIE-16GB, 0 %, 0 %, 0 MiB, 16384 MiB, 44
2026/08/12 23:39:29.736, Tesla V100-PCIE-16GB, 0 %, 0 %, 0 MiB, 16384 MiB, 44
2026/08/12 23:39:39.737, Tesla V100-PCIE-16GB, 0 %, 0 %, 0 MiB, 16384 MiB, 44
2026/08/12 23:39:49.738, Tesla V100-PCIE-16GB, 0 %, 0 %, 0 MiB, 16384 MiB, 44
2026/08/12 23:39:59.739, Tesla V100-PCIE-16GB, 0 %, 0 %, 0 MiB, 16384 MiB, 44
2026/08/12 23:40:09.741, Tesla V100-PCIE-16GB, 0 %, 0 %, 0 MiB, 16384 MiB, 44
2026/08/12 23:40:19.742, Tesla V100-PCIE-16GB, 0 %, 0 %, 0 MiB, 16384 MiB, 44
2026/08/12 23:40:29.743, Tesla V100-PCIE-16GB, 0 %, 0 %, 0 MiB, 16384 MiB, 44
2026/08/12 23:40:39.744, Tesla V100-PCIE-16GB, 0 %, 0 %, 0 MiB, 16384 MiB, 44
2026/08/12 23:40:49.745, Tesla V100-PCIE-16GB, 0 %, 0 %, 0 MiB, 16384 MiB, 44
2026/08/12 23:40:59.746, Tesla V100-PCIE-16GB, 0 %, 0 %, 0 MiB, 16384 MiB, 44
2026/08/12 23:41:09.748, Tesla V100-PCIE-16GB, 0 %, 0 %, 0 MiB, 16384 MiB, 44
2026/08/12 23:41:19.749, Tesla V100-PCIE-16GB, 0 %, 0 %, 0 MiB, 16384 MiB, 44
2026/08/12 23:41:29.750, Tesla V100-PCIE-16GB, 0 %, 0 %, 0 MiB, 16384 MiB, 44
2026/08/12 23:41:39.752, Tesla V100-PCIE-16GB, 0 %, 0 %, 0 MiB, 16384 MiB, 44
2026/08/12 23:41:49.753, Tesla V100-PCIE-16GB, 0 %, 0 %, 0 MiB, 16384 MiB, 44
2026/08/12 23:41:59.754, Tesla V100-PCIE-16GB, 0 %, 0 %, 0 MiB, 16384 MiB, 44
2026/08/12 23:42:09.755, Tesla V100-PCIE-16GB, 0 %, 0 %, 0 MiB, 16384 MiB, 44
2026/08/12 23:42:19.757, Tesla V100-PCIE-16GB, 0 %, 0 %, 0 MiB, 16384 MiB, 44
2026/08/12 23:42:29.758, Tesla V100-PCIE-16GB, 0 %, 0 %, 0 MiB, 16384 MiB, 44
2026/08/12 23:42:39.759, Tesla V100-PCIE-16GB, 0 %, 0 %, 0 MiB, 16384 MiB, 44
2026/08/12 23:42:49.760, Tesla V100-PCIE-16GB, 0 %, 0 %, 0 MiB, 16384 MiB, 44
2026/08/12 23:42:59.761, Tesla V100-PCIE-16GB, 0 %, 0 %, 0 MiB, 16384 MiB, 44
2026/08/12 23:43:09.763, Tesla V100-PCIE-16GB, 0 %, 0 %, 0 MiB, 16384 MiB, 44
2026/08/12 23:43:19.764, Tesla V100-PCIE-16GB, 0 %, 0 %, 0 MiB, 16384 MiB, 44
2026/08/12 23:43:29.765, Tesla V100-PCIE-16GB, 0 %, 0 %, 0 MiB, 16384 MiB, 44
2026/08/12 23:43:39.773, Tesla V100-PCIE-16GB, 0 %, 0 %, 0 MiB, 16384 MiB, 44
2026/08/12 23:43:49.774, Tesla V100-PCIE-16GB, 0 %, 0 %, 0 MiB, 16384 MiB, 44
2026/08/12 23:43:59.775, Tesla V100-PCIE-16GB, 0 %, 0 %, 0 MiB, 16384 MiB, 44
2026/08/12 23:44:09.777, Tesla V100-PCIE-16GB, 0 %, 0 %, 0 MiB, 16384 MiB, 44
2026/08/12 23:44:19.778, Tesla V100-PCIE-16GB, 0 %, 0 %, 4 MiB, 16384 MiB, 44
2026/08/12 23:44:29.779, Tesla V100-PCIE-16GB, 0 %, 0 %, 0 MiB, 16384 MiB, 44
2026/08/12 23:44:39.781, Tesla V100-PCIE-16GB, 0 %, 0 %, 0 MiB, 16384 MiB, 44
2026/08/12 23:44:49.782, Tesla V100-PCIE-16GB, 0 %, 0 %, 0 MiB, 16384 MiB, 44
2026/08/12 23:44:59.783, Tesla V100-PCIE-16GB, 0 %, 0 %, 0 MiB, 16384 MiB, 44
2026/08/12 23:45:09.784, Tesla V100-PCIE-16GB, 0 %, 0 %, 0 MiB, 16384 MiB, 44
2026/08/12 23:45:19.785, Tesla V100-PCIE-16GB, 0 %, 0 %, 0 MiB, 16384 MiB, 44
2026/08/12 23:45:29.787, Tesla V100-PCIE-16GB, 0 %, 0 %, 0 MiB, 16384 MiB, 44
2026/08/12 23:45:39.788, Tesla V100-PCIE-16GB, 0 %, 0 %, 0 MiB, 16384 MiB, 44
2026/08/12 23:45:49.790, Tesla V100-PCIE-16GB, 0 %, 0 %, 0 MiB, 16384 MiB, 44
2026/08/12 23:45:59.791, Tesla V100-PCIE-16GB, 0 %, 0 %, 0 MiB, 16384 MiB, 44
2026/08/12 23:46:09.792, Tesla V100-PCIE-16GB, 0 %, 0 %, 0 MiB, 16384 MiB, 44
2026/08/12 23:46:19.793, Tesla V100-PCIE-16GB, 0 %, 0 %, 0 MiB, 16384 MiB, 44
2026/08/12 23:46:29.795, Tesla V100-PCIE-16GB, 0 %, 0 %, 0 MiB, 16384 MiB, 44
2026/08/12 23:46:39.796, Tesla V100-PCIE-16GB, 0 %, 0 %, 0 MiB, 16384 MiB, 44
2026/08/12 23:46:49.797, Tesla V100-PCIE-16GB, 0 %, 0 %, 4 MiB, 16384 MiB, 44
2026/08/12 23:46:59.800, Tesla V100-PCIE-16GB, 0 %, 0 %, 0 MiB, 16384 MiB, 44
2026/08/12 23:47:09.801, Tesla V100-PCIE-16GB, 0 %, 0 %, 4 MiB, 16384 MiB, 44
2026/08/12 23:47:19.803, Tesla V100-PCIE-16GB, 0 %, 0 %, 0 MiB, 16384 MiB, 44
2026/08/12 23:47:29.804, Tesla V100-PCIE-16GB, 0 %, 0 %, 0 MiB, 16384 MiB, 44
2026/08/12 23:47:39.805, Tesla V100-PCIE-16GB, 0 %, 0 %, 0 MiB, 16384 MiB, 44
2026/08/12 23:47:49.807, Tesla V100-PCIE-16GB, 0 %, 0 %, 0 MiB, 16384 MiB, 43
2026/08/12 23:47:59.808, Tesla V100-PCIE-16GB, 0 %, 0 %, 0 MiB, 16384 MiB, 44
2026/08/12 23:48:09.809, Tesla V100-PCIE-16GB, 0 %, 0 %, 0 MiB, 16384 MiB, 43
2026/08/12 23:48:19.810, Tesla V100-PCIE-16GB, 0 %, 0 %, 0 MiB, 16384 MiB, 43
2026/08/12 23:48:29.811, Tesla V100-PCIE-16GB, 0 %, 0 %, 0 MiB, 16384 MiB, 44
2026/08/12 23:48:39.813, Tesla V100-PCIE-16GB, 0 %, 0 %, 0 MiB, 16384 MiB, 44
2026/08/12 23:48:49.814, Tesla V100-PCIE-16GB, 0 %, 0 %, 0 MiB, 16384 MiB, 44
2026/08/12 23:48:59.815, Tesla V100-PCIE-16GB, 0 %, 0 %, 0 MiB, 16384 MiB, 44
2026/08/12 23:49:09.816, Tesla V100-PCIE-16GB, 0 %, 0 %, 0 MiB, 16384 MiB, 44
2026/08/12 23:49:19.818, Tesla V100-PCIE-16GB, 0 %, 0 %, 4 MiB, 16384 MiB, 44
2026/08/12 23:49:29.819, Tesla V100-PCIE-16GB, 0 %, 0 %, 0 MiB, 16384 MiB, 44
2026/08/12 23:49:39.820, Tesla V100-PCIE-16GB, 0 %, 0 %, 0 MiB, 16384 MiB, 44
2026/08/12 23:49:49.821, Tesla V100-PCIE-16GB, 0 %, 0 %, 0 MiB, 16384 MiB, 44
2026/08/12 23:49:59.823, Tesla V100-PCIE-16GB, 0 %, 0 %, 0 MiB, 16384 MiB, 44
2026/08/12 23:50:09.824, Tesla V100-PCIE-16GB, 0 %, 0 %, 0 MiB, 16384 MiB, 44
2026/08/12 23:50:19.825, Tesla V100-PCIE-16GB, 0 %, 0 %, 0 MiB, 16384 MiB, 44
2026/08/12 23:50:29.826, Tesla V100-PCIE-16GB, 0 %, 0 %, 0 MiB, 16384 MiB, 44
2026/08/12 23:50:39.827, Tesla V100-PCIE-16GB, 0 %, 0 %, 0 MiB, 16384 MiB, 44
2026/08/12 23:50:49.829, Tesla V100-PCIE-16GB, 0 %, 0 %, 0 MiB, 16384 MiB, 44
2026/08/12 23:50:59.830, Tesla V100-PCIE-16GB, 0 %, 0 %, 0 MiB, 16384 MiB, 44
2026/08/12 23:51:09.831, Tesla V100-PCIE-16GB, 0 %, 0 %, 0 MiB, 16384 MiB, 44
2026/08/12 23:51:19.832, Tesla V100-PCIE-16GB, 0 %, 0 %, 0 MiB, 16384 MiB, 44
2026/08/12 23:51:29.834, Tesla V100-PCIE-16GB, 0 %, 0 %, 0 MiB, 16384 MiB, 44
2026/08/12 23:51:39.835, Tesla V100-PCIE-16GB, 0 %, 0 %, 0 MiB, 16384 MiB, 44
2026/08/12 23:51:49.836, Tesla V100-PCIE-16GB, 0 %, 0 %, 0 MiB, 16384 MiB, 44
2026/08/12 23:51:59.837, Tesla V100-PCIE-16GB, 0 %, 0 %, 0 MiB, 16384 MiB, 44
2026/08/12 23:52:09.839, Tesla V100-PCIE-16GB, 0 %, 0 %, 0 MiB, 16384 MiB, 44
2026/08/12 23:52:19.840, Tesla V100-PCIE-16GB, 0 %, 0 %, 0 MiB, 16384 MiB, 43
2026/08/12 23:52:29.841, Tesla V100-PCIE-16GB, 0 %, 0 %, 0 MiB, 16384 MiB, 43
2026/08/12 23:52:39.842, Tesla V100-PCIE-16GB, 0 %, 0 %, 0 MiB, 16384 MiB, 44
2026/08/12 23:52:49.844, Tesla V100-PCIE-16GB, 0 %, 0 %, 0 MiB, 16384 MiB, 43
2026/08/12 23:52:59.845, Tesla V100-PCIE-16GB, 0 %, 0 %, 0 MiB, 16384 MiB, 43
2026/08/12 23:53:09.846, Tesla V100-PCIE-16GB, 0 %, 0 %, 0 MiB, 16384 MiB, 44
2026/08/12 23:53:19.848, Tesla V100-PCIE-16GB, 0 %, 0 %, 0 MiB, 16384 MiB, 44
2026/08/12 23:53:29.849, Tesla V100-PCIE-16GB, 0 %, 0 %, 0 MiB, 16384 MiB, 44
2026/08/12 23:53:39.850, Tesla V100-PCIE-16GB, 0 %, 0 %, 0 MiB, 16384 MiB, 44
2026/08/12 23:53:49.851, Tesla V100-PCIE-16GB, 0 %, 0 %, 0 MiB, 16384 MiB, 44
2026/08/12 23:53:59.853, Tesla V100-PCIE-16GB, 0 %, 0 %, 0 MiB, 16384 MiB, 44
2026/08/12 23:54:09.854, Tesla V100-PCIE-16GB, 0 %, 0 %, 0 MiB, 16384 MiB, 43
2026/08/12 23:54:19.855, Tesla V100-PCIE-16GB, 0 %, 0 %, 0 MiB, 16384 MiB, 44
2026/08/12 23:54:29.856, Tesla V100-PCIE-16GB, 0 %, 0 %, 0 MiB, 16384 MiB, 44
2026/08/12 23:54:39.858, Tesla V100-PCIE-16GB, 0 %, 0 %, 0 MiB, 16384 MiB, 44
2026/08/12 23:54:49.859, Tesla V100-PCIE-16GB, 0 %, 0 %, 0 MiB, 16384 MiB, 43
2026/08/12 23:54:59.860, Tesla V100-PCIE-16GB, 0 %, 0 %, 0 MiB, 16384 MiB, 44
2026/08/12 23:55:09.862, Tesla V100-PCIE-16GB, 0 %, 0 %, 0 MiB, 16384 MiB, 43
2026/08/12 23:55:19.863, Tesla V100-PCIE-16GB, 0 %, 0 %, 4 MiB, 16384 MiB, 43
2026/08/12 23:55:29.869, Tesla V100-PCIE-16GB, 0 %, 0 %, 0 MiB, 16384 MiB, 43
2026/08/12 23:55:39.870, Tesla V100-PCIE-16GB, 0 %, 0 %, 0 MiB, 16384 MiB, 44
2026/08/12 23:55:49.872, Tesla V100-PCIE-16GB, 0 %, 0 %, 0 MiB, 16384 MiB, 43
2026/08/12 23:55:59.873, Tesla V100-PCIE-16GB, 0 %, 0 %, 0 MiB, 16384 MiB, 44
2026/08/12 23:56:09.874, Tesla V100-PCIE-16GB, 0 %, 0 %, 0 MiB, 16384 MiB, 43
2026/08/12 23:56:19.876, Tesla V100-PCIE-16GB, 0 %, 0 %, 0 MiB, 16384 MiB, 43
2026/08/12 23:56:29.877, Tesla V100-PCIE-16GB, 0 %, 0 %, 0 MiB, 16384 MiB, 44
2026/08/12 23:56:39.878, Tesla V100-PCIE-16GB, 0 %, 0 %, 0 MiB, 16384 MiB, 43
2026/08/12 23:56:49.880, Tesla V100-PCIE-16GB, 0 %, 0 %, 0 MiB, 16384 MiB, 43
2026/08/12 23:56:59.881, Tesla V100-PCIE-16GB, 0 %, 0 %, 0 MiB, 16384 MiB, 44
2026/08/12 23:57:09.882, Tesla V100-PCIE-16GB, 0 %, 0 %, 0 MiB, 16384 MiB, 43
2026/08/12 23:57:19.883, Tesla V100-PCIE-16GB, 0 %, 0 %, 0 MiB, 16384 MiB, 43
2026/08/12 23:57:29.885, Tesla V100-PCIE-16GB, 0 %, 0 %, 0 MiB, 16384 MiB, 44
2026/08/12 23:57:39.952, Tesla V100-PCIE-16GB, 0 %, 0 %, 0 MiB, 16384 MiB, 44
2026/08/12 23:57:49.953, Tesla V100-PCIE-16GB, 0 %, 0 %, 0 MiB, 16384 MiB, 44
2026/08/12 23:57:59.955, Tesla V100-PCIE-16GB, 0 %, 0 %, 0 MiB, 16384 MiB, 43
2026/08/12 23:58:09.956, Tesla V100-PCIE-16GB, 0 %, 0 %, 0 MiB, 16384 MiB, 43
2026/08/12 23:58:19.957, Tesla V100-PCIE-16GB, 0 %, 0 %, 0 MiB, 16384 MiB, 43
2026/08/12 23:58:29.959, Tesla V100-PCIE-16GB, 0 %, 0 %, 0 MiB, 16384 MiB, 43
2026/08/12 23:58:39.960, Tesla V100-PCIE-16GB, 0 %, 0 %, 0 MiB, 16384 MiB, 43
2026/08/12 23:58:49.962, Tesla V100-PCIE-16GB, 0 %, 0 %, 0 MiB, 16384 MiB, 44
2026/08/12 23:58:59.963, Tesla V100-PCIE-16GB, 0 %, 0 %, 0 MiB, 16384 MiB, 43
2026/08/12 23:59:09.964, Tesla V100-PCIE-16GB, 0 %, 0 %, 0 MiB, 16384 MiB, 43
2026/08/12 23:59:19.966, Tesla V100-PCIE-16GB, 0 %, 0 %, 0 MiB, 16384 MiB, 43
2026/08/12 23:59:29.967, Tesla V100-PCIE-16GB, 0 %, 0 %, 0 MiB, 16384 MiB, 43
2026/08/12 23:59:39.968, Tesla V100-PCIE-16GB, 0 %, 0 %, 0 MiB, 16384 MiB, 43
2026/08/12 23:59:49.969, Tesla V100-PCIE-16GB, 0 %, 0 %, 0 MiB, 16384 MiB, 43
2026/08/12 23:59:59.971, Tesla V100-PCIE-16GB, 0 %, 0 %, 0 MiB, 16384 MiB, 43
2026/08/13 00:00:09.972, Tesla V100-PCIE-16GB, 0 %, 0 %, 0 MiB, 16384 MiB, 43
2026/08/13 00:00:19.973, Tesla V100-PCIE-16GB, 0 %, 0 %, 0 MiB, 16384 MiB, 43
2026/08/13 00:00:29.974, Tesla V100-PCIE-16GB, 0 %, 0 %, 0 MiB, 16384 MiB, 43
2026/08/13 00:00:39.975, Tesla V100-PCIE-16GB, 0 %, 0 %, 0 MiB, 16384 MiB, 43
2026/08/13 00:00:49.977, Tesla V100-PCIE-16GB, 0 %, 0 %, 0 MiB, 16384 MiB, 43
2026/08/13 00:00:59.978, Tesla V100-PCIE-16GB, 0 %, 0 %, 0 MiB, 16384 MiB, 43
2026/08/13 00:01:09.980, Tesla V100-PCIE-16GB, 0 %, 0 %, 0 MiB, 16384 MiB, 43
2026/08/13 00:01:19.981, Tesla V100-PCIE-16GB, 0 %, 0 %, 0 MiB, 16384 MiB, 43
2026/08/13 00:01:29.982, Tesla V100-PCIE-16GB, 0 %, 0 %, 0 MiB, 16384 MiB, 43
2026/08/13 00:01:39.983, Tesla V100-PCIE-16GB, 0 %, 0 %, 0 MiB, 16384 MiB, 43
2026/08/13 00:01:49.985, Tesla V100-PCIE-16GB, 0 %, 0 %, 0 MiB, 16384 MiB, 43
2026/08/13 00:01:59.986, Tesla V100-PCIE-16GB, 0 %, 0 %, 0 MiB, 16384 MiB, 43
2026/08/13 00:02:09.987, Tesla V100-PCIE-16GB, 0 %, 0 %, 0 MiB, 16384 MiB, 43
2026/08/13 00:02:19.988, Tesla V100-PCIE-16GB, 0 %, 0 %, 4 MiB, 16384 MiB, 43
2026/08/13 00:02:29.990, Tesla V100-PCIE-16GB, 0 %, 0 %, 0 MiB, 16384 MiB, 43
2026/08/13 00:02:39.991, Tesla V100-PCIE-16GB, 0 %, 0 %, 0 MiB, 16384 MiB, 43
2026/08/13 00:02:49.992, Tesla V100-PCIE-16GB, 0 %, 0 %, 0 MiB, 16384 MiB, 43
2026/08/13 00:02:59.993, Tesla V100-PCIE-16GB, 0 %, 0 %, 0 MiB, 16384 MiB, 43
2026/08/13 00:03:09.995, Tesla V100-PCIE-16GB, 0 %, 0 %, 0 MiB, 16384 MiB, 43
2026/08/13 00:03:19.996, Tesla V100-PCIE-16GB, 0 %, 0 %, 0 MiB, 16384 MiB, 43
2026/08/13 00:03:29.997, Tesla V100-PCIE-16GB, 0 %, 0 %, 0 MiB, 16384 MiB, 44
2026/08/13 00:03:39.999, Tesla V100-PCIE-16GB, 0 %, 0 %, 0 MiB, 16384 MiB, 44
2026/08/13 00:03:50.000, Tesla V100-PCIE-16GB, 0 %, 0 %, 0 MiB, 16384 MiB, 43
2026/08/13 00:04:00.001, Tesla V100-PCIE-16GB, 0 %, 0 %, 0 MiB, 16384 MiB, 43
2026/08/13 00:04:10.002, Tesla V100-PCIE-16GB, 0 %, 0 %, 0 MiB, 16384 MiB, 44
2026/08/13 00:04:20.003, Tesla V100-PCIE-16GB, 0 %, 0 %, 0 MiB, 16384 MiB, 44
2026/08/13 00:04:30.004, Tesla V100-PCIE-16GB, 0 %, 0 %, 0 MiB, 16384 MiB, 44
2026/08/13 00:04:40.006, Tesla V100-PCIE-16GB, 0 %, 0 %, 0 MiB, 16384 MiB, 44
2026/08/13 00:04:50.007, Tesla V100-PCIE-16GB, 0 %, 0 %, 0 MiB, 16384 MiB, 44
2026/08/13 00:05:00.009, Tesla V100-PCIE-16GB, 0 %, 0 %, 0 MiB, 16384 MiB, 44
2026/08/13 00:05:10.010, Tesla V100-PCIE-16GB, 0 %, 0 %, 4 MiB, 16384 MiB, 44
2026/08/13 00:05:20.011, Tesla V100-PCIE-16GB, 0 %, 0 %, 0 MiB, 16384 MiB, 44
2026/08/13 00:05:30.012, Tesla V100-PCIE-16GB, 0 %, 0 %, 0 MiB, 16384 MiB, 44
2026/08/13 00:05:40.014, Tesla V100-PCIE-16GB, 0 %, 0 %, 0 MiB, 16384 MiB, 44
2026/08/13 00:05:50.015, Tesla V100-PCIE-16GB, 0 %, 0 %, 0 MiB, 16384 MiB, 44
2026/08/13 00:06:00.016, Tesla V100-PCIE-16GB, 0 %, 0 %, 0 MiB, 16384 MiB, 44
2026/08/13 00:06:10.017, Tesla V100-PCIE-16GB, 0 %, 0 %, 0 MiB, 16384 MiB, 44
2026/08/13 00:06:20.018, Tesla V100-PCIE-16GB, 0 %, 0 %, 0 MiB, 16384 MiB, 44
2026/08/13 00:06:30.020, Tesla V100-PCIE-16GB, 0 %, 0 %, 0 MiB, 16384 MiB, 44
2026/08/13 00:06:40.021, Tesla V100-PCIE-16GB, 0 %, 0 %, 0 MiB, 16384 MiB, 44
2026/08/13 00:06:50.022, Tesla V100-PCIE-16GB, 0 %, 0 %, 0 MiB, 16384 MiB, 43
2026/08/13 00:07:00.023, Tesla V100-PCIE-16GB, 0 %, 0 %, 0 MiB, 16384 MiB, 43
2026/08/13 00:07:10.025, Tesla V100-PCIE-16GB, 0 %, 0 %, 0 MiB, 16384 MiB, 44
2026/08/13 00:07:20.026, Tesla V100-PCIE-16GB, 0 %, 0 %, 0 MiB, 16384 MiB, 44
2026/08/13 00:07:30.027, Tesla V100-PCIE-16GB, 0 %, 0 %, 0 MiB, 16384 MiB, 44
2026/08/13 00:07:40.028, Tesla V100-PCIE-16GB, 0 %, 0 %, 0 MiB, 16384 MiB, 44
2026/08/13 00:07:50.030, Tesla V100-PCIE-16GB, 0 %, 0 %, 0 MiB, 16384 MiB, 44
2026/08/13 00:08:00.031, Tesla V100-PCIE-16GB, 0 %, 0 %, 0 MiB, 16384 MiB, 44
2026/08/13 00:08:10.032, Tesla V100-PCIE-16GB, 0 %, 0 %, 0 MiB, 16384 MiB, 44
2026/08/13 00:08:20.033, Tesla V100-PCIE-16GB, 0 %, 0 %, 0 MiB, 16384 MiB, 44
2026/08/13 00:08:30.034, Tesla V100-PCIE-16GB, 0 %, 0 %, 0 MiB, 16384 MiB, 44
2026/08/13 00:08:40.036, Tesla V100-PCIE-16GB, 0 %, 0 %, 0 MiB, 16384 MiB, 44
2026/08/13 00:08:50.037, Tesla V100-PCIE-16GB, 0 %, 0 %, 0 MiB, 16384 MiB, 44
2026/08/13 00:09:00.038, Tesla V100-PCIE-16GB, 0 %, 0 %, 0 MiB, 16384 MiB, 44
2026/08/13 00:09:10.039, Tesla V100-PCIE-16GB, 0 %, 0 %, 0 MiB, 16384 MiB, 44
2026/08/13 00:09:20.041, Tesla V100-PCIE-16GB, 0 %, 0 %, 0 MiB, 16384 MiB, 44
2026/08/13 00:09:30.042, Tesla V100-PCIE-16GB, 0 %, 0 %, 0 MiB, 16384 MiB, 44
2026/08/13 00:09:40.136, Tesla V100-PCIE-16GB, 0 %, 0 %, 0 MiB, 16384 MiB, 44
2026/08/13 00:09:50.137, Tesla V100-PCIE-16GB, 0 %, 0 %, 0 MiB, 16384 MiB, 44
2026/08/13 00:10:00.139, Tesla V100-PCIE-16GB, 0 %, 0 %, 0 MiB, 16384 MiB, 44
2026/08/13 00:10:10.140, Tesla V100-PCIE-16GB, 0 %, 0 %, 0 MiB, 16384 MiB, 44
2026/08/13 00:10:20.141, Tesla V100-PCIE-16GB, 0 %, 0 %, 0 MiB, 16384 MiB, 44
2026/08/13 00:10:30.142, Tesla V100-PCIE-16GB, 0 %, 0 %, 0 MiB, 16384 MiB, 44
2026/08/13 00:10:40.144, Tesla V100-PCIE-16GB, 0 %, 0 %, 0 MiB, 16384 MiB, 44
2026/08/13 00:10:50.145, Tesla V100-PCIE-16GB, 0 %, 0 %, 0 MiB, 16384 MiB, 44
2026/08/13 00:11:00.146, Tesla V100-PCIE-16GB, 0 %, 0 %, 0 MiB, 16384 MiB, 44
2026/08/13 00:11:10.147, Tesla V100-PCIE-16GB, 0 %, 0 %, 0 MiB, 16384 MiB, 44
2026/08/13 00:11:20.149, Tesla V100-PCIE-16GB, 0 %, 0 %, 0 MiB, 16384 MiB, 44
2026/08/13 00:11:30.150, Tesla V100-PCIE-16GB, 0 %, 0 %, 0 MiB, 16384 MiB, 44
2026/08/13 00:11:40.151, Tesla V100-PCIE-16GB, 0 %, 0 %, 0 MiB, 16384 MiB, 44
2026/08/13 00:11:50.152, Tesla V100-PCIE-16GB, 0 %, 0 %, 0 MiB, 16384 MiB, 44
2026/08/13 00:12:00.154, Tesla V100-PCIE-16GB, 0 %, 0 %, 0 MiB, 16384 MiB, 44
2026/08/13 00:12:10.155, Tesla V100-PCIE-16GB, 0 %, 0 %, 0 MiB, 16384 MiB, 44
2026/08/13 00:12:20.156, Tesla V100-PCIE-16GB, 0 %, 0 %, 0 MiB, 16384 MiB, 44
2026/08/13 00:12:30.157, Tesla V100-PCIE-16GB, 0 %, 0 %, 0 MiB, 16384 MiB, 44
2026/08/13 00:12:40.159, Tesla V100-PCIE-16GB, 0 %, 0 %, 0 MiB, 16384 MiB, 43
2026/08/13 00:12:50.160, Tesla V100-PCIE-16GB, 0 %, 0 %, 0 MiB, 16384 MiB, 43
2026/08/13 00:13:00.161, Tesla V100-PCIE-16GB, 0 %, 0 %, 0 MiB, 16384 MiB, 44
2026/08/13 00:13:10.162, Tesla V100-PCIE-16GB, 0 %, 0 %, 0 MiB, 16384 MiB, 44
2026/08/13 00:13:20.164, Tesla V100-PCIE-16GB, 0 %, 0 %, 0 MiB, 16384 MiB, 43
2026/08/13 00:13:30.165, Tesla V100-PCIE-16GB, 0 %, 0 %, 0 MiB, 16384 MiB, 43
2026/08/13 00:13:40.166, Tesla V100-PCIE-16GB, 0 %, 0 %, 0 MiB, 16384 MiB, 43
2026/08/13 00:13:50.167, Tesla V100-PCIE-16GB, 0 %, 0 %, 0 MiB, 16384 MiB, 44
2026/08/13 00:14:00.169, Tesla V100-PCIE-16GB, 0 %, 0 %, 0 MiB, 16384 MiB, 43
2026/08/13 00:14:10.170, Tesla V100-PCIE-16GB, 0 %, 0 %, 0 MiB, 16384 MiB, 43
2026/08/13 00:14:20.171, Tesla V100-PCIE-16GB, 0 %, 0 %, 0 MiB, 16384 MiB, 43
2026/08/13 00:14:30.172, Tesla V100-PCIE-16GB, 0 %, 0 %, 0 MiB, 16384 MiB, 44
2026/08/13 00:14:40.174, Tesla V100-PCIE-16GB, 0 %, 0 %, 0 MiB, 16384 MiB, 44
2026/08/13 00:14:50.175, Tesla V100-PCIE-16GB, 0 %, 0 %, 0 MiB, 16384 MiB, 43
2026/08/13 00:15:00.176, Tesla V100-PCIE-16GB, 0 %, 0 %, 0 MiB, 16384 MiB, 43
2026/08/13 00:15:10.177, Tesla V100-PCIE-16GB, 0 %, 0 %, 0 MiB, 16384 MiB, 44
2026/08/13 00:15:20.179, Tesla V100-PCIE-16GB, 0 %, 0 %, 0 MiB, 16384 MiB, 43
2026/08/13 00:15:30.180, Tesla V100-PCIE-16GB, 0 %, 0 %, 0 MiB, 16384 MiB, 43
2026/08/13 00:15:40.181, Tesla V100-PCIE-16GB, 0 %, 0 %, 0 MiB, 16384 MiB, 44
2026/08/13 00:15:50.182, Tesla V100-PCIE-16GB, 0 %, 0 %, 0 MiB, 16384 MiB, 44
2026/08/13 00:16:00.184, Tesla V100-PCIE-16GB, 0 %, 0 %, 0 MiB, 16384 MiB, 44
2026/08/13 00:16:10.185, Tesla V100-PCIE-16GB, 0 %, 0 %, 0 MiB, 16384 MiB, 44
2026/08/13 00:16:20.186, Tesla V100-PCIE-16GB, 0 %, 0 %, 0 MiB, 16384 MiB, 43
2026/08/13 00:16:30.187, Tesla V100-PCIE-16GB, 0 %, 0 %, 0 MiB, 16384 MiB, 44
2026/08/13 00:16:40.189, Tesla V100-PCIE-16GB, 0 %, 0 %, 0 MiB, 16384 MiB, 44
2026/08/13 00:16:50.190, Tesla V100-PCIE-16GB, 0 %, 0 %, 0 MiB, 16384 MiB, 44
2026/08/13 00:17:00.192, Tesla V100-PCIE-16GB, 0 %, 0 %, 0 MiB, 16384 MiB, 44
2026/08/13 00:17:10.193, Tesla V100-PCIE-16GB, 0 %, 0 %, 0 MiB, 16384 MiB, 44
2026/08/13 00:17:20.194, Tesla V100-PCIE-16GB, 0 %, 0 %, 4 MiB, 16384 MiB, 44
2026/08/13 00:17:30.195, Tesla V100-PCIE-16GB, 0 %, 0 %, 0 MiB, 16384 MiB, 44
2026/08/13 00:17:40.197, Tesla V100-PCIE-16GB, 0 %, 0 %, 0 MiB, 16384 MiB, 44
2026/08/13 00:17:50.198, Tesla V100-PCIE-16GB, 0 %, 0 %, 0 MiB, 16384 MiB, 44
2026/08/13 00:18:00.199, Tesla V100-PCIE-16GB, 0 %, 0 %, 0 MiB, 16384 MiB, 44
2026/08/13 00:18:10.200, Tesla V100-PCIE-16GB, 0 %, 0 %, 0 MiB, 16384 MiB, 44
2026/08/13 00:18:20.202, Tesla V100-PCIE-16GB, 0 %, 0 %, 0 MiB, 16384 MiB, 44
2026/08/13 00:18:30.203, Tesla V100-PCIE-16GB, 0 %, 0 %, 0 MiB, 16384 MiB, 44
2026/08/13 00:18:40.204, Tesla V100-PCIE-16GB, 0 %, 0 %, 0 MiB, 16384 MiB, 44
2026/08/13 00:18:50.205, Tesla V100-PCIE-16GB, 0 %, 0 %, 0 MiB, 16384 MiB, 44
2026/08/13 00:19:00.207, Tesla V100-PCIE-16GB, 0 %, 0 %, 0 MiB, 16384 MiB, 44
2026/08/13 00:19:10.208, Tesla V100-PCIE-16GB, 0 %, 0 %, 0 MiB, 16384 MiB, 44
2026/08/13 00:19:20.209, Tesla V100-PCIE-16GB, 0 %, 0 %, 0 MiB, 16384 MiB, 44
2026/08/13 00:19:30.210, Tesla V100-PCIE-16GB, 0 %, 0 %, 0 MiB, 16384 MiB, 44
2026/08/13 00:19:40.286, Tesla V100-PCIE-16GB, 0 %, 0 %, 0 MiB, 16384 MiB, 44
2026/08/13 00:19:50.287, Tesla V100-PCIE-16GB, 0 %, 0 %, 0 MiB, 16384 MiB, 44
2026/08/13 00:20:00.289, Tesla V100-PCIE-16GB, 0 %, 0 %, 0 MiB, 16384 MiB, 44
2026/08/13 00:20:10.290, Tesla V100-PCIE-16GB, 0 %, 0 %, 0 MiB, 16384 MiB, 44
2026/08/13 00:20:20.291, Tesla V100-PCIE-16GB, 0 %, 0 %, 0 MiB, 16384 MiB, 44
2026/08/13 00:20:30.294, Tesla V100-PCIE-16GB, 0 %, 0 %, 0 MiB, 16384 MiB, 44
2026/08/13 00:20:40.295, Tesla V100-PCIE-16GB, 0 %, 0 %, 0 MiB, 16384 MiB, 44
2026/08/13 00:20:50.296, Tesla V100-PCIE-16GB, 0 %, 0 %, 0 MiB, 16384 MiB, 44
2026/08/13 00:21:00.297, Tesla V100-PCIE-16GB, 0 %, 0 %, 0 MiB, 16384 MiB, 44
2026/08/13 00:21:10.299, Tesla V100-PCIE-16GB, 0 %, 0 %, 0 MiB, 16384 MiB, 44
2026/08/13 00:21:20.300, Tesla V100-PCIE-16GB, 0 %, 0 %, 0 MiB, 16384 MiB, 44
2026/08/13 00:21:30.301, Tesla V100-PCIE-16GB, 0 %, 0 %, 0 MiB, 16384 MiB, 44
2026/08/13 00:21:40.302, Tesla V100-PCIE-16GB, 0 %, 0 %, 0 MiB, 16384 MiB, 44
2026/08/13 00:21:50.304, Tesla V100-PCIE-16GB, 0 %, 0 %, 0 MiB, 16384 MiB, 44
2026/08/13 00:22:00.305, Tesla V100-PCIE-16GB, 0 %, 0 %, 0 MiB, 16384 MiB, 43
2026/08/13 00:22:10.306, Tesla V100-PCIE-16GB, 0 %, 0 %, 0 MiB, 16384 MiB, 44
2026/08/13 00:22:20.307, Tesla V100-PCIE-16GB, 0 %, 0 %, 0 MiB, 16384 MiB, 44
2026/08/13 00:22:30.309, Tesla V100-PCIE-16GB, 0 %, 0 %, 0 MiB, 16384 MiB, 43
2026/08/13 00:22:40.310, Tesla V100-PCIE-16GB, 0 %, 0 %, 0 MiB, 16384 MiB, 43
2026/08/13 00:22:50.311, Tesla V100-PCIE-16GB, 0 %, 0 %, 0 MiB, 16384 MiB, 44
2026/08/13 00:23:00.313, Tesla V100-PCIE-16GB, 0 %, 0 %, 0 MiB, 16384 MiB, 43
2026/08/13 00:23:10.314, Tesla V100-PCIE-16GB, 0 %, 0 %, 0 MiB, 16384 MiB, 44
2026/08/13 00:23:20.316, Tesla V100-PCIE-16GB, 0 %, 0 %, 0 MiB, 16384 MiB, 44
2026/08/13 00:23:30.317, Tesla V100-PCIE-16GB, 0 %, 0 %, 0 MiB, 16384 MiB, 43
2026/08/13 00:23:40.318, Tesla V100-PCIE-16GB, 0 %, 0 %, 0 MiB, 16384 MiB, 44
2026/08/13 00:23:50.319, Tesla V100-PCIE-16GB, 0 %, 0 %, 0 MiB, 16384 MiB, 44
2026/08/13 00:24:00.321, Tesla V100-PCIE-16GB, 0 %, 0 %, 0 MiB, 16384 MiB, 44
2026/08/13 00:24:10.322, Tesla V100-PCIE-16GB, 0 %, 0 %, 0 MiB, 16384 MiB, 44
2026/08/13 00:24:20.323, Tesla V100-PCIE-16GB, 0 %, 0 %, 0 MiB, 16384 MiB, 44
2026/08/13 00:24:30.324, Tesla V100-PCIE-16GB, 0 %, 0 %, 0 MiB, 16384 MiB, 44
2026/08/13 00:24:40.326, Tesla V100-PCIE-16GB, 0 %, 0 %, 0 MiB, 16384 MiB, 44
2026/08/13 00:24:50.327, Tesla V100-PCIE-16GB, 0 %, 0 %, 0 MiB, 16384 MiB, 44
2026/08/13 00:25:00.328, Tesla V100-PCIE-16GB, 0 %, 0 %, 0 MiB, 16384 MiB, 44
2026/08/13 00:25:10.329, Tesla V100-PCIE-16GB, 0 %, 0 %, 0 MiB, 16384 MiB, 44
2026/08/13 00:25:20.330, Tesla V100-PCIE-16GB, 0 %, 0 %, 0 MiB, 16384 MiB, 44
2026/08/13 00:25:30.332, Tesla V100-PCIE-16GB, 0 %, 0 %, 0 MiB, 16384 MiB, 44
2026/08/13 00:25:40.333, Tesla V100-PCIE-16GB, 0 %, 0 %, 0 MiB, 16384 MiB, 44
2026/08/13 00:25:50.335, Tesla V100-PCIE-16GB, 0 %, 0 %, 0 MiB, 16384 MiB, 44
2026/08/13 00:26:00.336, Tesla V100-PCIE-16GB, 0 %, 0 %, 0 MiB, 16384 MiB, 44
2026/08/13 00:26:10.337, Tesla V100-PCIE-16GB, 0 %, 0 %, 0 MiB, 16384 MiB, 44
2026/08/13 00:26:20.338, Tesla V100-PCIE-16GB, 0 %, 0 %, 0 MiB, 16384 MiB, 44
2026/08/13 00:26:30.340, Tesla V100-PCIE-16GB, 0 %, 0 %, 0 MiB, 16384 MiB, 44
2026/08/13 00:26:40.341, Tesla V100-PCIE-16GB, 0 %, 0 %, 0 MiB, 16384 MiB, 44
2026/08/13 00:26:50.342, Tesla V100-PCIE-16GB, 0 %, 0 %, 0 MiB, 16384 MiB, 44
2026/08/13 00:27:00.344, Tesla V100-PCIE-16GB, 0 %, 0 %, 0 MiB, 16384 MiB, 44
2026/08/13 00:27:10.345, Tesla V100-PCIE-16GB, 0 %, 0 %, 0 MiB, 16384 MiB, 43
2026/08/13 00:27:20.346, Tesla V100-PCIE-16GB, 0 %, 0 %, 0 MiB, 16384 MiB, 43
2026/08/13 00:27:30.347, Tesla V100-PCIE-16GB, 0 %, 0 %, 0 MiB, 16384 MiB, 43
2026/08/13 00:27:40.348, Tesla V100-PCIE-16GB, 0 %, 0 %, 0 MiB, 16384 MiB, 43
2026/08/13 00:27:50.350, Tesla V100-PCIE-16GB, 0 %, 0 %, 0 MiB, 16384 MiB, 43
2026/08/13 00:28:00.351, Tesla V100-PCIE-16GB, 0 %, 0 %, 0 MiB, 16384 MiB, 44
2026/08/13 00:28:10.352, Tesla V100-PCIE-16GB, 0 %, 0 %, 0 MiB, 16384 MiB, 43
2026/08/13 00:28:20.353, Tesla V100-PCIE-16GB, 0 %, 0 %, 0 MiB, 16384 MiB, 43
2026/08/13 00:28:30.417, Tesla V100-PCIE-16GB, 0 %, 0 %, 0 MiB, 16384 MiB, 43
2026/08/13 00:28:40.419, Tesla V100-PCIE-16GB, 0 %, 0 %, 0 MiB, 16384 MiB, 43
2026/08/13 00:28:50.420, Tesla V100-PCIE-16GB, 0 %, 0 %, 0 MiB, 16384 MiB, 43
2026/08/13 00:29:00.422, Tesla V100-PCIE-16GB, 0 %, 0 %, 0 MiB, 16384 MiB, 43
2026/08/13 00:29:10.423, Tesla V100-PCIE-16GB, 0 %, 0 %, 0 MiB, 16384 MiB, 43
2026/08/13 00:29:20.424, Tesla V100-PCIE-16GB, 0 %, 0 %, 0 MiB, 16384 MiB, 43
2026/08/13 00:29:30.426, Tesla V100-PCIE-16GB, 0 %, 0 %, 0 MiB, 16384 MiB, 43
2026/08/13 00:29:40.427, Tesla V100-PCIE-16GB, 0 %, 0 %, 0 MiB, 16384 MiB, 43
2026/08/13 00:29:50.428, Tesla V100-PCIE-16GB, 0 %, 0 %, 0 MiB, 16384 MiB, 43
2026/08/13 00:30:00.429, Tesla V100-PCIE-16GB, 0 %, 0 %, 0 MiB, 16384 MiB, 43
2026/08/13 00:30:10.431, Tesla V100-PCIE-16GB, 0 %, 0 %, 0 MiB, 16384 MiB, 43
2026/08/13 00:30:20.432, Tesla V100-PCIE-16GB, 0 %, 0 %, 0 MiB, 16384 MiB, 43
2026/08/13 00:30:30.517, Tesla V100-PCIE-16GB, 0 %, 0 %, 0 MiB, 16384 MiB, 43
2026/08/13 00:30:40.518, Tesla V100-PCIE-16GB, 0 %, 0 %, 0 MiB, 16384 MiB, 43
2026/08/13 00:30:50.520, Tesla V100-PCIE-16GB, 0 %, 0 %, 0 MiB, 16384 MiB, 43
2026/08/13 00:31:00.521, Tesla V100-PCIE-16GB, 0 %, 0 %, 0 MiB, 16384 MiB, 44
2026/08/13 00:31:10.522, Tesla V100-PCIE-16GB, 0 %, 0 %, 0 MiB, 16384 MiB, 43
2026/08/13 00:31:20.524, Tesla V100-PCIE-16GB, 0 %, 0 %, 0 MiB, 16384 MiB, 43
2026/08/13 00:31:30.525, Tesla V100-PCIE-16GB, 0 %, 0 %, 0 MiB, 16384 MiB, 43
2026/08/13 00:31:40.526, Tesla V100-PCIE-16GB, 0 %, 0 %, 0 MiB, 16384 MiB, 43
2026/08/13 00:31:50.527, Tesla V100-PCIE-16GB, 0 %, 0 %, 0 MiB, 16384 MiB, 43
2026/08/13 00:32:00.529, Tesla V100-PCIE-16GB, 0 %, 0 %, 0 MiB, 16384 MiB, 43
2026/08/13 00:32:10.530, Tesla V100-PCIE-16GB, 0 %, 0 %, 0 MiB, 16384 MiB, 43
2026/08/13 00:32:20.532, Tesla V100-PCIE-16GB, 0 %, 0 %, 0 MiB, 16384 MiB, 43
2026/08/13 00:32:30.601, Tesla V100-PCIE-16GB, 0 %, 0 %, 0 MiB, 16384 MiB, 43
2026/08/13 00:32:40.603, Tesla V100-PCIE-16GB, 0 %, 0 %, 0 MiB, 16384 MiB, 43
2026/08/13 00:32:50.604, Tesla V100-PCIE-16GB, 0 %, 0 %, 0 MiB, 16384 MiB, 43
2026/08/13 00:33:00.605, Tesla V100-PCIE-16GB, 0 %, 0 %, 0 MiB, 16384 MiB, 43
2026/08/13 00:33:10.606, Tesla V100-PCIE-16GB, 0 %, 0 %, 0 MiB, 16384 MiB, 43
2026/08/13 00:33:20.607, Tesla V100-PCIE-16GB, 0 %, 0 %, 0 MiB, 16384 MiB, 43
2026/08/13 00:33:30.609, Tesla V100-PCIE-16GB, 0 %, 0 %, 0 MiB, 16384 MiB, 43
2026/08/13 00:33:40.610, Tesla V100-PCIE-16GB, 0 %, 0 %, 0 MiB, 16384 MiB, 43
2026/08/13 00:33:50.611, Tesla V100-PCIE-16GB, 0 %, 0 %, 0 MiB, 16384 MiB, 43
2026/08/13 00:34:00.612, Tesla V100-PCIE-16GB, 0 %, 0 %, 0 MiB, 16384 MiB, 43
2026/08/13 00:34:10.614, Tesla V100-PCIE-16GB, 0 %, 0 %, 0 MiB, 16384 MiB, 43
2026/08/13 00:34:20.615, Tesla V100-PCIE-16GB, 0 %, 0 %, 0 MiB, 16384 MiB, 43
2026/08/13 00:34:30.683, Tesla V100-PCIE-16GB, 0 %, 0 %, 0 MiB, 16384 MiB, 43
2026/08/13 00:34:40.684, Tesla V100-PCIE-16GB, 0 %, 0 %, 0 MiB, 16384 MiB, 43
2026/08/13 00:34:50.686, Tesla V100-PCIE-16GB, 0 %, 0 %, 0 MiB, 16384 MiB, 43
2026/08/13 00:35:00.687, Tesla V100-PCIE-16GB, 0 %, 0 %, 0 MiB, 16384 MiB, 43
2026/08/13 00:35:10.688, Tesla V100-PCIE-16GB, 0 %, 0 %, 0 MiB, 16384 MiB, 43
2026/08/13 00:35:20.689, Tesla V100-PCIE-16GB, 0 %, 0 %, 0 MiB, 16384 MiB, 43
2026/08/13 00:35:30.691, Tesla V100-PCIE-16GB, 0 %, 0 %, 0 MiB, 16384 MiB, 43
2026/08/13 00:35:40.692, Tesla V100-PCIE-16GB, 0 %, 0 %, 0 MiB, 16384 MiB, 43
2026/08/13 00:35:50.693, Tesla V100-PCIE-16GB, 0 %, 0 %, 0 MiB, 16384 MiB, 43
2026/08/13 00:36:00.694, Tesla V100-PCIE-16GB, 0 %, 0 %, 0 MiB, 16384 MiB, 44
2026/08/13 00:36:10.696, Tesla V100-PCIE-16GB, 0 %, 0 %, 0 MiB, 16384 MiB, 43
2026/08/13 00:36:20.697, Tesla V100-PCIE-16GB, 0 %, 0 %, 0 MiB, 16384 MiB, 43
2026/08/13 00:36:30.789, Tesla V100-PCIE-16GB, 0 %, 0 %, 0 MiB, 16384 MiB, 43
2026/08/13 00:36:40.790, Tesla V100-PCIE-16GB, 0 %, 0 %, 0 MiB, 16384 MiB, 44
2026/08/13 00:36:50.792, Tesla V100-PCIE-16GB, 0 %, 0 %, 0 MiB, 16384 MiB, 43
2026/08/13 00:37:00.793, Tesla V100-PCIE-16GB, 0 %, 0 %, 0 MiB, 16384 MiB, 43
2026/08/13 00:37:10.795, Tesla V100-PCIE-16GB, 0 %, 0 %, 0 MiB, 16384 MiB, 43
2026/08/13 00:37:20.796, Tesla V100-PCIE-16GB, 0 %, 0 %, 0 MiB, 16384 MiB, 43
2026/08/13 00:37:30.797, Tesla V100-PCIE-16GB, 0 %, 0 %, 0 MiB, 16384 MiB, 43
2026/08/13 00:37:40.798, Tesla V100-PCIE-16GB, 0 %, 0 %, 0 MiB, 16384 MiB, 43
2026/08/13 00:37:50.800, Tesla V100-PCIE-16GB, 0 %, 0 %, 0 MiB, 16384 MiB, 43
2026/08/13 00:38:00.801, Tesla V100-PCIE-16GB, 0 %, 0 %, 0 MiB, 16384 MiB, 43
2026/08/13 00:38:10.802, Tesla V100-PCIE-16GB, 0 %, 0 %, 0 MiB, 16384 MiB, 43
2026/08/13 00:38:20.803, Tesla V100-PCIE-16GB, 0 %, 0 %, 0 MiB, 16384 MiB, 43
2026/08/13 00:38:30.864, Tesla V100-PCIE-16GB, 0 %, 0 %, 0 MiB, 16384 MiB, 43
2026/08/13 00:38:40.865, Tesla V100-PCIE-16GB, 0 %, 0 %, 0 MiB, 16384 MiB, 43
2026/08/13 00:38:50.867, Tesla V100-PCIE-16GB, 0 %, 0 %, 0 MiB, 16384 MiB, 43
2026/08/13 00:39:00.868, Tesla V100-PCIE-16GB, 0 %, 0 %, 0 MiB, 16384 MiB, 43
2026/08/13 00:39:10.869, Tesla V100-PCIE-16GB, 0 %, 0 %, 0 MiB, 16384 MiB, 43
2026/08/13 00:39:20.870, Tesla V100-PCIE-16GB, 0 %, 0 %, 0 MiB, 16384 MiB, 43
2026/08/13 00:39:30.871, Tesla V100-PCIE-16GB, 0 %, 0 %, 0 MiB, 16384 MiB, 43
2026/08/13 00:39:40.873, Tesla V100-PCIE-16GB, 0 %, 0 %, 0 MiB, 16384 MiB, 43
2026/08/13 00:39:50.929, Tesla V100-PCIE-16GB, 0 %, 0 %, 0 MiB, 16384 MiB, 43
2026/08/13 00:40:00.930, Tesla V100-PCIE-16GB, 0 %, 0 %, 0 MiB, 16384 MiB, 43
2026/08/13 00:40:10.931, Tesla V100-PCIE-16GB, 0 %, 0 %, 0 MiB, 16384 MiB, 43
2026/08/13 00:40:20.933, Tesla V100-PCIE-16GB, 0 %, 0 %, 0 MiB, 16384 MiB, 43
2026/08/13 00:40:30.934, Tesla V100-PCIE-16GB, 0 %, 0 %, 0 MiB, 16384 MiB, 43
2026/08/13 00:40:40.935, Tesla V100-PCIE-16GB, 0 %, 0 %, 0 MiB, 16384 MiB, 43
2026/08/13 00:40:50.936, Tesla V100-PCIE-16GB, 0 %, 0 %, 0 MiB, 16384 MiB, 43
2026/08/13 00:41:00.938, Tesla V100-PCIE-16GB, 0 %, 0 %, 0 MiB, 16384 MiB, 43
2026/08/13 00:41:10.939, Tesla V100-PCIE-16GB, 0 %, 0 %, 0 MiB, 16384 MiB, 43
2026/08/13 00:41:20.940, Tesla V100-PCIE-16GB, 0 %, 0 %, 0 MiB, 16384 MiB, 43
2026/08/13 00:41:30.941, Tesla V100-PCIE-16GB, 0 %, 0 %, 0 MiB, 16384 MiB, 43
2026/08/13 00:41:40.942, Tesla V100-PCIE-16GB, 0 %, 0 %, 0 MiB, 16384 MiB, 43
2026/08/13 00:41:51.023, Tesla V100-PCIE-16GB, 0 %, 0 %, 0 MiB, 16384 MiB, 43
2026/08/13 00:42:01.024, Tesla V100-PCIE-16GB, 0 %, 0 %, 0 MiB, 16384 MiB, 43
