timestamp, name, utilization.gpu [%], utilization.memory [%], memory.used [MiB], memory.total [MiB], temperature.gpu
2026/08/13 13:36:00.947, Tesla V100-PCIE-16GB, 0 %, 0 %, 0 MiB, 16384 MiB, 38
2026/08/13 13:36:10.952, Tesla V100-PCIE-16GB, 57 %, 4 %, 548 MiB, 16384 MiB, 40
2026/08/13 13:36:20.953, Tesla V100-PCIE-16GB, 56 %, 4 %, 548 MiB, 16384 MiB, 41
2026/08/13 13:36:30.954, Tesla V100-PCIE-16GB, 57 %, 4 %, 548 MiB, 16384 MiB, 42
2026/08/13 13:36:40.956, Tesla V100-PCIE-16GB, 58 %, 4 %, 548 MiB, 16384 MiB, 43
2026/08/13 13:36:50.958, Tesla V100-PCIE-16GB, 58 %, 4 %, 548 MiB, 16384 MiB, 43
2026/08/13 13:37:00.959, Tesla V100-PCIE-16GB, 58 %, 4 %, 548 MiB, 16384 MiB, 43
2026/08/13 13:37:10.961, Tesla V100-PCIE-16GB, 57 %, 4 %, 548 MiB, 16384 MiB, 44
2026/08/13 13:37:20.962, Tesla V100-PCIE-16GB, 58 %, 4 %, 548 MiB, 16384 MiB, 44
2026/08/13 13:37:30.985, Tesla V100-PCIE-16GB, 57 %, 4 %, 548 MiB, 16384 MiB, 44
2026/08/13 13:37:40.986, Tesla V100-PCIE-16GB, 59 %, 4 %, 548 MiB, 16384 MiB, 45
2026/08/13 13:37:50.988, Tesla V100-PCIE-16GB, 58 %, 4 %, 548 MiB, 16384 MiB, 45
2026/08/13 13:38:00.988, Tesla V100-PCIE-16GB, 56 %, 4 %, 548 MiB, 16384 MiB, 45
2026/08/13 13:38:10.990, Tesla V100-PCIE-16GB, 58 %, 4 %, 548 MiB, 16384 MiB, 45
2026/08/13 13:38:20.991, Tesla V100-PCIE-16GB, 58 %, 4 %, 548 MiB, 16384 MiB, 45
2026/08/13 13:38:30.992, Tesla V100-PCIE-16GB, 58 %, 4 %, 548 MiB, 16384 MiB, 46
2026/08/13 13:38:40.993, Tesla V100-PCIE-16GB, 57 %, 4 %, 548 MiB, 16384 MiB, 45
2026/08/13 13:38:50.994, Tesla V100-PCIE-16GB, 57 %, 4 %, 548 MiB, 16384 MiB, 46
2026/08/13 13:39:00.995, Tesla V100-PCIE-16GB, 58 %, 4 %, 548 MiB, 16384 MiB, 46
2026/08/13 13:39:10.997, Tesla V100-PCIE-16GB, 25 %, 5 %, 548 MiB, 16384 MiB, 46
2026/08/13 13:39:20.998, Tesla V100-PCIE-16GB, 56 %, 4 %, 548 MiB, 16384 MiB, 46
2026/08/13 13:39:30.999, Tesla V100-PCIE-16GB, 56 %, 4 %, 548 MiB, 16384 MiB, 46
2026/08/13 13:39:41.003, Tesla V100-PCIE-16GB, 58 %, 4 %, 548 MiB, 16384 MiB, 46
2026/08/13 13:39:51.005, Tesla V100-PCIE-16GB, 55 %, 4 %, 548 MiB, 16384 MiB, 46
2026/08/13 13:40:01.006, Tesla V100-PCIE-16GB, 56 %, 4 %, 548 MiB, 16384 MiB, 46
2026/08/13 13:40:11.007, Tesla V100-PCIE-16GB, 56 %, 4 %, 548 MiB, 16384 MiB, 46
2026/08/13 13:40:21.009, Tesla V100-PCIE-16GB, 58 %, 4 %, 548 MiB, 16384 MiB, 46
2026/08/13 13:40:31.010, Tesla V100-PCIE-16GB, 58 %, 4 %, 548 MiB, 16384 MiB, 46
2026/08/13 13:40:41.012, Tesla V100-PCIE-16GB, 58 %, 4 %, 548 MiB, 16384 MiB, 46
2026/08/13 13:40:51.013, Tesla V100-PCIE-16GB, 57 %, 4 %, 548 MiB, 16384 MiB, 46
2026/08/13 13:41:01.014, Tesla V100-PCIE-16GB, 57 %, 4 %, 548 MiB, 16384 MiB, 46
2026/08/13 13:41:11.015, Tesla V100-PCIE-16GB, 58 %, 4 %, 548 MiB, 16384 MiB, 46
2026/08/13 13:41:21.016, Tesla V100-PCIE-16GB, 58 %, 4 %, 548 MiB, 16384 MiB, 46
2026/08/13 13:41:31.017, Tesla V100-PCIE-16GB, 57 %, 4 %, 548 MiB, 16384 MiB, 46
2026/08/13 13:41:41.018, Tesla V100-PCIE-16GB, 57 %, 4 %, 548 MiB, 16384 MiB, 46
2026/08/13 13:41:51.022, Tesla V100-PCIE-16GB, 57 %, 4 %, 548 MiB, 16384 MiB, 46
2026/08/13 13:42:01.023, Tesla V100-PCIE-16GB, 56 %, 4 %, 548 MiB, 16384 MiB, 46
2026/08/13 13:42:11.025, Tesla V100-PCIE-16GB, 53 %, 4 %, 548 MiB, 16384 MiB, 46
2026/08/13 13:42:21.026, Tesla V100-PCIE-16GB, 55 %, 4 %, 548 MiB, 16384 MiB, 47
2026/08/13 13:42:31.027, Tesla V100-PCIE-16GB, 58 %, 4 %, 548 MiB, 16384 MiB, 47
2026/08/13 13:42:41.066, Tesla V100-PCIE-16GB, 58 %, 4 %, 548 MiB, 16384 MiB, 47
2026/08/13 13:42:51.068, Tesla V100-PCIE-16GB, 58 %, 4 %, 548 MiB, 16384 MiB, 46
2026/08/13 13:43:01.069, Tesla V100-PCIE-16GB, 24 %, 5 %, 548 MiB, 16384 MiB, 46
2026/08/13 13:43:11.070, Tesla V100-PCIE-16GB, 57 %, 4 %, 548 MiB, 16384 MiB, 46
2026/08/13 13:43:21.072, Tesla V100-PCIE-16GB, 57 %, 4 %, 548 MiB, 16384 MiB, 47
2026/08/13 13:43:31.073, Tesla V100-PCIE-16GB, 58 %, 4 %, 548 MiB, 16384 MiB, 46
2026/08/13 13:43:41.074, Tesla V100-PCIE-16GB, 57 %, 4 %, 548 MiB, 16384 MiB, 46
2026/08/13 13:43:51.075, Tesla V100-PCIE-16GB, 58 %, 4 %, 548 MiB, 16384 MiB, 47
2026/08/13 13:44:01.091, Tesla V100-PCIE-16GB, 55 %, 4 %, 548 MiB, 16384 MiB, 46
2026/08/13 13:44:11.092, Tesla V100-PCIE-16GB, 59 %, 4 %, 548 MiB, 16384 MiB, 47
2026/08/13 13:44:21.093, Tesla V100-PCIE-16GB, 57 %, 4 %, 548 MiB, 16384 MiB, 46
2026/08/13 13:44:31.094, Tesla V100-PCIE-16GB, 57 %, 4 %, 548 MiB, 16384 MiB, 47
2026/08/13 13:44:41.095, Tesla V100-PCIE-16GB, 58 %, 4 %, 548 MiB, 16384 MiB, 47
2026/08/13 13:44:51.176, Tesla V100-PCIE-16GB, 57 %, 4 %, 548 MiB, 16384 MiB, 47
2026/08/13 13:45:01.177, Tesla V100-PCIE-16GB, 57 %, 4 %, 548 MiB, 16384 MiB, 47
2026/08/13 13:45:11.178, Tesla V100-PCIE-16GB, 58 %, 4 %, 548 MiB, 16384 MiB, 47
2026/08/13 13:45:21.179, Tesla V100-PCIE-16GB, 60 %, 4 %, 548 MiB, 16384 MiB, 47
2026/08/13 13:45:31.325, Tesla V100-PCIE-16GB, 57 %, 4 %, 548 MiB, 16384 MiB, 46
2026/08/13 13:45:41.326, Tesla V100-PCIE-16GB, 57 %, 4 %, 548 MiB, 16384 MiB, 47
2026/08/13 13:45:51.327, Tesla V100-PCIE-16GB, 57 %, 4 %, 548 MiB, 16384 MiB, 47
2026/08/13 13:46:01.329, Tesla V100-PCIE-16GB, 56 %, 4 %, 548 MiB, 16384 MiB, 47
2026/08/13 13:46:11.330, Tesla V100-PCIE-16GB, 57 %, 4 %, 548 MiB, 16384 MiB, 47
2026/08/13 13:46:21.332, Tesla V100-PCIE-16GB, 58 %, 4 %, 548 MiB, 16384 MiB, 47
2026/08/13 13:46:31.333, Tesla V100-PCIE-16GB, 59 %, 4 %, 548 MiB, 16384 MiB, 47
2026/08/13 13:46:41.334, Tesla V100-PCIE-16GB, 58 %, 4 %, 548 MiB, 16384 MiB, 47
2026/08/13 13:46:51.335, Tesla V100-PCIE-16GB, 23 %, 4 %, 548 MiB, 16384 MiB, 47
2026/08/13 13:47:01.336, Tesla V100-PCIE-16GB, 57 %, 4 %, 548 MiB, 16384 MiB, 47
2026/08/13 13:47:11.337, Tesla V100-PCIE-16GB, 57 %, 4 %, 548 MiB, 16384 MiB, 47
2026/08/13 13:47:21.338, Tesla V100-PCIE-16GB, 58 %, 4 %, 548 MiB, 16384 MiB, 47
2026/08/13 13:47:31.340, Tesla V100-PCIE-16GB, 58 %, 4 %, 548 MiB, 16384 MiB, 47
2026/08/13 13:47:41.410, Tesla V100-PCIE-16GB, 56 %, 4 %, 548 MiB, 16384 MiB, 47
2026/08/13 13:47:51.412, Tesla V100-PCIE-16GB, 58 %, 4 %, 548 MiB, 16384 MiB, 47
2026/08/13 13:48:01.413, Tesla V100-PCIE-16GB, 57 %, 4 %, 548 MiB, 16384 MiB, 47
2026/08/13 13:48:11.414, Tesla V100-PCIE-16GB, 58 %, 4 %, 548 MiB, 16384 MiB, 47
2026/08/13 13:48:21.415, Tesla V100-PCIE-16GB, 58 %, 4 %, 548 MiB, 16384 MiB, 47
2026/08/13 13:48:31.417, Tesla V100-PCIE-16GB, 58 %, 4 %, 548 MiB, 16384 MiB, 47
2026/08/13 13:48:41.418, Tesla V100-PCIE-16GB, 57 %, 4 %, 548 MiB, 16384 MiB, 47
2026/08/13 13:48:51.419, Tesla V100-PCIE-16GB, 58 %, 4 %, 548 MiB, 16384 MiB, 47
2026/08/13 13:49:01.421, Tesla V100-PCIE-16GB, 55 %, 4 %, 548 MiB, 16384 MiB, 47
2026/08/13 13:49:11.422, Tesla V100-PCIE-16GB, 58 %, 4 %, 548 MiB, 16384 MiB, 47
2026/08/13 13:49:21.423, Tesla V100-PCIE-16GB, 57 %, 4 %, 548 MiB, 16384 MiB, 47
2026/08/13 13:49:31.425, Tesla V100-PCIE-16GB, 58 %, 4 %, 548 MiB, 16384 MiB, 47
2026/08/13 13:49:41.487, Tesla V100-PCIE-16GB, 58 %, 4 %, 548 MiB, 16384 MiB, 47
2026/08/13 13:49:51.488, Tesla V100-PCIE-16GB, 45 %, 3 %, 548 MiB, 16384 MiB, 47
2026/08/13 13:50:01.490, Tesla V100-PCIE-16GB, 59 %, 4 %, 548 MiB, 16384 MiB, 47
2026/08/13 13:50:11.491, Tesla V100-PCIE-16GB, 58 %, 4 %, 548 MiB, 16384 MiB, 47
2026/08/13 13:50:21.492, Tesla V100-PCIE-16GB, 58 %, 4 %, 548 MiB, 16384 MiB, 47
2026/08/13 13:50:31.493, Tesla V100-PCIE-16GB, 58 %, 4 %, 548 MiB, 16384 MiB, 47
2026/08/13 13:50:41.494, Tesla V100-PCIE-16GB, 24 %, 5 %, 548 MiB, 16384 MiB, 47
2026/08/13 13:50:51.495, Tesla V100-PCIE-16GB, 57 %, 4 %, 548 MiB, 16384 MiB, 47
2026/08/13 13:51:01.497, Tesla V100-PCIE-16GB, 57 %, 4 %, 548 MiB, 16384 MiB, 47
2026/08/13 13:51:11.498, Tesla V100-PCIE-16GB, 56 %, 4 %, 548 MiB, 16384 MiB, 47
2026/08/13 13:51:21.499, Tesla V100-PCIE-16GB, 58 %, 4 %, 548 MiB, 16384 MiB, 47
2026/08/13 13:51:31.500, Tesla V100-PCIE-16GB, 58 %, 4 %, 548 MiB, 16384 MiB, 47
2026/08/13 13:51:41.501, Tesla V100-PCIE-16GB, 57 %, 4 %, 548 MiB, 16384 MiB, 47
2026/08/13 13:51:51.502, Tesla V100-PCIE-16GB, 58 %, 4 %, 548 MiB, 16384 MiB, 46
2026/08/13 13:52:01.503, Tesla V100-PCIE-16GB, 58 %, 4 %, 548 MiB, 16384 MiB, 47
2026/08/13 13:52:11.505, Tesla V100-PCIE-16GB, 57 %, 4 %, 548 MiB, 16384 MiB, 47
2026/08/13 13:52:21.506, Tesla V100-PCIE-16GB, 58 %, 4 %, 548 MiB, 16384 MiB, 47
2026/08/13 13:52:31.507, Tesla V100-PCIE-16GB, 57 %, 4 %, 548 MiB, 16384 MiB, 46
2026/08/13 13:52:41.566, Tesla V100-PCIE-16GB, 58 %, 4 %, 548 MiB, 16384 MiB, 47
2026/08/13 13:52:51.585, Tesla V100-PCIE-16GB, 56 %, 4 %, 548 MiB, 16384 MiB, 47
2026/08/13 13:53:01.586, Tesla V100-PCIE-16GB, 57 %, 4 %, 548 MiB, 16384 MiB, 47
2026/08/13 13:53:11.587, Tesla V100-PCIE-16GB, 57 %, 4 %, 548 MiB, 16384 MiB, 47
2026/08/13 13:53:21.588, Tesla V100-PCIE-16GB, 57 %, 4 %, 548 MiB, 16384 MiB, 47
2026/08/13 13:53:31.589, Tesla V100-PCIE-16GB, 58 %, 4 %, 548 MiB, 16384 MiB, 47
2026/08/13 13:53:41.590, Tesla V100-PCIE-16GB, 58 %, 4 %, 548 MiB, 16384 MiB, 47
2026/08/13 13:53:51.592, Tesla V100-PCIE-16GB, 58 %, 4 %, 548 MiB, 16384 MiB, 46
2026/08/13 13:54:01.593, Tesla V100-PCIE-16GB, 57 %, 4 %, 548 MiB, 16384 MiB, 47
2026/08/13 13:54:11.594, Tesla V100-PCIE-16GB, 58 %, 4 %, 548 MiB, 16384 MiB, 47
2026/08/13 13:54:21.597, Tesla V100-PCIE-16GB, 58 %, 4 %, 548 MiB, 16384 MiB, 47
2026/08/13 13:54:31.598, Tesla V100-PCIE-16GB, 35 %, 3 %, 548 MiB, 16384 MiB, 47
2026/08/13 13:54:41.673, Tesla V100-PCIE-16GB, 55 %, 4 %, 548 MiB, 16384 MiB, 47
2026/08/13 13:54:51.674, Tesla V100-PCIE-16GB, 57 %, 4 %, 548 MiB, 16384 MiB, 46
2026/08/13 13:55:01.675, Tesla V100-PCIE-16GB, 58 %, 4 %, 548 MiB, 16384 MiB, 46
2026/08/13 13:55:11.677, Tesla V100-PCIE-16GB, 58 %, 4 %, 548 MiB, 16384 MiB, 46
2026/08/13 13:55:21.678, Tesla V100-PCIE-16GB, 58 %, 4 %, 548 MiB, 16384 MiB, 47
2026/08/13 13:55:31.679, Tesla V100-PCIE-16GB, 58 %, 4 %, 548 MiB, 16384 MiB, 47
2026/08/13 13:55:41.680, Tesla V100-PCIE-16GB, 58 %, 4 %, 548 MiB, 16384 MiB, 47
2026/08/13 13:55:51.681, Tesla V100-PCIE-16GB, 58 %, 4 %, 548 MiB, 16384 MiB, 47
2026/08/13 13:56:01.682, Tesla V100-PCIE-16GB, 58 %, 4 %, 548 MiB, 16384 MiB, 47
2026/08/13 13:56:11.683, Tesla V100-PCIE-16GB, 58 %, 4 %, 548 MiB, 16384 MiB, 46
2026/08/13 13:56:21.685, Tesla V100-PCIE-16GB, 57 %, 4 %, 548 MiB, 16384 MiB, 47
2026/08/13 13:56:31.686, Tesla V100-PCIE-16GB, 59 %, 4 %, 548 MiB, 16384 MiB, 46
2026/08/13 13:56:41.753, Tesla V100-PCIE-16GB, 57 %, 4 %, 548 MiB, 16384 MiB, 46
2026/08/13 13:56:51.755, Tesla V100-PCIE-16GB, 58 %, 4 %, 548 MiB, 16384 MiB, 47
2026/08/13 13:57:01.756, Tesla V100-PCIE-16GB, 54 %, 4 %, 548 MiB, 16384 MiB, 46
2026/08/13 13:57:11.757, Tesla V100-PCIE-16GB, 58 %, 4 %, 548 MiB, 16384 MiB, 46
2026/08/13 13:57:21.758, Tesla V100-PCIE-16GB, 57 %, 4 %, 548 MiB, 16384 MiB, 46
2026/08/13 13:57:31.759, Tesla V100-PCIE-16GB, 57 %, 4 %, 548 MiB, 16384 MiB, 46
2026/08/13 13:57:41.760, Tesla V100-PCIE-16GB, 57 %, 4 %, 550 MiB, 16384 MiB, 46
2026/08/13 13:57:51.761, Tesla V100-PCIE-16GB, 56 %, 4 %, 550 MiB, 16384 MiB, 46
2026/08/13 13:58:01.762, Tesla V100-PCIE-16GB, 58 %, 4 %, 550 MiB, 16384 MiB, 46
2026/08/13 13:58:11.764, Tesla V100-PCIE-16GB, 58 %, 4 %, 550 MiB, 16384 MiB, 46
2026/08/13 13:58:21.765, Tesla V100-PCIE-16GB, 58 %, 4 %, 550 MiB, 16384 MiB, 47
2026/08/13 13:58:31.766, Tesla V100-PCIE-16GB, 58 %, 4 %, 550 MiB, 16384 MiB, 47
2026/08/13 13:58:41.767, Tesla V100-PCIE-16GB, 58 %, 4 %, 550 MiB, 16384 MiB, 47
2026/08/13 13:58:51.768, Tesla V100-PCIE-16GB, 58 %, 4 %, 550 MiB, 16384 MiB, 47
2026/08/13 13:59:01.769, Tesla V100-PCIE-16GB, 58 %, 4 %, 550 MiB, 16384 MiB, 47
2026/08/13 13:59:11.770, Tesla V100-PCIE-16GB, 58 %, 4 %, 550 MiB, 16384 MiB, 47
2026/08/13 13:59:21.772, Tesla V100-PCIE-16GB, 57 %, 4 %, 550 MiB, 16384 MiB, 47
2026/08/13 13:59:31.773, Tesla V100-PCIE-16GB, 23 %, 4 %, 550 MiB, 16384 MiB, 47
2026/08/13 13:59:41.774, Tesla V100-PCIE-16GB, 53 %, 4 %, 550 MiB, 16384 MiB, 46
2026/08/13 13:59:51.775, Tesla V100-PCIE-16GB, 57 %, 4 %, 550 MiB, 16384 MiB, 46
2026/08/13 14:00:01.781, Tesla V100-PCIE-16GB, 57 %, 4 %, 550 MiB, 16384 MiB, 46
2026/08/13 14:00:11.782, Tesla V100-PCIE-16GB, 58 %, 4 %, 550 MiB, 16384 MiB, 47
2026/08/13 14:00:21.783, Tesla V100-PCIE-16GB, 58 %, 4 %, 550 MiB, 16384 MiB, 47
2026/08/13 14:00:31.785, Tesla V100-PCIE-16GB, 58 %, 4 %, 550 MiB, 16384 MiB, 46
2026/08/13 14:00:41.786, Tesla V100-PCIE-16GB, 58 %, 4 %, 550 MiB, 16384 MiB, 46
2026/08/13 14:00:51.787, Tesla V100-PCIE-16GB, 56 %, 4 %, 550 MiB, 16384 MiB, 46
2026/08/13 14:01:01.788, Tesla V100-PCIE-16GB, 57 %, 4 %, 550 MiB, 16384 MiB, 46
2026/08/13 14:01:11.789, Tesla V100-PCIE-16GB, 57 %, 4 %, 550 MiB, 16384 MiB, 46
2026/08/13 14:01:21.791, Tesla V100-PCIE-16GB, 57 %, 4 %, 550 MiB, 16384 MiB, 46
2026/08/13 14:01:31.792, Tesla V100-PCIE-16GB, 59 %, 4 %, 550 MiB, 16384 MiB, 46
2026/08/13 14:01:41.793, Tesla V100-PCIE-16GB, 58 %, 4 %, 550 MiB, 16384 MiB, 47
2026/08/13 14:01:51.794, Tesla V100-PCIE-16GB, 44 %, 3 %, 550 MiB, 16384 MiB, 47
2026/08/13 14:02:01.796, Tesla V100-PCIE-16GB, 57 %, 4 %, 550 MiB, 16384 MiB, 46
2026/08/13 14:02:11.797, Tesla V100-PCIE-16GB, 58 %, 4 %, 550 MiB, 16384 MiB, 46
2026/08/13 14:02:21.798, Tesla V100-PCIE-16GB, 58 %, 4 %, 550 MiB, 16384 MiB, 46
2026/08/13 14:02:31.799, Tesla V100-PCIE-16GB, 56 %, 4 %, 550 MiB, 16384 MiB, 47
2026/08/13 14:02:41.801, Tesla V100-PCIE-16GB, 58 %, 4 %, 550 MiB, 16384 MiB, 47
2026/08/13 14:02:51.802, Tesla V100-PCIE-16GB, 57 %, 4 %, 550 MiB, 16384 MiB, 47
2026/08/13 14:03:01.803, Tesla V100-PCIE-16GB, 58 %, 4 %, 550 MiB, 16384 MiB, 47
2026/08/13 14:03:11.804, Tesla V100-PCIE-16GB, 58 %, 4 %, 550 MiB, 16384 MiB, 47
2026/08/13 14:03:21.805, Tesla V100-PCIE-16GB, 25 %, 5 %, 550 MiB, 16384 MiB, 47
2026/08/13 14:03:31.807, Tesla V100-PCIE-16GB, 58 %, 4 %, 550 MiB, 16384 MiB, 47
2026/08/13 14:03:41.808, Tesla V100-PCIE-16GB, 56 %, 4 %, 550 MiB, 16384 MiB, 47
2026/08/13 14:03:51.833, Tesla V100-PCIE-16GB, 58 %, 4 %, 550 MiB, 16384 MiB, 47
2026/08/13 14:04:01.834, Tesla V100-PCIE-16GB, 55 %, 4 %, 550 MiB, 16384 MiB, 47
2026/08/13 14:04:11.835, Tesla V100-PCIE-16GB, 58 %, 4 %, 550 MiB, 16384 MiB, 47
2026/08/13 14:04:21.836, Tesla V100-PCIE-16GB, 56 %, 4 %, 550 MiB, 16384 MiB, 47
2026/08/13 14:04:31.838, Tesla V100-PCIE-16GB, 58 %, 4 %, 550 MiB, 16384 MiB, 47
2026/08/13 14:04:41.894, Tesla V100-PCIE-16GB, 58 %, 4 %, 550 MiB, 16384 MiB, 47
2026/08/13 14:04:51.895, Tesla V100-PCIE-16GB, 56 %, 4 %, 550 MiB, 16384 MiB, 47
2026/08/13 14:05:01.896, Tesla V100-PCIE-16GB, 55 %, 4 %, 550 MiB, 16384 MiB, 47
2026/08/13 14:05:11.897, Tesla V100-PCIE-16GB, 58 %, 4 %, 550 MiB, 16384 MiB, 47
2026/08/13 14:05:21.898, Tesla V100-PCIE-16GB, 58 %, 4 %, 550 MiB, 16384 MiB, 47
2026/08/13 14:05:31.899, Tesla V100-PCIE-16GB, 57 %, 4 %, 550 MiB, 16384 MiB, 47
2026/08/13 14:05:41.900, Tesla V100-PCIE-16GB, 59 %, 4 %, 550 MiB, 16384 MiB, 47
2026/08/13 14:05:51.902, Tesla V100-PCIE-16GB, 57 %, 4 %, 550 MiB, 16384 MiB, 47
2026/08/13 14:06:01.910, Tesla V100-PCIE-16GB, 58 %, 4 %, 550 MiB, 16384 MiB, 46
2026/08/13 14:06:11.911, Tesla V100-PCIE-16GB, 58 %, 4 %, 550 MiB, 16384 MiB, 47
2026/08/13 14:06:21.913, Tesla V100-PCIE-16GB, 58 %, 4 %, 550 MiB, 16384 MiB, 46
2026/08/13 14:06:31.914, Tesla V100-PCIE-16GB, 58 %, 4 %, 550 MiB, 16384 MiB, 47
2026/08/13 14:06:41.915, Tesla V100-PCIE-16GB, 57 %, 4 %, 550 MiB, 16384 MiB, 47
2026/08/13 14:06:51.916, Tesla V100-PCIE-16GB, 59 %, 4 %, 550 MiB, 16384 MiB, 47
2026/08/13 14:07:01.917, Tesla V100-PCIE-16GB, 58 %, 4 %, 550 MiB, 16384 MiB, 47
2026/08/13 14:07:11.918, Tesla V100-PCIE-16GB, 22 %, 4 %, 550 MiB, 16384 MiB, 47
2026/08/13 14:07:21.919, Tesla V100-PCIE-16GB, 57 %, 4 %, 550 MiB, 16384 MiB, 47
2026/08/13 14:07:31.920, Tesla V100-PCIE-16GB, 58 %, 4 %, 550 MiB, 16384 MiB, 47
2026/08/13 14:07:41.922, Tesla V100-PCIE-16GB, 55 %, 4 %, 550 MiB, 16384 MiB, 47
2026/08/13 14:07:51.923, Tesla V100-PCIE-16GB, 57 %, 4 %, 550 MiB, 16384 MiB, 47
2026/08/13 14:08:02.004, Tesla V100-PCIE-16GB, 57 %, 4 %, 550 MiB, 16384 MiB, 47
2026/08/13 14:08:12.005, Tesla V100-PCIE-16GB, 58 %, 4 %, 550 MiB, 16384 MiB, 47
2026/08/13 14:08:22.006, Tesla V100-PCIE-16GB, 55 %, 4 %, 550 MiB, 16384 MiB, 46
2026/08/13 14:08:32.007, Tesla V100-PCIE-16GB, 57 %, 4 %, 550 MiB, 16384 MiB, 47
2026/08/13 14:08:42.008, Tesla V100-PCIE-16GB, 58 %, 4 %, 550 MiB, 16384 MiB, 47
2026/08/13 14:08:52.009, Tesla V100-PCIE-16GB, 58 %, 4 %, 550 MiB, 16384 MiB, 47
2026/08/13 14:09:02.011, Tesla V100-PCIE-16GB, 58 %, 4 %, 550 MiB, 16384 MiB, 47
2026/08/13 14:09:12.012, Tesla V100-PCIE-16GB, 58 %, 4 %, 550 MiB, 16384 MiB, 46
2026/08/13 14:09:22.013, Tesla V100-PCIE-16GB, 58 %, 4 %, 550 MiB, 16384 MiB, 47
2026/08/13 14:09:32.014, Tesla V100-PCIE-16GB, 57 %, 4 %, 550 MiB, 16384 MiB, 46
2026/08/13 14:09:42.015, Tesla V100-PCIE-16GB, 58 %, 4 %, 550 MiB, 16384 MiB, 46
2026/08/13 14:09:52.016, Tesla V100-PCIE-16GB, 57 %, 4 %, 550 MiB, 16384 MiB, 47
2026/08/13 14:10:02.093, Tesla V100-PCIE-16GB, 56 %, 4 %, 550 MiB, 16384 MiB, 46
2026/08/13 14:10:12.094, Tesla V100-PCIE-16GB, 54 %, 4 %, 550 MiB, 16384 MiB, 46
2026/08/13 14:10:22.095, Tesla V100-PCIE-16GB, 53 %, 4 %, 550 MiB, 16384 MiB, 46
2026/08/13 14:10:32.096, Tesla V100-PCIE-16GB, 58 %, 4 %, 550 MiB, 16384 MiB, 46
2026/08/13 14:10:42.097, Tesla V100-PCIE-16GB, 59 %, 4 %, 550 MiB, 16384 MiB, 46
2026/08/13 14:10:52.098, Tesla V100-PCIE-16GB, 57 %, 4 %, 550 MiB, 16384 MiB, 46
2026/08/13 14:11:02.099, Tesla V100-PCIE-16GB, 25 %, 5 %, 550 MiB, 16384 MiB, 46
2026/08/13 14:11:12.101, Tesla V100-PCIE-16GB, 58 %, 4 %, 550 MiB, 16384 MiB, 47
2026/08/13 14:11:22.102, Tesla V100-PCIE-16GB, 57 %, 4 %, 550 MiB, 16384 MiB, 46
2026/08/13 14:11:32.103, Tesla V100-PCIE-16GB, 58 %, 4 %, 550 MiB, 16384 MiB, 47
2026/08/13 14:11:42.104, Tesla V100-PCIE-16GB, 54 %, 4 %, 550 MiB, 16384 MiB, 47
2026/08/13 14:11:52.105, Tesla V100-PCIE-16GB, 58 %, 4 %, 550 MiB, 16384 MiB, 47
2026/08/13 14:12:02.182, Tesla V100-PCIE-16GB, 57 %, 4 %, 550 MiB, 16384 MiB, 47
2026/08/13 14:12:12.183, Tesla V100-PCIE-16GB, 58 %, 4 %, 550 MiB, 16384 MiB, 47
2026/08/13 14:12:22.184, Tesla V100-PCIE-16GB, 58 %, 4 %, 550 MiB, 16384 MiB, 46
2026/08/13 14:12:32.191, Tesla V100-PCIE-16GB, 58 %, 4 %, 550 MiB, 16384 MiB, 47
2026/08/13 14:12:42.192, Tesla V100-PCIE-16GB, 58 %, 4 %, 550 MiB, 16384 MiB, 47
2026/08/13 14:12:52.194, Tesla V100-PCIE-16GB, 57 %, 4 %, 550 MiB, 16384 MiB, 47
2026/08/13 14:13:02.195, Tesla V100-PCIE-16GB, 58 %, 4 %, 550 MiB, 16384 MiB, 47
2026/08/13 14:13:12.196, Tesla V100-PCIE-16GB, 57 %, 4 %, 550 MiB, 16384 MiB, 47
2026/08/13 14:13:22.197, Tesla V100-PCIE-16GB, 59 %, 4 %, 550 MiB, 16384 MiB, 47
2026/08/13 14:13:32.198, Tesla V100-PCIE-16GB, 57 %, 4 %, 550 MiB, 16384 MiB, 46
2026/08/13 14:13:42.199, Tesla V100-PCIE-16GB, 58 %, 4 %, 550 MiB, 16384 MiB, 47
2026/08/13 14:13:52.200, Tesla V100-PCIE-16GB, 57 %, 4 %, 550 MiB, 16384 MiB, 46
2026/08/13 14:14:02.255, Tesla V100-PCIE-16GB, 56 %, 4 %, 550 MiB, 16384 MiB, 46
2026/08/13 14:14:12.257, Tesla V100-PCIE-16GB, 58 %, 4 %, 550 MiB, 16384 MiB, 46
2026/08/13 14:14:22.258, Tesla V100-PCIE-16GB, 56 %, 4 %, 550 MiB, 16384 MiB, 46
2026/08/13 14:14:32.259, Tesla V100-PCIE-16GB, 60 %, 4 %, 550 MiB, 16384 MiB, 47
2026/08/13 14:14:42.260, Tesla V100-PCIE-16GB, 58 %, 4 %, 550 MiB, 16384 MiB, 46
2026/08/13 14:14:52.261, Tesla V100-PCIE-16GB, 25 %, 5 %, 550 MiB, 16384 MiB, 47
2026/08/13 14:15:02.262, Tesla V100-PCIE-16GB, 58 %, 4 %, 550 MiB, 16384 MiB, 46
2026/08/13 14:15:12.267, Tesla V100-PCIE-16GB, 58 %, 4 %, 550 MiB, 16384 MiB, 46
2026/08/13 14:15:22.268, Tesla V100-PCIE-16GB, 58 %, 4 %, 550 MiB, 16384 MiB, 47
2026/08/13 14:15:32.270, Tesla V100-PCIE-16GB, 57 %, 4 %, 550 MiB, 16384 MiB, 46
2026/08/13 14:15:42.271, Tesla V100-PCIE-16GB, 58 %, 4 %, 550 MiB, 16384 MiB, 46
2026/08/13 14:15:52.272, Tesla V100-PCIE-16GB, 57 %, 4 %, 550 MiB, 16384 MiB, 46
2026/08/13 14:16:02.274, Tesla V100-PCIE-16GB, 59 %, 4 %, 550 MiB, 16384 MiB, 46
2026/08/13 14:16:12.275, Tesla V100-PCIE-16GB, 58 %, 4 %, 550 MiB, 16384 MiB, 46
2026/08/13 14:16:22.276, Tesla V100-PCIE-16GB, 57 %, 4 %, 550 MiB, 16384 MiB, 46
2026/08/13 14:16:32.277, Tesla V100-PCIE-16GB, 58 %, 4 %, 550 MiB, 16384 MiB, 46
2026/08/13 14:16:42.279, Tesla V100-PCIE-16GB, 57 %, 4 %, 550 MiB, 16384 MiB, 46
2026/08/13 14:16:52.280, Tesla V100-PCIE-16GB, 58 %, 4 %, 550 MiB, 16384 MiB, 46
2026/08/13 14:17:02.281, Tesla V100-PCIE-16GB, 57 %, 4 %, 550 MiB, 16384 MiB, 46
2026/08/13 14:17:12.282, Tesla V100-PCIE-16GB, 57 %, 4 %, 550 MiB, 16384 MiB, 46
2026/08/13 14:17:22.283, Tesla V100-PCIE-16GB, 57 %, 4 %, 550 MiB, 16384 MiB, 46
2026/08/13 14:17:32.285, Tesla V100-PCIE-16GB, 57 %, 4 %, 550 MiB, 16384 MiB, 47
2026/08/13 14:17:42.286, Tesla V100-PCIE-16GB, 58 %, 4 %, 550 MiB, 16384 MiB, 46
2026/08/13 14:17:52.287, Tesla V100-PCIE-16GB, 57 %, 4 %, 550 MiB, 16384 MiB, 47
2026/08/13 14:18:02.367, Tesla V100-PCIE-16GB, 57 %, 4 %, 550 MiB, 16384 MiB, 47
2026/08/13 14:18:12.368, Tesla V100-PCIE-16GB, 56 %, 4 %, 550 MiB, 16384 MiB, 46
2026/08/13 14:18:22.370, Tesla V100-PCIE-16GB, 58 %, 4 %, 550 MiB, 16384 MiB, 46
2026/08/13 14:18:32.371, Tesla V100-PCIE-16GB, 57 %, 4 %, 550 MiB, 16384 MiB, 47
2026/08/13 14:18:42.373, Tesla V100-PCIE-16GB, 37 %, 3 %, 550 MiB, 16384 MiB, 47
2026/08/13 14:18:52.374, Tesla V100-PCIE-16GB, 58 %, 4 %, 550 MiB, 16384 MiB, 46
2026/08/13 14:19:02.375, Tesla V100-PCIE-16GB, 57 %, 4 %, 550 MiB, 16384 MiB, 46
2026/08/13 14:19:12.376, Tesla V100-PCIE-16GB, 58 %, 4 %, 550 MiB, 16384 MiB, 46
2026/08/13 14:19:22.459, Tesla V100-PCIE-16GB, 38 %, 3 %, 550 MiB, 16384 MiB, 47
2026/08/13 14:19:32.460, Tesla V100-PCIE-16GB, 58 %, 4 %, 550 MiB, 16384 MiB, 47
2026/08/13 14:19:42.461, Tesla V100-PCIE-16GB, 58 %, 4 %, 550 MiB, 16384 MiB, 47
2026/08/13 14:19:52.462, Tesla V100-PCIE-16GB, 58 %, 4 %, 550 MiB, 16384 MiB, 47
2026/08/13 14:20:02.480, Tesla V100-PCIE-16GB, 58 %, 4 %, 550 MiB, 16384 MiB, 47
2026/08/13 14:20:12.481, Tesla V100-PCIE-16GB, 56 %, 4 %, 550 MiB, 16384 MiB, 47
2026/08/13 14:20:22.482, Tesla V100-PCIE-16GB, 58 %, 4 %, 550 MiB, 16384 MiB, 47
2026/08/13 14:20:32.483, Tesla V100-PCIE-16GB, 58 %, 4 %, 550 MiB, 16384 MiB, 47
2026/08/13 14:20:42.485, Tesla V100-PCIE-16GB, 58 %, 4 %, 550 MiB, 16384 MiB, 47
2026/08/13 14:20:52.486, Tesla V100-PCIE-16GB, 58 %, 4 %, 550 MiB, 16384 MiB, 47
2026/08/13 14:21:02.573, Tesla V100-PCIE-16GB, 59 %, 4 %, 550 MiB, 16384 MiB, 47
2026/08/13 14:21:12.574, Tesla V100-PCIE-16GB, 54 %, 4 %, 550 MiB, 16384 MiB, 47
2026/08/13 14:21:22.575, Tesla V100-PCIE-16GB, 58 %, 4 %, 550 MiB, 16384 MiB, 47
2026/08/13 14:21:32.576, Tesla V100-PCIE-16GB, 58 %, 4 %, 550 MiB, 16384 MiB, 47
2026/08/13 14:21:42.577, Tesla V100-PCIE-16GB, 58 %, 4 %, 550 MiB, 16384 MiB, 47
2026/08/13 14:21:52.578, Tesla V100-PCIE-16GB, 59 %, 4 %, 550 MiB, 16384 MiB, 47
2026/08/13 14:22:02.580, Tesla V100-PCIE-16GB, 58 %, 4 %, 550 MiB, 16384 MiB, 47
2026/08/13 14:22:12.581, Tesla V100-PCIE-16GB, 58 %, 4 %, 550 MiB, 16384 MiB, 47
2026/08/13 14:22:22.582, Tesla V100-PCIE-16GB, 58 %, 4 %, 550 MiB, 16384 MiB, 47
2026/08/13 14:22:32.584, Tesla V100-PCIE-16GB, 58 %, 4 %, 550 MiB, 16384 MiB, 47
2026/08/13 14:22:42.585, Tesla V100-PCIE-16GB, 58 %, 4 %, 550 MiB, 16384 MiB, 47
2026/08/13 14:22:52.586, Tesla V100-PCIE-16GB, 58 %, 4 %, 550 MiB, 16384 MiB, 47
2026/08/13 14:23:02.588, Tesla V100-PCIE-16GB, 58 %, 4 %, 550 MiB, 16384 MiB, 47
2026/08/13 14:23:12.589, Tesla V100-PCIE-16GB, 57 %, 4 %, 550 MiB, 16384 MiB, 47
2026/08/13 14:23:22.665, Tesla V100-PCIE-16GB, 58 %, 4 %, 550 MiB, 16384 MiB, 47
2026/08/13 14:23:32.666, Tesla V100-PCIE-16GB, 58 %, 4 %, 550 MiB, 16384 MiB, 47
2026/08/13 14:23:42.667, Tesla V100-PCIE-16GB, 59 %, 4 %, 550 MiB, 16384 MiB, 47
2026/08/13 14:23:52.668, Tesla V100-PCIE-16GB, 58 %, 4 %, 550 MiB, 16384 MiB, 47
2026/08/13 14:24:02.700, Tesla V100-PCIE-16GB, 56 %, 4 %, 550 MiB, 16384 MiB, 47
2026/08/13 14:24:12.701, Tesla V100-PCIE-16GB, 58 %, 4 %, 550 MiB, 16384 MiB, 47
2026/08/13 14:24:22.703, Tesla V100-PCIE-16GB, 57 %, 4 %, 550 MiB, 16384 MiB, 47
2026/08/13 14:24:32.704, Tesla V100-PCIE-16GB, 57 %, 4 %, 550 MiB, 16384 MiB, 47
2026/08/13 14:24:42.705, Tesla V100-PCIE-16GB, 57 %, 4 %, 550 MiB, 16384 MiB, 47
2026/08/13 14:24:52.707, Tesla V100-PCIE-16GB, 58 %, 4 %, 550 MiB, 16384 MiB, 47
2026/08/13 14:25:02.709, Tesla V100-PCIE-16GB, 56 %, 4 %, 550 MiB, 16384 MiB, 47
2026/08/13 14:25:12.710, Tesla V100-PCIE-16GB, 57 %, 4 %, 550 MiB, 16384 MiB, 47
2026/08/13 14:25:22.803, Tesla V100-PCIE-16GB, 55 %, 4 %, 550 MiB, 16384 MiB, 47
2026/08/13 14:25:32.804, Tesla V100-PCIE-16GB, 57 %, 4 %, 550 MiB, 16384 MiB, 47
2026/08/13 14:25:42.805, Tesla V100-PCIE-16GB, 58 %, 4 %, 550 MiB, 16384 MiB, 47
2026/08/13 14:25:52.806, Tesla V100-PCIE-16GB, 58 %, 4 %, 550 MiB, 16384 MiB, 47
2026/08/13 14:26:02.808, Tesla V100-PCIE-16GB, 58 %, 4 %, 550 MiB, 16384 MiB, 47
2026/08/13 14:26:12.809, Tesla V100-PCIE-16GB, 58 %, 4 %, 550 MiB, 16384 MiB, 47
2026/08/13 14:26:22.810, Tesla V100-PCIE-16GB, 58 %, 4 %, 550 MiB, 16384 MiB, 47
2026/08/13 14:26:32.811, Tesla V100-PCIE-16GB, 57 %, 4 %, 550 MiB, 16384 MiB, 47
2026/08/13 14:26:42.813, Tesla V100-PCIE-16GB, 55 %, 4 %, 550 MiB, 16384 MiB, 47
2026/08/13 14:26:52.814, Tesla V100-PCIE-16GB, 58 %, 4 %, 550 MiB, 16384 MiB, 47
2026/08/13 14:27:02.815, Tesla V100-PCIE-16GB, 56 %, 4 %, 550 MiB, 16384 MiB, 47
2026/08/13 14:27:12.816, Tesla V100-PCIE-16GB, 58 %, 4 %, 550 MiB, 16384 MiB, 47
2026/08/13 14:27:22.909, Tesla V100-PCIE-16GB, 58 %, 4 %, 550 MiB, 16384 MiB, 47
2026/08/13 14:27:32.910, Tesla V100-PCIE-16GB, 25 %, 5 %, 550 MiB, 16384 MiB, 47
2026/08/13 14:27:42.911, Tesla V100-PCIE-16GB, 57 %, 4 %, 550 MiB, 16384 MiB, 47
2026/08/13 14:27:52.913, Tesla V100-PCIE-16GB, 57 %, 4 %, 550 MiB, 16384 MiB, 47
2026/08/13 14:28:02.914, Tesla V100-PCIE-16GB, 58 %, 4 %, 550 MiB, 16384 MiB, 47
2026/08/13 14:28:12.916, Tesla V100-PCIE-16GB, 57 %, 4 %, 550 MiB, 16384 MiB, 47
2026/08/13 14:28:22.917, Tesla V100-PCIE-16GB, 59 %, 4 %, 550 MiB, 16384 MiB, 47
2026/08/13 14:28:32.918, Tesla V100-PCIE-16GB, 56 %, 4 %, 550 MiB, 16384 MiB, 47
2026/08/13 14:28:42.919, Tesla V100-PCIE-16GB, 59 %, 4 %, 550 MiB, 16384 MiB, 47
2026/08/13 14:28:52.920, Tesla V100-PCIE-16GB, 54 %, 4 %, 550 MiB, 16384 MiB, 47
2026/08/13 14:29:02.922, Tesla V100-PCIE-16GB, 57 %, 4 %, 550 MiB, 16384 MiB, 47
2026/08/13 14:29:12.923, Tesla V100-PCIE-16GB, 57 %, 4 %, 550 MiB, 16384 MiB, 47
2026/08/13 14:29:22.925, Tesla V100-PCIE-16GB, 57 %, 4 %, 550 MiB, 16384 MiB, 47
2026/08/13 14:29:32.926, Tesla V100-PCIE-16GB, 58 %, 4 %, 550 MiB, 16384 MiB, 47
2026/08/13 14:29:42.927, Tesla V100-PCIE-16GB, 57 %, 4 %, 550 MiB, 16384 MiB, 47
2026/08/13 14:29:52.928, Tesla V100-PCIE-16GB, 58 %, 4 %, 550 MiB, 16384 MiB, 47
2026/08/13 14:30:02.929, Tesla V100-PCIE-16GB, 58 %, 4 %, 550 MiB, 16384 MiB, 47
2026/08/13 14:30:12.931, Tesla V100-PCIE-16GB, 57 %, 4 %, 550 MiB, 16384 MiB, 47
2026/08/13 14:30:22.932, Tesla V100-PCIE-16GB, 58 %, 4 %, 550 MiB, 16384 MiB, 47
2026/08/13 14:30:32.933, Tesla V100-PCIE-16GB, 57 %, 4 %, 550 MiB, 16384 MiB, 47
2026/08/13 14:30:42.934, Tesla V100-PCIE-16GB, 58 %, 4 %, 550 MiB, 16384 MiB, 47
2026/08/13 14:30:52.935, Tesla V100-PCIE-16GB, 57 %, 4 %, 550 MiB, 16384 MiB, 47
2026/08/13 14:31:02.936, Tesla V100-PCIE-16GB, 57 %, 4 %, 550 MiB, 16384 MiB, 47
2026/08/13 14:31:12.938, Tesla V100-PCIE-16GB, 57 %, 4 %, 550 MiB, 16384 MiB, 47
2026/08/13 14:31:22.955, Tesla V100-PCIE-16GB, 36 %, 3 %, 550 MiB, 16384 MiB, 47
2026/08/13 14:31:32.957, Tesla V100-PCIE-16GB, 58 %, 4 %, 550 MiB, 16384 MiB, 47
2026/08/13 14:31:42.962, Tesla V100-PCIE-16GB, 57 %, 4 %, 550 MiB, 16384 MiB, 47
2026/08/13 14:31:52.963, Tesla V100-PCIE-16GB, 58 %, 4 %, 550 MiB, 16384 MiB, 47
2026/08/13 14:32:02.964, Tesla V100-PCIE-16GB, 57 %, 4 %, 550 MiB, 16384 MiB, 47
2026/08/13 14:32:12.965, Tesla V100-PCIE-16GB, 58 %, 4 %, 550 MiB, 16384 MiB, 47
2026/08/13 14:32:22.966, Tesla V100-PCIE-16GB, 57 %, 4 %, 550 MiB, 16384 MiB, 47
2026/08/13 14:32:32.967, Tesla V100-PCIE-16GB, 42 %, 3 %, 550 MiB, 16384 MiB, 47
2026/08/13 14:32:42.969, Tesla V100-PCIE-16GB, 57 %, 4 %, 550 MiB, 16384 MiB, 47
2026/08/13 14:32:52.970, Tesla V100-PCIE-16GB, 57 %, 4 %, 550 MiB, 16384 MiB, 47
2026/08/13 14:33:02.971, Tesla V100-PCIE-16GB, 58 %, 4 %, 550 MiB, 16384 MiB, 47
2026/08/13 14:33:12.972, Tesla V100-PCIE-16GB, 55 %, 4 %, 550 MiB, 16384 MiB, 47
2026/08/13 14:33:22.999, Tesla V100-PCIE-16GB, 58 %, 4 %, 550 MiB, 16384 MiB, 47
2026/08/13 14:33:33.001, Tesla V100-PCIE-16GB, 57 %, 4 %, 550 MiB, 16384 MiB, 47
2026/08/13 14:33:43.002, Tesla V100-PCIE-16GB, 59 %, 4 %, 550 MiB, 16384 MiB, 47
2026/08/13 14:33:53.003, Tesla V100-PCIE-16GB, 58 %, 4 %, 550 MiB, 16384 MiB, 47
2026/08/13 14:34:03.005, Tesla V100-PCIE-16GB, 58 %, 4 %, 550 MiB, 16384 MiB, 47
2026/08/13 14:34:13.006, Tesla V100-PCIE-16GB, 58 %, 4 %, 550 MiB, 16384 MiB, 47
2026/08/13 14:34:23.007, Tesla V100-PCIE-16GB, 58 %, 4 %, 550 MiB, 16384 MiB, 47
2026/08/13 14:34:33.009, Tesla V100-PCIE-16GB, 58 %, 4 %, 550 MiB, 16384 MiB, 47
2026/08/13 14:34:43.010, Tesla V100-PCIE-16GB, 55 %, 4 %, 550 MiB, 16384 MiB, 47
2026/08/13 14:34:53.012, Tesla V100-PCIE-16GB, 58 %, 4 %, 550 MiB, 16384 MiB, 47
2026/08/13 14:35:03.013, Tesla V100-PCIE-16GB, 52 %, 4 %, 550 MiB, 16384 MiB, 47
2026/08/13 14:35:13.014, Tesla V100-PCIE-16GB, 57 %, 4 %, 550 MiB, 16384 MiB, 47
2026/08/13 14:35:23.015, Tesla V100-PCIE-16GB, 57 %, 4 %, 550 MiB, 16384 MiB, 47
2026/08/13 14:35:33.016, Tesla V100-PCIE-16GB, 58 %, 4 %, 550 MiB, 16384 MiB, 47
2026/08/13 14:35:43.017, Tesla V100-PCIE-16GB, 58 %, 4 %, 550 MiB, 16384 MiB, 47
2026/08/13 14:35:53.018, Tesla V100-PCIE-16GB, 57 %, 4 %, 550 MiB, 16384 MiB, 47
2026/08/13 14:36:03.021, Tesla V100-PCIE-16GB, 59 %, 4 %, 550 MiB, 16384 MiB, 47
2026/08/13 14:36:13.022, Tesla V100-PCIE-16GB, 57 %, 4 %, 550 MiB, 16384 MiB, 47
2026/08/13 14:36:23.023, Tesla V100-PCIE-16GB, 24 %, 4 %, 550 MiB, 16384 MiB, 47
2026/08/13 14:36:33.024, Tesla V100-PCIE-16GB, 58 %, 4 %, 550 MiB, 16384 MiB, 47
2026/08/13 14:36:43.025, Tesla V100-PCIE-16GB, 57 %, 4 %, 550 MiB, 16384 MiB, 47
2026/08/13 14:36:53.030, Tesla V100-PCIE-16GB, 56 %, 4 %, 550 MiB, 16384 MiB, 47
2026/08/13 14:37:03.031, Tesla V100-PCIE-16GB, 58 %, 4 %, 550 MiB, 16384 MiB, 47
2026/08/13 14:37:13.032, Tesla V100-PCIE-16GB, 58 %, 4 %, 550 MiB, 16384 MiB, 47
2026/08/13 14:37:23.034, Tesla V100-PCIE-16GB, 56 %, 4 %, 550 MiB, 16384 MiB, 47
2026/08/13 14:37:33.035, Tesla V100-PCIE-16GB, 59 %, 4 %, 550 MiB, 16384 MiB, 47
2026/08/13 14:37:43.036, Tesla V100-PCIE-16GB, 57 %, 4 %, 550 MiB, 16384 MiB, 47
2026/08/13 14:37:53.037, Tesla V100-PCIE-16GB, 58 %, 4 %, 550 MiB, 16384 MiB, 47
2026/08/13 14:38:03.039, Tesla V100-PCIE-16GB, 57 %, 4 %, 550 MiB, 16384 MiB, 47
2026/08/13 14:38:13.040, Tesla V100-PCIE-16GB, 56 %, 4 %, 550 MiB, 16384 MiB, 47
2026/08/13 14:38:23.063, Tesla V100-PCIE-16GB, 59 %, 4 %, 550 MiB, 16384 MiB, 47
2026/08/13 14:38:33.064, Tesla V100-PCIE-16GB, 57 %, 4 %, 550 MiB, 16384 MiB, 47
2026/08/13 14:38:43.065, Tesla V100-PCIE-16GB, 58 %, 4 %, 550 MiB, 16384 MiB, 47
2026/08/13 14:38:53.067, Tesla V100-PCIE-16GB, 58 %, 4 %, 550 MiB, 16384 MiB, 47
2026/08/13 14:39:03.068, Tesla V100-PCIE-16GB, 57 %, 4 %, 550 MiB, 16384 MiB, 47
2026/08/13 14:39:13.069, Tesla V100-PCIE-16GB, 57 %, 4 %, 550 MiB, 16384 MiB, 47
2026/08/13 14:39:23.070, Tesla V100-PCIE-16GB, 57 %, 4 %, 550 MiB, 16384 MiB, 47
2026/08/13 14:39:33.072, Tesla V100-PCIE-16GB, 57 %, 4 %, 550 MiB, 16384 MiB, 47
2026/08/13 14:39:43.073, Tesla V100-PCIE-16GB, 58 %, 4 %, 550 MiB, 16384 MiB, 47
2026/08/13 14:39:53.074, Tesla V100-PCIE-16GB, 57 %, 4 %, 550 MiB, 16384 MiB, 47
2026/08/13 14:40:03.075, Tesla V100-PCIE-16GB, 57 %, 4 %, 550 MiB, 16384 MiB, 47
2026/08/13 14:40:13.077, Tesla V100-PCIE-16GB, 57 %, 4 %, 550 MiB, 16384 MiB, 47
2026/08/13 14:40:23.078, Tesla V100-PCIE-16GB, 58 %, 4 %, 550 MiB, 16384 MiB, 47
2026/08/13 14:40:33.079, Tesla V100-PCIE-16GB, 55 %, 4 %, 550 MiB, 16384 MiB, 47
2026/08/13 14:40:43.080, Tesla V100-PCIE-16GB, 56 %, 4 %, 550 MiB, 16384 MiB, 47
2026/08/13 14:40:53.082, Tesla V100-PCIE-16GB, 57 %, 4 %, 550 MiB, 16384 MiB, 47
2026/08/13 14:41:03.115, Tesla V100-PCIE-16GB, 58 %, 4 %, 550 MiB, 16384 MiB, 47
2026/08/13 14:41:13.117, Tesla V100-PCIE-16GB, 58 %, 4 %, 550 MiB, 16384 MiB, 47
2026/08/13 14:41:23.118, Tesla V100-PCIE-16GB, 59 %, 4 %, 550 MiB, 16384 MiB, 47
2026/08/13 14:41:33.119, Tesla V100-PCIE-16GB, 58 %, 4 %, 550 MiB, 16384 MiB, 47
2026/08/13 14:41:43.120, Tesla V100-PCIE-16GB, 56 %, 4 %, 550 MiB, 16384 MiB, 47
2026/08/13 14:41:53.121, Tesla V100-PCIE-16GB, 58 %, 4 %, 550 MiB, 16384 MiB, 47
2026/08/13 14:42:03.122, Tesla V100-PCIE-16GB, 58 %, 4 %, 550 MiB, 16384 MiB, 47
2026/08/13 14:42:13.124, Tesla V100-PCIE-16GB, 58 %, 4 %, 550 MiB, 16384 MiB, 47
2026/08/13 14:42:23.125, Tesla V100-PCIE-16GB, 57 %, 4 %, 550 MiB, 16384 MiB, 47
2026/08/13 14:42:33.126, Tesla V100-PCIE-16GB, 59 %, 4 %, 550 MiB, 16384 MiB, 47
2026/08/13 14:42:43.127, Tesla V100-PCIE-16GB, 57 %, 4 %, 550 MiB, 16384 MiB, 47
2026/08/13 14:42:53.138, Tesla V100-PCIE-16GB, 56 %, 4 %, 550 MiB, 16384 MiB, 47
2026/08/13 14:43:03.139, Tesla V100-PCIE-16GB, 57 %, 4 %, 550 MiB, 16384 MiB, 47
2026/08/13 14:43:13.141, Tesla V100-PCIE-16GB, 53 %, 4 %, 550 MiB, 16384 MiB, 47
2026/08/13 14:43:23.142, Tesla V100-PCIE-16GB, 58 %, 4 %, 550 MiB, 16384 MiB, 47
2026/08/13 14:43:33.143, Tesla V100-PCIE-16GB, 57 %, 4 %, 550 MiB, 16384 MiB, 47
2026/08/13 14:43:43.144, Tesla V100-PCIE-16GB, 57 %, 4 %, 550 MiB, 16384 MiB, 47
2026/08/13 14:43:53.145, Tesla V100-PCIE-16GB, 56 %, 4 %, 550 MiB, 16384 MiB, 47
2026/08/13 14:44:03.146, Tesla V100-PCIE-16GB, 57 %, 4 %, 550 MiB, 16384 MiB, 47
2026/08/13 14:44:13.148, Tesla V100-PCIE-16GB, 58 %, 4 %, 550 MiB, 16384 MiB, 47
2026/08/13 14:44:23.149, Tesla V100-PCIE-16GB, 58 %, 4 %, 550 MiB, 16384 MiB, 47
2026/08/13 14:44:33.150, Tesla V100-PCIE-16GB, 57 %, 4 %, 550 MiB, 16384 MiB, 47
2026/08/13 14:44:43.151, Tesla V100-PCIE-16GB, 57 %, 4 %, 550 MiB, 16384 MiB, 47
2026/08/13 14:44:53.275, Tesla V100-PCIE-16GB, 57 %, 4 %, 550 MiB, 16384 MiB, 47
2026/08/13 14:45:03.276, Tesla V100-PCIE-16GB, 58 %, 4 %, 550 MiB, 16384 MiB, 47
2026/08/13 14:45:13.277, Tesla V100-PCIE-16GB, 30 %, 3 %, 550 MiB, 16384 MiB, 47
2026/08/13 14:45:23.278, Tesla V100-PCIE-16GB, 57 %, 4 %, 550 MiB, 16384 MiB, 47
2026/08/13 14:45:33.279, Tesla V100-PCIE-16GB, 56 %, 4 %, 550 MiB, 16384 MiB, 47
2026/08/13 14:45:43.280, Tesla V100-PCIE-16GB, 57 %, 4 %, 550 MiB, 16384 MiB, 47
2026/08/13 14:45:53.282, Tesla V100-PCIE-16GB, 57 %, 4 %, 550 MiB, 16384 MiB, 47
2026/08/13 14:46:03.283, Tesla V100-PCIE-16GB, 58 %, 4 %, 550 MiB, 16384 MiB, 47
2026/08/13 14:46:13.284, Tesla V100-PCIE-16GB, 57 %, 4 %, 550 MiB, 16384 MiB, 47
2026/08/13 14:46:23.285, Tesla V100-PCIE-16GB, 58 %, 4 %, 550 MiB, 16384 MiB, 47
2026/08/13 14:46:33.286, Tesla V100-PCIE-16GB, 58 %, 4 %, 550 MiB, 16384 MiB, 47
2026/08/13 14:46:43.288, Tesla V100-PCIE-16GB, 55 %, 4 %, 550 MiB, 16384 MiB, 47
2026/08/13 14:46:53.289, Tesla V100-PCIE-16GB, 57 %, 4 %, 550 MiB, 16384 MiB, 47
2026/08/13 14:47:03.290, Tesla V100-PCIE-16GB, 57 %, 4 %, 550 MiB, 16384 MiB, 47
2026/08/13 14:47:13.291, Tesla V100-PCIE-16GB, 58 %, 4 %, 550 MiB, 16384 MiB, 47
2026/08/13 14:47:23.292, Tesla V100-PCIE-16GB, 57 %, 4 %, 550 MiB, 16384 MiB, 47
2026/08/13 14:47:33.294, Tesla V100-PCIE-16GB, 52 %, 4 %, 550 MiB, 16384 MiB, 47
2026/08/13 14:47:43.295, Tesla V100-PCIE-16GB, 55 %, 4 %, 550 MiB, 16384 MiB, 47
2026/08/13 14:47:53.296, Tesla V100-PCIE-16GB, 57 %, 4 %, 550 MiB, 16384 MiB, 47
2026/08/13 14:48:03.297, Tesla V100-PCIE-16GB, 57 %, 4 %, 550 MiB, 16384 MiB, 47
2026/08/13 14:48:13.299, Tesla V100-PCIE-16GB, 58 %, 4 %, 550 MiB, 16384 MiB, 47
2026/08/13 14:48:23.300, Tesla V100-PCIE-16GB, 58 %, 4 %, 550 MiB, 16384 MiB, 47
2026/08/13 14:48:33.301, Tesla V100-PCIE-16GB, 58 %, 4 %, 550 MiB, 16384 MiB, 47
2026/08/13 14:48:43.302, Tesla V100-PCIE-16GB, 58 %, 4 %, 550 MiB, 16384 MiB, 47
2026/08/13 14:48:53.303, Tesla V100-PCIE-16GB, 57 %, 4 %, 550 MiB, 16384 MiB, 47
2026/08/13 14:49:03.304, Tesla V100-PCIE-16GB, 24 %, 5 %, 550 MiB, 16384 MiB, 47
2026/08/13 14:49:13.306, Tesla V100-PCIE-16GB, 57 %, 4 %, 550 MiB, 16384 MiB, 47
2026/08/13 14:49:23.307, Tesla V100-PCIE-16GB, 57 %, 4 %, 550 MiB, 16384 MiB, 47
2026/08/13 14:49:33.308, Tesla V100-PCIE-16GB, 58 %, 4 %, 550 MiB, 16384 MiB, 47
2026/08/13 14:49:43.309, Tesla V100-PCIE-16GB, 58 %, 4 %, 550 MiB, 16384 MiB, 47
2026/08/13 14:49:53.310, Tesla V100-PCIE-16GB, 58 %, 4 %, 550 MiB, 16384 MiB, 47
2026/08/13 14:50:03.311, Tesla V100-PCIE-16GB, 55 %, 4 %, 550 MiB, 16384 MiB, 47
2026/08/13 14:50:13.313, Tesla V100-PCIE-16GB, 59 %, 4 %, 550 MiB, 16384 MiB, 47
2026/08/13 14:50:23.314, Tesla V100-PCIE-16GB, 56 %, 4 %, 550 MiB, 16384 MiB, 47
2026/08/13 14:50:33.315, Tesla V100-PCIE-16GB, 57 %, 4 %, 550 MiB, 16384 MiB, 47
2026/08/13 14:50:43.316, Tesla V100-PCIE-16GB, 57 %, 4 %, 550 MiB, 16384 MiB, 47
2026/08/13 14:50:53.402, Tesla V100-PCIE-16GB, 57 %, 4 %, 550 MiB, 16384 MiB, 47
2026/08/13 14:51:03.403, Tesla V100-PCIE-16GB, 57 %, 4 %, 550 MiB, 16384 MiB, 47
2026/08/13 14:51:13.404, Tesla V100-PCIE-16GB, 57 %, 4 %, 550 MiB, 16384 MiB, 47
2026/08/13 14:51:23.405, Tesla V100-PCIE-16GB, 58 %, 4 %, 550 MiB, 16384 MiB, 47
2026/08/13 14:51:33.410, Tesla V100-PCIE-16GB, 58 %, 4 %, 550 MiB, 16384 MiB, 47
2026/08/13 14:51:43.411, Tesla V100-PCIE-16GB, 57 %, 4 %, 550 MiB, 16384 MiB, 47
2026/08/13 14:51:53.412, Tesla V100-PCIE-16GB, 58 %, 4 %, 550 MiB, 16384 MiB, 47
2026/08/13 14:52:03.413, Tesla V100-PCIE-16GB, 56 %, 4 %, 550 MiB, 16384 MiB, 47
2026/08/13 14:52:13.414, Tesla V100-PCIE-16GB, 55 %, 4 %, 550 MiB, 16384 MiB, 47
2026/08/13 14:52:23.415, Tesla V100-PCIE-16GB, 57 %, 4 %, 550 MiB, 16384 MiB, 47
2026/08/13 14:52:33.417, Tesla V100-PCIE-16GB, 57 %, 4 %, 550 MiB, 16384 MiB, 47
2026/08/13 14:52:43.419, Tesla V100-PCIE-16GB, 57 %, 4 %, 550 MiB, 16384 MiB, 47
2026/08/13 14:52:53.420, Tesla V100-PCIE-16GB, 24 %, 5 %, 550 MiB, 16384 MiB, 47
2026/08/13 14:53:03.421, Tesla V100-PCIE-16GB, 57 %, 4 %, 550 MiB, 16384 MiB, 47
2026/08/13 14:53:13.422, Tesla V100-PCIE-16GB, 58 %, 4 %, 550 MiB, 16384 MiB, 47
2026/08/13 14:53:23.427, Tesla V100-PCIE-16GB, 58 %, 4 %, 550 MiB, 16384 MiB, 47
2026/08/13 14:53:33.428, Tesla V100-PCIE-16GB, 58 %, 4 %, 550 MiB, 16384 MiB, 47
2026/08/13 14:53:43.532, Tesla V100-PCIE-16GB, 58 %, 4 %, 550 MiB, 16384 MiB, 47
2026/08/13 14:53:53.533, Tesla V100-PCIE-16GB, 57 %, 4 %, 550 MiB, 16384 MiB, 47
2026/08/13 14:54:03.534, Tesla V100-PCIE-16GB, 60 %, 4 %, 550 MiB, 16384 MiB, 47
2026/08/13 14:54:13.535, Tesla V100-PCIE-16GB, 58 %, 4 %, 550 MiB, 16384 MiB, 47
2026/08/13 14:54:23.536, Tesla V100-PCIE-16GB, 53 %, 4 %, 550 MiB, 16384 MiB, 47
2026/08/13 14:54:33.537, Tesla V100-PCIE-16GB, 58 %, 4 %, 550 MiB, 16384 MiB, 47
2026/08/13 14:54:43.539, Tesla V100-PCIE-16GB, 58 %, 4 %, 550 MiB, 16384 MiB, 47
2026/08/13 14:54:53.540, Tesla V100-PCIE-16GB, 57 %, 4 %, 550 MiB, 16384 MiB, 47
2026/08/13 14:55:03.541, Tesla V100-PCIE-16GB, 58 %, 4 %, 550 MiB, 16384 MiB, 47
2026/08/13 14:55:13.542, Tesla V100-PCIE-16GB, 57 %, 4 %, 550 MiB, 16384 MiB, 47
2026/08/13 14:55:23.543, Tesla V100-PCIE-16GB, 57 %, 4 %, 550 MiB, 16384 MiB, 47
2026/08/13 14:55:33.544, Tesla V100-PCIE-16GB, 58 %, 4 %, 550 MiB, 16384 MiB, 47
2026/08/13 14:55:43.545, Tesla V100-PCIE-16GB, 57 %, 4 %, 550 MiB, 16384 MiB, 47
2026/08/13 14:55:53.546, Tesla V100-PCIE-16GB, 57 %, 4 %, 550 MiB, 16384 MiB, 47
2026/08/13 14:56:03.548, Tesla V100-PCIE-16GB, 58 %, 4 %, 550 MiB, 16384 MiB, 47
2026/08/13 14:56:13.555, Tesla V100-PCIE-16GB, 57 %, 4 %, 550 MiB, 16384 MiB, 47
2026/08/13 14:56:23.557, Tesla V100-PCIE-16GB, 59 %, 4 %, 550 MiB, 16384 MiB, 47
2026/08/13 14:56:33.558, Tesla V100-PCIE-16GB, 55 %, 4 %, 550 MiB, 16384 MiB, 47
2026/08/13 14:56:43.560, Tesla V100-PCIE-16GB, 25 %, 5 %, 550 MiB, 16384 MiB, 47
2026/08/13 14:56:53.561, Tesla V100-PCIE-16GB, 57 %, 4 %, 550 MiB, 16384 MiB, 47
2026/08/13 14:57:03.562, Tesla V100-PCIE-16GB, 56 %, 4 %, 550 MiB, 16384 MiB, 47
2026/08/13 14:57:13.563, Tesla V100-PCIE-16GB, 58 %, 4 %, 550 MiB, 16384 MiB, 47
2026/08/13 14:57:23.564, Tesla V100-PCIE-16GB, 57 %, 4 %, 550 MiB, 16384 MiB, 47
2026/08/13 14:57:33.603, Tesla V100-PCIE-16GB, 56 %, 4 %, 550 MiB, 16384 MiB, 47
2026/08/13 14:57:43.604, Tesla V100-PCIE-16GB, 58 %, 4 %, 550 MiB, 16384 MiB, 47
2026/08/13 14:57:53.605, Tesla V100-PCIE-16GB, 58 %, 4 %, 550 MiB, 16384 MiB, 47
2026/08/13 14:58:03.607, Tesla V100-PCIE-16GB, 55 %, 4 %, 550 MiB, 16384 MiB, 47
2026/08/13 14:58:13.608, Tesla V100-PCIE-16GB, 57 %, 4 %, 550 MiB, 16384 MiB, 47
2026/08/13 14:58:23.609, Tesla V100-PCIE-16GB, 58 %, 4 %, 550 MiB, 16384 MiB, 47
2026/08/13 14:58:33.611, Tesla V100-PCIE-16GB, 57 %, 4 %, 550 MiB, 16384 MiB, 47
2026/08/13 14:58:43.612, Tesla V100-PCIE-16GB, 58 %, 4 %, 550 MiB, 16384 MiB, 47
2026/08/13 14:58:53.614, Tesla V100-PCIE-16GB, 58 %, 4 %, 550 MiB, 16384 MiB, 47
2026/08/13 14:59:03.615, Tesla V100-PCIE-16GB, 59 %, 4 %, 550 MiB, 16384 MiB, 47
2026/08/13 14:59:13.616, Tesla V100-PCIE-16GB, 58 %, 4 %, 550 MiB, 16384 MiB, 47
2026/08/13 14:59:23.618, Tesla V100-PCIE-16GB, 56 %, 4 %, 550 MiB, 16384 MiB, 47
2026/08/13 14:59:33.619, Tesla V100-PCIE-16GB, 56 %, 4 %, 550 MiB, 16384 MiB, 47
2026/08/13 14:59:43.620, Tesla V100-PCIE-16GB, 57 %, 4 %, 550 MiB, 16384 MiB, 47
2026/08/13 14:59:53.621, Tesla V100-PCIE-16GB, 58 %, 4 %, 550 MiB, 16384 MiB, 47
2026/08/13 15:00:03.622, Tesla V100-PCIE-16GB, 57 %, 4 %, 550 MiB, 16384 MiB, 47
2026/08/13 15:00:13.624, Tesla V100-PCIE-16GB, 58 %, 4 %, 550 MiB, 16384 MiB, 47
2026/08/13 15:00:23.625, Tesla V100-PCIE-16GB, 58 %, 4 %, 550 MiB, 16384 MiB, 47
2026/08/13 15:00:33.626, Tesla V100-PCIE-16GB, 58 %, 4 %, 550 MiB, 16384 MiB, 47
2026/08/13 15:00:43.627, Tesla V100-PCIE-16GB, 48 %, 3 %, 550 MiB, 16384 MiB, 47
2026/08/13 15:00:53.628, Tesla V100-PCIE-16GB, 57 %, 4 %, 550 MiB, 16384 MiB, 47
2026/08/13 15:01:03.629, Tesla V100-PCIE-16GB, 58 %, 4 %, 550 MiB, 16384 MiB, 47
2026/08/13 15:01:13.631, Tesla V100-PCIE-16GB, 56 %, 4 %, 550 MiB, 16384 MiB, 47
2026/08/13 15:01:23.632, Tesla V100-PCIE-16GB, 58 %, 4 %, 550 MiB, 16384 MiB, 47
2026/08/13 15:01:33.633, Tesla V100-PCIE-16GB, 54 %, 4 %, 550 MiB, 16384 MiB, 47
2026/08/13 15:01:43.634, Tesla V100-PCIE-16GB, 34 %, 4 %, 550 MiB, 16384 MiB, 47
2026/08/13 15:01:53.636, Tesla V100-PCIE-16GB, 58 %, 4 %, 550 MiB, 16384 MiB, 47
2026/08/13 15:02:03.637, Tesla V100-PCIE-16GB, 40 %, 3 %, 550 MiB, 16384 MiB, 47
2026/08/13 15:02:13.638, Tesla V100-PCIE-16GB, 59 %, 4 %, 550 MiB, 16384 MiB, 47
2026/08/13 15:02:23.639, Tesla V100-PCIE-16GB, 57 %, 4 %, 550 MiB, 16384 MiB, 47
2026/08/13 15:02:33.641, Tesla V100-PCIE-16GB, 58 %, 4 %, 550 MiB, 16384 MiB, 47
2026/08/13 15:02:43.642, Tesla V100-PCIE-16GB, 58 %, 4 %, 550 MiB, 16384 MiB, 47
2026/08/13 15:02:53.643, Tesla V100-PCIE-16GB, 59 %, 4 %, 550 MiB, 16384 MiB, 47
2026/08/13 15:03:03.644, Tesla V100-PCIE-16GB, 58 %, 4 %, 550 MiB, 16384 MiB, 47
2026/08/13 15:03:13.645, Tesla V100-PCIE-16GB, 58 %, 4 %, 550 MiB, 16384 MiB, 47
2026/08/13 15:03:23.646, Tesla V100-PCIE-16GB, 58 %, 4 %, 550 MiB, 16384 MiB, 47
2026/08/13 15:03:33.647, Tesla V100-PCIE-16GB, 57 %, 4 %, 550 MiB, 16384 MiB, 47
2026/08/13 15:03:43.648, Tesla V100-PCIE-16GB, 58 %, 4 %, 550 MiB, 16384 MiB, 47
2026/08/13 15:03:53.650, Tesla V100-PCIE-16GB, 57 %, 4 %, 550 MiB, 16384 MiB, 47
2026/08/13 15:04:03.651, Tesla V100-PCIE-16GB, 59 %, 4 %, 550 MiB, 16384 MiB, 47
2026/08/13 15:04:13.653, Tesla V100-PCIE-16GB, 58 %, 4 %, 550 MiB, 16384 MiB, 47
2026/08/13 15:04:23.655, Tesla V100-PCIE-16GB, 58 %, 4 %, 550 MiB, 16384 MiB, 47
2026/08/13 15:04:33.656, Tesla V100-PCIE-16GB, 57 %, 4 %, 550 MiB, 16384 MiB, 47
2026/08/13 15:04:43.658, Tesla V100-PCIE-16GB, 58 %, 4 %, 550 MiB, 16384 MiB, 47
2026/08/13 15:04:53.659, Tesla V100-PCIE-16GB, 57 %, 4 %, 550 MiB, 16384 MiB, 47
2026/08/13 15:05:03.660, Tesla V100-PCIE-16GB, 56 %, 4 %, 550 MiB, 16384 MiB, 47
2026/08/13 15:05:13.661, Tesla V100-PCIE-16GB, 58 %, 4 %, 550 MiB, 16384 MiB, 47
2026/08/13 15:05:23.663, Tesla V100-PCIE-16GB, 57 %, 4 %, 550 MiB, 16384 MiB, 47
2026/08/13 15:05:33.689, Tesla V100-PCIE-16GB, 24 %, 5 %, 550 MiB, 16384 MiB, 47
2026/08/13 15:05:43.690, Tesla V100-PCIE-16GB, 58 %, 4 %, 550 MiB, 16384 MiB, 47
2026/08/13 15:05:53.691, Tesla V100-PCIE-16GB, 57 %, 4 %, 550 MiB, 16384 MiB, 47
2026/08/13 15:06:03.692, Tesla V100-PCIE-16GB, 57 %, 4 %, 550 MiB, 16384 MiB, 47
2026/08/13 15:06:13.693, Tesla V100-PCIE-16GB, 58 %, 4 %, 550 MiB, 16384 MiB, 47
2026/08/13 15:06:23.694, Tesla V100-PCIE-16GB, 59 %, 4 %, 550 MiB, 16384 MiB, 47
2026/08/13 15:06:33.695, Tesla V100-PCIE-16GB, 58 %, 4 %, 550 MiB, 16384 MiB, 47
2026/08/13 15:06:43.697, Tesla V100-PCIE-16GB, 59 %, 4 %, 550 MiB, 16384 MiB, 47
2026/08/13 15:06:53.698, Tesla V100-PCIE-16GB, 58 %, 4 %, 550 MiB, 16384 MiB, 47
2026/08/13 15:07:03.699, Tesla V100-PCIE-16GB, 57 %, 4 %, 550 MiB, 16384 MiB, 47
2026/08/13 15:07:13.700, Tesla V100-PCIE-16GB, 58 %, 4 %, 550 MiB, 16384 MiB, 47
2026/08/13 15:07:23.701, Tesla V100-PCIE-16GB, 57 %, 4 %, 550 MiB, 16384 MiB, 47
2026/08/13 15:07:33.702, Tesla V100-PCIE-16GB, 58 %, 4 %, 550 MiB, 16384 MiB, 47
2026/08/13 15:07:43.703, Tesla V100-PCIE-16GB, 57 %, 4 %, 550 MiB, 16384 MiB, 47
2026/08/13 15:07:53.704, Tesla V100-PCIE-16GB, 58 %, 4 %, 550 MiB, 16384 MiB, 47
2026/08/13 15:08:03.706, Tesla V100-PCIE-16GB, 56 %, 4 %, 550 MiB, 16384 MiB, 47
2026/08/13 15:08:13.707, Tesla V100-PCIE-16GB, 58 %, 4 %, 550 MiB, 16384 MiB, 47
2026/08/13 15:08:23.708, Tesla V100-PCIE-16GB, 58 %, 4 %, 550 MiB, 16384 MiB, 47
2026/08/13 15:08:33.709, Tesla V100-PCIE-16GB, 56 %, 4 %, 550 MiB, 16384 MiB, 47
2026/08/13 15:08:43.710, Tesla V100-PCIE-16GB, 58 %, 4 %, 550 MiB, 16384 MiB, 47
2026/08/13 15:08:53.711, Tesla V100-PCIE-16GB, 57 %, 4 %, 550 MiB, 16384 MiB, 47
2026/08/13 15:09:03.712, Tesla V100-PCIE-16GB, 58 %, 4 %, 550 MiB, 16384 MiB, 47
2026/08/13 15:09:13.713, Tesla V100-PCIE-16GB, 57 %, 4 %, 550 MiB, 16384 MiB, 47
2026/08/13 15:09:23.714, Tesla V100-PCIE-16GB, 57 %, 4 %, 550 MiB, 16384 MiB, 47
2026/08/13 15:09:33.716, Tesla V100-PCIE-16GB, 57 %, 4 %, 550 MiB, 16384 MiB, 47
2026/08/13 15:09:43.717, Tesla V100-PCIE-16GB, 56 %, 4 %, 550 MiB, 16384 MiB, 47
2026/08/13 15:09:53.718, Tesla V100-PCIE-16GB, 58 %, 4 %, 550 MiB, 16384 MiB, 47
2026/08/13 15:10:03.719, Tesla V100-PCIE-16GB, 58 %, 4 %, 550 MiB, 16384 MiB, 47
2026/08/13 15:10:13.721, Tesla V100-PCIE-16GB, 58 %, 4 %, 550 MiB, 16384 MiB, 47
2026/08/13 15:10:23.722, Tesla V100-PCIE-16GB, 58 %, 4 %, 550 MiB, 16384 MiB, 47
2026/08/13 15:10:33.723, Tesla V100-PCIE-16GB, 40 %, 4 %, 550 MiB, 16384 MiB, 47
2026/08/13 15:10:43.724, Tesla V100-PCIE-16GB, 58 %, 4 %, 550 MiB, 16384 MiB, 47
2026/08/13 15:10:53.725, Tesla V100-PCIE-16GB, 57 %, 4 %, 550 MiB, 16384 MiB, 47
2026/08/13 15:11:03.726, Tesla V100-PCIE-16GB, 58 %, 4 %, 550 MiB, 16384 MiB, 47
2026/08/13 15:11:13.727, Tesla V100-PCIE-16GB, 57 %, 4 %, 550 MiB, 16384 MiB, 47
2026/08/13 15:11:23.728, Tesla V100-PCIE-16GB, 58 %, 4 %, 550 MiB, 16384 MiB, 47
2026/08/13 15:11:33.742, Tesla V100-PCIE-16GB, 57 %, 4 %, 550 MiB, 16384 MiB, 47
2026/08/13 15:11:43.743, Tesla V100-PCIE-16GB, 59 %, 4 %, 550 MiB, 16384 MiB, 47
2026/08/13 15:11:53.744, Tesla V100-PCIE-16GB, 57 %, 4 %, 550 MiB, 16384 MiB, 47
2026/08/13 15:12:03.745, Tesla V100-PCIE-16GB, 55 %, 4 %, 550 MiB, 16384 MiB, 47
2026/08/13 15:12:13.746, Tesla V100-PCIE-16GB, 58 %, 4 %, 550 MiB, 16384 MiB, 47
2026/08/13 15:12:23.747, Tesla V100-PCIE-16GB, 58 %, 4 %, 550 MiB, 16384 MiB, 47
2026/08/13 15:12:33.749, Tesla V100-PCIE-16GB, 58 %, 4 %, 550 MiB, 16384 MiB, 47
2026/08/13 15:12:43.750, Tesla V100-PCIE-16GB, 58 %, 4 %, 550 MiB, 16384 MiB, 47
2026/08/13 15:12:53.751, Tesla V100-PCIE-16GB, 58 %, 4 %, 550 MiB, 16384 MiB, 47
2026/08/13 15:13:03.752, Tesla V100-PCIE-16GB, 58 %, 4 %, 550 MiB, 16384 MiB, 47
2026/08/13 15:13:13.754, Tesla V100-PCIE-16GB, 58 %, 4 %, 550 MiB, 16384 MiB, 47
2026/08/13 15:13:23.755, Tesla V100-PCIE-16GB, 56 %, 4 %, 550 MiB, 16384 MiB, 47
2026/08/13 15:13:33.756, Tesla V100-PCIE-16GB, 58 %, 4 %, 550 MiB, 16384 MiB, 47
2026/08/13 15:13:43.757, Tesla V100-PCIE-16GB, 45 %, 3 %, 550 MiB, 16384 MiB, 47
2026/08/13 15:13:53.758, Tesla V100-PCIE-16GB, 49 %, 3 %, 550 MiB, 16384 MiB, 47
2026/08/13 15:14:03.760, Tesla V100-PCIE-16GB, 57 %, 4 %, 550 MiB, 16384 MiB, 47
2026/08/13 15:14:13.761, Tesla V100-PCIE-16GB, 58 %, 4 %, 550 MiB, 16384 MiB, 47
2026/08/13 15:14:23.762, Tesla V100-PCIE-16GB, 58 %, 4 %, 550 MiB, 16384 MiB, 47
2026/08/13 15:14:33.764, Tesla V100-PCIE-16GB, 58 %, 4 %, 550 MiB, 16384 MiB, 47
2026/08/13 15:14:43.765, Tesla V100-PCIE-16GB, 58 %, 4 %, 550 MiB, 16384 MiB, 47
2026/08/13 15:14:53.766, Tesla V100-PCIE-16GB, 58 %, 4 %, 550 MiB, 16384 MiB, 47
2026/08/13 15:15:03.767, Tesla V100-PCIE-16GB, 57 %, 4 %, 550 MiB, 16384 MiB, 47
2026/08/13 15:15:13.768, Tesla V100-PCIE-16GB, 59 %, 4 %, 550 MiB, 16384 MiB, 47
2026/08/13 15:15:23.769, Tesla V100-PCIE-16GB, 58 %, 4 %, 550 MiB, 16384 MiB, 47
2026/08/13 15:15:33.770, Tesla V100-PCIE-16GB, 16 %, 3 %, 550 MiB, 16384 MiB, 47
2026/08/13 15:15:43.772, Tesla V100-PCIE-16GB, 58 %, 4 %, 550 MiB, 16384 MiB, 47
2026/08/13 15:15:53.773, Tesla V100-PCIE-16GB, 57 %, 4 %, 550 MiB, 16384 MiB, 47
2026/08/13 15:16:03.774, Tesla V100-PCIE-16GB, 58 %, 4 %, 550 MiB, 16384 MiB, 47
2026/08/13 15:16:13.775, Tesla V100-PCIE-16GB, 58 %, 4 %, 550 MiB, 16384 MiB, 47
2026/08/13 15:16:23.776, Tesla V100-PCIE-16GB, 58 %, 4 %, 550 MiB, 16384 MiB, 47
2026/08/13 15:16:33.777, Tesla V100-PCIE-16GB, 57 %, 4 %, 550 MiB, 16384 MiB, 47
2026/08/13 15:16:43.778, Tesla V100-PCIE-16GB, 59 %, 4 %, 550 MiB, 16384 MiB, 47
2026/08/13 15:16:53.780, Tesla V100-PCIE-16GB, 57 %, 4 %, 550 MiB, 16384 MiB, 47
2026/08/13 15:17:03.781, Tesla V100-PCIE-16GB, 57 %, 4 %, 550 MiB, 16384 MiB, 47
2026/08/13 15:17:13.782, Tesla V100-PCIE-16GB, 58 %, 4 %, 550 MiB, 16384 MiB, 47
2026/08/13 15:17:23.783, Tesla V100-PCIE-16GB, 55 %, 4 %, 550 MiB, 16384 MiB, 47
2026/08/13 15:17:33.784, Tesla V100-PCIE-16GB, 55 %, 4 %, 550 MiB, 16384 MiB, 47
2026/08/13 15:17:43.785, Tesla V100-PCIE-16GB, 55 %, 4 %, 550 MiB, 16384 MiB, 47
2026/08/13 15:17:53.786, Tesla V100-PCIE-16GB, 58 %, 4 %, 550 MiB, 16384 MiB, 47
2026/08/13 15:18:03.787, Tesla V100-PCIE-16GB, 56 %, 4 %, 550 MiB, 16384 MiB, 47
2026/08/13 15:18:13.788, Tesla V100-PCIE-16GB, 57 %, 4 %, 550 MiB, 16384 MiB, 47
2026/08/13 15:18:23.789, Tesla V100-PCIE-16GB, 57 %, 4 %, 550 MiB, 16384 MiB, 47
2026/08/13 15:18:33.791, Tesla V100-PCIE-16GB, 57 %, 4 %, 550 MiB, 16384 MiB, 47
2026/08/13 15:18:43.792, Tesla V100-PCIE-16GB, 58 %, 4 %, 550 MiB, 16384 MiB, 47
2026/08/13 15:18:53.794, Tesla V100-PCIE-16GB, 57 %, 4 %, 550 MiB, 16384 MiB, 47
2026/08/13 15:19:03.795, Tesla V100-PCIE-16GB, 58 %, 4 %, 550 MiB, 16384 MiB, 47
2026/08/13 15:19:13.796, Tesla V100-PCIE-16GB, 56 %, 4 %, 550 MiB, 16384 MiB, 47
2026/08/13 15:19:23.798, Tesla V100-PCIE-16GB, 54 %, 4 %, 550 MiB, 16384 MiB, 47
2026/08/13 15:19:33.835, Tesla V100-PCIE-16GB, 55 %, 4 %, 550 MiB, 16384 MiB, 47
2026/08/13 15:19:43.836, Tesla V100-PCIE-16GB, 57 %, 4 %, 550 MiB, 16384 MiB, 47
2026/08/13 15:19:53.838, Tesla V100-PCIE-16GB, 58 %, 4 %, 550 MiB, 16384 MiB, 47
2026/08/13 15:20:03.839, Tesla V100-PCIE-16GB, 58 %, 4 %, 550 MiB, 16384 MiB, 47
2026/08/13 15:20:13.840, Tesla V100-PCIE-16GB, 58 %, 4 %, 550 MiB, 16384 MiB, 47
2026/08/13 15:20:23.841, Tesla V100-PCIE-16GB, 58 %, 4 %, 550 MiB, 16384 MiB, 47
2026/08/13 15:20:33.843, Tesla V100-PCIE-16GB, 25 %, 5 %, 550 MiB, 16384 MiB, 47
2026/08/13 15:20:43.845, Tesla V100-PCIE-16GB, 58 %, 4 %, 550 MiB, 16384 MiB, 47
2026/08/13 15:20:53.846, Tesla V100-PCIE-16GB, 58 %, 4 %, 550 MiB, 16384 MiB, 47
2026/08/13 15:21:03.847, Tesla V100-PCIE-16GB, 57 %, 4 %, 550 MiB, 16384 MiB, 47
2026/08/13 15:21:13.848, Tesla V100-PCIE-16GB, 57 %, 4 %, 550 MiB, 16384 MiB, 47
2026/08/13 15:21:23.849, Tesla V100-PCIE-16GB, 49 %, 3 %, 550 MiB, 16384 MiB, 47
2026/08/13 15:21:33.850, Tesla V100-PCIE-16GB, 55 %, 4 %, 550 MiB, 16384 MiB, 47
2026/08/13 15:21:43.851, Tesla V100-PCIE-16GB, 58 %, 4 %, 550 MiB, 16384 MiB, 47
2026/08/13 15:21:53.852, Tesla V100-PCIE-16GB, 57 %, 4 %, 550 MiB, 16384 MiB, 47
2026/08/13 15:22:03.853, Tesla V100-PCIE-16GB, 56 %, 4 %, 550 MiB, 16384 MiB, 47
2026/08/13 15:22:13.855, Tesla V100-PCIE-16GB, 58 %, 4 %, 550 MiB, 16384 MiB, 47
2026/08/13 15:22:23.856, Tesla V100-PCIE-16GB, 57 %, 4 %, 550 MiB, 16384 MiB, 47
2026/08/13 15:22:33.857, Tesla V100-PCIE-16GB, 58 %, 4 %, 550 MiB, 16384 MiB, 47
2026/08/13 15:22:43.859, Tesla V100-PCIE-16GB, 58 %, 4 %, 550 MiB, 16384 MiB, 47
2026/08/13 15:22:53.860, Tesla V100-PCIE-16GB, 59 %, 4 %, 550 MiB, 16384 MiB, 47
2026/08/13 15:23:03.861, Tesla V100-PCIE-16GB, 55 %, 4 %, 550 MiB, 16384 MiB, 47
2026/08/13 15:23:13.862, Tesla V100-PCIE-16GB, 56 %, 4 %, 550 MiB, 16384 MiB, 47
2026/08/13 15:23:23.863, Tesla V100-PCIE-16GB, 55 %, 4 %, 550 MiB, 16384 MiB, 47
2026/08/13 15:23:33.865, Tesla V100-PCIE-16GB, 58 %, 4 %, 550 MiB, 16384 MiB, 47
2026/08/13 15:23:43.866, Tesla V100-PCIE-16GB, 59 %, 4 %, 550 MiB, 16384 MiB, 47
2026/08/13 15:23:53.867, Tesla V100-PCIE-16GB, 58 %, 4 %, 550 MiB, 16384 MiB, 47
2026/08/13 15:24:03.868, Tesla V100-PCIE-16GB, 59 %, 4 %, 550 MiB, 16384 MiB, 47
2026/08/13 15:24:13.870, Tesla V100-PCIE-16GB, 57 %, 4 %, 550 MiB, 16384 MiB, 47
2026/08/13 15:24:23.871, Tesla V100-PCIE-16GB, 57 %, 4 %, 550 MiB, 16384 MiB, 47
2026/08/13 15:24:33.872, Tesla V100-PCIE-16GB, 56 %, 4 %, 550 MiB, 16384 MiB, 47
2026/08/13 15:24:43.878, Tesla V100-PCIE-16GB, 58 %, 4 %, 550 MiB, 16384 MiB, 47
2026/08/13 15:24:53.879, Tesla V100-PCIE-16GB, 58 %, 4 %, 550 MiB, 16384 MiB, 47
2026/08/13 15:25:03.880, Tesla V100-PCIE-16GB, 55 %, 4 %, 550 MiB, 16384 MiB, 47
2026/08/13 15:25:13.882, Tesla V100-PCIE-16GB, 58 %, 4 %, 550 MiB, 16384 MiB, 47
2026/08/13 15:25:23.883, Tesla V100-PCIE-16GB, 57 %, 4 %, 550 MiB, 16384 MiB, 47
2026/08/13 15:25:33.897, Tesla V100-PCIE-16GB, 24 %, 4 %, 550 MiB, 16384 MiB, 48
2026/08/13 15:25:43.898, Tesla V100-PCIE-16GB, 58 %, 4 %, 550 MiB, 16384 MiB, 47
2026/08/13 15:25:53.899, Tesla V100-PCIE-16GB, 58 %, 4 %, 550 MiB, 16384 MiB, 47
2026/08/13 15:26:03.900, Tesla V100-PCIE-16GB, 57 %, 4 %, 550 MiB, 16384 MiB, 47
2026/08/13 15:26:13.902, Tesla V100-PCIE-16GB, 58 %, 4 %, 550 MiB, 16384 MiB, 47
2026/08/13 15:26:23.903, Tesla V100-PCIE-16GB, 56 %, 4 %, 550 MiB, 16384 MiB, 47
2026/08/13 15:26:33.904, Tesla V100-PCIE-16GB, 57 %, 4 %, 550 MiB, 16384 MiB, 47
2026/08/13 15:26:43.916, Tesla V100-PCIE-16GB, 59 %, 4 %, 550 MiB, 16384 MiB, 47
2026/08/13 15:26:53.917, Tesla V100-PCIE-16GB, 58 %, 4 %, 550 MiB, 16384 MiB, 47
2026/08/13 15:27:03.919, Tesla V100-PCIE-16GB, 56 %, 4 %, 550 MiB, 16384 MiB, 47
2026/08/13 15:27:13.920, Tesla V100-PCIE-16GB, 56 %, 4 %, 550 MiB, 16384 MiB, 47
2026/08/13 15:27:23.921, Tesla V100-PCIE-16GB, 58 %, 4 %, 550 MiB, 16384 MiB, 48
2026/08/13 15:27:33.925, Tesla V100-PCIE-16GB, 58 %, 4 %, 550 MiB, 16384 MiB, 48
2026/08/13 15:27:43.926, Tesla V100-PCIE-16GB, 58 %, 4 %, 550 MiB, 16384 MiB, 47
2026/08/13 15:27:53.927, Tesla V100-PCIE-16GB, 59 %, 4 %, 550 MiB, 16384 MiB, 47
2026/08/13 15:28:03.928, Tesla V100-PCIE-16GB, 57 %, 4 %, 550 MiB, 16384 MiB, 47
2026/08/13 15:28:13.930, Tesla V100-PCIE-16GB, 58 %, 4 %, 550 MiB, 16384 MiB, 47
2026/08/13 15:28:23.931, Tesla V100-PCIE-16GB, 58 %, 4 %, 550 MiB, 16384 MiB, 47
2026/08/13 15:28:33.932, Tesla V100-PCIE-16GB, 58 %, 4 %, 550 MiB, 16384 MiB, 47
2026/08/13 15:28:43.933, Tesla V100-PCIE-16GB, 58 %, 4 %, 550 MiB, 16384 MiB, 47
2026/08/13 15:28:53.934, Tesla V100-PCIE-16GB, 57 %, 4 %, 550 MiB, 16384 MiB, 47
2026/08/13 15:29:03.935, Tesla V100-PCIE-16GB, 52 %, 4 %, 550 MiB, 16384 MiB, 47
2026/08/13 15:29:13.936, Tesla V100-PCIE-16GB, 57 %, 4 %, 550 MiB, 16384 MiB, 47
2026/08/13 15:29:23.938, Tesla V100-PCIE-16GB, 57 %, 4 %, 550 MiB, 16384 MiB, 47
2026/08/13 15:29:34.008, Tesla V100-PCIE-16GB, 57 %, 4 %, 550 MiB, 16384 MiB, 47
2026/08/13 15:29:44.009, Tesla V100-PCIE-16GB, 57 %, 4 %, 550 MiB, 16384 MiB, 47
2026/08/13 15:29:54.011, Tesla V100-PCIE-16GB, 58 %, 4 %, 550 MiB, 16384 MiB, 48
2026/08/13 15:30:04.012, Tesla V100-PCIE-16GB, 58 %, 4 %, 550 MiB, 16384 MiB, 47
2026/08/13 15:30:14.013, Tesla V100-PCIE-16GB, 58 %, 4 %, 550 MiB, 16384 MiB, 48
2026/08/13 15:30:24.014, Tesla V100-PCIE-16GB, 58 %, 4 %, 550 MiB, 16384 MiB, 48
2026/08/13 15:30:34.015, Tesla V100-PCIE-16GB, 42 %, 4 %, 550 MiB, 16384 MiB, 47
2026/08/13 15:30:44.016, Tesla V100-PCIE-16GB, 46 %, 3 %, 550 MiB, 16384 MiB, 47
2026/08/13 15:30:54.017, Tesla V100-PCIE-16GB, 56 %, 4 %, 550 MiB, 16384 MiB, 47
2026/08/13 15:31:04.018, Tesla V100-PCIE-16GB, 58 %, 4 %, 550 MiB, 16384 MiB, 47
2026/08/13 15:31:14.020, Tesla V100-PCIE-16GB, 58 %, 4 %, 550 MiB, 16384 MiB, 48
2026/08/13 15:31:24.021, Tesla V100-PCIE-16GB, 58 %, 4 %, 550 MiB, 16384 MiB, 47
2026/08/13 15:31:34.022, Tesla V100-PCIE-16GB, 57 %, 4 %, 550 MiB, 16384 MiB, 48
2026/08/13 15:31:44.023, Tesla V100-PCIE-16GB, 59 %, 4 %, 550 MiB, 16384 MiB, 48
2026/08/13 15:31:54.024, Tesla V100-PCIE-16GB, 57 %, 4 %, 550 MiB, 16384 MiB, 48
2026/08/13 15:32:04.025, Tesla V100-PCIE-16GB, 58 %, 4 %, 550 MiB, 16384 MiB, 48
2026/08/13 15:32:14.026, Tesla V100-PCIE-16GB, 57 %, 4 %, 550 MiB, 16384 MiB, 48
2026/08/13 15:32:24.096, Tesla V100-PCIE-16GB, 55 %, 4 %, 550 MiB, 16384 MiB, 47
2026/08/13 15:32:34.097, Tesla V100-PCIE-16GB, 57 %, 4 %, 550 MiB, 16384 MiB, 48
2026/08/13 15:32:44.098, Tesla V100-PCIE-16GB, 58 %, 4 %, 550 MiB, 16384 MiB, 47
2026/08/13 15:32:54.099, Tesla V100-PCIE-16GB, 58 %, 4 %, 550 MiB, 16384 MiB, 47
2026/08/13 15:33:04.100, Tesla V100-PCIE-16GB, 57 %, 4 %, 550 MiB, 16384 MiB, 47
2026/08/13 15:33:14.101, Tesla V100-PCIE-16GB, 58 %, 4 %, 550 MiB, 16384 MiB, 47
2026/08/13 15:33:24.102, Tesla V100-PCIE-16GB, 57 %, 4 %, 550 MiB, 16384 MiB, 47
2026/08/13 15:33:34.103, Tesla V100-PCIE-16GB, 58 %, 4 %, 550 MiB, 16384 MiB, 47
2026/08/13 15:33:44.105, Tesla V100-PCIE-16GB, 58 %, 4 %, 550 MiB, 16384 MiB, 47
2026/08/13 15:33:54.106, Tesla V100-PCIE-16GB, 57 %, 4 %, 550 MiB, 16384 MiB, 47
2026/08/13 15:34:04.107, Tesla V100-PCIE-16GB, 58 %, 4 %, 550 MiB, 16384 MiB, 47
2026/08/13 15:34:14.108, Tesla V100-PCIE-16GB, 57 %, 4 %, 550 MiB, 16384 MiB, 47
2026/08/13 15:34:24.190, Tesla V100-PCIE-16GB, 24 %, 5 %, 550 MiB, 16384 MiB, 47
2026/08/13 15:34:34.191, Tesla V100-PCIE-16GB, 58 %, 4 %, 550 MiB, 16384 MiB, 47
2026/08/13 15:34:44.192, Tesla V100-PCIE-16GB, 57 %, 4 %, 550 MiB, 16384 MiB, 47
2026/08/13 15:34:54.193, Tesla V100-PCIE-16GB, 46 %, 3 %, 550 MiB, 16384 MiB, 47
2026/08/13 15:35:04.194, Tesla V100-PCIE-16GB, 57 %, 4 %, 550 MiB, 16384 MiB, 47
2026/08/13 15:35:14.195, Tesla V100-PCIE-16GB, 58 %, 4 %, 550 MiB, 16384 MiB, 47
2026/08/13 15:35:24.196, Tesla V100-PCIE-16GB, 58 %, 4 %, 550 MiB, 16384 MiB, 47
2026/08/13 15:35:34.197, Tesla V100-PCIE-16GB, 59 %, 4 %, 550 MiB, 16384 MiB, 47
2026/08/13 15:35:44.199, Tesla V100-PCIE-16GB, 58 %, 4 %, 550 MiB, 16384 MiB, 47
2026/08/13 15:35:54.200, Tesla V100-PCIE-16GB, 57 %, 4 %, 550 MiB, 16384 MiB, 47
2026/08/13 15:36:04.201, Tesla V100-PCIE-16GB, 58 %, 4 %, 550 MiB, 16384 MiB, 47
2026/08/13 15:36:14.202, Tesla V100-PCIE-16GB, 57 %, 4 %, 550 MiB, 16384 MiB, 47
2026/08/13 15:36:24.285, Tesla V100-PCIE-16GB, 58 %, 4 %, 550 MiB, 16384 MiB, 47
2026/08/13 15:36:34.286, Tesla V100-PCIE-16GB, 57 %, 4 %, 550 MiB, 16384 MiB, 47
2026/08/13 15:36:44.288, Tesla V100-PCIE-16GB, 58 %, 4 %, 550 MiB, 16384 MiB, 47
2026/08/13 15:36:54.289, Tesla V100-PCIE-16GB, 58 %, 4 %, 550 MiB, 16384 MiB, 47
2026/08/13 15:37:04.290, Tesla V100-PCIE-16GB, 56 %, 4 %, 550 MiB, 16384 MiB, 47
2026/08/13 15:37:14.291, Tesla V100-PCIE-16GB, 57 %, 4 %, 550 MiB, 16384 MiB, 47
2026/08/13 15:37:24.292, Tesla V100-PCIE-16GB, 58 %, 4 %, 550 MiB, 16384 MiB, 47
2026/08/13 15:37:34.294, Tesla V100-PCIE-16GB, 58 %, 4 %, 550 MiB, 16384 MiB, 47
2026/08/13 15:37:44.295, Tesla V100-PCIE-16GB, 57 %, 4 %, 550 MiB, 16384 MiB, 47
2026/08/13 15:37:54.296, Tesla V100-PCIE-16GB, 59 %, 4 %, 550 MiB, 16384 MiB, 48
2026/08/13 15:38:04.297, Tesla V100-PCIE-16GB, 57 %, 4 %, 550 MiB, 16384 MiB, 47
2026/08/13 15:38:14.298, Tesla V100-PCIE-16GB, 58 %, 4 %, 550 MiB, 16384 MiB, 48
2026/08/13 15:38:24.364, Tesla V100-PCIE-16GB, 55 %, 4 %, 550 MiB, 16384 MiB, 47
2026/08/13 15:38:34.365, Tesla V100-PCIE-16GB, 55 %, 4 %, 550 MiB, 16384 MiB, 47
2026/08/13 15:38:44.366, Tesla V100-PCIE-16GB, 58 %, 4 %, 550 MiB, 16384 MiB, 47
2026/08/13 15:38:54.367, Tesla V100-PCIE-16GB, 58 %, 4 %, 550 MiB, 16384 MiB, 47
2026/08/13 15:39:04.368, Tesla V100-PCIE-16GB, 58 %, 4 %, 550 MiB, 16384 MiB, 47
2026/08/13 15:39:14.408, Tesla V100-PCIE-16GB, 58 %, 4 %, 550 MiB, 16384 MiB, 47
2026/08/13 15:39:24.409, Tesla V100-PCIE-16GB, 25 %, 5 %, 550 MiB, 16384 MiB, 48
2026/08/13 15:39:34.410, Tesla V100-PCIE-16GB, 57 %, 4 %, 550 MiB, 16384 MiB, 47
2026/08/13 15:39:44.411, Tesla V100-PCIE-16GB, 58 %, 4 %, 550 MiB, 16384 MiB, 47
2026/08/13 15:39:54.412, Tesla V100-PCIE-16GB, 57 %, 4 %, 550 MiB, 16384 MiB, 48
2026/08/13 15:40:04.413, Tesla V100-PCIE-16GB, 58 %, 4 %, 550 MiB, 16384 MiB, 47
2026/08/13 15:40:14.414, Tesla V100-PCIE-16GB, 57 %, 4 %, 550 MiB, 16384 MiB, 47
2026/08/13 15:40:24.416, Tesla V100-PCIE-16GB, 57 %, 4 %, 550 MiB, 16384 MiB, 47
2026/08/13 15:40:34.418, Tesla V100-PCIE-16GB, 58 %, 4 %, 550 MiB, 16384 MiB, 47
2026/08/13 15:40:44.419, Tesla V100-PCIE-16GB, 50 %, 3 %, 550 MiB, 16384 MiB, 47
2026/08/13 15:40:54.420, Tesla V100-PCIE-16GB, 57 %, 4 %, 550 MiB, 16384 MiB, 47
2026/08/13 15:41:04.421, Tesla V100-PCIE-16GB, 58 %, 4 %, 550 MiB, 16384 MiB, 47
2026/08/13 15:41:14.422, Tesla V100-PCIE-16GB, 57 %, 4 %, 550 MiB, 16384 MiB, 47
2026/08/13 15:41:24.423, Tesla V100-PCIE-16GB, 58 %, 4 %, 550 MiB, 16384 MiB, 47
2026/08/13 15:41:34.424, Tesla V100-PCIE-16GB, 58 %, 4 %, 550 MiB, 16384 MiB, 47
2026/08/13 15:41:44.425, Tesla V100-PCIE-16GB, 59 %, 4 %, 550 MiB, 16384 MiB, 48
2026/08/13 15:41:54.427, Tesla V100-PCIE-16GB, 58 %, 4 %, 550 MiB, 16384 MiB, 47
2026/08/13 15:42:04.428, Tesla V100-PCIE-16GB, 57 %, 4 %, 550 MiB, 16384 MiB, 48
2026/08/13 15:42:14.429, Tesla V100-PCIE-16GB, 58 %, 4 %, 550 MiB, 16384 MiB, 48
2026/08/13 15:42:24.430, Tesla V100-PCIE-16GB, 57 %, 4 %, 550 MiB, 16384 MiB, 47
2026/08/13 15:42:34.431, Tesla V100-PCIE-16GB, 56 %, 4 %, 550 MiB, 16384 MiB, 47
2026/08/13 15:42:44.432, Tesla V100-PCIE-16GB, 58 %, 4 %, 550 MiB, 16384 MiB, 48
2026/08/13 15:42:54.433, Tesla V100-PCIE-16GB, 59 %, 4 %, 550 MiB, 16384 MiB, 48
2026/08/13 15:43:04.434, Tesla V100-PCIE-16GB, 58 %, 4 %, 550 MiB, 16384 MiB, 48
2026/08/13 15:43:14.435, Tesla V100-PCIE-16GB, 25 %, 5 %, 550 MiB, 16384 MiB, 47
2026/08/13 15:43:24.436, Tesla V100-PCIE-16GB, 57 %, 4 %, 550 MiB, 16384 MiB, 47
2026/08/13 15:43:34.438, Tesla V100-PCIE-16GB, 57 %, 4 %, 550 MiB, 16384 MiB, 47
2026/08/13 15:43:44.439, Tesla V100-PCIE-16GB, 58 %, 4 %, 550 MiB, 16384 MiB, 48
2026/08/13 15:43:54.440, Tesla V100-PCIE-16GB, 55 %, 4 %, 550 MiB, 16384 MiB, 48
2026/08/13 15:44:04.441, Tesla V100-PCIE-16GB, 57 %, 4 %, 550 MiB, 16384 MiB, 48
2026/08/13 15:44:14.442, Tesla V100-PCIE-16GB, 57 %, 4 %, 550 MiB, 16384 MiB, 47
2026/08/13 15:44:24.443, Tesla V100-PCIE-16GB, 58 %, 4 %, 550 MiB, 16384 MiB, 47
2026/08/13 15:44:34.444, Tesla V100-PCIE-16GB, 58 %, 4 %, 550 MiB, 16384 MiB, 48
2026/08/13 15:44:44.446, Tesla V100-PCIE-16GB, 58 %, 4 %, 550 MiB, 16384 MiB, 47
2026/08/13 15:44:54.447, Tesla V100-PCIE-16GB, 58 %, 4 %, 550 MiB, 16384 MiB, 48
2026/08/13 15:45:04.448, Tesla V100-PCIE-16GB, 57 %, 4 %, 550 MiB, 16384 MiB, 48
2026/08/13 15:45:14.449, Tesla V100-PCIE-16GB, 59 %, 4 %, 550 MiB, 16384 MiB, 48
2026/08/13 15:45:24.450, Tesla V100-PCIE-16GB, 58 %, 4 %, 550 MiB, 16384 MiB, 48
2026/08/13 15:45:34.451, Tesla V100-PCIE-16GB, 59 %, 4 %, 550 MiB, 16384 MiB, 48
2026/08/13 15:45:44.452, Tesla V100-PCIE-16GB, 57 %, 4 %, 550 MiB, 16384 MiB, 48
2026/08/13 15:45:54.453, Tesla V100-PCIE-16GB, 58 %, 4 %, 550 MiB, 16384 MiB, 47
2026/08/13 15:46:04.455, Tesla V100-PCIE-16GB, 58 %, 4 %, 550 MiB, 16384 MiB, 48
2026/08/13 15:46:14.456, Tesla V100-PCIE-16GB, 56 %, 4 %, 550 MiB, 16384 MiB, 47
2026/08/13 15:46:24.457, Tesla V100-PCIE-16GB, 57 %, 4 %, 550 MiB, 16384 MiB, 48
2026/08/13 15:46:34.458, Tesla V100-PCIE-16GB, 56 %, 4 %, 550 MiB, 16384 MiB, 47
2026/08/13 15:46:44.459, Tesla V100-PCIE-16GB, 59 %, 4 %, 550 MiB, 16384 MiB, 47
2026/08/13 15:46:54.464, Tesla V100-PCIE-16GB, 58 %, 4 %, 550 MiB, 16384 MiB, 48
2026/08/13 15:47:04.465, Tesla V100-PCIE-16GB, 58 %, 4 %, 550 MiB, 16384 MiB, 48
2026/08/13 15:47:14.467, Tesla V100-PCIE-16GB, 58 %, 4 %, 550 MiB, 16384 MiB, 48
2026/08/13 15:47:24.468, Tesla V100-PCIE-16GB, 58 %, 4 %, 550 MiB, 16384 MiB, 47
2026/08/13 15:47:34.469, Tesla V100-PCIE-16GB, 58 %, 4 %, 550 MiB, 16384 MiB, 48
2026/08/13 15:47:44.470, Tesla V100-PCIE-16GB, 57 %, 4 %, 550 MiB, 16384 MiB, 48
2026/08/13 15:47:54.471, Tesla V100-PCIE-16GB, 55 %, 4 %, 550 MiB, 16384 MiB, 48
2026/08/13 15:48:04.472, Tesla V100-PCIE-16GB, 58 %, 4 %, 550 MiB, 16384 MiB, 47
2026/08/13 15:48:14.473, Tesla V100-PCIE-16GB, 25 %, 5 %, 550 MiB, 16384 MiB, 48
2026/08/13 15:48:24.498, Tesla V100-PCIE-16GB, 48 %, 3 %, 550 MiB, 16384 MiB, 47
2026/08/13 15:48:34.500, Tesla V100-PCIE-16GB, 58 %, 4 %, 550 MiB, 16384 MiB, 47
2026/08/13 15:48:44.501, Tesla V100-PCIE-16GB, 58 %, 4 %, 550 MiB, 16384 MiB, 47
2026/08/13 15:48:54.502, Tesla V100-PCIE-16GB, 58 %, 4 %, 550 MiB, 16384 MiB, 48
2026/08/13 15:49:04.550, Tesla V100-PCIE-16GB, 58 %, 4 %, 550 MiB, 16384 MiB, 47
2026/08/13 15:49:14.552, Tesla V100-PCIE-16GB, 58 %, 4 %, 550 MiB, 16384 MiB, 47
2026/08/13 15:49:24.553, Tesla V100-PCIE-16GB, 58 %, 4 %, 550 MiB, 16384 MiB, 48
2026/08/13 15:49:34.554, Tesla V100-PCIE-16GB, 58 %, 4 %, 550 MiB, 16384 MiB, 47
2026/08/13 15:49:44.633, Tesla V100-PCIE-16GB, 58 %, 4 %, 550 MiB, 16384 MiB, 47
2026/08/13 15:49:54.634, Tesla V100-PCIE-16GB, 57 %, 4 %, 550 MiB, 16384 MiB, 48
2026/08/13 15:50:04.636, Tesla V100-PCIE-16GB, 58 %, 4 %, 550 MiB, 16384 MiB, 48
2026/08/13 15:50:14.637, Tesla V100-PCIE-16GB, 58 %, 4 %, 550 MiB, 16384 MiB, 48
2026/08/13 15:50:24.638, Tesla V100-PCIE-16GB, 58 %, 4 %, 550 MiB, 16384 MiB, 48
2026/08/13 15:50:34.639, Tesla V100-PCIE-16GB, 58 %, 4 %, 550 MiB, 16384 MiB, 47
2026/08/13 15:50:44.640, Tesla V100-PCIE-16GB, 58 %, 4 %, 550 MiB, 16384 MiB, 47
2026/08/13 15:50:54.648, Tesla V100-PCIE-16GB, 57 %, 4 %, 550 MiB, 16384 MiB, 47
2026/08/13 15:51:04.649, Tesla V100-PCIE-16GB, 58 %, 4 %, 550 MiB, 16384 MiB, 48
2026/08/13 15:51:14.651, Tesla V100-PCIE-16GB, 57 %, 4 %, 550 MiB, 16384 MiB, 48
2026/08/13 15:51:24.652, Tesla V100-PCIE-16GB, 58 %, 4 %, 550 MiB, 16384 MiB, 48
2026/08/13 15:51:34.700, Tesla V100-PCIE-16GB, 57 %, 4 %, 550 MiB, 16384 MiB, 47
2026/08/13 15:51:44.701, Tesla V100-PCIE-16GB, 59 %, 4 %, 550 MiB, 16384 MiB, 48
2026/08/13 15:51:54.702, Tesla V100-PCIE-16GB, 58 %, 4 %, 550 MiB, 16384 MiB, 48
2026/08/13 15:52:04.703, Tesla V100-PCIE-16GB, 47 %, 3 %, 550 MiB, 16384 MiB, 47
2026/08/13 15:52:14.705, Tesla V100-PCIE-16GB, 58 %, 4 %, 550 MiB, 16384 MiB, 48
2026/08/13 15:52:24.706, Tesla V100-PCIE-16GB, 57 %, 4 %, 550 MiB, 16384 MiB, 48
2026/08/13 15:52:34.707, Tesla V100-PCIE-16GB, 57 %, 4 %, 550 MiB, 16384 MiB, 48
2026/08/13 15:52:44.708, Tesla V100-PCIE-16GB, 58 %, 4 %, 550 MiB, 16384 MiB, 48
2026/08/13 15:52:54.758, Tesla V100-PCIE-16GB, 58 %, 4 %, 550 MiB, 16384 MiB, 47
2026/08/13 15:53:04.759, Tesla V100-PCIE-16GB, 58 %, 4 %, 550 MiB, 16384 MiB, 48
2026/08/13 15:53:14.760, Tesla V100-PCIE-16GB, 31 %, 3 %, 550 MiB, 16384 MiB, 48
2026/08/13 15:53:24.761, Tesla V100-PCIE-16GB, 56 %, 4 %, 550 MiB, 16384 MiB, 48
2026/08/13 15:53:34.762, Tesla V100-PCIE-16GB, 58 %, 4 %, 550 MiB, 16384 MiB, 47
2026/08/13 15:53:44.763, Tesla V100-PCIE-16GB, 56 %, 4 %, 550 MiB, 16384 MiB, 48
2026/08/13 15:53:54.765, Tesla V100-PCIE-16GB, 56 %, 4 %, 550 MiB, 16384 MiB, 48
2026/08/13 15:54:04.766, Tesla V100-PCIE-16GB, 57 %, 4 %, 550 MiB, 16384 MiB, 48
2026/08/13 15:54:14.767, Tesla V100-PCIE-16GB, 54 %, 4 %, 550 MiB, 16384 MiB, 48
2026/08/13 15:54:24.769, Tesla V100-PCIE-16GB, 59 %, 4 %, 550 MiB, 16384 MiB, 48
2026/08/13 15:54:34.770, Tesla V100-PCIE-16GB, 57 %, 4 %, 550 MiB, 16384 MiB, 48
2026/08/13 15:54:44.819, Tesla V100-PCIE-16GB, 58 %, 4 %, 550 MiB, 16384 MiB, 48
2026/08/13 15:54:54.821, Tesla V100-PCIE-16GB, 58 %, 4 %, 550 MiB, 16384 MiB, 48
2026/08/13 15:55:04.822, Tesla V100-PCIE-16GB, 58 %, 4 %, 550 MiB, 16384 MiB, 47
2026/08/13 15:55:14.823, Tesla V100-PCIE-16GB, 56 %, 4 %, 550 MiB, 16384 MiB, 48
2026/08/13 15:55:24.825, Tesla V100-PCIE-16GB, 57 %, 4 %, 550 MiB, 16384 MiB, 48
2026/08/13 15:55:34.826, Tesla V100-PCIE-16GB, 58 %, 4 %, 550 MiB, 16384 MiB, 48
2026/08/13 15:55:44.827, Tesla V100-PCIE-16GB, 58 %, 4 %, 550 MiB, 16384 MiB, 48
2026/08/13 15:55:54.828, Tesla V100-PCIE-16GB, 58 %, 4 %, 550 MiB, 16384 MiB, 48
2026/08/13 15:56:04.829, Tesla V100-PCIE-16GB, 58 %, 4 %, 550 MiB, 16384 MiB, 48
2026/08/13 15:56:14.830, Tesla V100-PCIE-16GB, 58 %, 4 %, 550 MiB, 16384 MiB, 48
2026/08/13 15:56:24.832, Tesla V100-PCIE-16GB, 58 %, 4 %, 550 MiB, 16384 MiB, 48
2026/08/13 15:56:34.834, Tesla V100-PCIE-16GB, 57 %, 4 %, 550 MiB, 16384 MiB, 48
2026/08/13 15:56:44.896, Tesla V100-PCIE-16GB, 58 %, 4 %, 550 MiB, 16384 MiB, 48
2026/08/13 15:56:54.897, Tesla V100-PCIE-16GB, 57 %, 4 %, 550 MiB, 16384 MiB, 48
2026/08/13 15:57:04.898, Tesla V100-PCIE-16GB, 13 %, 2 %, 550 MiB, 16384 MiB, 48
2026/08/13 15:57:14.900, Tesla V100-PCIE-16GB, 56 %, 4 %, 550 MiB, 16384 MiB, 48
2026/08/13 15:57:24.901, Tesla V100-PCIE-16GB, 57 %, 4 %, 550 MiB, 16384 MiB, 48
2026/08/13 15:57:34.902, Tesla V100-PCIE-16GB, 59 %, 4 %, 550 MiB, 16384 MiB, 48
2026/08/13 15:57:44.903, Tesla V100-PCIE-16GB, 57 %, 4 %, 550 MiB, 16384 MiB, 48
2026/08/13 15:57:54.904, Tesla V100-PCIE-16GB, 58 %, 4 %, 550 MiB, 16384 MiB, 48
2026/08/13 15:58:04.905, Tesla V100-PCIE-16GB, 58 %, 4 %, 550 MiB, 16384 MiB, 48
2026/08/13 15:58:14.907, Tesla V100-PCIE-16GB, 42 %, 3 %, 550 MiB, 16384 MiB, 48
2026/08/13 15:58:24.908, Tesla V100-PCIE-16GB, 57 %, 4 %, 550 MiB, 16384 MiB, 48
2026/08/13 15:58:34.909, Tesla V100-PCIE-16GB, 57 %, 4 %, 550 MiB, 16384 MiB, 48
2026/08/13 15:58:45.007, Tesla V100-PCIE-16GB, 58 %, 4 %, 550 MiB, 16384 MiB, 48
2026/08/13 15:58:55.008, Tesla V100-PCIE-16GB, 58 %, 4 %, 550 MiB, 16384 MiB, 48
2026/08/13 15:59:05.009, Tesla V100-PCIE-16GB, 58 %, 4 %, 550 MiB, 16384 MiB, 48
2026/08/13 15:59:15.010, Tesla V100-PCIE-16GB, 58 %, 4 %, 550 MiB, 16384 MiB, 48
2026/08/13 15:59:25.012, Tesla V100-PCIE-16GB, 58 %, 4 %, 550 MiB, 16384 MiB, 48
2026/08/13 15:59:35.013, Tesla V100-PCIE-16GB, 57 %, 4 %, 550 MiB, 16384 MiB, 48
2026/08/13 15:59:45.014, Tesla V100-PCIE-16GB, 56 %, 4 %, 550 MiB, 16384 MiB, 48
2026/08/13 15:59:55.033, Tesla V100-PCIE-16GB, 58 %, 4 %, 550 MiB, 16384 MiB, 48
2026/08/13 16:00:05.034, Tesla V100-PCIE-16GB, 58 %, 4 %, 550 MiB, 16384 MiB, 48
2026/08/13 16:00:15.035, Tesla V100-PCIE-16GB, 57 %, 4 %, 550 MiB, 16384 MiB, 48
2026/08/13 16:00:25.036, Tesla V100-PCIE-16GB, 57 %, 4 %, 550 MiB, 16384 MiB, 48
2026/08/13 16:00:35.038, Tesla V100-PCIE-16GB, 58 %, 4 %, 550 MiB, 16384 MiB, 48
2026/08/13 16:00:45.039, Tesla V100-PCIE-16GB, 58 %, 4 %, 550 MiB, 16384 MiB, 48
2026/08/13 16:00:55.040, Tesla V100-PCIE-16GB, 56 %, 4 %, 550 MiB, 16384 MiB, 48
2026/08/13 16:01:05.041, Tesla V100-PCIE-16GB, 58 %, 4 %, 550 MiB, 16384 MiB, 48
2026/08/13 16:01:15.107, Tesla V100-PCIE-16GB, 57 %, 4 %, 550 MiB, 16384 MiB, 48
2026/08/13 16:01:25.108, Tesla V100-PCIE-16GB, 58 %, 4 %, 550 MiB, 16384 MiB, 48
2026/08/13 16:01:35.109, Tesla V100-PCIE-16GB, 57 %, 4 %, 550 MiB, 16384 MiB, 48
2026/08/13 16:01:45.110, Tesla V100-PCIE-16GB, 58 %, 4 %, 550 MiB, 16384 MiB, 48
2026/08/13 16:01:55.195, Tesla V100-PCIE-16GB, 43 %, 3 %, 550 MiB, 16384 MiB, 48
2026/08/13 16:02:05.196, Tesla V100-PCIE-16GB, 47 %, 3 %, 550 MiB, 16384 MiB, 48
2026/08/13 16:02:15.247, Tesla V100-PCIE-16GB, 57 %, 4 %, 550 MiB, 16384 MiB, 48
2026/08/13 16:02:25.248, Tesla V100-PCIE-16GB, 58 %, 4 %, 550 MiB, 16384 MiB, 48
2026/08/13 16:02:35.249, Tesla V100-PCIE-16GB, 58 %, 4 %, 550 MiB, 16384 MiB, 48
2026/08/13 16:02:45.250, Tesla V100-PCIE-16GB, 56 %, 4 %, 550 MiB, 16384 MiB, 48
2026/08/13 16:02:55.251, Tesla V100-PCIE-16GB, 59 %, 4 %, 550 MiB, 16384 MiB, 48
2026/08/13 16:03:05.252, Tesla V100-PCIE-16GB, 57 %, 4 %, 550 MiB, 16384 MiB, 48
2026/08/13 16:03:15.254, Tesla V100-PCIE-16GB, 25 %, 5 %, 550 MiB, 16384 MiB, 48
2026/08/13 16:03:25.256, Tesla V100-PCIE-16GB, 54 %, 4 %, 550 MiB, 16384 MiB, 48
2026/08/13 16:03:35.258, Tesla V100-PCIE-16GB, 58 %, 4 %, 550 MiB, 16384 MiB, 47
2026/08/13 16:03:45.259, Tesla V100-PCIE-16GB, 56 %, 4 %, 550 MiB, 16384 MiB, 47
2026/08/13 16:03:55.261, Tesla V100-PCIE-16GB, 58 %, 4 %, 550 MiB, 16384 MiB, 46
2026/08/13 16:04:05.262, Tesla V100-PCIE-16GB, 59 %, 4 %, 550 MiB, 16384 MiB, 46
2026/08/13 16:04:15.263, Tesla V100-PCIE-16GB, 55 %, 4 %, 550 MiB, 16384 MiB, 45
2026/08/13 16:04:25.264, Tesla V100-PCIE-16GB, 57 %, 4 %, 550 MiB, 16384 MiB, 45
2026/08/13 16:04:35.265, Tesla V100-PCIE-16GB, 55 %, 4 %, 550 MiB, 16384 MiB, 45
2026/08/13 16:04:45.356, Tesla V100-PCIE-16GB, 58 %, 4 %, 550 MiB, 16384 MiB, 44
2026/08/13 16:04:55.357, Tesla V100-PCIE-16GB, 58 %, 4 %, 550 MiB, 16384 MiB, 44
2026/08/13 16:05:05.358, Tesla V100-PCIE-16GB, 50 %, 3 %, 550 MiB, 16384 MiB, 44
2026/08/13 16:05:15.359, Tesla V100-PCIE-16GB, 58 %, 4 %, 550 MiB, 16384 MiB, 44
2026/08/13 16:05:25.361, Tesla V100-PCIE-16GB, 56 %, 4 %, 550 MiB, 16384 MiB, 44
2026/08/13 16:05:35.362, Tesla V100-PCIE-16GB, 55 %, 4 %, 550 MiB, 16384 MiB, 43
2026/08/13 16:05:45.363, Tesla V100-PCIE-16GB, 57 %, 4 %, 550 MiB, 16384 MiB, 43
2026/08/13 16:05:55.364, Tesla V100-PCIE-16GB, 56 %, 4 %, 550 MiB, 16384 MiB, 43
2026/08/13 16:06:05.366, Tesla V100-PCIE-16GB, 56 %, 4 %, 550 MiB, 16384 MiB, 43
2026/08/13 16:06:15.367, Tesla V100-PCIE-16GB, 53 %, 4 %, 550 MiB, 16384 MiB, 43
2026/08/13 16:06:25.368, Tesla V100-PCIE-16GB, 25 %, 4 %, 550 MiB, 16384 MiB, 43
2026/08/13 16:06:35.369, Tesla V100-PCIE-16GB, 57 %, 4 %, 550 MiB, 16384 MiB, 43
2026/08/13 16:06:45.457, Tesla V100-PCIE-16GB, 57 %, 4 %, 550 MiB, 16384 MiB, 43
2026/08/13 16:06:55.459, Tesla V100-PCIE-16GB, 56 %, 4 %, 550 MiB, 16384 MiB, 43
2026/08/13 16:07:05.460, Tesla V100-PCIE-16GB, 57 %, 4 %, 550 MiB, 16384 MiB, 43
2026/08/13 16:07:15.462, Tesla V100-PCIE-16GB, 59 %, 4 %, 550 MiB, 16384 MiB, 43
2026/08/13 16:07:25.463, Tesla V100-PCIE-16GB, 56 %, 4 %, 550 MiB, 16384 MiB, 43
2026/08/13 16:07:35.464, Tesla V100-PCIE-16GB, 55 %, 4 %, 550 MiB, 16384 MiB, 43
2026/08/13 16:07:45.465, Tesla V100-PCIE-16GB, 55 %, 4 %, 550 MiB, 16384 MiB, 43
2026/08/13 16:07:55.466, Tesla V100-PCIE-16GB, 56 %, 4 %, 550 MiB, 16384 MiB, 43
2026/08/13 16:08:05.468, Tesla V100-PCIE-16GB, 58 %, 4 %, 550 MiB, 16384 MiB, 43
2026/08/13 16:08:15.469, Tesla V100-PCIE-16GB, 58 %, 4 %, 550 MiB, 16384 MiB, 43
2026/08/13 16:08:25.470, Tesla V100-PCIE-16GB, 58 %, 4 %, 550 MiB, 16384 MiB, 43
2026/08/13 16:08:35.471, Tesla V100-PCIE-16GB, 57 %, 4 %, 550 MiB, 16384 MiB, 43
2026/08/13 16:08:45.472, Tesla V100-PCIE-16GB, 53 %, 4 %, 550 MiB, 16384 MiB, 43
2026/08/13 16:08:55.473, Tesla V100-PCIE-16GB, 58 %, 4 %, 550 MiB, 16384 MiB, 43
2026/08/13 16:09:05.475, Tesla V100-PCIE-16GB, 57 %, 4 %, 550 MiB, 16384 MiB, 43
2026/08/13 16:09:15.476, Tesla V100-PCIE-16GB, 58 %, 4 %, 550 MiB, 16384 MiB, 43
2026/08/13 16:09:25.477, Tesla V100-PCIE-16GB, 57 %, 4 %, 550 MiB, 16384 MiB, 43
2026/08/13 16:09:35.478, Tesla V100-PCIE-16GB, 59 %, 4 %, 550 MiB, 16384 MiB, 43
2026/08/13 16:09:45.480, Tesla V100-PCIE-16GB, 58 %, 4 %, 550 MiB, 16384 MiB, 43
2026/08/13 16:09:55.481, Tesla V100-PCIE-16GB, 55 %, 4 %, 550 MiB, 16384 MiB, 42
2026/08/13 16:10:05.493, Tesla V100-PCIE-16GB, 55 %, 4 %, 550 MiB, 16384 MiB, 43
2026/08/13 16:10:15.494, Tesla V100-PCIE-16GB, 57 %, 4 %, 550 MiB, 16384 MiB, 42
2026/08/13 16:10:25.495, Tesla V100-PCIE-16GB, 58 %, 4 %, 550 MiB, 16384 MiB, 43
2026/08/13 16:10:35.496, Tesla V100-PCIE-16GB, 55 %, 4 %, 550 MiB, 16384 MiB, 43
2026/08/13 16:10:45.630, Tesla V100-PCIE-16GB, 24 %, 4 %, 550 MiB, 16384 MiB, 43
2026/08/13 16:10:55.631, Tesla V100-PCIE-16GB, 56 %, 4 %, 550 MiB, 16384 MiB, 43
2026/08/13 16:11:05.633, Tesla V100-PCIE-16GB, 53 %, 4 %, 550 MiB, 16384 MiB, 43
2026/08/13 16:11:15.634, Tesla V100-PCIE-16GB, 58 %, 4 %, 550 MiB, 16384 MiB, 43
2026/08/13 16:11:25.636, Tesla V100-PCIE-16GB, 55 %, 4 %, 550 MiB, 16384 MiB, 43
2026/08/13 16:11:35.637, Tesla V100-PCIE-16GB, 58 %, 4 %, 550 MiB, 16384 MiB, 43
2026/08/13 16:11:45.639, Tesla V100-PCIE-16GB, 55 %, 4 %, 550 MiB, 16384 MiB, 43
2026/08/13 16:11:55.647, Tesla V100-PCIE-16GB, 56 %, 4 %, 550 MiB, 16384 MiB, 43
2026/08/13 16:12:05.649, Tesla V100-PCIE-16GB, 56 %, 4 %, 550 MiB, 16384 MiB, 43
2026/08/13 16:12:15.650, Tesla V100-PCIE-16GB, 57 %, 4 %, 550 MiB, 16384 MiB, 43
2026/08/13 16:12:25.651, Tesla V100-PCIE-16GB, 57 %, 4 %, 550 MiB, 16384 MiB, 43
2026/08/13 16:12:35.652, Tesla V100-PCIE-16GB, 58 %, 4 %, 550 MiB, 16384 MiB, 43
2026/08/13 16:12:45.653, Tesla V100-PCIE-16GB, 59 %, 4 %, 550 MiB, 16384 MiB, 43
2026/08/13 16:12:55.655, Tesla V100-PCIE-16GB, 53 %, 4 %, 550 MiB, 16384 MiB, 43
2026/08/13 16:13:05.656, Tesla V100-PCIE-16GB, 57 %, 4 %, 550 MiB, 16384 MiB, 43
2026/08/13 16:13:15.657, Tesla V100-PCIE-16GB, 55 %, 4 %, 550 MiB, 16384 MiB, 43
2026/08/13 16:13:25.659, Tesla V100-PCIE-16GB, 56 %, 4 %, 550 MiB, 16384 MiB, 43
2026/08/13 16:13:35.660, Tesla V100-PCIE-16GB, 57 %, 4 %, 550 MiB, 16384 MiB, 43
2026/08/13 16:13:45.661, Tesla V100-PCIE-16GB, 40 %, 3 %, 550 MiB, 16384 MiB, 42
2026/08/13 16:13:55.663, Tesla V100-PCIE-16GB, 25 %, 5 %, 550 MiB, 16384 MiB, 43
2026/08/13 16:14:05.665, Tesla V100-PCIE-16GB, 54 %, 4 %, 550 MiB, 16384 MiB, 43
2026/08/13 16:14:15.666, Tesla V100-PCIE-16GB, 55 %, 4 %, 550 MiB, 16384 MiB, 43
2026/08/13 16:14:25.667, Tesla V100-PCIE-16GB, 56 %, 4 %, 550 MiB, 16384 MiB, 43
2026/08/13 16:14:35.668, Tesla V100-PCIE-16GB, 56 %, 4 %, 550 MiB, 16384 MiB, 43
2026/08/13 16:14:45.669, Tesla V100-PCIE-16GB, 57 %, 4 %, 550 MiB, 16384 MiB, 43
2026/08/13 16:14:55.739, Tesla V100-PCIE-16GB, 56 %, 4 %, 550 MiB, 16384 MiB, 43
2026/08/13 16:15:05.740, Tesla V100-PCIE-16GB, 52 %, 3 %, 550 MiB, 16384 MiB, 43
2026/08/13 16:15:15.741, Tesla V100-PCIE-16GB, 46 %, 21 %, 610 MiB, 16384 MiB, 45
2026/08/13 16:15:25.744, Tesla V100-PCIE-16GB, 45 %, 21 %, 610 MiB, 16384 MiB, 46
2026/08/13 16:15:35.746, Tesla V100-PCIE-16GB, 67 %, 2 %, 882 MiB, 16384 MiB, 44
2026/08/13 16:15:45.747, Tesla V100-PCIE-16GB, 66 %, 2 %, 946 MiB, 16384 MiB, 44
2026/08/13 16:15:55.749, Tesla V100-PCIE-16GB, 75 %, 2 %, 946 MiB, 16384 MiB, 43
2026/08/13 16:16:05.750, Tesla V100-PCIE-16GB, 69 %, 2 %, 946 MiB, 16384 MiB, 43
2026/08/13 16:16:15.751, Tesla V100-PCIE-16GB, 68 %, 2 %, 946 MiB, 16384 MiB, 43
2026/08/13 16:16:25.752, Tesla V100-PCIE-16GB, 0 %, 0 %, 4 MiB, 16384 MiB, 41
2026/08/13 16:16:35.754, Tesla V100-PCIE-16GB, 56 %, 22 %, 1222 MiB, 16384 MiB, 44
2026/08/13 16:16:45.755, Tesla V100-PCIE-16GB, 53 %, 19 %, 1234 MiB, 16384 MiB, 46
2026/08/13 16:16:55.756, Tesla V100-PCIE-16GB, 47 %, 18 %, 1234 MiB, 16384 MiB, 46
2026/08/13 16:17:05.760, Tesla V100-PCIE-16GB, 47 %, 17 %, 1234 MiB, 16384 MiB, 47
2026/08/13 16:17:15.762, Tesla V100-PCIE-16GB, 57 %, 22 %, 1234 MiB, 16384 MiB, 48
2026/08/13 16:17:25.763, Tesla V100-PCIE-16GB, 55 %, 21 %, 1234 MiB, 16384 MiB, 48
2026/08/13 16:17:35.764, Tesla V100-PCIE-16GB, 36 %, 14 %, 1234 MiB, 16384 MiB, 48
2026/08/13 16:17:45.765, Tesla V100-PCIE-16GB, 0 %, 0 %, 0 MiB, 16384 MiB, 45
2026/08/13 16:17:55.766, Tesla V100-PCIE-16GB, 62 %, 8 %, 638 MiB, 16384 MiB, 46
2026/08/13 16:18:05.768, Tesla V100-PCIE-16GB, 68 %, 9 %, 638 MiB, 16384 MiB, 46
2026/08/13 16:18:15.769, Tesla V100-PCIE-16GB, 69 %, 9 %, 638 MiB, 16384 MiB, 46
2026/08/13 16:18:25.770, Tesla V100-PCIE-16GB, 67 %, 8 %, 638 MiB, 16384 MiB, 46
2026/08/13 16:18:35.771, Tesla V100-PCIE-16GB, 63 %, 8 %, 638 MiB, 16384 MiB, 46
2026/08/13 16:18:45.772, Tesla V100-PCIE-16GB, 66 %, 8 %, 640 MiB, 16384 MiB, 46
2026/08/13 16:18:55.774, Tesla V100-PCIE-16GB, 66 %, 8 %, 640 MiB, 16384 MiB, 46
2026/08/13 16:19:05.813, Tesla V100-PCIE-16GB, 64 %, 8 %, 640 MiB, 16384 MiB, 46
2026/08/13 16:19:15.814, Tesla V100-PCIE-16GB, 64 %, 8 %, 640 MiB, 16384 MiB, 46
2026/08/13 16:19:25.815, Tesla V100-PCIE-16GB, 68 %, 8 %, 640 MiB, 16384 MiB, 46
2026/08/13 16:19:35.816, Tesla V100-PCIE-16GB, 65 %, 8 %, 640 MiB, 16384 MiB, 47
2026/08/13 16:19:45.847, Tesla V100-PCIE-16GB, 67 %, 8 %, 640 MiB, 16384 MiB, 47
2026/08/13 16:19:55.848, Tesla V100-PCIE-16GB, 66 %, 8 %, 640 MiB, 16384 MiB, 47
2026/08/13 16:20:05.850, Tesla V100-PCIE-16GB, 67 %, 8 %, 640 MiB, 16384 MiB, 47
2026/08/13 16:20:15.851, Tesla V100-PCIE-16GB, 68 %, 8 %, 640 MiB, 16384 MiB, 47
2026/08/13 16:20:25.852, Tesla V100-PCIE-16GB, 68 %, 8 %, 640 MiB, 16384 MiB, 47
2026/08/13 16:20:35.854, Tesla V100-PCIE-16GB, 61 %, 8 %, 640 MiB, 16384 MiB, 47
2026/08/13 16:20:45.861, Tesla V100-PCIE-16GB, 67 %, 8 %, 640 MiB, 16384 MiB, 47
2026/08/13 16:20:55.862, Tesla V100-PCIE-16GB, 65 %, 8 %, 640 MiB, 16384 MiB, 47
2026/08/13 16:21:05.863, Tesla V100-PCIE-16GB, 67 %, 8 %, 640 MiB, 16384 MiB, 47
2026/08/13 16:21:15.864, Tesla V100-PCIE-16GB, 68 %, 8 %, 640 MiB, 16384 MiB, 47
2026/08/13 16:21:25.865, Tesla V100-PCIE-16GB, 68 %, 8 %, 640 MiB, 16384 MiB, 47
2026/08/13 16:21:35.867, Tesla V100-PCIE-16GB, 68 %, 8 %, 640 MiB, 16384 MiB, 47
2026/08/13 16:21:45.868, Tesla V100-PCIE-16GB, 68 %, 8 %, 640 MiB, 16384 MiB, 47
2026/08/13 16:21:55.869, Tesla V100-PCIE-16GB, 64 %, 8 %, 640 MiB, 16384 MiB, 47
2026/08/13 16:22:05.871, Tesla V100-PCIE-16GB, 63 %, 8 %, 640 MiB, 16384 MiB, 47
2026/08/13 16:22:15.873, Tesla V100-PCIE-16GB, 66 %, 8 %, 640 MiB, 16384 MiB, 47
2026/08/13 16:22:25.875, Tesla V100-PCIE-16GB, 56 %, 7 %, 640 MiB, 16384 MiB, 47
2026/08/13 16:22:35.876, Tesla V100-PCIE-16GB, 65 %, 8 %, 640 MiB, 16384 MiB, 47
2026/08/13 16:22:45.900, Tesla V100-PCIE-16GB, 65 %, 8 %, 640 MiB, 16384 MiB, 47
2026/08/13 16:22:55.901, Tesla V100-PCIE-16GB, 69 %, 9 %, 640 MiB, 16384 MiB, 47
2026/08/13 16:23:05.902, Tesla V100-PCIE-16GB, 68 %, 9 %, 640 MiB, 16384 MiB, 47
2026/08/13 16:23:15.904, Tesla V100-PCIE-16GB, 68 %, 9 %, 640 MiB, 16384 MiB, 47
2026/08/13 16:23:25.905, Tesla V100-PCIE-16GB, 69 %, 9 %, 640 MiB, 16384 MiB, 47
2026/08/13 16:23:35.906, Tesla V100-PCIE-16GB, 68 %, 8 %, 640 MiB, 16384 MiB, 47
2026/08/13 16:23:45.907, Tesla V100-PCIE-16GB, 67 %, 8 %, 640 MiB, 16384 MiB, 47
2026/08/13 16:23:55.908, Tesla V100-PCIE-16GB, 67 %, 8 %, 640 MiB, 16384 MiB, 47
2026/08/13 16:24:05.910, Tesla V100-PCIE-16GB, 64 %, 8 %, 640 MiB, 16384 MiB, 47
2026/08/13 16:24:15.911, Tesla V100-PCIE-16GB, 59 %, 7 %, 640 MiB, 16384 MiB, 47
2026/08/13 16:24:25.918, Tesla V100-PCIE-16GB, 65 %, 8 %, 640 MiB, 16384 MiB, 47
2026/08/13 16:24:35.919, Tesla V100-PCIE-16GB, 66 %, 8 %, 640 MiB, 16384 MiB, 47
2026/08/13 16:24:45.920, Tesla V100-PCIE-16GB, 65 %, 8 %, 640 MiB, 16384 MiB, 47
2026/08/13 16:24:55.922, Tesla V100-PCIE-16GB, 69 %, 9 %, 640 MiB, 16384 MiB, 47
2026/08/13 16:25:05.991, Tesla V100-PCIE-16GB, 64 %, 8 %, 640 MiB, 16384 MiB, 47
2026/08/13 16:25:15.992, Tesla V100-PCIE-16GB, 68 %, 8 %, 640 MiB, 16384 MiB, 47
2026/08/13 16:25:25.994, Tesla V100-PCIE-16GB, 67 %, 8 %, 640 MiB, 16384 MiB, 47
2026/08/13 16:25:36.044, Tesla V100-PCIE-16GB, 68 %, 8 %, 640 MiB, 16384 MiB, 47
2026/08/13 16:25:46.047, Tesla V100-PCIE-16GB, 65 %, 8 %, 640 MiB, 16384 MiB, 47
2026/08/13 16:25:56.051, Tesla V100-PCIE-16GB, 68 %, 8 %, 640 MiB, 16384 MiB, 47
2026/08/13 16:26:06.053, Tesla V100-PCIE-16GB, 63 %, 8 %, 640 MiB, 16384 MiB, 47
2026/08/13 16:26:16.054, Tesla V100-PCIE-16GB, 68 %, 8 %, 640 MiB, 16384 MiB, 47
2026/08/13 16:26:26.055, Tesla V100-PCIE-16GB, 65 %, 8 %, 640 MiB, 16384 MiB, 47
2026/08/13 16:26:36.056, Tesla V100-PCIE-16GB, 67 %, 8 %, 640 MiB, 16384 MiB, 47
2026/08/13 16:26:46.059, Tesla V100-PCIE-16GB, 63 %, 8 %, 640 MiB, 16384 MiB, 47
2026/08/13 16:26:56.061, Tesla V100-PCIE-16GB, 68 %, 9 %, 640 MiB, 16384 MiB, 47
2026/08/13 16:27:06.062, Tesla V100-PCIE-16GB, 64 %, 8 %, 640 MiB, 16384 MiB, 47
2026/08/13 16:27:16.064, Tesla V100-PCIE-16GB, 66 %, 8 %, 640 MiB, 16384 MiB, 47
2026/08/13 16:27:26.065, Tesla V100-PCIE-16GB, 67 %, 8 %, 640 MiB, 16384 MiB, 47
2026/08/13 16:27:36.188, Tesla V100-PCIE-16GB, 64 %, 8 %, 640 MiB, 16384 MiB, 47
2026/08/13 16:27:46.189, Tesla V100-PCIE-16GB, 68 %, 9 %, 640 MiB, 16384 MiB, 47
2026/08/13 16:27:56.190, Tesla V100-PCIE-16GB, 69 %, 9 %, 640 MiB, 16384 MiB, 47
2026/08/13 16:28:06.191, Tesla V100-PCIE-16GB, 69 %, 8 %, 640 MiB, 16384 MiB, 47
2026/08/13 16:28:16.193, Tesla V100-PCIE-16GB, 64 %, 8 %, 640 MiB, 16384 MiB, 47
2026/08/13 16:28:26.194, Tesla V100-PCIE-16GB, 65 %, 8 %, 640 MiB, 16384 MiB, 47
2026/08/13 16:28:36.195, Tesla V100-PCIE-16GB, 61 %, 8 %, 640 MiB, 16384 MiB, 47
2026/08/13 16:28:46.196, Tesla V100-PCIE-16GB, 64 %, 8 %, 640 MiB, 16384 MiB, 47
2026/08/13 16:28:56.197, Tesla V100-PCIE-16GB, 69 %, 9 %, 640 MiB, 16384 MiB, 47
2026/08/13 16:29:06.200, Tesla V100-PCIE-16GB, 66 %, 8 %, 640 MiB, 16384 MiB, 47
2026/08/13 16:29:16.201, Tesla V100-PCIE-16GB, 67 %, 8 %, 640 MiB, 16384 MiB, 47
2026/08/13 16:29:26.203, Tesla V100-PCIE-16GB, 49 %, 15 %, 640 MiB, 16384 MiB, 47
2026/08/13 16:29:36.204, Tesla V100-PCIE-16GB, 68 %, 8 %, 640 MiB, 16384 MiB, 47
2026/08/13 16:29:46.262, Tesla V100-PCIE-16GB, 66 %, 8 %, 640 MiB, 16384 MiB, 47
2026/08/13 16:29:56.263, Tesla V100-PCIE-16GB, 65 %, 8 %, 640 MiB, 16384 MiB, 47
2026/08/13 16:30:06.264, Tesla V100-PCIE-16GB, 65 %, 8 %, 640 MiB, 16384 MiB, 47
2026/08/13 16:30:16.265, Tesla V100-PCIE-16GB, 45 %, 14 %, 640 MiB, 16384 MiB, 47
2026/08/13 16:30:26.267, Tesla V100-PCIE-16GB, 68 %, 8 %, 640 MiB, 16384 MiB, 47
2026/08/13 16:30:36.306, Tesla V100-PCIE-16GB, 65 %, 8 %, 640 MiB, 16384 MiB, 47
2026/08/13 16:30:46.316, Tesla V100-PCIE-16GB, 69 %, 9 %, 640 MiB, 16384 MiB, 47
2026/08/13 16:30:56.318, Tesla V100-PCIE-16GB, 68 %, 8 %, 640 MiB, 16384 MiB, 47
2026/08/13 16:31:06.319, Tesla V100-PCIE-16GB, 65 %, 8 %, 640 MiB, 16384 MiB, 47
2026/08/13 16:31:16.320, Tesla V100-PCIE-16GB, 66 %, 8 %, 640 MiB, 16384 MiB, 47
2026/08/13 16:31:26.321, Tesla V100-PCIE-16GB, 66 %, 8 %, 640 MiB, 16384 MiB, 47
2026/08/13 16:31:36.322, Tesla V100-PCIE-16GB, 65 %, 8 %, 640 MiB, 16384 MiB, 47
2026/08/13 16:31:46.323, Tesla V100-PCIE-16GB, 68 %, 8 %, 640 MiB, 16384 MiB, 47
2026/08/13 16:31:56.324, Tesla V100-PCIE-16GB, 65 %, 8 %, 640 MiB, 16384 MiB, 47
2026/08/13 16:32:06.326, Tesla V100-PCIE-16GB, 68 %, 9 %, 640 MiB, 16384 MiB, 47
2026/08/13 16:32:16.327, Tesla V100-PCIE-16GB, 65 %, 8 %, 640 MiB, 16384 MiB, 47
2026/08/13 16:32:26.328, Tesla V100-PCIE-16GB, 68 %, 9 %, 640 MiB, 16384 MiB, 47
2026/08/13 16:32:36.330, Tesla V100-PCIE-16GB, 69 %, 9 %, 640 MiB, 16384 MiB, 47
2026/08/13 16:32:46.331, Tesla V100-PCIE-16GB, 36 %, 20 %, 640 MiB, 16384 MiB, 46
2026/08/13 16:32:56.333, Tesla V100-PCIE-16GB, 23 %, 7 %, 1220 MiB, 16384 MiB, 46
2026/08/13 16:33:06.334, Tesla V100-PCIE-16GB, 49 %, 18 %, 1230 MiB, 16384 MiB, 48
2026/08/13 16:33:16.335, Tesla V100-PCIE-16GB, 32 %, 12 %, 1232 MiB, 16384 MiB, 48
2026/08/13 16:33:26.337, Tesla V100-PCIE-16GB, 56 %, 22 %, 1232 MiB, 16384 MiB, 49
2026/08/13 16:33:36.338, Tesla V100-PCIE-16GB, 55 %, 21 %, 1232 MiB, 16384 MiB, 49
2026/08/13 16:33:46.339, Tesla V100-PCIE-16GB, 0 %, 0 %, 0 MiB, 16384 MiB, 45
2026/08/13 16:33:56.340, Tesla V100-PCIE-16GB, 67 %, 8 %, 638 MiB, 16384 MiB, 47
2026/08/13 16:34:06.341, Tesla V100-PCIE-16GB, 66 %, 8 %, 638 MiB, 16384 MiB, 47
2026/08/13 16:34:16.342, Tesla V100-PCIE-16GB, 66 %, 8 %, 638 MiB, 16384 MiB, 47
2026/08/13 16:34:26.344, Tesla V100-PCIE-16GB, 64 %, 8 %, 638 MiB, 16384 MiB, 47
2026/08/13 16:34:36.345, Tesla V100-PCIE-16GB, 66 %, 8 %, 638 MiB, 16384 MiB, 47
2026/08/13 16:34:46.346, Tesla V100-PCIE-16GB, 65 %, 8 %, 640 MiB, 16384 MiB, 47
2026/08/13 16:34:56.347, Tesla V100-PCIE-16GB, 69 %, 9 %, 640 MiB, 16384 MiB, 47
2026/08/13 16:35:06.349, Tesla V100-PCIE-16GB, 66 %, 8 %, 640 MiB, 16384 MiB, 47
2026/08/13 16:35:16.350, Tesla V100-PCIE-16GB, 65 %, 8 %, 640 MiB, 16384 MiB, 47
2026/08/13 16:35:26.352, Tesla V100-PCIE-16GB, 65 %, 8 %, 640 MiB, 16384 MiB, 47
2026/08/13 16:35:36.370, Tesla V100-PCIE-16GB, 64 %, 8 %, 640 MiB, 16384 MiB, 47
2026/08/13 16:35:46.371, Tesla V100-PCIE-16GB, 66 %, 8 %, 640 MiB, 16384 MiB, 47
2026/08/13 16:35:56.379, Tesla V100-PCIE-16GB, 69 %, 8 %, 640 MiB, 16384 MiB, 47
2026/08/13 16:36:06.380, Tesla V100-PCIE-16GB, 68 %, 8 %, 640 MiB, 16384 MiB, 47
2026/08/13 16:36:16.381, Tesla V100-PCIE-16GB, 64 %, 8 %, 640 MiB, 16384 MiB, 47
2026/08/13 16:36:26.385, Tesla V100-PCIE-16GB, 66 %, 8 %, 640 MiB, 16384 MiB, 47
2026/08/13 16:36:36.386, Tesla V100-PCIE-16GB, 66 %, 8 %, 640 MiB, 16384 MiB, 47
2026/08/13 16:36:46.387, Tesla V100-PCIE-16GB, 67 %, 9 %, 640 MiB, 16384 MiB, 47
2026/08/13 16:36:56.388, Tesla V100-PCIE-16GB, 68 %, 9 %, 640 MiB, 16384 MiB, 47
2026/08/13 16:37:06.389, Tesla V100-PCIE-16GB, 63 %, 8 %, 640 MiB, 16384 MiB, 47
2026/08/13 16:37:16.390, Tesla V100-PCIE-16GB, 64 %, 8 %, 640 MiB, 16384 MiB, 47
2026/08/13 16:37:26.392, Tesla V100-PCIE-16GB, 68 %, 8 %, 640 MiB, 16384 MiB, 47
2026/08/13 16:37:36.393, Tesla V100-PCIE-16GB, 66 %, 8 %, 640 MiB, 16384 MiB, 47
2026/08/13 16:37:46.394, Tesla V100-PCIE-16GB, 65 %, 8 %, 640 MiB, 16384 MiB, 47
2026/08/13 16:37:56.395, Tesla V100-PCIE-16GB, 65 %, 8 %, 640 MiB, 16384 MiB, 47
2026/08/13 16:38:06.396, Tesla V100-PCIE-16GB, 66 %, 8 %, 640 MiB, 16384 MiB, 47
2026/08/13 16:38:16.397, Tesla V100-PCIE-16GB, 63 %, 8 %, 640 MiB, 16384 MiB, 47
2026/08/13 16:38:26.398, Tesla V100-PCIE-16GB, 67 %, 8 %, 640 MiB, 16384 MiB, 47
2026/08/13 16:38:36.400, Tesla V100-PCIE-16GB, 66 %, 8 %, 640 MiB, 16384 MiB, 47
2026/08/13 16:38:46.401, Tesla V100-PCIE-16GB, 65 %, 8 %, 640 MiB, 16384 MiB, 47
2026/08/13 16:38:56.402, Tesla V100-PCIE-16GB, 64 %, 8 %, 640 MiB, 16384 MiB, 47
2026/08/13 16:39:06.403, Tesla V100-PCIE-16GB, 67 %, 8 %, 640 MiB, 16384 MiB, 47
2026/08/13 16:39:16.404, Tesla V100-PCIE-16GB, 62 %, 8 %, 640 MiB, 16384 MiB, 47
2026/08/13 16:39:26.405, Tesla V100-PCIE-16GB, 66 %, 8 %, 640 MiB, 16384 MiB, 47
2026/08/13 16:39:36.469, Tesla V100-PCIE-16GB, 65 %, 8 %, 640 MiB, 16384 MiB, 47
2026/08/13 16:39:46.470, Tesla V100-PCIE-16GB, 65 %, 8 %, 640 MiB, 16384 MiB, 47
2026/08/13 16:39:56.471, Tesla V100-PCIE-16GB, 68 %, 9 %, 640 MiB, 16384 MiB, 47
2026/08/13 16:40:06.484, Tesla V100-PCIE-16GB, 48 %, 6 %, 640 MiB, 16384 MiB, 47
2026/08/13 16:40:16.486, Tesla V100-PCIE-16GB, 69 %, 9 %, 640 MiB, 16384 MiB, 48
2026/08/13 16:40:26.488, Tesla V100-PCIE-16GB, 68 %, 9 %, 640 MiB, 16384 MiB, 47
2026/08/13 16:40:36.493, Tesla V100-PCIE-16GB, 69 %, 9 %, 640 MiB, 16384 MiB, 47
2026/08/13 16:40:46.494, Tesla V100-PCIE-16GB, 65 %, 8 %, 640 MiB, 16384 MiB, 47
2026/08/13 16:40:56.496, Tesla V100-PCIE-16GB, 64 %, 8 %, 640 MiB, 16384 MiB, 47
2026/08/13 16:41:06.497, Tesla V100-PCIE-16GB, 65 %, 8 %, 640 MiB, 16384 MiB, 47
2026/08/13 16:41:16.498, Tesla V100-PCIE-16GB, 67 %, 8 %, 640 MiB, 16384 MiB, 47
2026/08/13 16:41:26.499, Tesla V100-PCIE-16GB, 68 %, 8 %, 640 MiB, 16384 MiB, 47
2026/08/13 16:41:36.501, Tesla V100-PCIE-16GB, 65 %, 8 %, 640 MiB, 16384 MiB, 47
2026/08/13 16:41:46.502, Tesla V100-PCIE-16GB, 65 %, 8 %, 640 MiB, 16384 MiB, 47
2026/08/13 16:41:56.503, Tesla V100-PCIE-16GB, 65 %, 8 %, 640 MiB, 16384 MiB, 47
2026/08/13 16:42:06.504, Tesla V100-PCIE-16GB, 66 %, 8 %, 640 MiB, 16384 MiB, 47
2026/08/13 16:42:16.505, Tesla V100-PCIE-16GB, 65 %, 8 %, 640 MiB, 16384 MiB, 47
2026/08/13 16:42:26.507, Tesla V100-PCIE-16GB, 68 %, 8 %, 640 MiB, 16384 MiB, 47
2026/08/13 16:42:36.508, Tesla V100-PCIE-16GB, 63 %, 8 %, 640 MiB, 16384 MiB, 47
2026/08/13 16:42:46.509, Tesla V100-PCIE-16GB, 66 %, 8 %, 640 MiB, 16384 MiB, 47
2026/08/13 16:42:56.510, Tesla V100-PCIE-16GB, 65 %, 8 %, 640 MiB, 16384 MiB, 47
2026/08/13 16:43:06.511, Tesla V100-PCIE-16GB, 67 %, 8 %, 640 MiB, 16384 MiB, 47
2026/08/13 16:43:16.512, Tesla V100-PCIE-16GB, 65 %, 8 %, 640 MiB, 16384 MiB, 47
2026/08/13 16:43:26.513, Tesla V100-PCIE-16GB, 68 %, 8 %, 640 MiB, 16384 MiB, 47
2026/08/13 16:43:36.515, Tesla V100-PCIE-16GB, 67 %, 8 %, 640 MiB, 16384 MiB, 47
2026/08/13 16:43:46.516, Tesla V100-PCIE-16GB, 67 %, 8 %, 640 MiB, 16384 MiB, 47
2026/08/13 16:43:56.517, Tesla V100-PCIE-16GB, 67 %, 9 %, 640 MiB, 16384 MiB, 47
2026/08/13 16:44:06.519, Tesla V100-PCIE-16GB, 68 %, 9 %, 640 MiB, 16384 MiB, 47
2026/08/13 16:44:16.520, Tesla V100-PCIE-16GB, 66 %, 8 %, 640 MiB, 16384 MiB, 47
2026/08/13 16:44:26.521, Tesla V100-PCIE-16GB, 62 %, 8 %, 640 MiB, 16384 MiB, 47
2026/08/13 16:44:36.522, Tesla V100-PCIE-16GB, 65 %, 8 %, 640 MiB, 16384 MiB, 47
2026/08/13 16:44:46.523, Tesla V100-PCIE-16GB, 64 %, 8 %, 640 MiB, 16384 MiB, 47
2026/08/13 16:44:56.624, Tesla V100-PCIE-16GB, 64 %, 8 %, 640 MiB, 16384 MiB, 47
2026/08/13 16:45:06.625, Tesla V100-PCIE-16GB, 65 %, 8 %, 640 MiB, 16384 MiB, 47
2026/08/13 16:45:16.626, Tesla V100-PCIE-16GB, 68 %, 9 %, 640 MiB, 16384 MiB, 47
2026/08/13 16:45:26.628, Tesla V100-PCIE-16GB, 64 %, 8 %, 640 MiB, 16384 MiB, 47
2026/08/13 16:45:36.629, Tesla V100-PCIE-16GB, 66 %, 8 %, 640 MiB, 16384 MiB, 47
2026/08/13 16:45:46.630, Tesla V100-PCIE-16GB, 67 %, 8 %, 640 MiB, 16384 MiB, 47
2026/08/13 16:45:56.631, Tesla V100-PCIE-16GB, 66 %, 8 %, 640 MiB, 16384 MiB, 47
2026/08/13 16:46:06.665, Tesla V100-PCIE-16GB, 66 %, 8 %, 640 MiB, 16384 MiB, 47
2026/08/13 16:46:16.667, Tesla V100-PCIE-16GB, 48 %, 15 %, 640 MiB, 16384 MiB, 47
2026/08/13 16:46:26.668, Tesla V100-PCIE-16GB, 68 %, 8 %, 640 MiB, 16384 MiB, 47
2026/08/13 16:46:36.669, Tesla V100-PCIE-16GB, 65 %, 8 %, 640 MiB, 16384 MiB, 47
2026/08/13 16:46:46.670, Tesla V100-PCIE-16GB, 68 %, 8 %, 640 MiB, 16384 MiB, 47
2026/08/13 16:46:56.741, Tesla V100-PCIE-16GB, 65 %, 8 %, 640 MiB, 16384 MiB, 47
2026/08/13 16:47:06.743, Tesla V100-PCIE-16GB, 49 %, 15 %, 640 MiB, 16384 MiB, 47
2026/08/13 16:47:16.744, Tesla V100-PCIE-16GB, 30 %, 17 %, 640 MiB, 16384 MiB, 47
2026/08/13 16:47:26.746, Tesla V100-PCIE-16GB, 62 %, 25 %, 1230 MiB, 16384 MiB, 48
2026/08/13 16:47:36.747, Tesla V100-PCIE-16GB, 47 %, 18 %, 1232 MiB, 16384 MiB, 48
2026/08/13 16:47:46.748, Tesla V100-PCIE-16GB, 50 %, 19 %, 1232 MiB, 16384 MiB, 49
2026/08/13 16:47:56.750, Tesla V100-PCIE-16GB, 58 %, 23 %, 1232 MiB, 16384 MiB, 49
2026/08/13 16:48:06.752, Tesla V100-PCIE-16GB, 59 %, 23 %, 1232 MiB, 16384 MiB, 49
2026/08/13 16:48:16.753, Tesla V100-PCIE-16GB, 0 %, 0 %, 4 MiB, 16384 MiB, 44
2026/08/13 16:48:26.754, Tesla V100-PCIE-16GB, 67 %, 8 %, 638 MiB, 16384 MiB, 47
2026/08/13 16:48:36.755, Tesla V100-PCIE-16GB, 69 %, 9 %, 638 MiB, 16384 MiB, 47
2026/08/13 16:48:46.756, Tesla V100-PCIE-16GB, 65 %, 8 %, 638 MiB, 16384 MiB, 47
2026/08/13 16:48:56.825, Tesla V100-PCIE-16GB, 66 %, 8 %, 638 MiB, 16384 MiB, 47
2026/08/13 16:49:06.826, Tesla V100-PCIE-16GB, 55 %, 7 %, 640 MiB, 16384 MiB, 47
2026/08/13 16:49:16.828, Tesla V100-PCIE-16GB, 67 %, 8 %, 640 MiB, 16384 MiB, 47
2026/08/13 16:49:26.832, Tesla V100-PCIE-16GB, 62 %, 8 %, 640 MiB, 16384 MiB, 47
2026/08/13 16:49:36.834, Tesla V100-PCIE-16GB, 63 %, 8 %, 640 MiB, 16384 MiB, 47
2026/08/13 16:49:46.835, Tesla V100-PCIE-16GB, 69 %, 9 %, 640 MiB, 16384 MiB, 47
2026/08/13 16:49:56.836, Tesla V100-PCIE-16GB, 49 %, 15 %, 640 MiB, 16384 MiB, 47
2026/08/13 16:50:06.837, Tesla V100-PCIE-16GB, 69 %, 9 %, 640 MiB, 16384 MiB, 47
2026/08/13 16:50:16.839, Tesla V100-PCIE-16GB, 67 %, 8 %, 640 MiB, 16384 MiB, 47
2026/08/13 16:50:26.840, Tesla V100-PCIE-16GB, 68 %, 9 %, 640 MiB, 16384 MiB, 47
2026/08/13 16:50:36.842, Tesla V100-PCIE-16GB, 67 %, 9 %, 640 MiB, 16384 MiB, 47
2026/08/13 16:50:46.843, Tesla V100-PCIE-16GB, 49 %, 15 %, 640 MiB, 16384 MiB, 47
2026/08/13 16:50:56.914, Tesla V100-PCIE-16GB, 66 %, 8 %, 640 MiB, 16384 MiB, 47
2026/08/13 16:51:06.915, Tesla V100-PCIE-16GB, 66 %, 8 %, 640 MiB, 16384 MiB, 47
2026/08/13 16:51:16.916, Tesla V100-PCIE-16GB, 65 %, 8 %, 640 MiB, 16384 MiB, 47
2026/08/13 16:51:26.935, Tesla V100-PCIE-16GB, 66 %, 8 %, 640 MiB, 16384 MiB, 47
2026/08/13 16:51:36.937, Tesla V100-PCIE-16GB, 66 %, 8 %, 640 MiB, 16384 MiB, 47
2026/08/13 16:51:46.940, Tesla V100-PCIE-16GB, 66 %, 8 %, 640 MiB, 16384 MiB, 47
2026/08/13 16:51:56.942, Tesla V100-PCIE-16GB, 65 %, 8 %, 640 MiB, 16384 MiB, 47
2026/08/13 16:52:06.943, Tesla V100-PCIE-16GB, 66 %, 8 %, 640 MiB, 16384 MiB, 47
2026/08/13 16:52:16.944, Tesla V100-PCIE-16GB, 64 %, 8 %, 640 MiB, 16384 MiB, 47
2026/08/13 16:52:26.945, Tesla V100-PCIE-16GB, 67 %, 9 %, 640 MiB, 16384 MiB, 47
2026/08/13 16:52:36.946, Tesla V100-PCIE-16GB, 64 %, 8 %, 640 MiB, 16384 MiB, 47
2026/08/13 16:52:46.947, Tesla V100-PCIE-16GB, 65 %, 8 %, 640 MiB, 16384 MiB, 47
2026/08/13 16:52:56.949, Tesla V100-PCIE-16GB, 65 %, 8 %, 640 MiB, 16384 MiB, 47
2026/08/13 16:53:06.950, Tesla V100-PCIE-16GB, 68 %, 8 %, 640 MiB, 16384 MiB, 47
2026/08/13 16:53:16.951, Tesla V100-PCIE-16GB, 67 %, 8 %, 640 MiB, 16384 MiB, 47
2026/08/13 16:53:26.952, Tesla V100-PCIE-16GB, 68 %, 8 %, 640 MiB, 16384 MiB, 47
2026/08/13 16:53:36.953, Tesla V100-PCIE-16GB, 66 %, 8 %, 640 MiB, 16384 MiB, 47
2026/08/13 16:53:46.955, Tesla V100-PCIE-16GB, 63 %, 8 %, 640 MiB, 16384 MiB, 48
2026/08/13 16:53:57.007, Tesla V100-PCIE-16GB, 66 %, 8 %, 640 MiB, 16384 MiB, 48
2026/08/13 16:54:07.009, Tesla V100-PCIE-16GB, 69 %, 9 %, 640 MiB, 16384 MiB, 48
2026/08/13 16:54:17.010, Tesla V100-PCIE-16GB, 70 %, 9 %, 640 MiB, 16384 MiB, 47
2026/08/13 16:54:27.011, Tesla V100-PCIE-16GB, 60 %, 8 %, 640 MiB, 16384 MiB, 47
2026/08/13 16:54:37.012, Tesla V100-PCIE-16GB, 68 %, 9 %, 640 MiB, 16384 MiB, 47
2026/08/13 16:54:47.013, Tesla V100-PCIE-16GB, 69 %, 9 %, 640 MiB, 16384 MiB, 47
2026/08/13 16:54:57.015, Tesla V100-PCIE-16GB, 66 %, 8 %, 640 MiB, 16384 MiB, 47
2026/08/13 16:55:07.016, Tesla V100-PCIE-16GB, 66 %, 8 %, 640 MiB, 16384 MiB, 47
2026/08/13 16:55:17.017, Tesla V100-PCIE-16GB, 66 %, 8 %, 640 MiB, 16384 MiB, 47
2026/08/13 16:55:27.018, Tesla V100-PCIE-16GB, 59 %, 7 %, 640 MiB, 16384 MiB, 47
2026/08/13 16:55:37.019, Tesla V100-PCIE-16GB, 67 %, 8 %, 640 MiB, 16384 MiB, 47
2026/08/13 16:55:47.022, Tesla V100-PCIE-16GB, 64 %, 8 %, 640 MiB, 16384 MiB, 47
2026/08/13 16:55:57.023, Tesla V100-PCIE-16GB, 68 %, 8 %, 640 MiB, 16384 MiB, 47
2026/08/13 16:56:07.024, Tesla V100-PCIE-16GB, 68 %, 8 %, 640 MiB, 16384 MiB, 47
2026/08/13 16:56:17.026, Tesla V100-PCIE-16GB, 67 %, 8 %, 640 MiB, 16384 MiB, 47
2026/08/13 16:56:27.027, Tesla V100-PCIE-16GB, 65 %, 8 %, 640 MiB, 16384 MiB, 47
2026/08/13 16:56:37.028, Tesla V100-PCIE-16GB, 67 %, 8 %, 640 MiB, 16384 MiB, 48
2026/08/13 16:56:47.030, Tesla V100-PCIE-16GB, 67 %, 8 %, 640 MiB, 16384 MiB, 48
2026/08/13 16:56:57.031, Tesla V100-PCIE-16GB, 67 %, 8 %, 640 MiB, 16384 MiB, 47
2026/08/13 16:57:07.032, Tesla V100-PCIE-16GB, 67 %, 8 %, 640 MiB, 16384 MiB, 47
2026/08/13 16:57:17.033, Tesla V100-PCIE-16GB, 53 %, 7 %, 640 MiB, 16384 MiB, 47
2026/08/13 16:57:27.035, Tesla V100-PCIE-16GB, 67 %, 8 %, 640 MiB, 16384 MiB, 48
2026/08/13 16:57:37.036, Tesla V100-PCIE-16GB, 67 %, 9 %, 640 MiB, 16384 MiB, 47
2026/08/13 16:57:47.063, Tesla V100-PCIE-16GB, 67 %, 8 %, 640 MiB, 16384 MiB, 47
2026/08/13 16:57:57.064, Tesla V100-PCIE-16GB, 66 %, 8 %, 640 MiB, 16384 MiB, 47
2026/08/13 16:58:07.065, Tesla V100-PCIE-16GB, 69 %, 9 %, 640 MiB, 16384 MiB, 47
2026/08/13 16:58:17.067, Tesla V100-PCIE-16GB, 67 %, 8 %, 640 MiB, 16384 MiB, 48
2026/08/13 16:58:27.069, Tesla V100-PCIE-16GB, 66 %, 8 %, 640 MiB, 16384 MiB, 47
2026/08/13 16:58:37.070, Tesla V100-PCIE-16GB, 67 %, 8 %, 640 MiB, 16384 MiB, 47
2026/08/13 16:58:47.071, Tesla V100-PCIE-16GB, 68 %, 9 %, 640 MiB, 16384 MiB, 47
2026/08/13 16:58:57.072, Tesla V100-PCIE-16GB, 68 %, 9 %, 640 MiB, 16384 MiB, 47
2026/08/13 16:59:07.147, Tesla V100-PCIE-16GB, 54 %, 7 %, 640 MiB, 16384 MiB, 47
2026/08/13 16:59:17.149, Tesla V100-PCIE-16GB, 69 %, 9 %, 640 MiB, 16384 MiB, 47
2026/08/13 16:59:27.150, Tesla V100-PCIE-16GB, 67 %, 8 %, 640 MiB, 16384 MiB, 47
2026/08/13 16:59:37.152, Tesla V100-PCIE-16GB, 67 %, 8 %, 640 MiB, 16384 MiB, 47
2026/08/13 16:59:47.153, Tesla V100-PCIE-16GB, 64 %, 8 %, 640 MiB, 16384 MiB, 47
2026/08/13 16:59:57.154, Tesla V100-PCIE-16GB, 65 %, 8 %, 640 MiB, 16384 MiB, 47
2026/08/13 17:00:07.156, Tesla V100-PCIE-16GB, 66 %, 8 %, 640 MiB, 16384 MiB, 47
2026/08/13 17:00:17.157, Tesla V100-PCIE-16GB, 67 %, 8 %, 640 MiB, 16384 MiB, 47
2026/08/13 17:00:27.159, Tesla V100-PCIE-16GB, 67 %, 8 %, 640 MiB, 16384 MiB, 47
2026/08/13 17:00:37.160, Tesla V100-PCIE-16GB, 68 %, 8 %, 640 MiB, 16384 MiB, 47
2026/08/13 17:00:47.161, Tesla V100-PCIE-16GB, 66 %, 8 %, 640 MiB, 16384 MiB, 47
2026/08/13 17:00:57.162, Tesla V100-PCIE-16GB, 68 %, 9 %, 640 MiB, 16384 MiB, 47
2026/08/13 17:01:07.163, Tesla V100-PCIE-16GB, 66 %, 8 %, 640 MiB, 16384 MiB, 47
2026/08/13 17:01:17.165, Tesla V100-PCIE-16GB, 68 %, 8 %, 640 MiB, 16384 MiB, 47
2026/08/13 17:01:27.166, Tesla V100-PCIE-16GB, 68 %, 8 %, 640 MiB, 16384 MiB, 47
2026/08/13 17:01:37.167, Tesla V100-PCIE-16GB, 29 %, 16 %, 640 MiB, 16384 MiB, 46
2026/08/13 17:01:47.168, Tesla V100-PCIE-16GB, 52 %, 20 %, 1220 MiB, 16384 MiB, 48
2026/08/13 17:01:57.169, Tesla V100-PCIE-16GB, 39 %, 17 %, 1230 MiB, 16384 MiB, 48
2026/08/13 17:02:07.170, Tesla V100-PCIE-16GB, 60 %, 23 %, 1232 MiB, 16384 MiB, 49
2026/08/13 17:02:17.172, Tesla V100-PCIE-16GB, 53 %, 20 %, 1232 MiB, 16384 MiB, 49
2026/08/13 17:02:27.174, Tesla V100-PCIE-16GB, 0 %, 0 %, 0 MiB, 16384 MiB, 46
2026/08/13 17:02:37.176, Tesla V100-PCIE-16GB, 67 %, 8 %, 638 MiB, 16384 MiB, 46
2026/08/13 17:02:47.177, Tesla V100-PCIE-16GB, 65 %, 8 %, 638 MiB, 16384 MiB, 47
2026/08/13 17:02:57.178, Tesla V100-PCIE-16GB, 68 %, 8 %, 638 MiB, 16384 MiB, 47
2026/08/13 17:03:07.264, Tesla V100-PCIE-16GB, 66 %, 8 %, 638 MiB, 16384 MiB, 47
2026/08/13 17:03:17.265, Tesla V100-PCIE-16GB, 68 %, 9 %, 638 MiB, 16384 MiB, 47
2026/08/13 17:03:27.266, Tesla V100-PCIE-16GB, 67 %, 8 %, 640 MiB, 16384 MiB, 47
2026/08/13 17:03:37.269, Tesla V100-PCIE-16GB, 69 %, 9 %, 640 MiB, 16384 MiB, 47
2026/08/13 17:03:47.270, Tesla V100-PCIE-16GB, 63 %, 8 %, 640 MiB, 16384 MiB, 47
2026/08/13 17:03:57.271, Tesla V100-PCIE-16GB, 68 %, 8 %, 640 MiB, 16384 MiB, 47
2026/08/13 17:04:07.272, Tesla V100-PCIE-16GB, 65 %, 8 %, 640 MiB, 16384 MiB, 47
2026/08/13 17:04:17.276, Tesla V100-PCIE-16GB, 63 %, 8 %, 640 MiB, 16384 MiB, 47
2026/08/13 17:04:27.277, Tesla V100-PCIE-16GB, 63 %, 8 %, 640 MiB, 16384 MiB, 47
2026/08/13 17:04:37.278, Tesla V100-PCIE-16GB, 65 %, 8 %, 640 MiB, 16384 MiB, 47
2026/08/13 17:04:47.280, Tesla V100-PCIE-16GB, 62 %, 8 %, 640 MiB, 16384 MiB, 47
2026/08/13 17:04:57.281, Tesla V100-PCIE-16GB, 66 %, 8 %, 640 MiB, 16384 MiB, 47
2026/08/13 17:05:07.368, Tesla V100-PCIE-16GB, 66 %, 8 %, 640 MiB, 16384 MiB, 47
2026/08/13 17:05:17.369, Tesla V100-PCIE-16GB, 67 %, 8 %, 640 MiB, 16384 MiB, 47
2026/08/13 17:05:27.370, Tesla V100-PCIE-16GB, 65 %, 8 %, 640 MiB, 16384 MiB, 47
2026/08/13 17:05:37.371, Tesla V100-PCIE-16GB, 67 %, 8 %, 640 MiB, 16384 MiB, 47
2026/08/13 17:05:47.374, Tesla V100-PCIE-16GB, 65 %, 8 %, 640 MiB, 16384 MiB, 47
2026/08/13 17:05:57.375, Tesla V100-PCIE-16GB, 66 %, 8 %, 640 MiB, 16384 MiB, 48
2026/08/13 17:06:07.437, Tesla V100-PCIE-16GB, 64 %, 8 %, 640 MiB, 16384 MiB, 47
2026/08/13 17:06:17.438, Tesla V100-PCIE-16GB, 66 %, 8 %, 640 MiB, 16384 MiB, 47
2026/08/13 17:06:27.439, Tesla V100-PCIE-16GB, 55 %, 7 %, 640 MiB, 16384 MiB, 47
2026/08/13 17:06:37.440, Tesla V100-PCIE-16GB, 65 %, 8 %, 640 MiB, 16384 MiB, 47
2026/08/13 17:06:47.442, Tesla V100-PCIE-16GB, 67 %, 8 %, 640 MiB, 16384 MiB, 47
2026/08/13 17:06:57.443, Tesla V100-PCIE-16GB, 66 %, 8 %, 640 MiB, 16384 MiB, 47
2026/08/13 17:07:07.444, Tesla V100-PCIE-16GB, 62 %, 8 %, 640 MiB, 16384 MiB, 47
2026/08/13 17:07:17.445, Tesla V100-PCIE-16GB, 65 %, 8 %, 640 MiB, 16384 MiB, 47
2026/08/13 17:07:27.446, Tesla V100-PCIE-16GB, 68 %, 9 %, 640 MiB, 16384 MiB, 47
2026/08/13 17:07:37.448, Tesla V100-PCIE-16GB, 66 %, 8 %, 640 MiB, 16384 MiB, 47
2026/08/13 17:07:47.450, Tesla V100-PCIE-16GB, 66 %, 8 %, 640 MiB, 16384 MiB, 47
2026/08/13 17:07:57.451, Tesla V100-PCIE-16GB, 64 %, 8 %, 640 MiB, 16384 MiB, 47
2026/08/13 17:08:07.452, Tesla V100-PCIE-16GB, 65 %, 8 %, 640 MiB, 16384 MiB, 47
2026/08/13 17:08:17.453, Tesla V100-PCIE-16GB, 64 %, 8 %, 640 MiB, 16384 MiB, 47
2026/08/13 17:08:27.455, Tesla V100-PCIE-16GB, 67 %, 8 %, 640 MiB, 16384 MiB, 47
2026/08/13 17:08:37.457, Tesla V100-PCIE-16GB, 69 %, 9 %, 640 MiB, 16384 MiB, 47
2026/08/13 17:08:47.458, Tesla V100-PCIE-16GB, 69 %, 9 %, 640 MiB, 16384 MiB, 47
2026/08/13 17:08:57.459, Tesla V100-PCIE-16GB, 67 %, 8 %, 640 MiB, 16384 MiB, 47
2026/08/13 17:09:07.511, Tesla V100-PCIE-16GB, 67 %, 8 %, 640 MiB, 16384 MiB, 47
2026/08/13 17:09:17.512, Tesla V100-PCIE-16GB, 67 %, 8 %, 640 MiB, 16384 MiB, 47
2026/08/13 17:09:27.514, Tesla V100-PCIE-16GB, 64 %, 8 %, 640 MiB, 16384 MiB, 47
2026/08/13 17:09:37.515, Tesla V100-PCIE-16GB, 66 %, 8 %, 640 MiB, 16384 MiB, 47
2026/08/13 17:09:47.517, Tesla V100-PCIE-16GB, 65 %, 8 %, 640 MiB, 16384 MiB, 47
2026/08/13 17:09:57.518, Tesla V100-PCIE-16GB, 65 %, 8 %, 640 MiB, 16384 MiB, 47
2026/08/13 17:10:07.519, Tesla V100-PCIE-16GB, 65 %, 8 %, 640 MiB, 16384 MiB, 47
2026/08/13 17:10:17.520, Tesla V100-PCIE-16GB, 67 %, 8 %, 640 MiB, 16384 MiB, 47
2026/08/13 17:10:27.521, Tesla V100-PCIE-16GB, 65 %, 8 %, 640 MiB, 16384 MiB, 47
2026/08/13 17:10:37.523, Tesla V100-PCIE-16GB, 67 %, 8 %, 640 MiB, 16384 MiB, 47
2026/08/13 17:10:47.551, Tesla V100-PCIE-16GB, 65 %, 8 %, 640 MiB, 16384 MiB, 47
2026/08/13 17:10:57.552, Tesla V100-PCIE-16GB, 68 %, 8 %, 640 MiB, 16384 MiB, 47
2026/08/13 17:11:07.626, Tesla V100-PCIE-16GB, 67 %, 8 %, 640 MiB, 16384 MiB, 48
2026/08/13 17:11:17.627, Tesla V100-PCIE-16GB, 66 %, 8 %, 640 MiB, 16384 MiB, 47
2026/08/13 17:11:27.629, Tesla V100-PCIE-16GB, 66 %, 8 %, 640 MiB, 16384 MiB, 47
2026/08/13 17:11:37.630, Tesla V100-PCIE-16GB, 66 %, 8 %, 640 MiB, 16384 MiB, 47
2026/08/13 17:11:47.631, Tesla V100-PCIE-16GB, 68 %, 8 %, 640 MiB, 16384 MiB, 48
2026/08/13 17:11:57.632, Tesla V100-PCIE-16GB, 63 %, 8 %, 640 MiB, 16384 MiB, 48
2026/08/13 17:12:07.634, Tesla V100-PCIE-16GB, 68 %, 8 %, 640 MiB, 16384 MiB, 48
2026/08/13 17:12:17.635, Tesla V100-PCIE-16GB, 68 %, 8 %, 640 MiB, 16384 MiB, 47
2026/08/13 17:12:27.636, Tesla V100-PCIE-16GB, 66 %, 8 %, 640 MiB, 16384 MiB, 47
2026/08/13 17:12:37.637, Tesla V100-PCIE-16GB, 66 %, 8 %, 640 MiB, 16384 MiB, 47
2026/08/13 17:12:47.638, Tesla V100-PCIE-16GB, 65 %, 8 %, 640 MiB, 16384 MiB, 47
2026/08/13 17:12:57.639, Tesla V100-PCIE-16GB, 69 %, 9 %, 640 MiB, 16384 MiB, 47
2026/08/13 17:13:07.649, Tesla V100-PCIE-16GB, 66 %, 8 %, 640 MiB, 16384 MiB, 47
2026/08/13 17:13:17.650, Tesla V100-PCIE-16GB, 62 %, 8 %, 640 MiB, 16384 MiB, 47
2026/08/13 17:13:27.681, Tesla V100-PCIE-16GB, 66 %, 8 %, 640 MiB, 16384 MiB, 47
2026/08/13 17:13:37.682, Tesla V100-PCIE-16GB, 63 %, 8 %, 640 MiB, 16384 MiB, 47
2026/08/13 17:13:47.683, Tesla V100-PCIE-16GB, 62 %, 8 %, 640 MiB, 16384 MiB, 47
2026/08/13 17:13:57.684, Tesla V100-PCIE-16GB, 68 %, 9 %, 640 MiB, 16384 MiB, 48
2026/08/13 17:14:07.686, Tesla V100-PCIE-16GB, 67 %, 8 %, 640 MiB, 16384 MiB, 47
2026/08/13 17:14:17.687, Tesla V100-PCIE-16GB, 65 %, 8 %, 640 MiB, 16384 MiB, 47
2026/08/13 17:14:27.688, Tesla V100-PCIE-16GB, 65 %, 8 %, 640 MiB, 16384 MiB, 48
2026/08/13 17:14:37.689, Tesla V100-PCIE-16GB, 69 %, 9 %, 640 MiB, 16384 MiB, 48
2026/08/13 17:14:47.690, Tesla V100-PCIE-16GB, 67 %, 8 %, 640 MiB, 16384 MiB, 48
2026/08/13 17:14:57.691, Tesla V100-PCIE-16GB, 49 %, 15 %, 640 MiB, 16384 MiB, 48
2026/08/13 17:15:07.779, Tesla V100-PCIE-16GB, 68 %, 8 %, 640 MiB, 16384 MiB, 48
2026/08/13 17:15:17.780, Tesla V100-PCIE-16GB, 66 %, 8 %, 640 MiB, 16384 MiB, 47
2026/08/13 17:15:27.782, Tesla V100-PCIE-16GB, 64 %, 8 %, 640 MiB, 16384 MiB, 48
2026/08/13 17:15:37.783, Tesla V100-PCIE-16GB, 57 %, 7 %, 640 MiB, 16384 MiB, 47
2026/08/13 17:15:47.894, Tesla V100-PCIE-16GB, 49 %, 15 %, 640 MiB, 16384 MiB, 48
2026/08/13 17:15:57.895, Tesla V100-PCIE-16GB, 38 %, 21 %, 640 MiB, 16384 MiB, 48
2026/08/13 17:16:07.896, Tesla V100-PCIE-16GB, 50 %, 18 %, 1230 MiB, 16384 MiB, 49
2026/08/13 17:16:17.898, Tesla V100-PCIE-16GB, 52 %, 20 %, 1232 MiB, 16384 MiB, 49
2026/08/13 17:16:27.899, Tesla V100-PCIE-16GB, 53 %, 21 %, 1232 MiB, 16384 MiB, 49
2026/08/13 17:16:37.903, Tesla V100-PCIE-16GB, 49 %, 19 %, 1232 MiB, 16384 MiB, 50
2026/08/13 17:16:47.904, Tesla V100-PCIE-16GB, 0 %, 0 %, 0 MiB, 16384 MiB, 45
2026/08/13 17:16:57.906, Tesla V100-PCIE-16GB, 0 %, 0 %, 0 MiB, 16384 MiB, 43
2026/08/13 17:17:07.907, Tesla V100-PCIE-16GB, 0 %, 0 %, 0 MiB, 16384 MiB, 42
2026/08/13 17:17:17.908, Tesla V100-PCIE-16GB, 0 %, 0 %, 0 MiB, 16384 MiB, 41
2026/08/13 17:17:27.909, Tesla V100-PCIE-16GB, 0 %, 0 %, 0 MiB, 16384 MiB, 40
2026/08/13 17:17:37.911, Tesla V100-PCIE-16GB, 0 %, 0 %, 0 MiB, 16384 MiB, 40
2026/08/13 17:17:47.912, Tesla V100-PCIE-16GB, 0 %, 0 %, 0 MiB, 16384 MiB, 40
2026/08/13 17:17:57.913, Tesla V100-PCIE-16GB, 0 %, 0 %, 0 MiB, 16384 MiB, 39
2026/08/13 17:18:07.914, Tesla V100-PCIE-16GB, 0 %, 0 %, 0 MiB, 16384 MiB, 39
2026/08/13 17:18:17.915, Tesla V100-PCIE-16GB, 0 %, 0 %, 0 MiB, 16384 MiB, 39
2026/08/13 17:18:27.917, Tesla V100-PCIE-16GB, 0 %, 0 %, 0 MiB, 16384 MiB, 39
2026/08/13 17:18:37.918, Tesla V100-PCIE-16GB, 0 %, 0 %, 0 MiB, 16384 MiB, 39
2026/08/13 17:18:47.919, Tesla V100-PCIE-16GB, 0 %, 0 %, 0 MiB, 16384 MiB, 38
2026/08/13 17:18:57.921, Tesla V100-PCIE-16GB, 0 %, 0 %, 0 MiB, 16384 MiB, 38
2026/08/13 17:19:07.922, Tesla V100-PCIE-16GB, 0 %, 0 %, 0 MiB, 16384 MiB, 38
2026/08/13 17:19:17.924, Tesla V100-PCIE-16GB, 0 %, 0 %, 0 MiB, 16384 MiB, 38
2026/08/13 17:19:27.967, Tesla V100-PCIE-16GB, 0 %, 0 %, 0 MiB, 16384 MiB, 38
2026/08/13 17:19:37.968, Tesla V100-PCIE-16GB, 0 %, 0 %, 0 MiB, 16384 MiB, 38
2026/08/13 17:19:47.969, Tesla V100-PCIE-16GB, 0 %, 0 %, 0 MiB, 16384 MiB, 38
2026/08/13 17:19:57.971, Tesla V100-PCIE-16GB, 0 %, 0 %, 0 MiB, 16384 MiB, 38
2026/08/13 17:20:07.972, Tesla V100-PCIE-16GB, 0 %, 0 %, 0 MiB, 16384 MiB, 38
2026/08/13 17:20:17.974, Tesla V100-PCIE-16GB, 0 %, 0 %, 0 MiB, 16384 MiB, 38
2026/08/13 17:20:27.975, Tesla V100-PCIE-16GB, 0 %, 0 %, 0 MiB, 16384 MiB, 38
2026/08/13 17:20:38.042, Tesla V100-PCIE-16GB, 0 %, 0 %, 0 MiB, 16384 MiB, 38
2026/08/13 17:20:48.043, Tesla V100-PCIE-16GB, 0 %, 0 %, 0 MiB, 16384 MiB, 38
2026/08/13 17:20:58.045, Tesla V100-PCIE-16GB, 0 %, 0 %, 0 MiB, 16384 MiB, 38
2026/08/13 17:21:08.046, Tesla V100-PCIE-16GB, 0 %, 0 %, 0 MiB, 16384 MiB, 38
2026/08/13 17:21:18.047, Tesla V100-PCIE-16GB, 0 %, 0 %, 0 MiB, 16384 MiB, 38
2026/08/13 17:21:28.048, Tesla V100-PCIE-16GB, 0 %, 0 %, 4 MiB, 16384 MiB, 38
2026/08/13 17:21:38.050, Tesla V100-PCIE-16GB, 0 %, 0 %, 0 MiB, 16384 MiB, 38
2026/08/13 17:21:48.051, Tesla V100-PCIE-16GB, 0 %, 0 %, 0 MiB, 16384 MiB, 38
2026/08/13 17:21:58.060, Tesla V100-PCIE-16GB, 0 %, 0 %, 0 MiB, 16384 MiB, 38
2026/08/13 17:22:08.061, Tesla V100-PCIE-16GB, 0 %, 0 %, 0 MiB, 16384 MiB, 38
2026/08/13 17:22:18.063, Tesla V100-PCIE-16GB, 0 %, 0 %, 0 MiB, 16384 MiB, 38
2026/08/13 17:22:28.064, Tesla V100-PCIE-16GB, 0 %, 0 %, 0 MiB, 16384 MiB, 38
2026/08/13 17:22:38.065, Tesla V100-PCIE-16GB, 0 %, 0 %, 0 MiB, 16384 MiB, 38
2026/08/13 17:22:48.066, Tesla V100-PCIE-16GB, 0 %, 0 %, 0 MiB, 16384 MiB, 38
2026/08/13 17:22:58.120, Tesla V100-PCIE-16GB, 0 %, 0 %, 0 MiB, 16384 MiB, 38
2026/08/13 17:23:08.163, Tesla V100-PCIE-16GB, 0 %, 0 %, 0 MiB, 16384 MiB, 38
2026/08/13 17:23:18.164, Tesla V100-PCIE-16GB, 0 %, 0 %, 0 MiB, 16384 MiB, 38
2026/08/13 17:23:28.269, Tesla V100-PCIE-16GB, 0 %, 0 %, 0 MiB, 16384 MiB, 38
2026/08/13 17:23:38.270, Tesla V100-PCIE-16GB, 0 %, 0 %, 0 MiB, 16384 MiB, 38
2026/08/13 17:23:48.271, Tesla V100-PCIE-16GB, 0 %, 0 %, 0 MiB, 16384 MiB, 38
2026/08/13 17:23:58.275, Tesla V100-PCIE-16GB, 0 %, 0 %, 0 MiB, 16384 MiB, 38
2026/08/13 17:24:08.276, Tesla V100-PCIE-16GB, 0 %, 0 %, 0 MiB, 16384 MiB, 38
2026/08/13 17:24:18.278, Tesla V100-PCIE-16GB, 0 %, 0 %, 0 MiB, 16384 MiB, 38
2026/08/13 17:24:28.279, Tesla V100-PCIE-16GB, 0 %, 0 %, 0 MiB, 16384 MiB, 38
2026/08/13 17:24:38.280, Tesla V100-PCIE-16GB, 0 %, 0 %, 0 MiB, 16384 MiB, 38
2026/08/13 17:24:48.281, Tesla V100-PCIE-16GB, 0 %, 0 %, 0 MiB, 16384 MiB, 38
2026/08/13 17:24:58.283, Tesla V100-PCIE-16GB, 0 %, 0 %, 4 MiB, 16384 MiB, 38
2026/08/13 17:25:08.284, Tesla V100-PCIE-16GB, 0 %, 0 %, 0 MiB, 16384 MiB, 38
2026/08/13 17:25:18.286, Tesla V100-PCIE-16GB, 0 %, 0 %, 0 MiB, 16384 MiB, 38
2026/08/13 17:25:28.287, Tesla V100-PCIE-16GB, 0 %, 0 %, 0 MiB, 16384 MiB, 38
2026/08/13 17:25:38.289, Tesla V100-PCIE-16GB, 0 %, 0 %, 0 MiB, 16384 MiB, 38
2026/08/13 17:25:48.290, Tesla V100-PCIE-16GB, 0 %, 0 %, 0 MiB, 16384 MiB, 38
2026/08/13 17:25:58.351, Tesla V100-PCIE-16GB, 0 %, 0 %, 0 MiB, 16384 MiB, 38
2026/08/13 17:26:08.355, Tesla V100-PCIE-16GB, 0 %, 0 %, 0 MiB, 16384 MiB, 38
2026/08/13 17:26:18.357, Tesla V100-PCIE-16GB, 0 %, 0 %, 0 MiB, 16384 MiB, 38
2026/08/13 17:26:28.393, Tesla V100-PCIE-16GB, 0 %, 0 %, 0 MiB, 16384 MiB, 38
2026/08/13 17:26:38.394, Tesla V100-PCIE-16GB, 0 %, 0 %, 0 MiB, 16384 MiB, 38
2026/08/13 17:26:48.396, Tesla V100-PCIE-16GB, 0 %, 0 %, 0 MiB, 16384 MiB, 38
2026/08/13 17:26:58.397, Tesla V100-PCIE-16GB, 0 %, 0 %, 0 MiB, 16384 MiB, 38
2026/08/13 17:27:08.399, Tesla V100-PCIE-16GB, 0 %, 0 %, 4 MiB, 16384 MiB, 38
2026/08/13 17:27:18.400, Tesla V100-PCIE-16GB, 0 %, 0 %, 0 MiB, 16384 MiB, 38
2026/08/13 17:27:28.402, Tesla V100-PCIE-16GB, 0 %, 0 %, 0 MiB, 16384 MiB, 38
2026/08/13 17:27:38.403, Tesla V100-PCIE-16GB, 0 %, 0 %, 0 MiB, 16384 MiB, 38
2026/08/13 17:27:48.404, Tesla V100-PCIE-16GB, 0 %, 0 %, 0 MiB, 16384 MiB, 38
2026/08/13 17:27:58.407, Tesla V100-PCIE-16GB, 0 %, 0 %, 0 MiB, 16384 MiB, 38
2026/08/13 17:28:08.408, Tesla V100-PCIE-16GB, 0 %, 0 %, 0 MiB, 16384 MiB, 38
2026/08/13 17:28:18.411, Tesla V100-PCIE-16GB, 0 %, 0 %, 0 MiB, 16384 MiB, 38
2026/08/13 17:28:28.412, Tesla V100-PCIE-16GB, 0 %, 0 %, 0 MiB, 16384 MiB, 38
2026/08/13 17:28:38.413, Tesla V100-PCIE-16GB, 0 %, 0 %, 0 MiB, 16384 MiB, 38
2026/08/13 17:28:48.415, Tesla V100-PCIE-16GB, 0 %, 0 %, 0 MiB, 16384 MiB, 38
2026/08/13 17:28:58.416, Tesla V100-PCIE-16GB, 0 %, 0 %, 0 MiB, 16384 MiB, 38
2026/08/13 17:29:08.417, Tesla V100-PCIE-16GB, 0 %, 0 %, 0 MiB, 16384 MiB, 38
2026/08/13 17:29:18.418, Tesla V100-PCIE-16GB, 0 %, 0 %, 0 MiB, 16384 MiB, 38
2026/08/13 17:29:28.420, Tesla V100-PCIE-16GB, 0 %, 0 %, 0 MiB, 16384 MiB, 38
2026/08/13 17:29:38.421, Tesla V100-PCIE-16GB, 0 %, 0 %, 0 MiB, 16384 MiB, 38
2026/08/13 17:29:48.422, Tesla V100-PCIE-16GB, 0 %, 0 %, 0 MiB, 16384 MiB, 38
2026/08/13 17:29:58.490, Tesla V100-PCIE-16GB, 0 %, 0 %, 0 MiB, 16384 MiB, 38
2026/08/13 17:30:08.491, Tesla V100-PCIE-16GB, 0 %, 0 %, 0 MiB, 16384 MiB, 38
2026/08/13 17:30:18.492, Tesla V100-PCIE-16GB, 0 %, 0 %, 0 MiB, 16384 MiB, 38
2026/08/13 17:30:28.534, Tesla V100-PCIE-16GB, 0 %, 0 %, 0 MiB, 16384 MiB, 38
2026/08/13 17:30:38.536, Tesla V100-PCIE-16GB, 0 %, 0 %, 0 MiB, 16384 MiB, 38
2026/08/13 17:30:48.537, Tesla V100-PCIE-16GB, 0 %, 0 %, 0 MiB, 16384 MiB, 38
2026/08/13 17:30:58.539, Tesla V100-PCIE-16GB, 0 %, 0 %, 0 MiB, 16384 MiB, 38
2026/08/13 17:31:08.540, Tesla V100-PCIE-16GB, 0 %, 0 %, 0 MiB, 16384 MiB, 38
2026/08/13 17:31:18.541, Tesla V100-PCIE-16GB, 0 %, 0 %, 0 MiB, 16384 MiB, 38
2026/08/13 17:31:28.640, Tesla V100-PCIE-16GB, 0 %, 0 %, 0 MiB, 16384 MiB, 38
2026/08/13 17:31:38.641, Tesla V100-PCIE-16GB, 0 %, 0 %, 0 MiB, 16384 MiB, 38
2026/08/13 17:31:48.642, Tesla V100-PCIE-16GB, 0 %, 0 %, 0 MiB, 16384 MiB, 38
2026/08/13 17:31:58.644, Tesla V100-PCIE-16GB, 0 %, 0 %, 0 MiB, 16384 MiB, 38
2026/08/13 17:32:08.645, Tesla V100-PCIE-16GB, 0 %, 0 %, 0 MiB, 16384 MiB, 38
2026/08/13 17:32:18.646, Tesla V100-PCIE-16GB, 0 %, 0 %, 0 MiB, 16384 MiB, 38
2026/08/13 17:32:28.647, Tesla V100-PCIE-16GB, 0 %, 0 %, 0 MiB, 16384 MiB, 38
2026/08/13 17:32:38.649, Tesla V100-PCIE-16GB, 0 %, 0 %, 0 MiB, 16384 MiB, 38
2026/08/13 17:32:48.650, Tesla V100-PCIE-16GB, 0 %, 0 %, 0 MiB, 16384 MiB, 38
2026/08/13 17:32:58.651, Tesla V100-PCIE-16GB, 0 %, 0 %, 0 MiB, 16384 MiB, 38
2026/08/13 17:33:08.653, Tesla V100-PCIE-16GB, 0 %, 0 %, 0 MiB, 16384 MiB, 38
2026/08/13 17:33:18.654, Tesla V100-PCIE-16GB, 0 %, 0 %, 0 MiB, 16384 MiB, 38
2026/08/13 17:33:28.655, Tesla V100-PCIE-16GB, 0 %, 0 %, 0 MiB, 16384 MiB, 38
2026/08/13 17:33:38.656, Tesla V100-PCIE-16GB, 0 %, 0 %, 0 MiB, 16384 MiB, 38
2026/08/13 17:33:48.657, Tesla V100-PCIE-16GB, 0 %, 0 %, 4 MiB, 16384 MiB, 38
2026/08/13 17:33:58.659, Tesla V100-PCIE-16GB, 0 %, 0 %, 0 MiB, 16384 MiB, 38
2026/08/13 17:34:08.660, Tesla V100-PCIE-16GB, 0 %, 0 %, 0 MiB, 16384 MiB, 38
2026/08/13 17:34:18.662, Tesla V100-PCIE-16GB, 0 %, 0 %, 0 MiB, 16384 MiB, 38
2026/08/13 17:34:28.663, Tesla V100-PCIE-16GB, 0 %, 0 %, 0 MiB, 16384 MiB, 38
2026/08/13 17:34:38.664, Tesla V100-PCIE-16GB, 0 %, 0 %, 0 MiB, 16384 MiB, 38
2026/08/13 17:34:48.665, Tesla V100-PCIE-16GB, 0 %, 0 %, 0 MiB, 16384 MiB, 38
2026/08/13 17:34:58.667, Tesla V100-PCIE-16GB, 0 %, 0 %, 0 MiB, 16384 MiB, 38
2026/08/13 17:35:08.668, Tesla V100-PCIE-16GB, 0 %, 0 %, 0 MiB, 16384 MiB, 38
2026/08/13 17:35:18.669, Tesla V100-PCIE-16GB, 0 %, 0 %, 0 MiB, 16384 MiB, 38
2026/08/13 17:35:28.670, Tesla V100-PCIE-16GB, 0 %, 0 %, 0 MiB, 16384 MiB, 38
2026/08/13 17:35:38.672, Tesla V100-PCIE-16GB, 0 %, 0 %, 0 MiB, 16384 MiB, 38
2026/08/13 17:35:48.673, Tesla V100-PCIE-16GB, 0 %, 0 %, 0 MiB, 16384 MiB, 38
2026/08/13 17:35:58.674, Tesla V100-PCIE-16GB, 0 %, 0 %, 4 MiB, 16384 MiB, 38
2026/08/13 17:36:08.676, Tesla V100-PCIE-16GB, 0 %, 0 %, 0 MiB, 16384 MiB, 38
2026/08/13 17:36:18.677, Tesla V100-PCIE-16GB, 0 %, 0 %, 0 MiB, 16384 MiB, 38
2026/08/13 17:36:28.678, Tesla V100-PCIE-16GB, 0 %, 0 %, 0 MiB, 16384 MiB, 38
2026/08/13 17:36:38.680, Tesla V100-PCIE-16GB, 0 %, 0 %, 0 MiB, 16384 MiB, 38
2026/08/13 17:36:48.681, Tesla V100-PCIE-16GB, 0 %, 0 %, 0 MiB, 16384 MiB, 38
2026/08/13 17:36:58.682, Tesla V100-PCIE-16GB, 0 %, 0 %, 0 MiB, 16384 MiB, 38
2026/08/13 17:37:08.684, Tesla V100-PCIE-16GB, 0 %, 0 %, 0 MiB, 16384 MiB, 38
2026/08/13 17:37:18.685, Tesla V100-PCIE-16GB, 0 %, 0 %, 0 MiB, 16384 MiB, 38
2026/08/13 17:37:28.705, Tesla V100-PCIE-16GB, 0 %, 0 %, 0 MiB, 16384 MiB, 38
2026/08/13 17:37:38.706, Tesla V100-PCIE-16GB, 0 %, 0 %, 0 MiB, 16384 MiB, 38
2026/08/13 17:37:48.707, Tesla V100-PCIE-16GB, 0 %, 0 %, 4 MiB, 16384 MiB, 38
2026/08/13 17:37:58.709, Tesla V100-PCIE-16GB, 0 %, 0 %, 0 MiB, 16384 MiB, 38
2026/08/13 17:38:08.711, Tesla V100-PCIE-16GB, 0 %, 0 %, 0 MiB, 16384 MiB, 38
2026/08/13 17:38:18.712, Tesla V100-PCIE-16GB, 0 %, 0 %, 0 MiB, 16384 MiB, 38
2026/08/13 17:38:28.713, Tesla V100-PCIE-16GB, 0 %, 0 %, 0 MiB, 16384 MiB, 38
2026/08/13 17:38:38.715, Tesla V100-PCIE-16GB, 0 %, 0 %, 0 MiB, 16384 MiB, 38
2026/08/13 17:38:48.716, Tesla V100-PCIE-16GB, 0 %, 0 %, 0 MiB, 16384 MiB, 38
2026/08/13 17:38:58.717, Tesla V100-PCIE-16GB, 0 %, 0 %, 0 MiB, 16384 MiB, 38
2026/08/13 17:39:08.719, Tesla V100-PCIE-16GB, 0 %, 0 %, 0 MiB, 16384 MiB, 38
2026/08/13 17:39:18.720, Tesla V100-PCIE-16GB, 0 %, 0 %, 0 MiB, 16384 MiB, 38
2026/08/13 17:39:28.722, Tesla V100-PCIE-16GB, 0 %, 0 %, 0 MiB, 16384 MiB, 38
2026/08/13 17:39:38.723, Tesla V100-PCIE-16GB, 0 %, 0 %, 0 MiB, 16384 MiB, 38
2026/08/13 17:39:48.725, Tesla V100-PCIE-16GB, 0 %, 0 %, 0 MiB, 16384 MiB, 38
2026/08/13 17:39:58.726, Tesla V100-PCIE-16GB, 0 %, 0 %, 0 MiB, 16384 MiB, 38
2026/08/13 17:40:08.728, Tesla V100-PCIE-16GB, 0 %, 0 %, 0 MiB, 16384 MiB, 38
2026/08/13 17:40:18.729, Tesla V100-PCIE-16GB, 0 %, 0 %, 0 MiB, 16384 MiB, 38
2026/08/13 17:40:28.731, Tesla V100-PCIE-16GB, 0 %, 0 %, 0 MiB, 16384 MiB, 38
2026/08/13 17:40:38.732, Tesla V100-PCIE-16GB, 0 %, 0 %, 0 MiB, 16384 MiB, 38
2026/08/13 17:40:48.734, Tesla V100-PCIE-16GB, 0 %, 0 %, 0 MiB, 16384 MiB, 38
2026/08/13 17:40:58.735, Tesla V100-PCIE-16GB, 0 %, 0 %, 0 MiB, 16384 MiB, 38
2026/08/13 17:41:08.737, Tesla V100-PCIE-16GB, 0 %, 0 %, 4 MiB, 16384 MiB, 38
2026/08/13 17:41:18.738, Tesla V100-PCIE-16GB, 0 %, 0 %, 0 MiB, 16384 MiB, 38
2026/08/13 17:41:28.739, Tesla V100-PCIE-16GB, 0 %, 0 %, 0 MiB, 16384 MiB, 38
2026/08/13 17:41:38.740, Tesla V100-PCIE-16GB, 0 %, 0 %, 0 MiB, 16384 MiB, 38
2026/08/13 17:41:48.741, Tesla V100-PCIE-16GB, 0 %, 0 %, 0 MiB, 16384 MiB, 38
2026/08/13 17:41:58.743, Tesla V100-PCIE-16GB, 0 %, 0 %, 0 MiB, 16384 MiB, 38
2026/08/13 17:42:08.744, Tesla V100-PCIE-16GB, 0 %, 0 %, 0 MiB, 16384 MiB, 38
2026/08/13 17:42:18.745, Tesla V100-PCIE-16GB, 0 %, 0 %, 0 MiB, 16384 MiB, 38
2026/08/13 17:42:28.747, Tesla V100-PCIE-16GB, 0 %, 0 %, 0 MiB, 16384 MiB, 38
2026/08/13 17:42:38.748, Tesla V100-PCIE-16GB, 0 %, 0 %, 0 MiB, 16384 MiB, 38
2026/08/13 17:42:48.749, Tesla V100-PCIE-16GB, 0 %, 0 %, 0 MiB, 16384 MiB, 38
2026/08/13 17:42:58.751, Tesla V100-PCIE-16GB, 0 %, 0 %, 0 MiB, 16384 MiB, 38
2026/08/13 17:43:08.842, Tesla V100-PCIE-16GB, 0 %, 0 %, 0 MiB, 16384 MiB, 38
2026/08/13 17:43:18.843, Tesla V100-PCIE-16GB, 0 %, 0 %, 0 MiB, 16384 MiB, 38
2026/08/13 17:43:28.845, Tesla V100-PCIE-16GB, 0 %, 0 %, 0 MiB, 16384 MiB, 38
2026/08/13 17:43:38.848, Tesla V100-PCIE-16GB, 0 %, 0 %, 0 MiB, 16384 MiB, 38
2026/08/13 17:43:48.849, Tesla V100-PCIE-16GB, 0 %, 0 %, 0 MiB, 16384 MiB, 38
2026/08/13 17:43:58.850, Tesla V100-PCIE-16GB, 0 %, 0 %, 0 MiB, 16384 MiB, 38
2026/08/13 17:44:08.851, Tesla V100-PCIE-16GB, 0 %, 0 %, 0 MiB, 16384 MiB, 38
2026/08/13 17:44:18.853, Tesla V100-PCIE-16GB, 0 %, 0 %, 0 MiB, 16384 MiB, 38
2026/08/13 17:44:28.857, Tesla V100-PCIE-16GB, 0 %, 0 %, 0 MiB, 16384 MiB, 38
2026/08/13 17:44:38.858, Tesla V100-PCIE-16GB, 0 %, 0 %, 0 MiB, 16384 MiB, 38
2026/08/13 17:44:48.859, Tesla V100-PCIE-16GB, 0 %, 0 %, 0 MiB, 16384 MiB, 38
2026/08/13 17:44:58.861, Tesla V100-PCIE-16GB, 0 %, 0 %, 0 MiB, 16384 MiB, 38
2026/08/13 17:45:08.863, Tesla V100-PCIE-16GB, 0 %, 0 %, 0 MiB, 16384 MiB, 38
2026/08/13 17:45:18.864, Tesla V100-PCIE-16GB, 0 %, 0 %, 0 MiB, 16384 MiB, 38
2026/08/13 17:45:28.865, Tesla V100-PCIE-16GB, 0 %, 0 %, 0 MiB, 16384 MiB, 38
2026/08/13 17:45:38.866, Tesla V100-PCIE-16GB, 0 %, 0 %, 0 MiB, 16384 MiB, 38
2026/08/13 17:45:48.868, Tesla V100-PCIE-16GB, 0 %, 0 %, 0 MiB, 16384 MiB, 38
2026/08/13 17:45:58.869, Tesla V100-PCIE-16GB, 0 %, 0 %, 0 MiB, 16384 MiB, 38
2026/08/13 17:46:08.870, Tesla V100-PCIE-16GB, 0 %, 0 %, 0 MiB, 16384 MiB, 38
2026/08/13 17:46:18.871, Tesla V100-PCIE-16GB, 0 %, 0 %, 0 MiB, 16384 MiB, 38
2026/08/13 17:46:28.873, Tesla V100-PCIE-16GB, 0 %, 0 %, 0 MiB, 16384 MiB, 38
2026/08/13 17:46:38.874, Tesla V100-PCIE-16GB, 0 %, 0 %, 0 MiB, 16384 MiB, 38
2026/08/13 17:46:48.876, Tesla V100-PCIE-16GB, 0 %, 0 %, 0 MiB, 16384 MiB, 38
2026/08/13 17:46:58.877, Tesla V100-PCIE-16GB, 0 %, 0 %, 0 MiB, 16384 MiB, 38
2026/08/13 17:47:08.880, Tesla V100-PCIE-16GB, 0 %, 0 %, 0 MiB, 16384 MiB, 38
2026/08/13 17:47:18.881, Tesla V100-PCIE-16GB, 0 %, 0 %, 0 MiB, 16384 MiB, 38
2026/08/13 17:47:28.883, Tesla V100-PCIE-16GB, 0 %, 0 %, 0 MiB, 16384 MiB, 38
2026/08/13 17:47:38.884, Tesla V100-PCIE-16GB, 0 %, 0 %, 0 MiB, 16384 MiB, 38
2026/08/13 17:47:48.885, Tesla V100-PCIE-16GB, 0 %, 0 %, 0 MiB, 16384 MiB, 38
2026/08/13 17:47:58.886, Tesla V100-PCIE-16GB, 0 %, 0 %, 0 MiB, 16384 MiB, 38
2026/08/13 17:48:08.888, Tesla V100-PCIE-16GB, 0 %, 0 %, 0 MiB, 16384 MiB, 38
2026/08/13 17:48:18.889, Tesla V100-PCIE-16GB, 0 %, 0 %, 0 MiB, 16384 MiB, 38
2026/08/13 17:48:28.890, Tesla V100-PCIE-16GB, 0 %, 0 %, 0 MiB, 16384 MiB, 38
2026/08/13 17:48:38.892, Tesla V100-PCIE-16GB, 0 %, 0 %, 0 MiB, 16384 MiB, 38
2026/08/13 17:48:48.893, Tesla V100-PCIE-16GB, 0 %, 0 %, 1 MiB, 16384 MiB, 38
2026/08/13 17:48:58.894, Tesla V100-PCIE-16GB, 0 %, 0 %, 0 MiB, 16384 MiB, 38
2026/08/13 17:49:08.896, Tesla V100-PCIE-16GB, 0 %, 0 %, 0 MiB, 16384 MiB, 38
2026/08/13 17:49:18.897, Tesla V100-PCIE-16GB, 0 %, 0 %, 0 MiB, 16384 MiB, 38
2026/08/13 17:49:28.898, Tesla V100-PCIE-16GB, 0 %, 0 %, 0 MiB, 16384 MiB, 38
2026/08/13 17:49:38.899, Tesla V100-PCIE-16GB, 0 %, 0 %, 0 MiB, 16384 MiB, 38
2026/08/13 17:49:48.901, Tesla V100-PCIE-16GB, 0 %, 0 %, 0 MiB, 16384 MiB, 38
2026/08/13 17:49:58.902, Tesla V100-PCIE-16GB, 0 %, 0 %, 0 MiB, 16384 MiB, 38
2026/08/13 17:50:08.903, Tesla V100-PCIE-16GB, 0 %, 0 %, 0 MiB, 16384 MiB, 38
2026/08/13 17:50:18.904, Tesla V100-PCIE-16GB, 0 %, 0 %, 0 MiB, 16384 MiB, 38
2026/08/13 17:50:28.906, Tesla V100-PCIE-16GB, 0 %, 0 %, 0 MiB, 16384 MiB, 38
2026/08/13 17:50:38.907, Tesla V100-PCIE-16GB, 0 %, 0 %, 0 MiB, 16384 MiB, 38
2026/08/13 17:50:48.908, Tesla V100-PCIE-16GB, 0 %, 0 %, 0 MiB, 16384 MiB, 38
2026/08/13 17:50:58.912, Tesla V100-PCIE-16GB, 0 %, 0 %, 0 MiB, 16384 MiB, 38
2026/08/13 17:51:08.913, Tesla V100-PCIE-16GB, 0 %, 0 %, 0 MiB, 16384 MiB, 38
2026/08/13 17:51:18.914, Tesla V100-PCIE-16GB, 0 %, 0 %, 0 MiB, 16384 MiB, 38
2026/08/13 17:51:28.916, Tesla V100-PCIE-16GB, 0 %, 0 %, 0 MiB, 16384 MiB, 38
2026/08/13 17:51:38.917, Tesla V100-PCIE-16GB, 0 %, 0 %, 0 MiB, 16384 MiB, 38
2026/08/13 17:51:48.918, Tesla V100-PCIE-16GB, 0 %, 0 %, 0 MiB, 16384 MiB, 38
2026/08/13 17:51:58.919, Tesla V100-PCIE-16GB, 0 %, 0 %, 0 MiB, 16384 MiB, 38
2026/08/13 17:52:08.921, Tesla V100-PCIE-16GB, 0 %, 0 %, 0 MiB, 16384 MiB, 38
2026/08/13 17:52:18.922, Tesla V100-PCIE-16GB, 0 %, 0 %, 0 MiB, 16384 MiB, 38
2026/08/13 17:52:28.923, Tesla V100-PCIE-16GB, 0 %, 0 %, 0 MiB, 16384 MiB, 38
2026/08/13 17:52:38.925, Tesla V100-PCIE-16GB, 0 %, 0 %, 0 MiB, 16384 MiB, 38
2026/08/13 17:52:48.926, Tesla V100-PCIE-16GB, 0 %, 0 %, 0 MiB, 16384 MiB, 38
2026/08/13 17:52:58.927, Tesla V100-PCIE-16GB, 0 %, 0 %, 0 MiB, 16384 MiB, 38
2026/08/13 17:53:08.929, Tesla V100-PCIE-16GB, 0 %, 0 %, 0 MiB, 16384 MiB, 38
2026/08/13 17:53:18.931, Tesla V100-PCIE-16GB, 0 %, 0 %, 0 MiB, 16384 MiB, 38
2026/08/13 17:53:28.932, Tesla V100-PCIE-16GB, 0 %, 0 %, 0 MiB, 16384 MiB, 39
2026/08/13 17:53:38.933, Tesla V100-PCIE-16GB, 0 %, 0 %, 0 MiB, 16384 MiB, 39
2026/08/13 17:53:48.935, Tesla V100-PCIE-16GB, 0 %, 0 %, 0 MiB, 16384 MiB, 39
2026/08/13 17:53:58.936, Tesla V100-PCIE-16GB, 0 %, 0 %, 0 MiB, 16384 MiB, 39
2026/08/13 17:54:08.937, Tesla V100-PCIE-16GB, 0 %, 0 %, 0 MiB, 16384 MiB, 39
2026/08/13 17:54:18.939, Tesla V100-PCIE-16GB, 0 %, 0 %, 0 MiB, 16384 MiB, 39
2026/08/13 17:54:28.940, Tesla V100-PCIE-16GB, 0 %, 0 %, 0 MiB, 16384 MiB, 39
2026/08/13 17:54:38.942, Tesla V100-PCIE-16GB, 0 %, 0 %, 0 MiB, 16384 MiB, 39
2026/08/13 17:54:48.943, Tesla V100-PCIE-16GB, 0 %, 0 %, 0 MiB, 16384 MiB, 39
2026/08/13 17:54:58.944, Tesla V100-PCIE-16GB, 0 %, 0 %, 0 MiB, 16384 MiB, 39
2026/08/13 17:55:08.945, Tesla V100-PCIE-16GB, 0 %, 0 %, 0 MiB, 16384 MiB, 39
2026/08/13 17:55:18.947, Tesla V100-PCIE-16GB, 0 %, 0 %, 0 MiB, 16384 MiB, 39
2026/08/13 17:55:28.948, Tesla V100-PCIE-16GB, 0 %, 0 %, 0 MiB, 16384 MiB, 39
2026/08/13 17:55:38.949, Tesla V100-PCIE-16GB, 0 %, 0 %, 0 MiB, 16384 MiB, 39
2026/08/13 17:55:48.951, Tesla V100-PCIE-16GB, 0 %, 0 %, 0 MiB, 16384 MiB, 39
2026/08/13 17:55:58.952, Tesla V100-PCIE-16GB, 0 %, 0 %, 0 MiB, 16384 MiB, 39
2026/08/13 17:56:08.953, Tesla V100-PCIE-16GB, 0 %, 0 %, 0 MiB, 16384 MiB, 39
