timestamp, name, utilization.gpu [%], utilization.memory [%], memory.used [MiB], memory.total [MiB], temperature.gpu
2026/08/12 07:13:06.490, Tesla V100-PCIE-16GB, 0 %, 0 %, 0 MiB, 16384 MiB, 38
2026/08/12 07:13:16.491, Tesla V100-PCIE-16GB, 58 %, 4 %, 548 MiB, 16384 MiB, 40
2026/08/12 07:13:26.493, Tesla V100-PCIE-16GB, 57 %, 4 %, 548 MiB, 16384 MiB, 41
2026/08/12 07:13:36.494, Tesla V100-PCIE-16GB, 58 %, 4 %, 548 MiB, 16384 MiB, 41
2026/08/12 07:13:46.495, Tesla V100-PCIE-16GB, 57 %, 4 %, 548 MiB, 16384 MiB, 42
2026/08/12 07:13:56.496, Tesla V100-PCIE-16GB, 55 %, 4 %, 548 MiB, 16384 MiB, 42
2026/08/12 07:14:06.497, Tesla V100-PCIE-16GB, 57 %, 4 %, 548 MiB, 16384 MiB, 43
2026/08/12 07:14:16.498, Tesla V100-PCIE-16GB, 56 %, 4 %, 548 MiB, 16384 MiB, 43
2026/08/12 07:14:26.499, Tesla V100-PCIE-16GB, 58 %, 4 %, 548 MiB, 16384 MiB, 43
2026/08/12 07:14:36.501, Tesla V100-PCIE-16GB, 56 %, 4 %, 548 MiB, 16384 MiB, 44
2026/08/12 07:14:46.502, Tesla V100-PCIE-16GB, 58 %, 4 %, 548 MiB, 16384 MiB, 44
2026/08/12 07:14:56.599, Tesla V100-PCIE-16GB, 58 %, 4 %, 548 MiB, 16384 MiB, 44
2026/08/12 07:15:06.601, Tesla V100-PCIE-16GB, 43 %, 3 %, 548 MiB, 16384 MiB, 44
2026/08/12 07:15:16.602, Tesla V100-PCIE-16GB, 56 %, 4 %, 548 MiB, 16384 MiB, 45
2026/08/12 07:15:26.603, Tesla V100-PCIE-16GB, 55 %, 4 %, 548 MiB, 16384 MiB, 45
2026/08/12 07:15:36.605, Tesla V100-PCIE-16GB, 58 %, 4 %, 548 MiB, 16384 MiB, 45
2026/08/12 07:15:46.606, Tesla V100-PCIE-16GB, 56 %, 4 %, 548 MiB, 16384 MiB, 45
2026/08/12 07:15:56.607, Tesla V100-PCIE-16GB, 58 %, 4 %, 548 MiB, 16384 MiB, 45
2026/08/12 07:16:06.609, Tesla V100-PCIE-16GB, 58 %, 4 %, 548 MiB, 16384 MiB, 45
2026/08/12 07:16:16.610, Tesla V100-PCIE-16GB, 58 %, 4 %, 548 MiB, 16384 MiB, 45
2026/08/12 07:16:26.611, Tesla V100-PCIE-16GB, 57 %, 4 %, 548 MiB, 16384 MiB, 45
2026/08/12 07:16:36.612, Tesla V100-PCIE-16GB, 37 %, 3 %, 548 MiB, 16384 MiB, 45
2026/08/12 07:16:46.613, Tesla V100-PCIE-16GB, 58 %, 4 %, 548 MiB, 16384 MiB, 45
2026/08/12 07:16:56.697, Tesla V100-PCIE-16GB, 57 %, 4 %, 548 MiB, 16384 MiB, 45
2026/08/12 07:17:06.699, Tesla V100-PCIE-16GB, 58 %, 4 %, 548 MiB, 16384 MiB, 45
2026/08/12 07:17:16.700, Tesla V100-PCIE-16GB, 55 %, 4 %, 548 MiB, 16384 MiB, 45
2026/08/12 07:17:26.701, Tesla V100-PCIE-16GB, 58 %, 4 %, 548 MiB, 16384 MiB, 45
2026/08/12 07:17:36.703, Tesla V100-PCIE-16GB, 56 %, 4 %, 548 MiB, 16384 MiB, 45
2026/08/12 07:17:46.704, Tesla V100-PCIE-16GB, 58 %, 4 %, 548 MiB, 16384 MiB, 46
2026/08/12 07:17:56.705, Tesla V100-PCIE-16GB, 55 %, 4 %, 548 MiB, 16384 MiB, 46
2026/08/12 07:18:06.706, Tesla V100-PCIE-16GB, 58 %, 4 %, 548 MiB, 16384 MiB, 46
2026/08/12 07:18:16.710, Tesla V100-PCIE-16GB, 56 %, 4 %, 548 MiB, 16384 MiB, 46
2026/08/12 07:18:26.711, Tesla V100-PCIE-16GB, 57 %, 4 %, 548 MiB, 16384 MiB, 46
2026/08/12 07:18:36.712, Tesla V100-PCIE-16GB, 57 %, 4 %, 548 MiB, 16384 MiB, 46
2026/08/12 07:18:46.713, Tesla V100-PCIE-16GB, 58 %, 4 %, 548 MiB, 16384 MiB, 46
2026/08/12 07:18:56.714, Tesla V100-PCIE-16GB, 57 %, 4 %, 548 MiB, 16384 MiB, 46
2026/08/12 07:19:06.715, Tesla V100-PCIE-16GB, 58 %, 4 %, 548 MiB, 16384 MiB, 46
2026/08/12 07:19:16.716, Tesla V100-PCIE-16GB, 59 %, 4 %, 548 MiB, 16384 MiB, 46
2026/08/12 07:19:26.718, Tesla V100-PCIE-16GB, 57 %, 4 %, 548 MiB, 16384 MiB, 46
2026/08/12 07:19:36.719, Tesla V100-PCIE-16GB, 57 %, 4 %, 548 MiB, 16384 MiB, 46
2026/08/12 07:19:46.720, Tesla V100-PCIE-16GB, 58 %, 4 %, 548 MiB, 16384 MiB, 46
2026/08/12 07:19:56.721, Tesla V100-PCIE-16GB, 56 %, 4 %, 548 MiB, 16384 MiB, 46
2026/08/12 07:20:06.722, Tesla V100-PCIE-16GB, 55 %, 4 %, 548 MiB, 16384 MiB, 46
2026/08/12 07:20:16.723, Tesla V100-PCIE-16GB, 55 %, 4 %, 548 MiB, 16384 MiB, 46
2026/08/12 07:20:26.725, Tesla V100-PCIE-16GB, 58 %, 4 %, 548 MiB, 16384 MiB, 46
2026/08/12 07:20:36.726, Tesla V100-PCIE-16GB, 57 %, 4 %, 548 MiB, 16384 MiB, 45
2026/08/12 07:20:46.727, Tesla V100-PCIE-16GB, 56 %, 4 %, 548 MiB, 16384 MiB, 45
2026/08/12 07:20:56.810, Tesla V100-PCIE-16GB, 56 %, 4 %, 548 MiB, 16384 MiB, 45
2026/08/12 07:21:06.811, Tesla V100-PCIE-16GB, 55 %, 4 %, 548 MiB, 16384 MiB, 44
2026/08/12 07:21:16.812, Tesla V100-PCIE-16GB, 58 %, 4 %, 548 MiB, 16384 MiB, 44
2026/08/12 07:21:26.813, Tesla V100-PCIE-16GB, 56 %, 4 %, 548 MiB, 16384 MiB, 43
2026/08/12 07:21:36.814, Tesla V100-PCIE-16GB, 57 %, 4 %, 548 MiB, 16384 MiB, 43
2026/08/12 07:21:46.816, Tesla V100-PCIE-16GB, 55 %, 4 %, 548 MiB, 16384 MiB, 43
2026/08/12 07:21:56.817, Tesla V100-PCIE-16GB, 30 %, 3 %, 548 MiB, 16384 MiB, 42
2026/08/12 07:22:06.818, Tesla V100-PCIE-16GB, 57 %, 4 %, 548 MiB, 16384 MiB, 42
2026/08/12 07:22:16.820, Tesla V100-PCIE-16GB, 57 %, 4 %, 548 MiB, 16384 MiB, 42
2026/08/12 07:22:26.821, Tesla V100-PCIE-16GB, 58 %, 4 %, 548 MiB, 16384 MiB, 42
2026/08/12 07:22:36.822, Tesla V100-PCIE-16GB, 54 %, 4 %, 548 MiB, 16384 MiB, 42
2026/08/12 07:22:46.913, Tesla V100-PCIE-16GB, 58 %, 4 %, 548 MiB, 16384 MiB, 42
2026/08/12 07:22:56.914, Tesla V100-PCIE-16GB, 56 %, 4 %, 548 MiB, 16384 MiB, 41
2026/08/12 07:23:06.915, Tesla V100-PCIE-16GB, 26 %, 5 %, 548 MiB, 16384 MiB, 41
2026/08/12 07:23:16.916, Tesla V100-PCIE-16GB, 53 %, 4 %, 548 MiB, 16384 MiB, 41
2026/08/12 07:23:26.918, Tesla V100-PCIE-16GB, 56 %, 4 %, 548 MiB, 16384 MiB, 41
2026/08/12 07:23:36.919, Tesla V100-PCIE-16GB, 56 %, 4 %, 548 MiB, 16384 MiB, 41
2026/08/12 07:23:46.978, Tesla V100-PCIE-16GB, 56 %, 4 %, 548 MiB, 16384 MiB, 41
2026/08/12 07:23:56.979, Tesla V100-PCIE-16GB, 58 %, 4 %, 548 MiB, 16384 MiB, 41
2026/08/12 07:24:06.980, Tesla V100-PCIE-16GB, 55 %, 4 %, 548 MiB, 16384 MiB, 41
2026/08/12 07:24:17.037, Tesla V100-PCIE-16GB, 56 %, 4 %, 548 MiB, 16384 MiB, 41
2026/08/12 07:24:27.038, Tesla V100-PCIE-16GB, 57 %, 4 %, 548 MiB, 16384 MiB, 41
2026/08/12 07:24:37.039, Tesla V100-PCIE-16GB, 53 %, 4 %, 548 MiB, 16384 MiB, 41
2026/08/12 07:24:47.040, Tesla V100-PCIE-16GB, 56 %, 4 %, 548 MiB, 16384 MiB, 41
2026/08/12 07:24:57.041, Tesla V100-PCIE-16GB, 54 %, 4 %, 548 MiB, 16384 MiB, 41
2026/08/12 07:25:07.042, Tesla V100-PCIE-16GB, 58 %, 4 %, 548 MiB, 16384 MiB, 41
2026/08/12 07:25:17.044, Tesla V100-PCIE-16GB, 56 %, 4 %, 548 MiB, 16384 MiB, 41
2026/08/12 07:25:27.045, Tesla V100-PCIE-16GB, 57 %, 4 %, 548 MiB, 16384 MiB, 41
2026/08/12 07:25:37.046, Tesla V100-PCIE-16GB, 56 %, 4 %, 548 MiB, 16384 MiB, 41
2026/08/12 07:25:47.098, Tesla V100-PCIE-16GB, 56 %, 4 %, 548 MiB, 16384 MiB, 41
2026/08/12 07:25:57.099, Tesla V100-PCIE-16GB, 57 %, 4 %, 548 MiB, 16384 MiB, 41
2026/08/12 07:26:07.100, Tesla V100-PCIE-16GB, 55 %, 4 %, 548 MiB, 16384 MiB, 41
2026/08/12 07:26:17.102, Tesla V100-PCIE-16GB, 56 %, 4 %, 548 MiB, 16384 MiB, 41
2026/08/12 07:26:27.103, Tesla V100-PCIE-16GB, 55 %, 4 %, 548 MiB, 16384 MiB, 41
2026/08/12 07:26:37.104, Tesla V100-PCIE-16GB, 57 %, 4 %, 548 MiB, 16384 MiB, 41
2026/08/12 07:26:47.107, Tesla V100-PCIE-16GB, 56 %, 4 %, 548 MiB, 16384 MiB, 41
2026/08/12 07:26:57.108, Tesla V100-PCIE-16GB, 57 %, 4 %, 548 MiB, 16384 MiB, 41
2026/08/12 07:27:07.109, Tesla V100-PCIE-16GB, 56 %, 4 %, 548 MiB, 16384 MiB, 41
2026/08/12 07:27:17.110, Tesla V100-PCIE-16GB, 57 %, 4 %, 548 MiB, 16384 MiB, 41
2026/08/12 07:27:27.111, Tesla V100-PCIE-16GB, 57 %, 4 %, 548 MiB, 16384 MiB, 41
2026/08/12 07:27:37.112, Tesla V100-PCIE-16GB, 56 %, 4 %, 548 MiB, 16384 MiB, 41
2026/08/12 07:27:47.177, Tesla V100-PCIE-16GB, 57 %, 4 %, 548 MiB, 16384 MiB, 41
2026/08/12 07:27:57.178, Tesla V100-PCIE-16GB, 56 %, 4 %, 548 MiB, 16384 MiB, 41
2026/08/12 07:28:07.179, Tesla V100-PCIE-16GB, 58 %, 4 %, 548 MiB, 16384 MiB, 41
2026/08/12 07:28:17.180, Tesla V100-PCIE-16GB, 55 %, 4 %, 548 MiB, 16384 MiB, 41
2026/08/12 07:28:27.181, Tesla V100-PCIE-16GB, 56 %, 4 %, 548 MiB, 16384 MiB, 41
2026/08/12 07:28:37.182, Tesla V100-PCIE-16GB, 57 %, 4 %, 548 MiB, 16384 MiB, 41
2026/08/12 07:28:47.184, Tesla V100-PCIE-16GB, 57 %, 4 %, 548 MiB, 16384 MiB, 41
2026/08/12 07:28:57.185, Tesla V100-PCIE-16GB, 57 %, 4 %, 548 MiB, 16384 MiB, 41
2026/08/12 07:29:07.186, Tesla V100-PCIE-16GB, 56 %, 4 %, 548 MiB, 16384 MiB, 41
2026/08/12 07:29:17.187, Tesla V100-PCIE-16GB, 56 %, 4 %, 548 MiB, 16384 MiB, 41
2026/08/12 07:29:27.189, Tesla V100-PCIE-16GB, 58 %, 4 %, 548 MiB, 16384 MiB, 41
2026/08/12 07:29:37.190, Tesla V100-PCIE-16GB, 53 %, 4 %, 548 MiB, 16384 MiB, 41
2026/08/12 07:29:47.191, Tesla V100-PCIE-16GB, 56 %, 4 %, 548 MiB, 16384 MiB, 41
2026/08/12 07:29:57.192, Tesla V100-PCIE-16GB, 56 %, 4 %, 548 MiB, 16384 MiB, 41
2026/08/12 07:30:07.193, Tesla V100-PCIE-16GB, 56 %, 4 %, 548 MiB, 16384 MiB, 41
2026/08/12 07:30:17.194, Tesla V100-PCIE-16GB, 54 %, 4 %, 548 MiB, 16384 MiB, 41
2026/08/12 07:30:27.195, Tesla V100-PCIE-16GB, 55 %, 4 %, 548 MiB, 16384 MiB, 41
2026/08/12 07:30:37.197, Tesla V100-PCIE-16GB, 57 %, 4 %, 548 MiB, 16384 MiB, 41
2026/08/12 07:30:47.198, Tesla V100-PCIE-16GB, 57 %, 4 %, 548 MiB, 16384 MiB, 41
2026/08/12 07:30:57.199, Tesla V100-PCIE-16GB, 56 %, 4 %, 548 MiB, 16384 MiB, 41
2026/08/12 07:31:07.274, Tesla V100-PCIE-16GB, 56 %, 4 %, 548 MiB, 16384 MiB, 41
2026/08/12 07:31:17.275, Tesla V100-PCIE-16GB, 58 %, 4 %, 548 MiB, 16384 MiB, 41
2026/08/12 07:31:27.276, Tesla V100-PCIE-16GB, 58 %, 4 %, 548 MiB, 16384 MiB, 41
2026/08/12 07:31:37.277, Tesla V100-PCIE-16GB, 55 %, 4 %, 548 MiB, 16384 MiB, 41
2026/08/12 07:31:47.279, Tesla V100-PCIE-16GB, 56 %, 4 %, 548 MiB, 16384 MiB, 41
2026/08/12 07:31:57.280, Tesla V100-PCIE-16GB, 55 %, 4 %, 548 MiB, 16384 MiB, 41
2026/08/12 07:32:07.281, Tesla V100-PCIE-16GB, 56 %, 4 %, 548 MiB, 16384 MiB, 41
2026/08/12 07:32:17.282, Tesla V100-PCIE-16GB, 57 %, 4 %, 548 MiB, 16384 MiB, 41
2026/08/12 07:32:27.283, Tesla V100-PCIE-16GB, 58 %, 4 %, 548 MiB, 16384 MiB, 41
2026/08/12 07:32:37.285, Tesla V100-PCIE-16GB, 55 %, 4 %, 548 MiB, 16384 MiB, 41
2026/08/12 07:32:47.286, Tesla V100-PCIE-16GB, 56 %, 4 %, 548 MiB, 16384 MiB, 41
2026/08/12 07:32:57.287, Tesla V100-PCIE-16GB, 57 %, 4 %, 548 MiB, 16384 MiB, 41
2026/08/12 07:33:07.352, Tesla V100-PCIE-16GB, 57 %, 4 %, 548 MiB, 16384 MiB, 41
2026/08/12 07:33:17.354, Tesla V100-PCIE-16GB, 57 %, 4 %, 548 MiB, 16384 MiB, 41
2026/08/12 07:33:27.355, Tesla V100-PCIE-16GB, 56 %, 4 %, 548 MiB, 16384 MiB, 41
2026/08/12 07:33:37.357, Tesla V100-PCIE-16GB, 54 %, 4 %, 548 MiB, 16384 MiB, 41
2026/08/12 07:33:47.358, Tesla V100-PCIE-16GB, 55 %, 4 %, 548 MiB, 16384 MiB, 41
2026/08/12 07:33:57.359, Tesla V100-PCIE-16GB, 57 %, 4 %, 548 MiB, 16384 MiB, 41
2026/08/12 07:34:07.361, Tesla V100-PCIE-16GB, 55 %, 4 %, 548 MiB, 16384 MiB, 41
2026/08/12 07:34:17.362, Tesla V100-PCIE-16GB, 56 %, 4 %, 548 MiB, 16384 MiB, 41
2026/08/12 07:34:27.363, Tesla V100-PCIE-16GB, 57 %, 4 %, 548 MiB, 16384 MiB, 41
2026/08/12 07:34:37.364, Tesla V100-PCIE-16GB, 56 %, 4 %, 548 MiB, 16384 MiB, 41
2026/08/12 07:34:47.365, Tesla V100-PCIE-16GB, 58 %, 4 %, 548 MiB, 16384 MiB, 41
2026/08/12 07:34:57.367, Tesla V100-PCIE-16GB, 56 %, 4 %, 548 MiB, 16384 MiB, 41
2026/08/12 07:35:07.426, Tesla V100-PCIE-16GB, 26 %, 3 %, 548 MiB, 16384 MiB, 41
2026/08/12 07:35:17.427, Tesla V100-PCIE-16GB, 57 %, 4 %, 548 MiB, 16384 MiB, 41
2026/08/12 07:35:27.429, Tesla V100-PCIE-16GB, 56 %, 4 %, 548 MiB, 16384 MiB, 41
2026/08/12 07:35:37.430, Tesla V100-PCIE-16GB, 56 %, 4 %, 548 MiB, 16384 MiB, 41
2026/08/12 07:35:47.431, Tesla V100-PCIE-16GB, 56 %, 4 %, 548 MiB, 16384 MiB, 41
2026/08/12 07:35:57.433, Tesla V100-PCIE-16GB, 58 %, 4 %, 548 MiB, 16384 MiB, 41
2026/08/12 07:36:07.434, Tesla V100-PCIE-16GB, 56 %, 4 %, 550 MiB, 16384 MiB, 41
2026/08/12 07:36:17.435, Tesla V100-PCIE-16GB, 55 %, 4 %, 550 MiB, 16384 MiB, 41
2026/08/12 07:36:27.436, Tesla V100-PCIE-16GB, 57 %, 4 %, 550 MiB, 16384 MiB, 41
2026/08/12 07:36:37.437, Tesla V100-PCIE-16GB, 56 %, 4 %, 550 MiB, 16384 MiB, 41
2026/08/12 07:36:47.438, Tesla V100-PCIE-16GB, 57 %, 4 %, 550 MiB, 16384 MiB, 41
2026/08/12 07:36:57.440, Tesla V100-PCIE-16GB, 56 %, 4 %, 550 MiB, 16384 MiB, 41
2026/08/12 07:37:07.512, Tesla V100-PCIE-16GB, 58 %, 4 %, 550 MiB, 16384 MiB, 41
2026/08/12 07:37:17.514, Tesla V100-PCIE-16GB, 55 %, 4 %, 550 MiB, 16384 MiB, 41
2026/08/12 07:37:27.515, Tesla V100-PCIE-16GB, 55 %, 4 %, 550 MiB, 16384 MiB, 41
2026/08/12 07:37:37.517, Tesla V100-PCIE-16GB, 57 %, 4 %, 550 MiB, 16384 MiB, 41
2026/08/12 07:37:47.518, Tesla V100-PCIE-16GB, 57 %, 4 %, 550 MiB, 16384 MiB, 41
2026/08/12 07:37:57.519, Tesla V100-PCIE-16GB, 56 %, 4 %, 550 MiB, 16384 MiB, 41
2026/08/12 07:38:07.520, Tesla V100-PCIE-16GB, 57 %, 4 %, 550 MiB, 16384 MiB, 41
2026/08/12 07:38:17.521, Tesla V100-PCIE-16GB, 56 %, 4 %, 550 MiB, 16384 MiB, 41
2026/08/12 07:38:27.522, Tesla V100-PCIE-16GB, 55 %, 4 %, 550 MiB, 16384 MiB, 41
2026/08/12 07:38:37.523, Tesla V100-PCIE-16GB, 26 %, 5 %, 550 MiB, 16384 MiB, 41
2026/08/12 07:38:47.525, Tesla V100-PCIE-16GB, 58 %, 4 %, 550 MiB, 16384 MiB, 41
2026/08/12 07:38:57.526, Tesla V100-PCIE-16GB, 57 %, 4 %, 550 MiB, 16384 MiB, 41
2026/08/12 07:39:07.574, Tesla V100-PCIE-16GB, 57 %, 4 %, 550 MiB, 16384 MiB, 41
2026/08/12 07:39:17.576, Tesla V100-PCIE-16GB, 55 %, 4 %, 550 MiB, 16384 MiB, 41
2026/08/12 07:39:27.577, Tesla V100-PCIE-16GB, 57 %, 4 %, 550 MiB, 16384 MiB, 41
2026/08/12 07:39:37.578, Tesla V100-PCIE-16GB, 58 %, 4 %, 550 MiB, 16384 MiB, 41
2026/08/12 07:39:47.579, Tesla V100-PCIE-16GB, 41 %, 3 %, 550 MiB, 16384 MiB, 41
2026/08/12 07:39:57.580, Tesla V100-PCIE-16GB, 57 %, 4 %, 550 MiB, 16384 MiB, 41
2026/08/12 07:40:07.581, Tesla V100-PCIE-16GB, 56 %, 4 %, 550 MiB, 16384 MiB, 41
2026/08/12 07:40:17.582, Tesla V100-PCIE-16GB, 57 %, 4 %, 550 MiB, 16384 MiB, 41
2026/08/12 07:40:27.583, Tesla V100-PCIE-16GB, 55 %, 4 %, 550 MiB, 16384 MiB, 41
2026/08/12 07:40:37.585, Tesla V100-PCIE-16GB, 58 %, 4 %, 550 MiB, 16384 MiB, 41
2026/08/12 07:40:47.646, Tesla V100-PCIE-16GB, 57 %, 4 %, 550 MiB, 16384 MiB, 40
2026/08/12 07:40:57.647, Tesla V100-PCIE-16GB, 58 %, 4 %, 550 MiB, 16384 MiB, 41
2026/08/12 07:41:07.648, Tesla V100-PCIE-16GB, 57 %, 4 %, 550 MiB, 16384 MiB, 41
2026/08/12 07:41:17.650, Tesla V100-PCIE-16GB, 55 %, 4 %, 550 MiB, 16384 MiB, 41
2026/08/12 07:41:27.651, Tesla V100-PCIE-16GB, 55 %, 4 %, 550 MiB, 16384 MiB, 41
2026/08/12 07:41:37.652, Tesla V100-PCIE-16GB, 57 %, 4 %, 550 MiB, 16384 MiB, 40
2026/08/12 07:41:47.653, Tesla V100-PCIE-16GB, 56 %, 4 %, 550 MiB, 16384 MiB, 40
2026/08/12 07:41:57.654, Tesla V100-PCIE-16GB, 57 %, 4 %, 550 MiB, 16384 MiB, 41
2026/08/12 07:42:07.655, Tesla V100-PCIE-16GB, 59 %, 4 %, 550 MiB, 16384 MiB, 41
2026/08/12 07:42:17.656, Tesla V100-PCIE-16GB, 57 %, 4 %, 550 MiB, 16384 MiB, 41
2026/08/12 07:42:27.658, Tesla V100-PCIE-16GB, 56 %, 4 %, 550 MiB, 16384 MiB, 42
2026/08/12 07:42:37.741, Tesla V100-PCIE-16GB, 57 %, 4 %, 550 MiB, 16384 MiB, 42
2026/08/12 07:42:47.742, Tesla V100-PCIE-16GB, 58 %, 4 %, 550 MiB, 16384 MiB, 43
2026/08/12 07:42:57.743, Tesla V100-PCIE-16GB, 52 %, 3 %, 550 MiB, 16384 MiB, 43
2026/08/12 07:43:07.744, Tesla V100-PCIE-16GB, 56 %, 4 %, 550 MiB, 16384 MiB, 44
2026/08/12 07:43:17.746, Tesla V100-PCIE-16GB, 58 %, 4 %, 550 MiB, 16384 MiB, 44
2026/08/12 07:43:27.747, Tesla V100-PCIE-16GB, 57 %, 4 %, 550 MiB, 16384 MiB, 45
2026/08/12 07:43:37.748, Tesla V100-PCIE-16GB, 59 %, 4 %, 550 MiB, 16384 MiB, 45
2026/08/12 07:43:47.749, Tesla V100-PCIE-16GB, 56 %, 4 %, 550 MiB, 16384 MiB, 45
2026/08/12 07:43:57.750, Tesla V100-PCIE-16GB, 58 %, 4 %, 550 MiB, 16384 MiB, 46
2026/08/12 07:44:07.751, Tesla V100-PCIE-16GB, 57 %, 4 %, 550 MiB, 16384 MiB, 46
2026/08/12 07:44:17.753, Tesla V100-PCIE-16GB, 58 %, 4 %, 550 MiB, 16384 MiB, 46
2026/08/12 07:44:27.754, Tesla V100-PCIE-16GB, 57 %, 4 %, 550 MiB, 16384 MiB, 47
2026/08/12 07:44:37.755, Tesla V100-PCIE-16GB, 57 %, 4 %, 550 MiB, 16384 MiB, 46
2026/08/12 07:44:47.757, Tesla V100-PCIE-16GB, 58 %, 4 %, 550 MiB, 16384 MiB, 46
2026/08/12 07:44:57.758, Tesla V100-PCIE-16GB, 58 %, 4 %, 550 MiB, 16384 MiB, 46
2026/08/12 07:45:07.759, Tesla V100-PCIE-16GB, 25 %, 5 %, 550 MiB, 16384 MiB, 46
2026/08/12 07:45:17.760, Tesla V100-PCIE-16GB, 56 %, 4 %, 550 MiB, 16384 MiB, 46
2026/08/12 07:45:27.761, Tesla V100-PCIE-16GB, 58 %, 4 %, 550 MiB, 16384 MiB, 47
2026/08/12 07:45:37.762, Tesla V100-PCIE-16GB, 58 %, 4 %, 550 MiB, 16384 MiB, 47
2026/08/12 07:45:47.764, Tesla V100-PCIE-16GB, 58 %, 4 %, 550 MiB, 16384 MiB, 46
2026/08/12 07:45:57.765, Tesla V100-PCIE-16GB, 58 %, 4 %, 550 MiB, 16384 MiB, 46
2026/08/12 07:46:07.766, Tesla V100-PCIE-16GB, 58 %, 4 %, 550 MiB, 16384 MiB, 46
2026/08/12 07:46:17.767, Tesla V100-PCIE-16GB, 58 %, 4 %, 550 MiB, 16384 MiB, 46
2026/08/12 07:46:27.772, Tesla V100-PCIE-16GB, 57 %, 4 %, 550 MiB, 16384 MiB, 46
2026/08/12 07:46:37.773, Tesla V100-PCIE-16GB, 53 %, 4 %, 550 MiB, 16384 MiB, 46
2026/08/12 07:46:47.774, Tesla V100-PCIE-16GB, 57 %, 4 %, 550 MiB, 16384 MiB, 46
2026/08/12 07:46:57.775, Tesla V100-PCIE-16GB, 55 %, 4 %, 550 MiB, 16384 MiB, 46
2026/08/12 07:47:07.871, Tesla V100-PCIE-16GB, 58 %, 4 %, 550 MiB, 16384 MiB, 46
2026/08/12 07:47:17.872, Tesla V100-PCIE-16GB, 58 %, 4 %, 550 MiB, 16384 MiB, 46
2026/08/12 07:47:27.873, Tesla V100-PCIE-16GB, 57 %, 4 %, 550 MiB, 16384 MiB, 46
2026/08/12 07:47:37.874, Tesla V100-PCIE-16GB, 56 %, 4 %, 550 MiB, 16384 MiB, 46
2026/08/12 07:47:47.876, Tesla V100-PCIE-16GB, 59 %, 4 %, 550 MiB, 16384 MiB, 46
2026/08/12 07:47:57.877, Tesla V100-PCIE-16GB, 57 %, 4 %, 550 MiB, 16384 MiB, 46
2026/08/12 07:48:07.878, Tesla V100-PCIE-16GB, 57 %, 4 %, 550 MiB, 16384 MiB, 46
2026/08/12 07:48:17.880, Tesla V100-PCIE-16GB, 57 %, 4 %, 550 MiB, 16384 MiB, 46
2026/08/12 07:48:27.944, Tesla V100-PCIE-16GB, 57 %, 4 %, 550 MiB, 16384 MiB, 46
2026/08/12 07:48:37.945, Tesla V100-PCIE-16GB, 58 %, 4 %, 550 MiB, 16384 MiB, 46
2026/08/12 07:48:47.946, Tesla V100-PCIE-16GB, 58 %, 4 %, 550 MiB, 16384 MiB, 46
2026/08/12 07:48:57.947, Tesla V100-PCIE-16GB, 58 %, 4 %, 550 MiB, 16384 MiB, 46
2026/08/12 07:49:07.949, Tesla V100-PCIE-16GB, 58 %, 4 %, 550 MiB, 16384 MiB, 46
2026/08/12 07:49:17.950, Tesla V100-PCIE-16GB, 58 %, 4 %, 550 MiB, 16384 MiB, 46
2026/08/12 07:49:27.951, Tesla V100-PCIE-16GB, 57 %, 4 %, 550 MiB, 16384 MiB, 46
2026/08/12 07:49:37.952, Tesla V100-PCIE-16GB, 57 %, 4 %, 550 MiB, 16384 MiB, 46
2026/08/12 07:49:47.953, Tesla V100-PCIE-16GB, 58 %, 4 %, 550 MiB, 16384 MiB, 46
2026/08/12 07:49:57.955, Tesla V100-PCIE-16GB, 58 %, 4 %, 550 MiB, 16384 MiB, 46
2026/08/12 07:50:07.956, Tesla V100-PCIE-16GB, 57 %, 4 %, 550 MiB, 16384 MiB, 46
2026/08/12 07:50:17.958, Tesla V100-PCIE-16GB, 57 %, 4 %, 550 MiB, 16384 MiB, 46
2026/08/12 07:50:28.026, Tesla V100-PCIE-16GB, 57 %, 4 %, 550 MiB, 16384 MiB, 46
2026/08/12 07:50:38.027, Tesla V100-PCIE-16GB, 58 %, 4 %, 550 MiB, 16384 MiB, 46
2026/08/12 07:50:48.029, Tesla V100-PCIE-16GB, 25 %, 5 %, 550 MiB, 16384 MiB, 46
2026/08/12 07:50:58.030, Tesla V100-PCIE-16GB, 57 %, 4 %, 550 MiB, 16384 MiB, 46
2026/08/12 07:51:08.032, Tesla V100-PCIE-16GB, 58 %, 4 %, 550 MiB, 16384 MiB, 46
2026/08/12 07:51:18.033, Tesla V100-PCIE-16GB, 57 %, 4 %, 550 MiB, 16384 MiB, 46
2026/08/12 07:51:28.034, Tesla V100-PCIE-16GB, 57 %, 4 %, 550 MiB, 16384 MiB, 46
2026/08/12 07:51:38.035, Tesla V100-PCIE-16GB, 55 %, 4 %, 550 MiB, 16384 MiB, 46
2026/08/12 07:51:48.099, Tesla V100-PCIE-16GB, 57 %, 4 %, 550 MiB, 16384 MiB, 46
2026/08/12 07:51:58.100, Tesla V100-PCIE-16GB, 58 %, 4 %, 550 MiB, 16384 MiB, 46
2026/08/12 07:52:08.101, Tesla V100-PCIE-16GB, 58 %, 4 %, 550 MiB, 16384 MiB, 46
2026/08/12 07:52:18.103, Tesla V100-PCIE-16GB, 55 %, 4 %, 550 MiB, 16384 MiB, 46
2026/08/12 07:52:28.104, Tesla V100-PCIE-16GB, 58 %, 4 %, 550 MiB, 16384 MiB, 46
2026/08/12 07:52:38.105, Tesla V100-PCIE-16GB, 58 %, 4 %, 550 MiB, 16384 MiB, 46
2026/08/12 07:52:48.106, Tesla V100-PCIE-16GB, 58 %, 4 %, 550 MiB, 16384 MiB, 46
2026/08/12 07:52:58.107, Tesla V100-PCIE-16GB, 55 %, 4 %, 550 MiB, 16384 MiB, 46
2026/08/12 07:53:08.108, Tesla V100-PCIE-16GB, 57 %, 4 %, 550 MiB, 16384 MiB, 46
2026/08/12 07:53:18.109, Tesla V100-PCIE-16GB, 58 %, 4 %, 550 MiB, 16384 MiB, 46
2026/08/12 07:53:28.110, Tesla V100-PCIE-16GB, 58 %, 4 %, 550 MiB, 16384 MiB, 46
2026/08/12 07:53:38.111, Tesla V100-PCIE-16GB, 57 %, 4 %, 550 MiB, 16384 MiB, 46
2026/08/12 07:53:48.113, Tesla V100-PCIE-16GB, 57 %, 4 %, 550 MiB, 16384 MiB, 46
2026/08/12 07:53:58.114, Tesla V100-PCIE-16GB, 58 %, 4 %, 550 MiB, 16384 MiB, 46
2026/08/12 07:54:08.115, Tesla V100-PCIE-16GB, 57 %, 4 %, 550 MiB, 16384 MiB, 46
2026/08/12 07:54:18.117, Tesla V100-PCIE-16GB, 58 %, 4 %, 550 MiB, 16384 MiB, 46
2026/08/12 07:54:28.118, Tesla V100-PCIE-16GB, 58 %, 4 %, 550 MiB, 16384 MiB, 46
2026/08/12 07:54:38.119, Tesla V100-PCIE-16GB, 58 %, 4 %, 550 MiB, 16384 MiB, 46
2026/08/12 07:54:48.120, Tesla V100-PCIE-16GB, 58 %, 4 %, 550 MiB, 16384 MiB, 46
2026/08/12 07:54:58.196, Tesla V100-PCIE-16GB, 58 %, 4 %, 550 MiB, 16384 MiB, 46
2026/08/12 07:55:08.197, Tesla V100-PCIE-16GB, 55 %, 4 %, 550 MiB, 16384 MiB, 46
2026/08/12 07:55:18.199, Tesla V100-PCIE-16GB, 57 %, 4 %, 550 MiB, 16384 MiB, 46
2026/08/12 07:55:28.250, Tesla V100-PCIE-16GB, 57 %, 4 %, 550 MiB, 16384 MiB, 46
2026/08/12 07:55:38.251, Tesla V100-PCIE-16GB, 56 %, 4 %, 550 MiB, 16384 MiB, 46
2026/08/12 07:55:48.252, Tesla V100-PCIE-16GB, 57 %, 4 %, 550 MiB, 16384 MiB, 46
2026/08/12 07:55:58.253, Tesla V100-PCIE-16GB, 57 %, 4 %, 550 MiB, 16384 MiB, 46
2026/08/12 07:56:08.254, Tesla V100-PCIE-16GB, 57 %, 4 %, 550 MiB, 16384 MiB, 46
2026/08/12 07:56:18.256, Tesla V100-PCIE-16GB, 58 %, 4 %, 550 MiB, 16384 MiB, 46
2026/08/12 07:56:28.257, Tesla V100-PCIE-16GB, 58 %, 4 %, 550 MiB, 16384 MiB, 46
2026/08/12 07:56:38.258, Tesla V100-PCIE-16GB, 57 %, 4 %, 550 MiB, 16384 MiB, 46
2026/08/12 07:56:48.259, Tesla V100-PCIE-16GB, 58 %, 4 %, 550 MiB, 16384 MiB, 46
2026/08/12 07:56:58.308, Tesla V100-PCIE-16GB, 54 %, 4 %, 550 MiB, 16384 MiB, 46
2026/08/12 07:57:08.309, Tesla V100-PCIE-16GB, 56 %, 4 %, 550 MiB, 16384 MiB, 46
2026/08/12 07:57:18.310, Tesla V100-PCIE-16GB, 57 %, 4 %, 550 MiB, 16384 MiB, 46
2026/08/12 07:57:28.311, Tesla V100-PCIE-16GB, 57 %, 4 %, 550 MiB, 16384 MiB, 46
2026/08/12 07:57:38.312, Tesla V100-PCIE-16GB, 57 %, 4 %, 550 MiB, 16384 MiB, 46
2026/08/12 07:57:48.314, Tesla V100-PCIE-16GB, 56 %, 4 %, 550 MiB, 16384 MiB, 46
2026/08/12 07:57:58.315, Tesla V100-PCIE-16GB, 25 %, 5 %, 550 MiB, 16384 MiB, 46
2026/08/12 07:58:08.316, Tesla V100-PCIE-16GB, 57 %, 4 %, 550 MiB, 16384 MiB, 46
2026/08/12 07:58:18.317, Tesla V100-PCIE-16GB, 57 %, 4 %, 550 MiB, 16384 MiB, 46
2026/08/12 07:58:28.318, Tesla V100-PCIE-16GB, 58 %, 4 %, 550 MiB, 16384 MiB, 46
2026/08/12 07:58:38.319, Tesla V100-PCIE-16GB, 57 %, 4 %, 550 MiB, 16384 MiB, 46
2026/08/12 07:58:48.321, Tesla V100-PCIE-16GB, 58 %, 4 %, 550 MiB, 16384 MiB, 46
2026/08/12 07:58:58.391, Tesla V100-PCIE-16GB, 57 %, 4 %, 550 MiB, 16384 MiB, 46
2026/08/12 07:59:08.392, Tesla V100-PCIE-16GB, 54 %, 4 %, 550 MiB, 16384 MiB, 46
2026/08/12 07:59:18.394, Tesla V100-PCIE-16GB, 56 %, 4 %, 550 MiB, 16384 MiB, 46
2026/08/12 07:59:28.395, Tesla V100-PCIE-16GB, 53 %, 4 %, 550 MiB, 16384 MiB, 46
2026/08/12 07:59:38.396, Tesla V100-PCIE-16GB, 56 %, 4 %, 550 MiB, 16384 MiB, 46
2026/08/12 07:59:48.397, Tesla V100-PCIE-16GB, 57 %, 4 %, 550 MiB, 16384 MiB, 46
2026/08/12 07:59:58.398, Tesla V100-PCIE-16GB, 57 %, 4 %, 550 MiB, 16384 MiB, 46
2026/08/12 08:00:08.399, Tesla V100-PCIE-16GB, 58 %, 4 %, 550 MiB, 16384 MiB, 46
2026/08/12 08:00:18.400, Tesla V100-PCIE-16GB, 58 %, 4 %, 550 MiB, 16384 MiB, 46
2026/08/12 08:00:28.401, Tesla V100-PCIE-16GB, 57 %, 4 %, 550 MiB, 16384 MiB, 46
2026/08/12 08:00:38.402, Tesla V100-PCIE-16GB, 58 %, 4 %, 550 MiB, 16384 MiB, 46
2026/08/12 08:00:48.404, Tesla V100-PCIE-16GB, 57 %, 4 %, 550 MiB, 16384 MiB, 46
2026/08/12 08:00:58.471, Tesla V100-PCIE-16GB, 57 %, 4 %, 550 MiB, 16384 MiB, 46
2026/08/12 08:01:08.472, Tesla V100-PCIE-16GB, 57 %, 4 %, 550 MiB, 16384 MiB, 46
2026/08/12 08:01:18.473, Tesla V100-PCIE-16GB, 58 %, 4 %, 550 MiB, 16384 MiB, 46
2026/08/12 08:01:28.474, Tesla V100-PCIE-16GB, 58 %, 4 %, 550 MiB, 16384 MiB, 46
2026/08/12 08:01:38.475, Tesla V100-PCIE-16GB, 56 %, 4 %, 550 MiB, 16384 MiB, 46
2026/08/12 08:01:48.476, Tesla V100-PCIE-16GB, 57 %, 4 %, 550 MiB, 16384 MiB, 46
2026/08/12 08:01:58.477, Tesla V100-PCIE-16GB, 58 %, 4 %, 550 MiB, 16384 MiB, 46
2026/08/12 08:02:08.478, Tesla V100-PCIE-16GB, 59 %, 4 %, 550 MiB, 16384 MiB, 46
2026/08/12 08:02:18.480, Tesla V100-PCIE-16GB, 58 %, 4 %, 550 MiB, 16384 MiB, 46
2026/08/12 08:02:28.481, Tesla V100-PCIE-16GB, 57 %, 4 %, 550 MiB, 16384 MiB, 46
2026/08/12 08:02:38.483, Tesla V100-PCIE-16GB, 57 %, 4 %, 550 MiB, 16384 MiB, 46
2026/08/12 08:02:48.484, Tesla V100-PCIE-16GB, 58 %, 4 %, 550 MiB, 16384 MiB, 46
2026/08/12 08:02:58.485, Tesla V100-PCIE-16GB, 57 %, 4 %, 550 MiB, 16384 MiB, 46
2026/08/12 08:03:08.486, Tesla V100-PCIE-16GB, 56 %, 4 %, 550 MiB, 16384 MiB, 46
2026/08/12 08:03:18.487, Tesla V100-PCIE-16GB, 58 %, 4 %, 550 MiB, 16384 MiB, 46
2026/08/12 08:03:28.489, Tesla V100-PCIE-16GB, 56 %, 4 %, 550 MiB, 16384 MiB, 46
2026/08/12 08:03:38.490, Tesla V100-PCIE-16GB, 54 %, 4 %, 550 MiB, 16384 MiB, 46
2026/08/12 08:03:48.491, Tesla V100-PCIE-16GB, 57 %, 4 %, 550 MiB, 16384 MiB, 46
2026/08/12 08:03:58.492, Tesla V100-PCIE-16GB, 57 %, 4 %, 550 MiB, 16384 MiB, 46
2026/08/12 08:04:08.494, Tesla V100-PCIE-16GB, 58 %, 4 %, 550 MiB, 16384 MiB, 46
2026/08/12 08:04:18.495, Tesla V100-PCIE-16GB, 57 %, 4 %, 550 MiB, 16384 MiB, 46
2026/08/12 08:04:28.496, Tesla V100-PCIE-16GB, 58 %, 4 %, 550 MiB, 16384 MiB, 46
2026/08/12 08:04:38.497, Tesla V100-PCIE-16GB, 57 %, 4 %, 550 MiB, 16384 MiB, 46
2026/08/12 08:04:48.498, Tesla V100-PCIE-16GB, 59 %, 4 %, 550 MiB, 16384 MiB, 46
2026/08/12 08:04:58.499, Tesla V100-PCIE-16GB, 56 %, 4 %, 550 MiB, 16384 MiB, 46
2026/08/12 08:05:08.500, Tesla V100-PCIE-16GB, 56 %, 4 %, 550 MiB, 16384 MiB, 46
2026/08/12 08:05:18.501, Tesla V100-PCIE-16GB, 56 %, 4 %, 550 MiB, 16384 MiB, 46
2026/08/12 08:05:28.503, Tesla V100-PCIE-16GB, 57 %, 4 %, 550 MiB, 16384 MiB, 46
2026/08/12 08:05:38.504, Tesla V100-PCIE-16GB, 58 %, 4 %, 550 MiB, 16384 MiB, 46
2026/08/12 08:05:48.505, Tesla V100-PCIE-16GB, 56 %, 4 %, 550 MiB, 16384 MiB, 46
2026/08/12 08:05:58.506, Tesla V100-PCIE-16GB, 58 %, 4 %, 550 MiB, 16384 MiB, 46
2026/08/12 08:06:08.507, Tesla V100-PCIE-16GB, 57 %, 4 %, 550 MiB, 16384 MiB, 46
2026/08/12 08:06:18.508, Tesla V100-PCIE-16GB, 58 %, 4 %, 550 MiB, 16384 MiB, 46
2026/08/12 08:06:28.509, Tesla V100-PCIE-16GB, 58 %, 4 %, 550 MiB, 16384 MiB, 46
2026/08/12 08:06:38.510, Tesla V100-PCIE-16GB, 56 %, 4 %, 550 MiB, 16384 MiB, 46
2026/08/12 08:06:48.512, Tesla V100-PCIE-16GB, 57 %, 4 %, 550 MiB, 16384 MiB, 46
2026/08/12 08:06:58.513, Tesla V100-PCIE-16GB, 58 %, 4 %, 550 MiB, 16384 MiB, 46
2026/08/12 08:07:08.514, Tesla V100-PCIE-16GB, 57 %, 4 %, 550 MiB, 16384 MiB, 46
2026/08/12 08:07:18.515, Tesla V100-PCIE-16GB, 57 %, 4 %, 550 MiB, 16384 MiB, 46
2026/08/12 08:07:28.516, Tesla V100-PCIE-16GB, 58 %, 4 %, 550 MiB, 16384 MiB, 46
2026/08/12 08:07:38.517, Tesla V100-PCIE-16GB, 57 %, 4 %, 550 MiB, 16384 MiB, 46
2026/08/12 08:07:48.518, Tesla V100-PCIE-16GB, 25 %, 5 %, 550 MiB, 16384 MiB, 46
2026/08/12 08:07:58.547, Tesla V100-PCIE-16GB, 58 %, 4 %, 550 MiB, 16384 MiB, 46
2026/08/12 08:08:08.548, Tesla V100-PCIE-16GB, 56 %, 4 %, 550 MiB, 16384 MiB, 46
2026/08/12 08:08:18.549, Tesla V100-PCIE-16GB, 58 %, 4 %, 550 MiB, 16384 MiB, 46
2026/08/12 08:08:28.551, Tesla V100-PCIE-16GB, 56 %, 4 %, 550 MiB, 16384 MiB, 46
2026/08/12 08:08:38.552, Tesla V100-PCIE-16GB, 57 %, 4 %, 550 MiB, 16384 MiB, 46
2026/08/12 08:08:48.553, Tesla V100-PCIE-16GB, 57 %, 4 %, 550 MiB, 16384 MiB, 46
2026/08/12 08:08:58.554, Tesla V100-PCIE-16GB, 51 %, 4 %, 550 MiB, 16384 MiB, 46
2026/08/12 08:09:08.555, Tesla V100-PCIE-16GB, 58 %, 4 %, 550 MiB, 16384 MiB, 46
2026/08/12 08:09:18.556, Tesla V100-PCIE-16GB, 54 %, 4 %, 550 MiB, 16384 MiB, 46
2026/08/12 08:09:28.557, Tesla V100-PCIE-16GB, 57 %, 4 %, 550 MiB, 16384 MiB, 46
2026/08/12 08:09:38.559, Tesla V100-PCIE-16GB, 57 %, 4 %, 550 MiB, 16384 MiB, 46
2026/08/12 08:09:48.561, Tesla V100-PCIE-16GB, 57 %, 4 %, 550 MiB, 16384 MiB, 46
2026/08/12 08:09:58.562, Tesla V100-PCIE-16GB, 58 %, 4 %, 550 MiB, 16384 MiB, 46
2026/08/12 08:10:08.563, Tesla V100-PCIE-16GB, 57 %, 4 %, 550 MiB, 16384 MiB, 46
2026/08/12 08:10:18.564, Tesla V100-PCIE-16GB, 58 %, 4 %, 550 MiB, 16384 MiB, 46
2026/08/12 08:10:28.565, Tesla V100-PCIE-16GB, 57 %, 4 %, 550 MiB, 16384 MiB, 46
2026/08/12 08:10:38.567, Tesla V100-PCIE-16GB, 57 %, 4 %, 550 MiB, 16384 MiB, 46
2026/08/12 08:10:48.568, Tesla V100-PCIE-16GB, 56 %, 4 %, 550 MiB, 16384 MiB, 46
2026/08/12 08:10:58.569, Tesla V100-PCIE-16GB, 58 %, 4 %, 550 MiB, 16384 MiB, 46
2026/08/12 08:11:08.570, Tesla V100-PCIE-16GB, 57 %, 4 %, 550 MiB, 16384 MiB, 45
2026/08/12 08:11:18.571, Tesla V100-PCIE-16GB, 57 %, 4 %, 550 MiB, 16384 MiB, 46
2026/08/12 08:11:28.636, Tesla V100-PCIE-16GB, 58 %, 4 %, 550 MiB, 16384 MiB, 46
2026/08/12 08:11:38.637, Tesla V100-PCIE-16GB, 58 %, 4 %, 550 MiB, 16384 MiB, 46
2026/08/12 08:11:48.638, Tesla V100-PCIE-16GB, 58 %, 4 %, 550 MiB, 16384 MiB, 46
2026/08/12 08:11:58.639, Tesla V100-PCIE-16GB, 25 %, 5 %, 550 MiB, 16384 MiB, 46
2026/08/12 08:12:08.640, Tesla V100-PCIE-16GB, 57 %, 4 %, 550 MiB, 16384 MiB, 46
2026/08/12 08:12:18.641, Tesla V100-PCIE-16GB, 57 %, 4 %, 550 MiB, 16384 MiB, 46
2026/08/12 08:12:28.643, Tesla V100-PCIE-16GB, 58 %, 4 %, 550 MiB, 16384 MiB, 46
2026/08/12 08:12:38.644, Tesla V100-PCIE-16GB, 58 %, 4 %, 550 MiB, 16384 MiB, 46
2026/08/12 08:12:48.645, Tesla V100-PCIE-16GB, 58 %, 4 %, 550 MiB, 16384 MiB, 46
2026/08/12 08:12:58.646, Tesla V100-PCIE-16GB, 54 %, 4 %, 550 MiB, 16384 MiB, 45
2026/08/12 08:13:08.647, Tesla V100-PCIE-16GB, 58 %, 4 %, 550 MiB, 16384 MiB, 46
2026/08/12 08:13:18.649, Tesla V100-PCIE-16GB, 56 %, 4 %, 550 MiB, 16384 MiB, 46
2026/08/12 08:13:28.650, Tesla V100-PCIE-16GB, 54 %, 4 %, 550 MiB, 16384 MiB, 46
2026/08/12 08:13:38.651, Tesla V100-PCIE-16GB, 56 %, 4 %, 550 MiB, 16384 MiB, 46
2026/08/12 08:13:48.652, Tesla V100-PCIE-16GB, 57 %, 4 %, 550 MiB, 16384 MiB, 46
2026/08/12 08:13:58.654, Tesla V100-PCIE-16GB, 57 %, 4 %, 550 MiB, 16384 MiB, 46
2026/08/12 08:14:08.655, Tesla V100-PCIE-16GB, 56 %, 4 %, 550 MiB, 16384 MiB, 46
2026/08/12 08:14:18.656, Tesla V100-PCIE-16GB, 58 %, 4 %, 550 MiB, 16384 MiB, 46
2026/08/12 08:14:28.657, Tesla V100-PCIE-16GB, 55 %, 4 %, 550 MiB, 16384 MiB, 46
2026/08/12 08:14:38.659, Tesla V100-PCIE-16GB, 58 %, 4 %, 550 MiB, 16384 MiB, 46
2026/08/12 08:14:48.660, Tesla V100-PCIE-16GB, 56 %, 4 %, 550 MiB, 16384 MiB, 46
2026/08/12 08:14:58.661, Tesla V100-PCIE-16GB, 56 %, 4 %, 550 MiB, 16384 MiB, 46
2026/08/12 08:15:08.662, Tesla V100-PCIE-16GB, 58 %, 4 %, 550 MiB, 16384 MiB, 46
2026/08/12 08:15:18.664, Tesla V100-PCIE-16GB, 57 %, 4 %, 550 MiB, 16384 MiB, 46
2026/08/12 08:15:28.666, Tesla V100-PCIE-16GB, 57 %, 4 %, 550 MiB, 16384 MiB, 46
2026/08/12 08:15:38.667, Tesla V100-PCIE-16GB, 57 %, 4 %, 550 MiB, 16384 MiB, 46
2026/08/12 08:15:48.668, Tesla V100-PCIE-16GB, 58 %, 4 %, 550 MiB, 16384 MiB, 46
2026/08/12 08:15:58.669, Tesla V100-PCIE-16GB, 58 %, 4 %, 550 MiB, 16384 MiB, 46
2026/08/12 08:16:08.670, Tesla V100-PCIE-16GB, 58 %, 4 %, 550 MiB, 16384 MiB, 46
2026/08/12 08:16:18.671, Tesla V100-PCIE-16GB, 52 %, 4 %, 550 MiB, 16384 MiB, 46
2026/08/12 08:16:28.673, Tesla V100-PCIE-16GB, 55 %, 4 %, 550 MiB, 16384 MiB, 46
2026/08/12 08:16:38.675, Tesla V100-PCIE-16GB, 57 %, 4 %, 550 MiB, 16384 MiB, 46
2026/08/12 08:16:48.676, Tesla V100-PCIE-16GB, 57 %, 4 %, 550 MiB, 16384 MiB, 46
2026/08/12 08:16:58.677, Tesla V100-PCIE-16GB, 56 %, 4 %, 550 MiB, 16384 MiB, 46
2026/08/12 08:17:08.678, Tesla V100-PCIE-16GB, 58 %, 4 %, 550 MiB, 16384 MiB, 46
2026/08/12 08:17:18.679, Tesla V100-PCIE-16GB, 58 %, 4 %, 550 MiB, 16384 MiB, 46
2026/08/12 08:17:28.680, Tesla V100-PCIE-16GB, 57 %, 4 %, 550 MiB, 16384 MiB, 46
2026/08/12 08:17:38.682, Tesla V100-PCIE-16GB, 31 %, 4 %, 550 MiB, 16384 MiB, 46
2026/08/12 08:17:48.683, Tesla V100-PCIE-16GB, 57 %, 4 %, 550 MiB, 16384 MiB, 46
2026/08/12 08:17:58.684, Tesla V100-PCIE-16GB, 57 %, 4 %, 550 MiB, 16384 MiB, 46
2026/08/12 08:18:08.685, Tesla V100-PCIE-16GB, 55 %, 4 %, 550 MiB, 16384 MiB, 46
2026/08/12 08:18:18.686, Tesla V100-PCIE-16GB, 57 %, 4 %, 550 MiB, 16384 MiB, 46
2026/08/12 08:18:28.687, Tesla V100-PCIE-16GB, 56 %, 4 %, 550 MiB, 16384 MiB, 46
2026/08/12 08:18:38.688, Tesla V100-PCIE-16GB, 58 %, 4 %, 550 MiB, 16384 MiB, 46
2026/08/12 08:18:48.690, Tesla V100-PCIE-16GB, 59 %, 4 %, 550 MiB, 16384 MiB, 46
2026/08/12 08:18:58.691, Tesla V100-PCIE-16GB, 58 %, 4 %, 550 MiB, 16384 MiB, 45
2026/08/12 08:19:08.692, Tesla V100-PCIE-16GB, 57 %, 4 %, 550 MiB, 16384 MiB, 46
2026/08/12 08:19:18.693, Tesla V100-PCIE-16GB, 56 %, 4 %, 550 MiB, 16384 MiB, 46
2026/08/12 08:19:28.694, Tesla V100-PCIE-16GB, 56 %, 4 %, 550 MiB, 16384 MiB, 46
2026/08/12 08:19:38.695, Tesla V100-PCIE-16GB, 58 %, 4 %, 550 MiB, 16384 MiB, 46
2026/08/12 08:19:48.696, Tesla V100-PCIE-16GB, 56 %, 4 %, 550 MiB, 16384 MiB, 46
2026/08/12 08:19:58.698, Tesla V100-PCIE-16GB, 58 %, 4 %, 550 MiB, 16384 MiB, 46
2026/08/12 08:20:08.699, Tesla V100-PCIE-16GB, 58 %, 4 %, 550 MiB, 16384 MiB, 45
2026/08/12 08:20:18.700, Tesla V100-PCIE-16GB, 58 %, 4 %, 550 MiB, 16384 MiB, 46
2026/08/12 08:20:28.701, Tesla V100-PCIE-16GB, 55 %, 4 %, 550 MiB, 16384 MiB, 46
2026/08/12 08:20:38.703, Tesla V100-PCIE-16GB, 55 %, 4 %, 550 MiB, 16384 MiB, 46
2026/08/12 08:20:48.704, Tesla V100-PCIE-16GB, 58 %, 4 %, 550 MiB, 16384 MiB, 46
2026/08/12 08:20:58.705, Tesla V100-PCIE-16GB, 57 %, 4 %, 550 MiB, 16384 MiB, 46
2026/08/12 08:21:08.706, Tesla V100-PCIE-16GB, 56 %, 4 %, 550 MiB, 16384 MiB, 46
2026/08/12 08:21:18.708, Tesla V100-PCIE-16GB, 55 %, 4 %, 550 MiB, 16384 MiB, 46
2026/08/12 08:21:28.792, Tesla V100-PCIE-16GB, 58 %, 4 %, 550 MiB, 16384 MiB, 46
2026/08/12 08:21:38.793, Tesla V100-PCIE-16GB, 56 %, 4 %, 550 MiB, 16384 MiB, 46
2026/08/12 08:21:48.794, Tesla V100-PCIE-16GB, 24 %, 4 %, 550 MiB, 16384 MiB, 46
2026/08/12 08:21:58.795, Tesla V100-PCIE-16GB, 57 %, 4 %, 550 MiB, 16384 MiB, 46
2026/08/12 08:22:08.797, Tesla V100-PCIE-16GB, 56 %, 4 %, 550 MiB, 16384 MiB, 46
2026/08/12 08:22:18.798, Tesla V100-PCIE-16GB, 57 %, 4 %, 550 MiB, 16384 MiB, 45
2026/08/12 08:22:28.802, Tesla V100-PCIE-16GB, 57 %, 4 %, 550 MiB, 16384 MiB, 45
2026/08/12 08:22:38.803, Tesla V100-PCIE-16GB, 56 %, 4 %, 550 MiB, 16384 MiB, 46
2026/08/12 08:22:48.804, Tesla V100-PCIE-16GB, 52 %, 4 %, 550 MiB, 16384 MiB, 45
2026/08/12 08:22:58.805, Tesla V100-PCIE-16GB, 58 %, 4 %, 550 MiB, 16384 MiB, 45
2026/08/12 08:23:08.807, Tesla V100-PCIE-16GB, 58 %, 4 %, 550 MiB, 16384 MiB, 46
2026/08/12 08:23:18.808, Tesla V100-PCIE-16GB, 57 %, 4 %, 550 MiB, 16384 MiB, 46
2026/08/12 08:23:28.809, Tesla V100-PCIE-16GB, 56 %, 4 %, 550 MiB, 16384 MiB, 46
2026/08/12 08:23:38.810, Tesla V100-PCIE-16GB, 58 %, 4 %, 550 MiB, 16384 MiB, 46
2026/08/12 08:23:48.812, Tesla V100-PCIE-16GB, 57 %, 4 %, 550 MiB, 16384 MiB, 46
2026/08/12 08:23:58.813, Tesla V100-PCIE-16GB, 56 %, 4 %, 550 MiB, 16384 MiB, 46
2026/08/12 08:24:08.814, Tesla V100-PCIE-16GB, 58 %, 4 %, 550 MiB, 16384 MiB, 45
2026/08/12 08:24:18.815, Tesla V100-PCIE-16GB, 57 %, 4 %, 550 MiB, 16384 MiB, 45
2026/08/12 08:24:28.817, Tesla V100-PCIE-16GB, 58 %, 4 %, 550 MiB, 16384 MiB, 45
2026/08/12 08:24:38.818, Tesla V100-PCIE-16GB, 58 %, 4 %, 550 MiB, 16384 MiB, 46
2026/08/12 08:24:48.819, Tesla V100-PCIE-16GB, 57 %, 4 %, 550 MiB, 16384 MiB, 45
2026/08/12 08:24:58.820, Tesla V100-PCIE-16GB, 57 %, 4 %, 550 MiB, 16384 MiB, 45
2026/08/12 08:25:08.822, Tesla V100-PCIE-16GB, 57 %, 4 %, 550 MiB, 16384 MiB, 45
2026/08/12 08:25:18.823, Tesla V100-PCIE-16GB, 56 %, 4 %, 550 MiB, 16384 MiB, 46
2026/08/12 08:25:28.824, Tesla V100-PCIE-16GB, 57 %, 4 %, 550 MiB, 16384 MiB, 46
2026/08/12 08:25:38.825, Tesla V100-PCIE-16GB, 57 %, 4 %, 550 MiB, 16384 MiB, 46
2026/08/12 08:25:48.826, Tesla V100-PCIE-16GB, 58 %, 4 %, 550 MiB, 16384 MiB, 46
2026/08/12 08:25:58.827, Tesla V100-PCIE-16GB, 59 %, 4 %, 550 MiB, 16384 MiB, 45
2026/08/12 08:26:08.828, Tesla V100-PCIE-16GB, 57 %, 4 %, 550 MiB, 16384 MiB, 45
2026/08/12 08:26:18.830, Tesla V100-PCIE-16GB, 57 %, 4 %, 550 MiB, 16384 MiB, 45
2026/08/12 08:26:28.831, Tesla V100-PCIE-16GB, 57 %, 4 %, 550 MiB, 16384 MiB, 45
2026/08/12 08:26:38.832, Tesla V100-PCIE-16GB, 58 %, 4 %, 550 MiB, 16384 MiB, 45
2026/08/12 08:26:48.833, Tesla V100-PCIE-16GB, 57 %, 4 %, 550 MiB, 16384 MiB, 45
2026/08/12 08:26:58.834, Tesla V100-PCIE-16GB, 56 %, 4 %, 550 MiB, 16384 MiB, 45
2026/08/12 08:27:08.835, Tesla V100-PCIE-16GB, 56 %, 4 %, 550 MiB, 16384 MiB, 46
2026/08/12 08:27:18.836, Tesla V100-PCIE-16GB, 56 %, 4 %, 550 MiB, 16384 MiB, 46
2026/08/12 08:27:28.837, Tesla V100-PCIE-16GB, 49 %, 3 %, 550 MiB, 16384 MiB, 45
2026/08/12 08:27:38.839, Tesla V100-PCIE-16GB, 57 %, 4 %, 550 MiB, 16384 MiB, 45
2026/08/12 08:27:48.840, Tesla V100-PCIE-16GB, 56 %, 4 %, 550 MiB, 16384 MiB, 45
2026/08/12 08:27:58.927, Tesla V100-PCIE-16GB, 57 %, 4 %, 550 MiB, 16384 MiB, 45
2026/08/12 08:28:08.928, Tesla V100-PCIE-16GB, 58 %, 4 %, 550 MiB, 16384 MiB, 45
2026/08/12 08:28:18.929, Tesla V100-PCIE-16GB, 58 %, 4 %, 550 MiB, 16384 MiB, 45
2026/08/12 08:28:28.930, Tesla V100-PCIE-16GB, 57 %, 4 %, 550 MiB, 16384 MiB, 45
2026/08/12 08:28:38.931, Tesla V100-PCIE-16GB, 59 %, 4 %, 550 MiB, 16384 MiB, 46
2026/08/12 08:28:48.932, Tesla V100-PCIE-16GB, 57 %, 4 %, 550 MiB, 16384 MiB, 46
2026/08/12 08:28:58.934, Tesla V100-PCIE-16GB, 57 %, 4 %, 550 MiB, 16384 MiB, 45
2026/08/12 08:29:08.935, Tesla V100-PCIE-16GB, 56 %, 4 %, 550 MiB, 16384 MiB, 46
2026/08/12 08:29:18.936, Tesla V100-PCIE-16GB, 57 %, 4 %, 550 MiB, 16384 MiB, 45
2026/08/12 08:29:28.937, Tesla V100-PCIE-16GB, 57 %, 4 %, 550 MiB, 16384 MiB, 45
2026/08/12 08:29:38.939, Tesla V100-PCIE-16GB, 56 %, 4 %, 550 MiB, 16384 MiB, 46
2026/08/12 08:29:48.940, Tesla V100-PCIE-16GB, 58 %, 4 %, 550 MiB, 16384 MiB, 46
2026/08/12 08:29:58.941, Tesla V100-PCIE-16GB, 58 %, 4 %, 550 MiB, 16384 MiB, 46
2026/08/12 08:30:08.942, Tesla V100-PCIE-16GB, 24 %, 5 %, 550 MiB, 16384 MiB, 46
2026/08/12 08:30:18.944, Tesla V100-PCIE-16GB, 57 %, 4 %, 550 MiB, 16384 MiB, 46
2026/08/12 08:30:28.945, Tesla V100-PCIE-16GB, 55 %, 4 %, 550 MiB, 16384 MiB, 45
2026/08/12 08:30:38.946, Tesla V100-PCIE-16GB, 57 %, 4 %, 550 MiB, 16384 MiB, 46
2026/08/12 08:30:48.947, Tesla V100-PCIE-16GB, 58 %, 4 %, 550 MiB, 16384 MiB, 45
2026/08/12 08:30:58.948, Tesla V100-PCIE-16GB, 58 %, 4 %, 550 MiB, 16384 MiB, 45
2026/08/12 08:31:08.949, Tesla V100-PCIE-16GB, 57 %, 4 %, 550 MiB, 16384 MiB, 45
2026/08/12 08:31:18.950, Tesla V100-PCIE-16GB, 58 %, 4 %, 550 MiB, 16384 MiB, 45
2026/08/12 08:31:28.959, Tesla V100-PCIE-16GB, 56 %, 4 %, 550 MiB, 16384 MiB, 45
2026/08/12 08:31:38.960, Tesla V100-PCIE-16GB, 53 %, 4 %, 550 MiB, 16384 MiB, 45
2026/08/12 08:31:48.962, Tesla V100-PCIE-16GB, 57 %, 4 %, 550 MiB, 16384 MiB, 45
2026/08/12 08:31:58.963, Tesla V100-PCIE-16GB, 57 %, 4 %, 550 MiB, 16384 MiB, 45
2026/08/12 08:32:08.964, Tesla V100-PCIE-16GB, 57 %, 4 %, 550 MiB, 16384 MiB, 46
2026/08/12 08:32:18.965, Tesla V100-PCIE-16GB, 57 %, 4 %, 550 MiB, 16384 MiB, 46
2026/08/12 08:32:28.966, Tesla V100-PCIE-16GB, 58 %, 4 %, 550 MiB, 16384 MiB, 46
2026/08/12 08:32:38.967, Tesla V100-PCIE-16GB, 55 %, 4 %, 550 MiB, 16384 MiB, 46
2026/08/12 08:32:48.968, Tesla V100-PCIE-16GB, 58 %, 4 %, 550 MiB, 16384 MiB, 45
2026/08/12 08:32:58.969, Tesla V100-PCIE-16GB, 58 %, 4 %, 550 MiB, 16384 MiB, 45
2026/08/12 08:33:08.971, Tesla V100-PCIE-16GB, 58 %, 4 %, 550 MiB, 16384 MiB, 45
2026/08/12 08:33:18.972, Tesla V100-PCIE-16GB, 57 %, 4 %, 550 MiB, 16384 MiB, 45
2026/08/12 08:33:28.973, Tesla V100-PCIE-16GB, 57 %, 4 %, 550 MiB, 16384 MiB, 45
2026/08/12 08:33:38.974, Tesla V100-PCIE-16GB, 58 %, 4 %, 550 MiB, 16384 MiB, 45
2026/08/12 08:33:48.976, Tesla V100-PCIE-16GB, 57 %, 4 %, 550 MiB, 16384 MiB, 45
2026/08/12 08:33:58.977, Tesla V100-PCIE-16GB, 58 %, 4 %, 550 MiB, 16384 MiB, 46
2026/08/12 08:34:08.978, Tesla V100-PCIE-16GB, 58 %, 4 %, 550 MiB, 16384 MiB, 46
2026/08/12 08:34:18.979, Tesla V100-PCIE-16GB, 58 %, 4 %, 550 MiB, 16384 MiB, 46
2026/08/12 08:34:28.980, Tesla V100-PCIE-16GB, 57 %, 4 %, 550 MiB, 16384 MiB, 46
2026/08/12 08:34:38.981, Tesla V100-PCIE-16GB, 56 %, 4 %, 550 MiB, 16384 MiB, 46
2026/08/12 08:34:48.982, Tesla V100-PCIE-16GB, 57 %, 4 %, 550 MiB, 16384 MiB, 46
2026/08/12 08:34:58.984, Tesla V100-PCIE-16GB, 58 %, 4 %, 550 MiB, 16384 MiB, 45
2026/08/12 08:35:08.985, Tesla V100-PCIE-16GB, 56 %, 4 %, 550 MiB, 16384 MiB, 45
2026/08/12 08:35:18.987, Tesla V100-PCIE-16GB, 56 %, 4 %, 550 MiB, 16384 MiB, 45
2026/08/12 08:35:28.988, Tesla V100-PCIE-16GB, 58 %, 4 %, 550 MiB, 16384 MiB, 45
2026/08/12 08:35:38.989, Tesla V100-PCIE-16GB, 58 %, 4 %, 550 MiB, 16384 MiB, 45
2026/08/12 08:35:48.990, Tesla V100-PCIE-16GB, 25 %, 5 %, 550 MiB, 16384 MiB, 46
2026/08/12 08:35:58.991, Tesla V100-PCIE-16GB, 58 %, 4 %, 550 MiB, 16384 MiB, 46
2026/08/12 08:36:08.992, Tesla V100-PCIE-16GB, 56 %, 4 %, 550 MiB, 16384 MiB, 46
2026/08/12 08:36:18.993, Tesla V100-PCIE-16GB, 57 %, 4 %, 550 MiB, 16384 MiB, 46
2026/08/12 08:36:28.995, Tesla V100-PCIE-16GB, 57 %, 4 %, 550 MiB, 16384 MiB, 46
2026/08/12 08:36:38.996, Tesla V100-PCIE-16GB, 57 %, 4 %, 550 MiB, 16384 MiB, 45
2026/08/12 08:36:48.997, Tesla V100-PCIE-16GB, 57 %, 4 %, 550 MiB, 16384 MiB, 45
2026/08/12 08:36:58.999, Tesla V100-PCIE-16GB, 58 %, 4 %, 550 MiB, 16384 MiB, 45
2026/08/12 08:37:09.000, Tesla V100-PCIE-16GB, 56 %, 4 %, 550 MiB, 16384 MiB, 45
2026/08/12 08:37:19.002, Tesla V100-PCIE-16GB, 56 %, 4 %, 550 MiB, 16384 MiB, 45
2026/08/12 08:37:29.003, Tesla V100-PCIE-16GB, 58 %, 4 %, 550 MiB, 16384 MiB, 45
2026/08/12 08:37:39.004, Tesla V100-PCIE-16GB, 57 %, 4 %, 550 MiB, 16384 MiB, 45
2026/08/12 08:37:49.005, Tesla V100-PCIE-16GB, 57 %, 4 %, 550 MiB, 16384 MiB, 45
2026/08/12 08:37:59.007, Tesla V100-PCIE-16GB, 57 %, 4 %, 550 MiB, 16384 MiB, 45
2026/08/12 08:38:09.008, Tesla V100-PCIE-16GB, 56 %, 4 %, 550 MiB, 16384 MiB, 45
2026/08/12 08:38:19.009, Tesla V100-PCIE-16GB, 58 %, 4 %, 550 MiB, 16384 MiB, 45
2026/08/12 08:38:29.010, Tesla V100-PCIE-16GB, 56 %, 4 %, 550 MiB, 16384 MiB, 45
2026/08/12 08:38:39.011, Tesla V100-PCIE-16GB, 57 %, 4 %, 550 MiB, 16384 MiB, 46
2026/08/12 08:38:49.012, Tesla V100-PCIE-16GB, 57 %, 4 %, 550 MiB, 16384 MiB, 46
2026/08/12 08:38:59.014, Tesla V100-PCIE-16GB, 57 %, 4 %, 550 MiB, 16384 MiB, 45
2026/08/12 08:39:09.015, Tesla V100-PCIE-16GB, 57 %, 4 %, 550 MiB, 16384 MiB, 45
2026/08/12 08:39:19.017, Tesla V100-PCIE-16GB, 57 %, 4 %, 550 MiB, 16384 MiB, 46
2026/08/12 08:39:29.018, Tesla V100-PCIE-16GB, 57 %, 4 %, 550 MiB, 16384 MiB, 46
2026/08/12 08:39:39.019, Tesla V100-PCIE-16GB, 58 %, 4 %, 550 MiB, 16384 MiB, 46
2026/08/12 08:39:49.020, Tesla V100-PCIE-16GB, 58 %, 4 %, 550 MiB, 16384 MiB, 45
2026/08/12 08:39:59.021, Tesla V100-PCIE-16GB, 58 %, 4 %, 550 MiB, 16384 MiB, 46
2026/08/12 08:40:09.022, Tesla V100-PCIE-16GB, 57 %, 4 %, 550 MiB, 16384 MiB, 45
2026/08/12 08:40:19.023, Tesla V100-PCIE-16GB, 57 %, 4 %, 550 MiB, 16384 MiB, 46
2026/08/12 08:40:29.024, Tesla V100-PCIE-16GB, 58 %, 4 %, 550 MiB, 16384 MiB, 46
2026/08/12 08:40:39.026, Tesla V100-PCIE-16GB, 57 %, 4 %, 550 MiB, 16384 MiB, 45
2026/08/12 08:40:49.027, Tesla V100-PCIE-16GB, 57 %, 4 %, 550 MiB, 16384 MiB, 45
2026/08/12 08:40:59.028, Tesla V100-PCIE-16GB, 55 %, 4 %, 550 MiB, 16384 MiB, 46
2026/08/12 08:41:09.029, Tesla V100-PCIE-16GB, 58 %, 4 %, 550 MiB, 16384 MiB, 46
2026/08/12 08:41:19.030, Tesla V100-PCIE-16GB, 58 %, 4 %, 550 MiB, 16384 MiB, 46
2026/08/12 08:41:29.123, Tesla V100-PCIE-16GB, 24 %, 4 %, 550 MiB, 16384 MiB, 46
2026/08/12 08:41:39.124, Tesla V100-PCIE-16GB, 56 %, 4 %, 550 MiB, 16384 MiB, 46
2026/08/12 08:41:49.125, Tesla V100-PCIE-16GB, 57 %, 4 %, 550 MiB, 16384 MiB, 45
2026/08/12 08:41:59.126, Tesla V100-PCIE-16GB, 57 %, 4 %, 550 MiB, 16384 MiB, 45
2026/08/12 08:42:09.128, Tesla V100-PCIE-16GB, 56 %, 4 %, 550 MiB, 16384 MiB, 45
2026/08/12 08:42:19.129, Tesla V100-PCIE-16GB, 58 %, 4 %, 550 MiB, 16384 MiB, 45
2026/08/12 08:42:29.130, Tesla V100-PCIE-16GB, 56 %, 4 %, 550 MiB, 16384 MiB, 45
2026/08/12 08:42:39.131, Tesla V100-PCIE-16GB, 59 %, 4 %, 550 MiB, 16384 MiB, 45
2026/08/12 08:42:49.132, Tesla V100-PCIE-16GB, 57 %, 4 %, 550 MiB, 16384 MiB, 45
2026/08/12 08:42:59.133, Tesla V100-PCIE-16GB, 57 %, 4 %, 550 MiB, 16384 MiB, 45
2026/08/12 08:43:09.134, Tesla V100-PCIE-16GB, 57 %, 4 %, 550 MiB, 16384 MiB, 45
2026/08/12 08:43:19.202, Tesla V100-PCIE-16GB, 57 %, 4 %, 550 MiB, 16384 MiB, 45
2026/08/12 08:43:29.203, Tesla V100-PCIE-16GB, 58 %, 4 %, 550 MiB, 16384 MiB, 45
2026/08/12 08:43:39.204, Tesla V100-PCIE-16GB, 57 %, 4 %, 550 MiB, 16384 MiB, 46
2026/08/12 08:43:49.206, Tesla V100-PCIE-16GB, 58 %, 4 %, 550 MiB, 16384 MiB, 46
2026/08/12 08:43:59.207, Tesla V100-PCIE-16GB, 57 %, 4 %, 550 MiB, 16384 MiB, 46
2026/08/12 08:44:09.209, Tesla V100-PCIE-16GB, 58 %, 4 %, 550 MiB, 16384 MiB, 45
2026/08/12 08:44:19.210, Tesla V100-PCIE-16GB, 57 %, 4 %, 550 MiB, 16384 MiB, 45
2026/08/12 08:44:29.211, Tesla V100-PCIE-16GB, 57 %, 4 %, 550 MiB, 16384 MiB, 45
2026/08/12 08:44:39.212, Tesla V100-PCIE-16GB, 58 %, 4 %, 550 MiB, 16384 MiB, 45
2026/08/12 08:44:49.213, Tesla V100-PCIE-16GB, 57 %, 4 %, 550 MiB, 16384 MiB, 45
2026/08/12 08:44:59.214, Tesla V100-PCIE-16GB, 58 %, 4 %, 550 MiB, 16384 MiB, 45
2026/08/12 08:45:09.216, Tesla V100-PCIE-16GB, 57 %, 4 %, 550 MiB, 16384 MiB, 45
2026/08/12 08:45:19.217, Tesla V100-PCIE-16GB, 58 %, 4 %, 550 MiB, 16384 MiB, 45
2026/08/12 08:45:29.218, Tesla V100-PCIE-16GB, 56 %, 4 %, 550 MiB, 16384 MiB, 45
2026/08/12 08:45:39.219, Tesla V100-PCIE-16GB, 25 %, 5 %, 550 MiB, 16384 MiB, 45
2026/08/12 08:45:49.220, Tesla V100-PCIE-16GB, 55 %, 4 %, 550 MiB, 16384 MiB, 45
2026/08/12 08:45:59.221, Tesla V100-PCIE-16GB, 58 %, 4 %, 550 MiB, 16384 MiB, 45
2026/08/12 08:46:09.222, Tesla V100-PCIE-16GB, 57 %, 4 %, 550 MiB, 16384 MiB, 45
2026/08/12 08:46:19.223, Tesla V100-PCIE-16GB, 56 %, 4 %, 550 MiB, 16384 MiB, 45
2026/08/12 08:46:29.225, Tesla V100-PCIE-16GB, 58 %, 4 %, 550 MiB, 16384 MiB, 45
2026/08/12 08:46:39.226, Tesla V100-PCIE-16GB, 56 %, 4 %, 550 MiB, 16384 MiB, 45
2026/08/12 08:46:49.227, Tesla V100-PCIE-16GB, 58 %, 4 %, 550 MiB, 16384 MiB, 45
2026/08/12 08:46:59.228, Tesla V100-PCIE-16GB, 58 %, 4 %, 550 MiB, 16384 MiB, 45
2026/08/12 08:47:09.230, Tesla V100-PCIE-16GB, 58 %, 4 %, 550 MiB, 16384 MiB, 46
2026/08/12 08:47:19.231, Tesla V100-PCIE-16GB, 56 %, 4 %, 550 MiB, 16384 MiB, 45
2026/08/12 08:47:29.232, Tesla V100-PCIE-16GB, 57 %, 4 %, 550 MiB, 16384 MiB, 45
2026/08/12 08:47:39.233, Tesla V100-PCIE-16GB, 58 %, 4 %, 550 MiB, 16384 MiB, 45
2026/08/12 08:47:49.234, Tesla V100-PCIE-16GB, 57 %, 4 %, 550 MiB, 16384 MiB, 45
2026/08/12 08:47:59.235, Tesla V100-PCIE-16GB, 58 %, 4 %, 550 MiB, 16384 MiB, 46
2026/08/12 08:48:09.236, Tesla V100-PCIE-16GB, 56 %, 4 %, 550 MiB, 16384 MiB, 46
2026/08/12 08:48:19.238, Tesla V100-PCIE-16GB, 58 %, 4 %, 550 MiB, 16384 MiB, 46
2026/08/12 08:48:29.239, Tesla V100-PCIE-16GB, 57 %, 4 %, 550 MiB, 16384 MiB, 46
2026/08/12 08:48:39.240, Tesla V100-PCIE-16GB, 54 %, 4 %, 550 MiB, 16384 MiB, 45
2026/08/12 08:48:49.241, Tesla V100-PCIE-16GB, 56 %, 4 %, 550 MiB, 16384 MiB, 46
2026/08/12 08:48:59.243, Tesla V100-PCIE-16GB, 57 %, 4 %, 550 MiB, 16384 MiB, 45
2026/08/12 08:49:09.244, Tesla V100-PCIE-16GB, 58 %, 4 %, 550 MiB, 16384 MiB, 45
2026/08/12 08:49:19.245, Tesla V100-PCIE-16GB, 56 %, 4 %, 550 MiB, 16384 MiB, 45
2026/08/12 08:49:29.246, Tesla V100-PCIE-16GB, 58 %, 4 %, 550 MiB, 16384 MiB, 45
2026/08/12 08:49:39.248, Tesla V100-PCIE-16GB, 58 %, 4 %, 550 MiB, 16384 MiB, 45
2026/08/12 08:49:49.249, Tesla V100-PCIE-16GB, 58 %, 4 %, 550 MiB, 16384 MiB, 45
2026/08/12 08:49:59.250, Tesla V100-PCIE-16GB, 57 %, 4 %, 550 MiB, 16384 MiB, 45
2026/08/12 08:50:09.251, Tesla V100-PCIE-16GB, 56 %, 4 %, 550 MiB, 16384 MiB, 45
2026/08/12 08:50:19.252, Tesla V100-PCIE-16GB, 56 %, 4 %, 550 MiB, 16384 MiB, 45
2026/08/12 08:50:29.253, Tesla V100-PCIE-16GB, 58 %, 4 %, 550 MiB, 16384 MiB, 45
2026/08/12 08:50:39.254, Tesla V100-PCIE-16GB, 57 %, 4 %, 550 MiB, 16384 MiB, 45
2026/08/12 08:50:49.256, Tesla V100-PCIE-16GB, 57 %, 4 %, 550 MiB, 16384 MiB, 45
2026/08/12 08:50:59.257, Tesla V100-PCIE-16GB, 59 %, 4 %, 550 MiB, 16384 MiB, 46
2026/08/12 08:51:09.258, Tesla V100-PCIE-16GB, 57 %, 4 %, 550 MiB, 16384 MiB, 46
2026/08/12 08:51:19.259, Tesla V100-PCIE-16GB, 41 %, 3 %, 550 MiB, 16384 MiB, 46
2026/08/12 08:51:29.260, Tesla V100-PCIE-16GB, 56 %, 4 %, 550 MiB, 16384 MiB, 46
2026/08/12 08:51:39.261, Tesla V100-PCIE-16GB, 56 %, 4 %, 550 MiB, 16384 MiB, 45
2026/08/12 08:51:49.262, Tesla V100-PCIE-16GB, 57 %, 4 %, 550 MiB, 16384 MiB, 45
2026/08/12 08:51:59.264, Tesla V100-PCIE-16GB, 53 %, 4 %, 550 MiB, 16384 MiB, 45
2026/08/12 08:52:09.265, Tesla V100-PCIE-16GB, 58 %, 4 %, 550 MiB, 16384 MiB, 45
2026/08/12 08:52:19.266, Tesla V100-PCIE-16GB, 57 %, 4 %, 550 MiB, 16384 MiB, 45
2026/08/12 08:52:29.267, Tesla V100-PCIE-16GB, 58 %, 4 %, 550 MiB, 16384 MiB, 45
2026/08/12 08:52:39.268, Tesla V100-PCIE-16GB, 58 %, 4 %, 550 MiB, 16384 MiB, 45
2026/08/12 08:52:49.269, Tesla V100-PCIE-16GB, 57 %, 4 %, 550 MiB, 16384 MiB, 46
2026/08/12 08:52:59.271, Tesla V100-PCIE-16GB, 58 %, 4 %, 550 MiB, 16384 MiB, 45
2026/08/12 08:53:09.272, Tesla V100-PCIE-16GB, 57 %, 4 %, 550 MiB, 16384 MiB, 45
2026/08/12 08:53:19.274, Tesla V100-PCIE-16GB, 57 %, 4 %, 550 MiB, 16384 MiB, 46
2026/08/12 08:53:29.275, Tesla V100-PCIE-16GB, 57 %, 4 %, 550 MiB, 16384 MiB, 46
2026/08/12 08:53:39.276, Tesla V100-PCIE-16GB, 58 %, 4 %, 550 MiB, 16384 MiB, 45
2026/08/12 08:53:49.363, Tesla V100-PCIE-16GB, 58 %, 4 %, 550 MiB, 16384 MiB, 45
2026/08/12 08:53:59.364, Tesla V100-PCIE-16GB, 32 %, 4 %, 550 MiB, 16384 MiB, 45
2026/08/12 08:54:09.365, Tesla V100-PCIE-16GB, 55 %, 4 %, 550 MiB, 16384 MiB, 45
2026/08/12 08:54:19.366, Tesla V100-PCIE-16GB, 56 %, 4 %, 550 MiB, 16384 MiB, 45
2026/08/12 08:54:29.367, Tesla V100-PCIE-16GB, 57 %, 4 %, 550 MiB, 16384 MiB, 45
2026/08/12 08:54:39.368, Tesla V100-PCIE-16GB, 58 %, 4 %, 550 MiB, 16384 MiB, 45
2026/08/12 08:54:49.370, Tesla V100-PCIE-16GB, 57 %, 4 %, 550 MiB, 16384 MiB, 45
2026/08/12 08:54:59.371, Tesla V100-PCIE-16GB, 58 %, 4 %, 550 MiB, 16384 MiB, 46
2026/08/12 08:55:09.372, Tesla V100-PCIE-16GB, 58 %, 4 %, 550 MiB, 16384 MiB, 46
2026/08/12 08:55:19.373, Tesla V100-PCIE-16GB, 57 %, 4 %, 550 MiB, 16384 MiB, 46
2026/08/12 08:55:29.374, Tesla V100-PCIE-16GB, 55 %, 4 %, 550 MiB, 16384 MiB, 45
2026/08/12 08:55:39.375, Tesla V100-PCIE-16GB, 57 %, 4 %, 550 MiB, 16384 MiB, 45
2026/08/12 08:55:49.376, Tesla V100-PCIE-16GB, 57 %, 4 %, 550 MiB, 16384 MiB, 46
2026/08/12 08:55:59.377, Tesla V100-PCIE-16GB, 58 %, 4 %, 550 MiB, 16384 MiB, 46
2026/08/12 08:56:09.379, Tesla V100-PCIE-16GB, 56 %, 4 %, 550 MiB, 16384 MiB, 46
2026/08/12 08:56:19.464, Tesla V100-PCIE-16GB, 57 %, 4 %, 550 MiB, 16384 MiB, 46
2026/08/12 08:56:29.465, Tesla V100-PCIE-16GB, 56 %, 4 %, 550 MiB, 16384 MiB, 45
2026/08/12 08:56:39.466, Tesla V100-PCIE-16GB, 58 %, 4 %, 550 MiB, 16384 MiB, 45
2026/08/12 08:56:49.468, Tesla V100-PCIE-16GB, 57 %, 4 %, 550 MiB, 16384 MiB, 45
2026/08/12 08:56:59.469, Tesla V100-PCIE-16GB, 56 %, 4 %, 550 MiB, 16384 MiB, 45
2026/08/12 08:57:09.470, Tesla V100-PCIE-16GB, 56 %, 4 %, 550 MiB, 16384 MiB, 45
2026/08/12 08:57:19.471, Tesla V100-PCIE-16GB, 57 %, 4 %, 550 MiB, 16384 MiB, 45
2026/08/12 08:57:29.472, Tesla V100-PCIE-16GB, 58 %, 4 %, 550 MiB, 16384 MiB, 45
2026/08/12 08:57:39.473, Tesla V100-PCIE-16GB, 56 %, 4 %, 550 MiB, 16384 MiB, 45
2026/08/12 08:57:49.475, Tesla V100-PCIE-16GB, 58 %, 4 %, 550 MiB, 16384 MiB, 45
2026/08/12 08:57:59.476, Tesla V100-PCIE-16GB, 57 %, 4 %, 550 MiB, 16384 MiB, 45
2026/08/12 08:58:09.477, Tesla V100-PCIE-16GB, 58 %, 4 %, 550 MiB, 16384 MiB, 45
2026/08/12 08:58:19.512, Tesla V100-PCIE-16GB, 56 %, 4 %, 550 MiB, 16384 MiB, 45
2026/08/12 08:58:29.514, Tesla V100-PCIE-16GB, 57 %, 4 %, 550 MiB, 16384 MiB, 45
2026/08/12 08:58:39.515, Tesla V100-PCIE-16GB, 58 %, 4 %, 550 MiB, 16384 MiB, 45
2026/08/12 08:58:49.516, Tesla V100-PCIE-16GB, 56 %, 4 %, 550 MiB, 16384 MiB, 45
2026/08/12 08:58:59.517, Tesla V100-PCIE-16GB, 58 %, 4 %, 550 MiB, 16384 MiB, 45
2026/08/12 08:59:09.518, Tesla V100-PCIE-16GB, 58 %, 4 %, 550 MiB, 16384 MiB, 45
2026/08/12 08:59:19.519, Tesla V100-PCIE-16GB, 58 %, 4 %, 550 MiB, 16384 MiB, 45
2026/08/12 08:59:29.520, Tesla V100-PCIE-16GB, 57 %, 4 %, 550 MiB, 16384 MiB, 45
2026/08/12 08:59:39.522, Tesla V100-PCIE-16GB, 25 %, 5 %, 550 MiB, 16384 MiB, 45
2026/08/12 08:59:49.523, Tesla V100-PCIE-16GB, 57 %, 4 %, 550 MiB, 16384 MiB, 45
2026/08/12 08:59:59.525, Tesla V100-PCIE-16GB, 57 %, 4 %, 550 MiB, 16384 MiB, 45
2026/08/12 09:00:09.526, Tesla V100-PCIE-16GB, 58 %, 4 %, 550 MiB, 16384 MiB, 45
2026/08/12 09:00:19.527, Tesla V100-PCIE-16GB, 57 %, 4 %, 550 MiB, 16384 MiB, 45
2026/08/12 09:00:29.528, Tesla V100-PCIE-16GB, 58 %, 4 %, 550 MiB, 16384 MiB, 45
2026/08/12 09:00:39.529, Tesla V100-PCIE-16GB, 58 %, 4 %, 550 MiB, 16384 MiB, 45
2026/08/12 09:00:49.531, Tesla V100-PCIE-16GB, 58 %, 4 %, 550 MiB, 16384 MiB, 45
2026/08/12 09:00:59.533, Tesla V100-PCIE-16GB, 58 %, 4 %, 550 MiB, 16384 MiB, 45
2026/08/12 09:01:09.534, Tesla V100-PCIE-16GB, 57 %, 4 %, 550 MiB, 16384 MiB, 45
2026/08/12 09:01:19.535, Tesla V100-PCIE-16GB, 58 %, 4 %, 550 MiB, 16384 MiB, 45
2026/08/12 09:01:29.536, Tesla V100-PCIE-16GB, 56 %, 4 %, 550 MiB, 16384 MiB, 45
2026/08/12 09:01:39.537, Tesla V100-PCIE-16GB, 58 %, 4 %, 550 MiB, 16384 MiB, 45
2026/08/12 09:01:49.539, Tesla V100-PCIE-16GB, 56 %, 4 %, 550 MiB, 16384 MiB, 45
2026/08/12 09:01:59.541, Tesla V100-PCIE-16GB, 58 %, 4 %, 550 MiB, 16384 MiB, 45
2026/08/12 09:02:09.542, Tesla V100-PCIE-16GB, 57 %, 4 %, 550 MiB, 16384 MiB, 46
2026/08/12 09:02:19.543, Tesla V100-PCIE-16GB, 58 %, 4 %, 550 MiB, 16384 MiB, 45
2026/08/12 09:02:29.544, Tesla V100-PCIE-16GB, 58 %, 4 %, 550 MiB, 16384 MiB, 45
2026/08/12 09:02:39.545, Tesla V100-PCIE-16GB, 57 %, 4 %, 550 MiB, 16384 MiB, 45
2026/08/12 09:02:49.580, Tesla V100-PCIE-16GB, 56 %, 4 %, 550 MiB, 16384 MiB, 45
2026/08/12 09:02:59.582, Tesla V100-PCIE-16GB, 58 %, 4 %, 550 MiB, 16384 MiB, 45
2026/08/12 09:03:09.583, Tesla V100-PCIE-16GB, 58 %, 4 %, 550 MiB, 16384 MiB, 45
2026/08/12 09:03:19.584, Tesla V100-PCIE-16GB, 56 %, 4 %, 550 MiB, 16384 MiB, 45
2026/08/12 09:03:29.585, Tesla V100-PCIE-16GB, 58 %, 4 %, 550 MiB, 16384 MiB, 45
2026/08/12 09:03:39.587, Tesla V100-PCIE-16GB, 57 %, 4 %, 550 MiB, 16384 MiB, 45
2026/08/12 09:03:49.588, Tesla V100-PCIE-16GB, 58 %, 4 %, 550 MiB, 16384 MiB, 45
2026/08/12 09:03:59.589, Tesla V100-PCIE-16GB, 58 %, 4 %, 550 MiB, 16384 MiB, 45
2026/08/12 09:04:09.590, Tesla V100-PCIE-16GB, 56 %, 4 %, 550 MiB, 16384 MiB, 46
2026/08/12 09:04:19.591, Tesla V100-PCIE-16GB, 58 %, 4 %, 550 MiB, 16384 MiB, 45
2026/08/12 09:04:29.592, Tesla V100-PCIE-16GB, 56 %, 4 %, 550 MiB, 16384 MiB, 45
2026/08/12 09:04:39.596, Tesla V100-PCIE-16GB, 57 %, 4 %, 550 MiB, 16384 MiB, 46
2026/08/12 09:04:49.597, Tesla V100-PCIE-16GB, 58 %, 4 %, 550 MiB, 16384 MiB, 46
2026/08/12 09:04:59.598, Tesla V100-PCIE-16GB, 58 %, 4 %, 550 MiB, 16384 MiB, 46
2026/08/12 09:05:09.599, Tesla V100-PCIE-16GB, 57 %, 4 %, 550 MiB, 16384 MiB, 45
2026/08/12 09:05:19.696, Tesla V100-PCIE-16GB, 25 %, 5 %, 550 MiB, 16384 MiB, 45
2026/08/12 09:05:29.697, Tesla V100-PCIE-16GB, 56 %, 4 %, 550 MiB, 16384 MiB, 45
2026/08/12 09:05:39.698, Tesla V100-PCIE-16GB, 57 %, 4 %, 550 MiB, 16384 MiB, 46
2026/08/12 09:05:49.699, Tesla V100-PCIE-16GB, 57 %, 4 %, 550 MiB, 16384 MiB, 45
2026/08/12 09:05:59.701, Tesla V100-PCIE-16GB, 58 %, 4 %, 550 MiB, 16384 MiB, 45
2026/08/12 09:06:09.702, Tesla V100-PCIE-16GB, 57 %, 4 %, 550 MiB, 16384 MiB, 45
2026/08/12 09:06:19.703, Tesla V100-PCIE-16GB, 58 %, 4 %, 550 MiB, 16384 MiB, 45
2026/08/12 09:06:29.704, Tesla V100-PCIE-16GB, 58 %, 4 %, 550 MiB, 16384 MiB, 45
2026/08/12 09:06:39.778, Tesla V100-PCIE-16GB, 57 %, 4 %, 550 MiB, 16384 MiB, 45
2026/08/12 09:06:49.779, Tesla V100-PCIE-16GB, 55 %, 4 %, 550 MiB, 16384 MiB, 45
2026/08/12 09:06:59.780, Tesla V100-PCIE-16GB, 57 %, 4 %, 550 MiB, 16384 MiB, 45
2026/08/12 09:07:09.781, Tesla V100-PCIE-16GB, 58 %, 4 %, 550 MiB, 16384 MiB, 45
2026/08/12 09:07:19.783, Tesla V100-PCIE-16GB, 58 %, 4 %, 550 MiB, 16384 MiB, 45
2026/08/12 09:07:29.784, Tesla V100-PCIE-16GB, 57 %, 4 %, 550 MiB, 16384 MiB, 46
2026/08/12 09:07:39.785, Tesla V100-PCIE-16GB, 58 %, 4 %, 550 MiB, 16384 MiB, 46
2026/08/12 09:07:49.786, Tesla V100-PCIE-16GB, 58 %, 4 %, 550 MiB, 16384 MiB, 46
2026/08/12 09:07:59.788, Tesla V100-PCIE-16GB, 57 %, 4 %, 550 MiB, 16384 MiB, 45
2026/08/12 09:08:09.789, Tesla V100-PCIE-16GB, 56 %, 4 %, 550 MiB, 16384 MiB, 45
2026/08/12 09:08:19.790, Tesla V100-PCIE-16GB, 56 %, 4 %, 550 MiB, 16384 MiB, 45
2026/08/12 09:08:29.792, Tesla V100-PCIE-16GB, 57 %, 4 %, 550 MiB, 16384 MiB, 45
2026/08/12 09:08:39.793, Tesla V100-PCIE-16GB, 58 %, 4 %, 550 MiB, 16384 MiB, 45
2026/08/12 09:08:49.794, Tesla V100-PCIE-16GB, 57 %, 4 %, 550 MiB, 16384 MiB, 45
2026/08/12 09:08:59.795, Tesla V100-PCIE-16GB, 56 %, 4 %, 550 MiB, 16384 MiB, 46
2026/08/12 09:09:09.796, Tesla V100-PCIE-16GB, 56 %, 4 %, 550 MiB, 16384 MiB, 46
2026/08/12 09:09:19.797, Tesla V100-PCIE-16GB, 56 %, 4 %, 550 MiB, 16384 MiB, 45
2026/08/12 09:09:29.798, Tesla V100-PCIE-16GB, 58 %, 4 %, 550 MiB, 16384 MiB, 45
2026/08/12 09:09:39.799, Tesla V100-PCIE-16GB, 57 %, 4 %, 550 MiB, 16384 MiB, 46
2026/08/12 09:09:49.800, Tesla V100-PCIE-16GB, 55 %, 4 %, 550 MiB, 16384 MiB, 46
2026/08/12 09:09:59.802, Tesla V100-PCIE-16GB, 57 %, 4 %, 550 MiB, 16384 MiB, 46
2026/08/12 09:10:09.803, Tesla V100-PCIE-16GB, 58 %, 4 %, 550 MiB, 16384 MiB, 46
2026/08/12 09:10:19.804, Tesla V100-PCIE-16GB, 57 %, 4 %, 550 MiB, 16384 MiB, 46
2026/08/12 09:10:29.806, Tesla V100-PCIE-16GB, 57 %, 4 %, 550 MiB, 16384 MiB, 46
2026/08/12 09:10:39.807, Tesla V100-PCIE-16GB, 58 %, 4 %, 550 MiB, 16384 MiB, 45
2026/08/12 09:10:49.809, Tesla V100-PCIE-16GB, 57 %, 4 %, 550 MiB, 16384 MiB, 45
2026/08/12 09:10:59.810, Tesla V100-PCIE-16GB, 58 %, 4 %, 550 MiB, 16384 MiB, 46
2026/08/12 09:11:09.811, Tesla V100-PCIE-16GB, 56 %, 4 %, 550 MiB, 16384 MiB, 45
2026/08/12 09:11:19.812, Tesla V100-PCIE-16GB, 57 %, 4 %, 550 MiB, 16384 MiB, 46
2026/08/12 09:11:29.813, Tesla V100-PCIE-16GB, 57 %, 4 %, 550 MiB, 16384 MiB, 46
2026/08/12 09:11:39.814, Tesla V100-PCIE-16GB, 58 %, 4 %, 550 MiB, 16384 MiB, 45
2026/08/12 09:11:49.815, Tesla V100-PCIE-16GB, 57 %, 4 %, 550 MiB, 16384 MiB, 45
2026/08/12 09:11:59.816, Tesla V100-PCIE-16GB, 56 %, 4 %, 550 MiB, 16384 MiB, 46
2026/08/12 09:12:09.818, Tesla V100-PCIE-16GB, 59 %, 4 %, 550 MiB, 16384 MiB, 46
2026/08/12 09:12:19.819, Tesla V100-PCIE-16GB, 58 %, 4 %, 550 MiB, 16384 MiB, 45
2026/08/12 09:12:29.820, Tesla V100-PCIE-16GB, 56 %, 4 %, 550 MiB, 16384 MiB, 45
2026/08/12 09:12:39.821, Tesla V100-PCIE-16GB, 57 %, 4 %, 550 MiB, 16384 MiB, 46
2026/08/12 09:12:49.823, Tesla V100-PCIE-16GB, 56 %, 4 %, 550 MiB, 16384 MiB, 45
2026/08/12 09:12:59.824, Tesla V100-PCIE-16GB, 58 %, 4 %, 550 MiB, 16384 MiB, 46
2026/08/12 09:13:09.825, Tesla V100-PCIE-16GB, 57 %, 4 %, 550 MiB, 16384 MiB, 45
2026/08/12 09:13:19.826, Tesla V100-PCIE-16GB, 58 %, 4 %, 550 MiB, 16384 MiB, 45
2026/08/12 09:13:29.828, Tesla V100-PCIE-16GB, 57 %, 4 %, 550 MiB, 16384 MiB, 45
2026/08/12 09:13:39.829, Tesla V100-PCIE-16GB, 58 %, 4 %, 550 MiB, 16384 MiB, 45
2026/08/12 09:13:49.830, Tesla V100-PCIE-16GB, 56 %, 4 %, 550 MiB, 16384 MiB, 45
2026/08/12 09:13:59.831, Tesla V100-PCIE-16GB, 55 %, 4 %, 550 MiB, 16384 MiB, 45
2026/08/12 09:14:09.832, Tesla V100-PCIE-16GB, 58 %, 4 %, 550 MiB, 16384 MiB, 45
2026/08/12 09:14:19.833, Tesla V100-PCIE-16GB, 56 %, 4 %, 550 MiB, 16384 MiB, 45
2026/08/12 09:14:29.834, Tesla V100-PCIE-16GB, 58 %, 4 %, 550 MiB, 16384 MiB, 45
2026/08/12 09:14:39.840, Tesla V100-PCIE-16GB, 57 %, 4 %, 550 MiB, 16384 MiB, 45
2026/08/12 09:14:49.841, Tesla V100-PCIE-16GB, 58 %, 4 %, 550 MiB, 16384 MiB, 46
2026/08/12 09:14:59.842, Tesla V100-PCIE-16GB, 58 %, 4 %, 550 MiB, 16384 MiB, 46
2026/08/12 09:15:09.844, Tesla V100-PCIE-16GB, 21 %, 4 %, 550 MiB, 16384 MiB, 45
2026/08/12 09:15:19.845, Tesla V100-PCIE-16GB, 56 %, 4 %, 550 MiB, 16384 MiB, 45
2026/08/12 09:15:29.846, Tesla V100-PCIE-16GB, 57 %, 4 %, 550 MiB, 16384 MiB, 45
2026/08/12 09:15:39.847, Tesla V100-PCIE-16GB, 57 %, 4 %, 550 MiB, 16384 MiB, 45
2026/08/12 09:15:49.848, Tesla V100-PCIE-16GB, 57 %, 4 %, 550 MiB, 16384 MiB, 45
2026/08/12 09:15:59.850, Tesla V100-PCIE-16GB, 56 %, 4 %, 550 MiB, 16384 MiB, 45
2026/08/12 09:16:09.851, Tesla V100-PCIE-16GB, 57 %, 4 %, 550 MiB, 16384 MiB, 45
2026/08/12 09:16:19.852, Tesla V100-PCIE-16GB, 58 %, 4 %, 550 MiB, 16384 MiB, 45
2026/08/12 09:16:29.853, Tesla V100-PCIE-16GB, 57 %, 4 %, 550 MiB, 16384 MiB, 45
2026/08/12 09:16:39.854, Tesla V100-PCIE-16GB, 58 %, 4 %, 550 MiB, 16384 MiB, 45
2026/08/12 09:16:49.855, Tesla V100-PCIE-16GB, 57 %, 4 %, 550 MiB, 16384 MiB, 46
2026/08/12 09:16:59.857, Tesla V100-PCIE-16GB, 58 %, 4 %, 550 MiB, 16384 MiB, 45
2026/08/12 09:17:09.858, Tesla V100-PCIE-16GB, 58 %, 4 %, 550 MiB, 16384 MiB, 46
2026/08/12 09:17:19.859, Tesla V100-PCIE-16GB, 58 %, 4 %, 550 MiB, 16384 MiB, 46
2026/08/12 09:17:29.860, Tesla V100-PCIE-16GB, 58 %, 4 %, 550 MiB, 16384 MiB, 45
2026/08/12 09:17:39.861, Tesla V100-PCIE-16GB, 58 %, 4 %, 550 MiB, 16384 MiB, 45
2026/08/12 09:17:49.862, Tesla V100-PCIE-16GB, 58 %, 4 %, 550 MiB, 16384 MiB, 46
2026/08/12 09:17:59.863, Tesla V100-PCIE-16GB, 57 %, 4 %, 550 MiB, 16384 MiB, 46
2026/08/12 09:18:09.864, Tesla V100-PCIE-16GB, 58 %, 4 %, 550 MiB, 16384 MiB, 46
2026/08/12 09:18:19.865, Tesla V100-PCIE-16GB, 57 %, 4 %, 550 MiB, 16384 MiB, 45
2026/08/12 09:18:29.867, Tesla V100-PCIE-16GB, 57 %, 4 %, 550 MiB, 16384 MiB, 45
2026/08/12 09:18:39.947, Tesla V100-PCIE-16GB, 56 %, 4 %, 550 MiB, 16384 MiB, 46
2026/08/12 09:18:49.948, Tesla V100-PCIE-16GB, 58 %, 4 %, 550 MiB, 16384 MiB, 46
2026/08/12 09:18:59.949, Tesla V100-PCIE-16GB, 58 %, 4 %, 550 MiB, 16384 MiB, 45
2026/08/12 09:19:09.950, Tesla V100-PCIE-16GB, 57 %, 4 %, 550 MiB, 16384 MiB, 45
2026/08/12 09:19:19.951, Tesla V100-PCIE-16GB, 59 %, 4 %, 550 MiB, 16384 MiB, 45
2026/08/12 09:19:29.954, Tesla V100-PCIE-16GB, 57 %, 4 %, 550 MiB, 16384 MiB, 45
2026/08/12 09:19:39.956, Tesla V100-PCIE-16GB, 56 %, 4 %, 550 MiB, 16384 MiB, 45
2026/08/12 09:19:49.957, Tesla V100-PCIE-16GB, 57 %, 4 %, 550 MiB, 16384 MiB, 45
2026/08/12 09:19:59.958, Tesla V100-PCIE-16GB, 56 %, 4 %, 550 MiB, 16384 MiB, 45
2026/08/12 09:20:09.959, Tesla V100-PCIE-16GB, 57 %, 4 %, 550 MiB, 16384 MiB, 45
2026/08/12 09:20:19.961, Tesla V100-PCIE-16GB, 58 %, 4 %, 550 MiB, 16384 MiB, 45
2026/08/12 09:20:29.962, Tesla V100-PCIE-16GB, 57 %, 4 %, 550 MiB, 16384 MiB, 45
2026/08/12 09:20:39.963, Tesla V100-PCIE-16GB, 56 %, 4 %, 550 MiB, 16384 MiB, 46
2026/08/12 09:20:49.965, Tesla V100-PCIE-16GB, 31 %, 3 %, 550 MiB, 16384 MiB, 45
2026/08/12 09:20:59.966, Tesla V100-PCIE-16GB, 56 %, 4 %, 550 MiB, 16384 MiB, 45
2026/08/12 09:21:09.967, Tesla V100-PCIE-16GB, 57 %, 4 %, 550 MiB, 16384 MiB, 45
2026/08/12 09:21:19.968, Tesla V100-PCIE-16GB, 58 %, 4 %, 550 MiB, 16384 MiB, 45
2026/08/12 09:21:29.969, Tesla V100-PCIE-16GB, 58 %, 4 %, 550 MiB, 16384 MiB, 45
2026/08/12 09:21:39.970, Tesla V100-PCIE-16GB, 58 %, 4 %, 550 MiB, 16384 MiB, 45
2026/08/12 09:21:49.971, Tesla V100-PCIE-16GB, 56 %, 4 %, 550 MiB, 16384 MiB, 45
2026/08/12 09:21:59.972, Tesla V100-PCIE-16GB, 54 %, 4 %, 550 MiB, 16384 MiB, 45
2026/08/12 09:22:09.974, Tesla V100-PCIE-16GB, 58 %, 4 %, 550 MiB, 16384 MiB, 45
2026/08/12 09:22:19.975, Tesla V100-PCIE-16GB, 57 %, 4 %, 550 MiB, 16384 MiB, 45
2026/08/12 09:22:29.976, Tesla V100-PCIE-16GB, 56 %, 4 %, 550 MiB, 16384 MiB, 45
2026/08/12 09:22:39.977, Tesla V100-PCIE-16GB, 56 %, 4 %, 550 MiB, 16384 MiB, 45
2026/08/12 09:22:49.979, Tesla V100-PCIE-16GB, 58 %, 4 %, 550 MiB, 16384 MiB, 45
2026/08/12 09:22:59.980, Tesla V100-PCIE-16GB, 57 %, 4 %, 550 MiB, 16384 MiB, 45
2026/08/12 09:23:09.981, Tesla V100-PCIE-16GB, 57 %, 4 %, 550 MiB, 16384 MiB, 45
2026/08/12 09:23:19.982, Tesla V100-PCIE-16GB, 57 %, 4 %, 550 MiB, 16384 MiB, 45
2026/08/12 09:23:29.984, Tesla V100-PCIE-16GB, 58 %, 4 %, 550 MiB, 16384 MiB, 45
2026/08/12 09:23:40.064, Tesla V100-PCIE-16GB, 56 %, 4 %, 550 MiB, 16384 MiB, 45
2026/08/12 09:23:50.066, Tesla V100-PCIE-16GB, 56 %, 4 %, 550 MiB, 16384 MiB, 45
2026/08/12 09:24:00.067, Tesla V100-PCIE-16GB, 57 %, 4 %, 550 MiB, 16384 MiB, 45
2026/08/12 09:24:10.068, Tesla V100-PCIE-16GB, 56 %, 4 %, 550 MiB, 16384 MiB, 45
2026/08/12 09:24:20.069, Tesla V100-PCIE-16GB, 58 %, 4 %, 550 MiB, 16384 MiB, 45
2026/08/12 09:24:30.071, Tesla V100-PCIE-16GB, 57 %, 4 %, 550 MiB, 16384 MiB, 45
2026/08/12 09:24:40.072, Tesla V100-PCIE-16GB, 58 %, 4 %, 550 MiB, 16384 MiB, 45
2026/08/12 09:24:50.073, Tesla V100-PCIE-16GB, 57 %, 4 %, 550 MiB, 16384 MiB, 45
2026/08/12 09:25:00.075, Tesla V100-PCIE-16GB, 25 %, 5 %, 550 MiB, 16384 MiB, 45
2026/08/12 09:25:10.076, Tesla V100-PCIE-16GB, 58 %, 4 %, 550 MiB, 16384 MiB, 45
2026/08/12 09:25:20.077, Tesla V100-PCIE-16GB, 57 %, 4 %, 550 MiB, 16384 MiB, 45
2026/08/12 09:25:30.079, Tesla V100-PCIE-16GB, 58 %, 4 %, 550 MiB, 16384 MiB, 45
2026/08/12 09:25:40.080, Tesla V100-PCIE-16GB, 56 %, 4 %, 550 MiB, 16384 MiB, 45
2026/08/12 09:25:50.081, Tesla V100-PCIE-16GB, 58 %, 4 %, 550 MiB, 16384 MiB, 45
2026/08/12 09:26:00.082, Tesla V100-PCIE-16GB, 58 %, 4 %, 550 MiB, 16384 MiB, 45
2026/08/12 09:26:10.083, Tesla V100-PCIE-16GB, 58 %, 4 %, 550 MiB, 16384 MiB, 45
2026/08/12 09:26:20.084, Tesla V100-PCIE-16GB, 57 %, 4 %, 550 MiB, 16384 MiB, 45
2026/08/12 09:26:30.085, Tesla V100-PCIE-16GB, 57 %, 4 %, 550 MiB, 16384 MiB, 45
2026/08/12 09:26:40.087, Tesla V100-PCIE-16GB, 56 %, 4 %, 550 MiB, 16384 MiB, 45
2026/08/12 09:26:50.088, Tesla V100-PCIE-16GB, 57 %, 4 %, 550 MiB, 16384 MiB, 45
2026/08/12 09:27:00.089, Tesla V100-PCIE-16GB, 56 %, 4 %, 550 MiB, 16384 MiB, 45
2026/08/12 09:27:10.090, Tesla V100-PCIE-16GB, 57 %, 4 %, 550 MiB, 16384 MiB, 45
2026/08/12 09:27:20.091, Tesla V100-PCIE-16GB, 58 %, 4 %, 550 MiB, 16384 MiB, 45
2026/08/12 09:27:30.093, Tesla V100-PCIE-16GB, 58 %, 4 %, 550 MiB, 16384 MiB, 45
2026/08/12 09:27:40.094, Tesla V100-PCIE-16GB, 59 %, 4 %, 550 MiB, 16384 MiB, 45
2026/08/12 09:27:50.095, Tesla V100-PCIE-16GB, 58 %, 4 %, 550 MiB, 16384 MiB, 45
2026/08/12 09:28:00.096, Tesla V100-PCIE-16GB, 56 %, 4 %, 550 MiB, 16384 MiB, 45
2026/08/12 09:28:10.098, Tesla V100-PCIE-16GB, 58 %, 4 %, 550 MiB, 16384 MiB, 45
2026/08/12 09:28:20.099, Tesla V100-PCIE-16GB, 57 %, 4 %, 550 MiB, 16384 MiB, 45
2026/08/12 09:28:30.100, Tesla V100-PCIE-16GB, 58 %, 4 %, 550 MiB, 16384 MiB, 45
2026/08/12 09:28:40.101, Tesla V100-PCIE-16GB, 57 %, 4 %, 550 MiB, 16384 MiB, 45
2026/08/12 09:28:50.102, Tesla V100-PCIE-16GB, 58 %, 4 %, 550 MiB, 16384 MiB, 46
2026/08/12 09:29:00.103, Tesla V100-PCIE-16GB, 56 %, 4 %, 550 MiB, 16384 MiB, 45
2026/08/12 09:29:10.105, Tesla V100-PCIE-16GB, 39 %, 3 %, 550 MiB, 16384 MiB, 45
2026/08/12 09:29:20.106, Tesla V100-PCIE-16GB, 58 %, 4 %, 550 MiB, 16384 MiB, 45
2026/08/12 09:29:30.107, Tesla V100-PCIE-16GB, 58 %, 4 %, 550 MiB, 16384 MiB, 45
2026/08/12 09:29:40.108, Tesla V100-PCIE-16GB, 56 %, 4 %, 550 MiB, 16384 MiB, 46
2026/08/12 09:29:50.109, Tesla V100-PCIE-16GB, 57 %, 4 %, 550 MiB, 16384 MiB, 46
2026/08/12 09:30:00.110, Tesla V100-PCIE-16GB, 58 %, 4 %, 550 MiB, 16384 MiB, 46
2026/08/12 09:30:10.111, Tesla V100-PCIE-16GB, 57 %, 4 %, 550 MiB, 16384 MiB, 45
2026/08/12 09:30:20.112, Tesla V100-PCIE-16GB, 58 %, 4 %, 550 MiB, 16384 MiB, 45
2026/08/12 09:30:30.114, Tesla V100-PCIE-16GB, 56 %, 4 %, 550 MiB, 16384 MiB, 45
2026/08/12 09:30:40.115, Tesla V100-PCIE-16GB, 54 %, 4 %, 550 MiB, 16384 MiB, 45
2026/08/12 09:30:50.116, Tesla V100-PCIE-16GB, 58 %, 4 %, 550 MiB, 16384 MiB, 45
2026/08/12 09:31:00.117, Tesla V100-PCIE-16GB, 56 %, 4 %, 550 MiB, 16384 MiB, 46
2026/08/12 09:31:10.118, Tesla V100-PCIE-16GB, 58 %, 4 %, 550 MiB, 16384 MiB, 46
2026/08/12 09:31:20.119, Tesla V100-PCIE-16GB, 54 %, 4 %, 550 MiB, 16384 MiB, 46
2026/08/12 09:31:30.121, Tesla V100-PCIE-16GB, 57 %, 4 %, 550 MiB, 16384 MiB, 46
2026/08/12 09:31:40.122, Tesla V100-PCIE-16GB, 56 %, 4 %, 550 MiB, 16384 MiB, 46
2026/08/12 09:31:50.123, Tesla V100-PCIE-16GB, 58 %, 4 %, 550 MiB, 16384 MiB, 45
2026/08/12 09:32:00.124, Tesla V100-PCIE-16GB, 58 %, 4 %, 550 MiB, 16384 MiB, 45
2026/08/12 09:32:10.126, Tesla V100-PCIE-16GB, 56 %, 4 %, 550 MiB, 16384 MiB, 45
2026/08/12 09:32:20.127, Tesla V100-PCIE-16GB, 57 %, 4 %, 550 MiB, 16384 MiB, 45
2026/08/12 09:32:30.128, Tesla V100-PCIE-16GB, 57 %, 4 %, 550 MiB, 16384 MiB, 45
2026/08/12 09:32:40.129, Tesla V100-PCIE-16GB, 58 %, 4 %, 550 MiB, 16384 MiB, 45
2026/08/12 09:32:50.130, Tesla V100-PCIE-16GB, 57 %, 4 %, 550 MiB, 16384 MiB, 45
2026/08/12 09:33:00.132, Tesla V100-PCIE-16GB, 57 %, 4 %, 550 MiB, 16384 MiB, 45
2026/08/12 09:33:10.133, Tesla V100-PCIE-16GB, 57 %, 4 %, 550 MiB, 16384 MiB, 45
2026/08/12 09:33:20.135, Tesla V100-PCIE-16GB, 25 %, 5 %, 550 MiB, 16384 MiB, 46
2026/08/12 09:33:30.136, Tesla V100-PCIE-16GB, 58 %, 4 %, 550 MiB, 16384 MiB, 45
2026/08/12 09:33:40.137, Tesla V100-PCIE-16GB, 56 %, 4 %, 550 MiB, 16384 MiB, 45
2026/08/12 09:33:50.138, Tesla V100-PCIE-16GB, 57 %, 4 %, 550 MiB, 16384 MiB, 45
2026/08/12 09:34:00.139, Tesla V100-PCIE-16GB, 56 %, 4 %, 550 MiB, 16384 MiB, 45
2026/08/12 09:34:10.140, Tesla V100-PCIE-16GB, 58 %, 4 %, 550 MiB, 16384 MiB, 45
2026/08/12 09:34:20.141, Tesla V100-PCIE-16GB, 57 %, 4 %, 550 MiB, 16384 MiB, 45
2026/08/12 09:34:30.143, Tesla V100-PCIE-16GB, 58 %, 4 %, 550 MiB, 16384 MiB, 45
2026/08/12 09:34:40.144, Tesla V100-PCIE-16GB, 58 %, 4 %, 550 MiB, 16384 MiB, 45
2026/08/12 09:34:50.145, Tesla V100-PCIE-16GB, 51 %, 3 %, 550 MiB, 16384 MiB, 45
2026/08/12 09:35:00.146, Tesla V100-PCIE-16GB, 56 %, 4 %, 550 MiB, 16384 MiB, 45
2026/08/12 09:35:10.147, Tesla V100-PCIE-16GB, 56 %, 4 %, 550 MiB, 16384 MiB, 45
2026/08/12 09:35:20.148, Tesla V100-PCIE-16GB, 58 %, 4 %, 550 MiB, 16384 MiB, 45
2026/08/12 09:35:30.150, Tesla V100-PCIE-16GB, 55 %, 4 %, 550 MiB, 16384 MiB, 45
2026/08/12 09:35:40.151, Tesla V100-PCIE-16GB, 57 %, 4 %, 550 MiB, 16384 MiB, 45
2026/08/12 09:35:50.152, Tesla V100-PCIE-16GB, 56 %, 4 %, 550 MiB, 16384 MiB, 45
2026/08/12 09:36:00.153, Tesla V100-PCIE-16GB, 58 %, 4 %, 550 MiB, 16384 MiB, 45
2026/08/12 09:36:10.154, Tesla V100-PCIE-16GB, 56 %, 4 %, 550 MiB, 16384 MiB, 45
2026/08/12 09:36:20.155, Tesla V100-PCIE-16GB, 56 %, 4 %, 550 MiB, 16384 MiB, 45
2026/08/12 09:36:30.156, Tesla V100-PCIE-16GB, 57 %, 4 %, 550 MiB, 16384 MiB, 45
2026/08/12 09:36:40.157, Tesla V100-PCIE-16GB, 56 %, 4 %, 550 MiB, 16384 MiB, 45
2026/08/12 09:36:50.158, Tesla V100-PCIE-16GB, 58 %, 4 %, 550 MiB, 16384 MiB, 45
2026/08/12 09:37:00.159, Tesla V100-PCIE-16GB, 56 %, 4 %, 550 MiB, 16384 MiB, 45
2026/08/12 09:37:10.161, Tesla V100-PCIE-16GB, 58 %, 4 %, 550 MiB, 16384 MiB, 45
2026/08/12 09:37:20.162, Tesla V100-PCIE-16GB, 57 %, 4 %, 550 MiB, 16384 MiB, 45
2026/08/12 09:37:30.163, Tesla V100-PCIE-16GB, 58 %, 4 %, 550 MiB, 16384 MiB, 45
2026/08/12 09:37:40.164, Tesla V100-PCIE-16GB, 57 %, 4 %, 550 MiB, 16384 MiB, 45
2026/08/12 09:37:50.165, Tesla V100-PCIE-16GB, 58 %, 4 %, 550 MiB, 16384 MiB, 46
2026/08/12 09:38:00.166, Tesla V100-PCIE-16GB, 58 %, 4 %, 550 MiB, 16384 MiB, 46
2026/08/12 09:38:10.167, Tesla V100-PCIE-16GB, 57 %, 4 %, 550 MiB, 16384 MiB, 46
2026/08/12 09:38:20.168, Tesla V100-PCIE-16GB, 58 %, 4 %, 550 MiB, 16384 MiB, 46
2026/08/12 09:38:30.169, Tesla V100-PCIE-16GB, 56 %, 4 %, 550 MiB, 16384 MiB, 46
2026/08/12 09:38:40.171, Tesla V100-PCIE-16GB, 58 %, 4 %, 550 MiB, 16384 MiB, 46
2026/08/12 09:38:50.172, Tesla V100-PCIE-16GB, 57 %, 4 %, 550 MiB, 16384 MiB, 46
2026/08/12 09:39:00.173, Tesla V100-PCIE-16GB, 23 %, 4 %, 550 MiB, 16384 MiB, 46
2026/08/12 09:39:10.174, Tesla V100-PCIE-16GB, 56 %, 4 %, 550 MiB, 16384 MiB, 46
2026/08/12 09:39:20.175, Tesla V100-PCIE-16GB, 57 %, 4 %, 550 MiB, 16384 MiB, 45
2026/08/12 09:39:30.176, Tesla V100-PCIE-16GB, 57 %, 4 %, 550 MiB, 16384 MiB, 45
2026/08/12 09:39:40.178, Tesla V100-PCIE-16GB, 57 %, 4 %, 550 MiB, 16384 MiB, 45
2026/08/12 09:39:50.179, Tesla V100-PCIE-16GB, 58 %, 4 %, 550 MiB, 16384 MiB, 46
2026/08/12 09:40:00.180, Tesla V100-PCIE-16GB, 58 %, 4 %, 550 MiB, 16384 MiB, 46
2026/08/12 09:40:10.181, Tesla V100-PCIE-16GB, 58 %, 4 %, 550 MiB, 16384 MiB, 46
2026/08/12 09:40:20.182, Tesla V100-PCIE-16GB, 57 %, 4 %, 550 MiB, 16384 MiB, 46
2026/08/12 09:40:30.183, Tesla V100-PCIE-16GB, 55 %, 4 %, 550 MiB, 16384 MiB, 46
2026/08/12 09:40:40.184, Tesla V100-PCIE-16GB, 57 %, 4 %, 550 MiB, 16384 MiB, 46
2026/08/12 09:40:50.186, Tesla V100-PCIE-16GB, 57 %, 4 %, 550 MiB, 16384 MiB, 46
2026/08/12 09:41:00.187, Tesla V100-PCIE-16GB, 57 %, 4 %, 550 MiB, 16384 MiB, 46
2026/08/12 09:41:10.188, Tesla V100-PCIE-16GB, 57 %, 4 %, 550 MiB, 16384 MiB, 45
2026/08/12 09:41:20.189, Tesla V100-PCIE-16GB, 57 %, 4 %, 550 MiB, 16384 MiB, 45
2026/08/12 09:41:30.190, Tesla V100-PCIE-16GB, 57 %, 4 %, 550 MiB, 16384 MiB, 45
2026/08/12 09:41:40.192, Tesla V100-PCIE-16GB, 59 %, 4 %, 550 MiB, 16384 MiB, 45
2026/08/12 09:41:50.193, Tesla V100-PCIE-16GB, 57 %, 4 %, 550 MiB, 16384 MiB, 45
2026/08/12 09:42:00.195, Tesla V100-PCIE-16GB, 58 %, 4 %, 550 MiB, 16384 MiB, 46
2026/08/12 09:42:10.196, Tesla V100-PCIE-16GB, 58 %, 4 %, 550 MiB, 16384 MiB, 45
2026/08/12 09:42:20.197, Tesla V100-PCIE-16GB, 56 %, 4 %, 550 MiB, 16384 MiB, 45
2026/08/12 09:42:30.198, Tesla V100-PCIE-16GB, 58 %, 4 %, 550 MiB, 16384 MiB, 46
2026/08/12 09:42:40.199, Tesla V100-PCIE-16GB, 58 %, 4 %, 550 MiB, 16384 MiB, 46
2026/08/12 09:42:50.200, Tesla V100-PCIE-16GB, 58 %, 4 %, 550 MiB, 16384 MiB, 46
2026/08/12 09:43:00.201, Tesla V100-PCIE-16GB, 57 %, 4 %, 550 MiB, 16384 MiB, 46
2026/08/12 09:43:10.203, Tesla V100-PCIE-16GB, 26 %, 2 %, 550 MiB, 16384 MiB, 45
2026/08/12 09:43:20.204, Tesla V100-PCIE-16GB, 57 %, 4 %, 550 MiB, 16384 MiB, 45
2026/08/12 09:43:30.206, Tesla V100-PCIE-16GB, 56 %, 4 %, 550 MiB, 16384 MiB, 45
2026/08/12 09:43:40.207, Tesla V100-PCIE-16GB, 58 %, 4 %, 550 MiB, 16384 MiB, 46
2026/08/12 09:43:50.209, Tesla V100-PCIE-16GB, 58 %, 4 %, 550 MiB, 16384 MiB, 46
2026/08/12 09:44:00.210, Tesla V100-PCIE-16GB, 58 %, 4 %, 550 MiB, 16384 MiB, 46
2026/08/12 09:44:10.212, Tesla V100-PCIE-16GB, 58 %, 4 %, 550 MiB, 16384 MiB, 45
2026/08/12 09:44:20.213, Tesla V100-PCIE-16GB, 55 %, 4 %, 550 MiB, 16384 MiB, 46
2026/08/12 09:44:30.214, Tesla V100-PCIE-16GB, 58 %, 4 %, 550 MiB, 16384 MiB, 46
2026/08/12 09:44:40.215, Tesla V100-PCIE-16GB, 56 %, 4 %, 550 MiB, 16384 MiB, 46
2026/08/12 09:44:50.216, Tesla V100-PCIE-16GB, 57 %, 4 %, 550 MiB, 16384 MiB, 46
2026/08/12 09:45:00.217, Tesla V100-PCIE-16GB, 57 %, 4 %, 550 MiB, 16384 MiB, 46
2026/08/12 09:45:10.219, Tesla V100-PCIE-16GB, 58 %, 4 %, 550 MiB, 16384 MiB, 46
2026/08/12 09:45:20.220, Tesla V100-PCIE-16GB, 57 %, 4 %, 550 MiB, 16384 MiB, 46
2026/08/12 09:45:30.221, Tesla V100-PCIE-16GB, 58 %, 4 %, 550 MiB, 16384 MiB, 46
2026/08/12 09:45:40.222, Tesla V100-PCIE-16GB, 57 %, 4 %, 550 MiB, 16384 MiB, 46
2026/08/12 09:45:50.224, Tesla V100-PCIE-16GB, 58 %, 4 %, 550 MiB, 16384 MiB, 46
2026/08/12 09:46:00.225, Tesla V100-PCIE-16GB, 57 %, 4 %, 550 MiB, 16384 MiB, 45
2026/08/12 09:46:10.226, Tesla V100-PCIE-16GB, 58 %, 4 %, 550 MiB, 16384 MiB, 46
2026/08/12 09:46:20.228, Tesla V100-PCIE-16GB, 58 %, 4 %, 550 MiB, 16384 MiB, 46
2026/08/12 09:46:30.229, Tesla V100-PCIE-16GB, 56 %, 4 %, 550 MiB, 16384 MiB, 46
2026/08/12 09:46:40.230, Tesla V100-PCIE-16GB, 57 %, 4 %, 550 MiB, 16384 MiB, 45
2026/08/12 09:46:50.231, Tesla V100-PCIE-16GB, 56 %, 4 %, 550 MiB, 16384 MiB, 46
2026/08/12 09:47:00.232, Tesla V100-PCIE-16GB, 57 %, 4 %, 550 MiB, 16384 MiB, 45
2026/08/12 09:47:10.234, Tesla V100-PCIE-16GB, 57 %, 4 %, 550 MiB, 16384 MiB, 46
2026/08/12 09:47:20.235, Tesla V100-PCIE-16GB, 27 %, 4 %, 550 MiB, 16384 MiB, 46
2026/08/12 09:47:30.237, Tesla V100-PCIE-16GB, 58 %, 4 %, 550 MiB, 16384 MiB, 45
2026/08/12 09:47:40.238, Tesla V100-PCIE-16GB, 57 %, 4 %, 550 MiB, 16384 MiB, 45
2026/08/12 09:47:50.239, Tesla V100-PCIE-16GB, 57 %, 4 %, 550 MiB, 16384 MiB, 46
2026/08/12 09:48:00.240, Tesla V100-PCIE-16GB, 58 %, 4 %, 550 MiB, 16384 MiB, 46
2026/08/12 09:48:10.241, Tesla V100-PCIE-16GB, 58 %, 4 %, 550 MiB, 16384 MiB, 46
2026/08/12 09:48:20.245, Tesla V100-PCIE-16GB, 58 %, 4 %, 550 MiB, 16384 MiB, 46
2026/08/12 09:48:30.246, Tesla V100-PCIE-16GB, 58 %, 4 %, 550 MiB, 16384 MiB, 46
2026/08/12 09:48:40.247, Tesla V100-PCIE-16GB, 58 %, 4 %, 550 MiB, 16384 MiB, 46
2026/08/12 09:48:50.249, Tesla V100-PCIE-16GB, 42 %, 3 %, 550 MiB, 16384 MiB, 45
2026/08/12 09:49:00.250, Tesla V100-PCIE-16GB, 56 %, 4 %, 550 MiB, 16384 MiB, 45
2026/08/12 09:49:10.251, Tesla V100-PCIE-16GB, 57 %, 4 %, 550 MiB, 16384 MiB, 46
2026/08/12 09:49:20.252, Tesla V100-PCIE-16GB, 57 %, 4 %, 550 MiB, 16384 MiB, 45
2026/08/12 09:49:30.253, Tesla V100-PCIE-16GB, 58 %, 4 %, 550 MiB, 16384 MiB, 46
2026/08/12 09:49:40.255, Tesla V100-PCIE-16GB, 58 %, 4 %, 550 MiB, 16384 MiB, 46
2026/08/12 09:49:50.256, Tesla V100-PCIE-16GB, 57 %, 4 %, 550 MiB, 16384 MiB, 46
2026/08/12 09:50:00.257, Tesla V100-PCIE-16GB, 59 %, 4 %, 550 MiB, 16384 MiB, 46
2026/08/12 09:50:10.258, Tesla V100-PCIE-16GB, 58 %, 4 %, 550 MiB, 16384 MiB, 46
2026/08/12 09:50:20.260, Tesla V100-PCIE-16GB, 57 %, 4 %, 550 MiB, 16384 MiB, 46
2026/08/12 09:50:30.261, Tesla V100-PCIE-16GB, 56 %, 4 %, 550 MiB, 16384 MiB, 46
2026/08/12 09:50:40.262, Tesla V100-PCIE-16GB, 56 %, 4 %, 550 MiB, 16384 MiB, 46
2026/08/12 09:50:50.270, Tesla V100-PCIE-16GB, 58 %, 4 %, 550 MiB, 16384 MiB, 46
2026/08/12 09:51:00.271, Tesla V100-PCIE-16GB, 56 %, 4 %, 550 MiB, 16384 MiB, 46
2026/08/12 09:51:10.272, Tesla V100-PCIE-16GB, 57 %, 4 %, 550 MiB, 16384 MiB, 46
2026/08/12 09:51:20.273, Tesla V100-PCIE-16GB, 58 %, 4 %, 550 MiB, 16384 MiB, 46
2026/08/12 09:51:30.274, Tesla V100-PCIE-16GB, 58 %, 4 %, 550 MiB, 16384 MiB, 46
2026/08/12 09:51:40.276, Tesla V100-PCIE-16GB, 58 %, 4 %, 550 MiB, 16384 MiB, 45
2026/08/12 09:51:50.277, Tesla V100-PCIE-16GB, 56 %, 4 %, 550 MiB, 16384 MiB, 46
2026/08/12 09:52:00.278, Tesla V100-PCIE-16GB, 56 %, 4 %, 550 MiB, 16384 MiB, 46
2026/08/12 09:52:10.279, Tesla V100-PCIE-16GB, 57 %, 4 %, 550 MiB, 16384 MiB, 46
2026/08/12 09:52:20.280, Tesla V100-PCIE-16GB, 57 %, 4 %, 550 MiB, 16384 MiB, 46
2026/08/12 09:52:30.281, Tesla V100-PCIE-16GB, 57 %, 4 %, 550 MiB, 16384 MiB, 46
2026/08/12 09:52:40.283, Tesla V100-PCIE-16GB, 58 %, 4 %, 550 MiB, 16384 MiB, 46
2026/08/12 09:52:50.285, Tesla V100-PCIE-16GB, 57 %, 4 %, 550 MiB, 16384 MiB, 46
2026/08/12 09:53:00.286, Tesla V100-PCIE-16GB, 24 %, 4 %, 550 MiB, 16384 MiB, 46
2026/08/12 09:53:10.287, Tesla V100-PCIE-16GB, 57 %, 4 %, 550 MiB, 16384 MiB, 45
2026/08/12 09:53:20.289, Tesla V100-PCIE-16GB, 57 %, 4 %, 550 MiB, 16384 MiB, 46
2026/08/12 09:53:30.290, Tesla V100-PCIE-16GB, 57 %, 4 %, 550 MiB, 16384 MiB, 46
2026/08/12 09:53:40.291, Tesla V100-PCIE-16GB, 57 %, 4 %, 550 MiB, 16384 MiB, 46
2026/08/12 09:53:50.292, Tesla V100-PCIE-16GB, 57 %, 4 %, 550 MiB, 16384 MiB, 46
2026/08/12 09:54:00.293, Tesla V100-PCIE-16GB, 57 %, 4 %, 550 MiB, 16384 MiB, 46
2026/08/12 09:54:10.294, Tesla V100-PCIE-16GB, 58 %, 4 %, 550 MiB, 16384 MiB, 46
2026/08/12 09:54:20.295, Tesla V100-PCIE-16GB, 57 %, 4 %, 550 MiB, 16384 MiB, 46
2026/08/12 09:54:30.296, Tesla V100-PCIE-16GB, 57 %, 4 %, 550 MiB, 16384 MiB, 46
2026/08/12 09:54:40.298, Tesla V100-PCIE-16GB, 52 %, 4 %, 550 MiB, 16384 MiB, 46
2026/08/12 09:54:50.299, Tesla V100-PCIE-16GB, 57 %, 4 %, 550 MiB, 16384 MiB, 46
2026/08/12 09:55:00.300, Tesla V100-PCIE-16GB, 57 %, 4 %, 550 MiB, 16384 MiB, 45
2026/08/12 09:55:10.302, Tesla V100-PCIE-16GB, 57 %, 4 %, 550 MiB, 16384 MiB, 45
2026/08/12 09:55:20.303, Tesla V100-PCIE-16GB, 58 %, 4 %, 550 MiB, 16384 MiB, 45
2026/08/12 09:55:30.304, Tesla V100-PCIE-16GB, 56 %, 4 %, 550 MiB, 16384 MiB, 46
2026/08/12 09:55:40.305, Tesla V100-PCIE-16GB, 58 %, 4 %, 550 MiB, 16384 MiB, 46
2026/08/12 09:55:50.307, Tesla V100-PCIE-16GB, 57 %, 4 %, 550 MiB, 16384 MiB, 46
2026/08/12 09:56:00.308, Tesla V100-PCIE-16GB, 56 %, 4 %, 550 MiB, 16384 MiB, 46
2026/08/12 09:56:10.309, Tesla V100-PCIE-16GB, 58 %, 4 %, 550 MiB, 16384 MiB, 46
2026/08/12 09:56:20.310, Tesla V100-PCIE-16GB, 57 %, 4 %, 550 MiB, 16384 MiB, 46
2026/08/12 09:56:30.311, Tesla V100-PCIE-16GB, 57 %, 4 %, 550 MiB, 16384 MiB, 46
2026/08/12 09:56:40.312, Tesla V100-PCIE-16GB, 57 %, 4 %, 550 MiB, 16384 MiB, 46
2026/08/12 09:56:50.314, Tesla V100-PCIE-16GB, 58 %, 4 %, 550 MiB, 16384 MiB, 46
2026/08/12 09:57:00.315, Tesla V100-PCIE-16GB, 56 %, 4 %, 550 MiB, 16384 MiB, 45
2026/08/12 09:57:10.316, Tesla V100-PCIE-16GB, 25 %, 5 %, 550 MiB, 16384 MiB, 46
2026/08/12 09:57:20.317, Tesla V100-PCIE-16GB, 58 %, 4 %, 550 MiB, 16384 MiB, 46
2026/08/12 09:57:30.318, Tesla V100-PCIE-16GB, 57 %, 4 %, 550 MiB, 16384 MiB, 46
2026/08/12 09:57:40.319, Tesla V100-PCIE-16GB, 58 %, 4 %, 550 MiB, 16384 MiB, 46
2026/08/12 09:57:50.320, Tesla V100-PCIE-16GB, 57 %, 4 %, 550 MiB, 16384 MiB, 46
2026/08/12 09:58:00.321, Tesla V100-PCIE-16GB, 56 %, 4 %, 550 MiB, 16384 MiB, 46
2026/08/12 09:58:10.323, Tesla V100-PCIE-16GB, 57 %, 4 %, 550 MiB, 16384 MiB, 46
2026/08/12 09:58:20.324, Tesla V100-PCIE-16GB, 58 %, 4 %, 550 MiB, 16384 MiB, 46
2026/08/12 09:58:30.325, Tesla V100-PCIE-16GB, 57 %, 4 %, 550 MiB, 16384 MiB, 46
2026/08/12 09:58:40.326, Tesla V100-PCIE-16GB, 55 %, 4 %, 550 MiB, 16384 MiB, 46
2026/08/12 09:58:50.327, Tesla V100-PCIE-16GB, 56 %, 4 %, 550 MiB, 16384 MiB, 46
2026/08/12 09:59:00.328, Tesla V100-PCIE-16GB, 57 %, 4 %, 550 MiB, 16384 MiB, 46
2026/08/12 09:59:10.329, Tesla V100-PCIE-16GB, 57 %, 4 %, 550 MiB, 16384 MiB, 46
2026/08/12 09:59:20.330, Tesla V100-PCIE-16GB, 57 %, 4 %, 550 MiB, 16384 MiB, 46
2026/08/12 09:59:30.331, Tesla V100-PCIE-16GB, 58 %, 4 %, 550 MiB, 16384 MiB, 46
2026/08/12 09:59:40.333, Tesla V100-PCIE-16GB, 56 %, 4 %, 550 MiB, 16384 MiB, 46
2026/08/12 09:59:50.334, Tesla V100-PCIE-16GB, 58 %, 4 %, 550 MiB, 16384 MiB, 45
2026/08/12 10:00:00.335, Tesla V100-PCIE-16GB, 55 %, 4 %, 550 MiB, 16384 MiB, 46
2026/08/12 10:00:10.336, Tesla V100-PCIE-16GB, 57 %, 4 %, 550 MiB, 16384 MiB, 46
2026/08/12 10:00:20.337, Tesla V100-PCIE-16GB, 57 %, 4 %, 550 MiB, 16384 MiB, 45
2026/08/12 10:00:30.338, Tesla V100-PCIE-16GB, 57 %, 4 %, 550 MiB, 16384 MiB, 46
2026/08/12 10:00:40.339, Tesla V100-PCIE-16GB, 56 %, 4 %, 550 MiB, 16384 MiB, 46
2026/08/12 10:00:50.340, Tesla V100-PCIE-16GB, 57 %, 4 %, 550 MiB, 16384 MiB, 45
2026/08/12 10:01:00.342, Tesla V100-PCIE-16GB, 57 %, 4 %, 550 MiB, 16384 MiB, 46
2026/08/12 10:01:10.343, Tesla V100-PCIE-16GB, 57 %, 4 %, 550 MiB, 16384 MiB, 46
2026/08/12 10:01:20.344, Tesla V100-PCIE-16GB, 58 %, 4 %, 550 MiB, 16384 MiB, 46
2026/08/12 10:01:30.345, Tesla V100-PCIE-16GB, 57 %, 4 %, 550 MiB, 16384 MiB, 46
2026/08/12 10:01:40.346, Tesla V100-PCIE-16GB, 57 %, 4 %, 550 MiB, 16384 MiB, 46
2026/08/12 10:01:50.347, Tesla V100-PCIE-16GB, 57 %, 4 %, 550 MiB, 16384 MiB, 46
2026/08/12 10:02:00.348, Tesla V100-PCIE-16GB, 56 %, 4 %, 550 MiB, 16384 MiB, 46
2026/08/12 10:02:10.406, Tesla V100-PCIE-16GB, 57 %, 4 %, 550 MiB, 16384 MiB, 46
2026/08/12 10:02:20.407, Tesla V100-PCIE-16GB, 58 %, 4 %, 550 MiB, 16384 MiB, 46
2026/08/12 10:02:30.408, Tesla V100-PCIE-16GB, 58 %, 4 %, 550 MiB, 16384 MiB, 46
2026/08/12 10:02:40.409, Tesla V100-PCIE-16GB, 58 %, 4 %, 550 MiB, 16384 MiB, 46
2026/08/12 10:02:50.411, Tesla V100-PCIE-16GB, 25 %, 5 %, 550 MiB, 16384 MiB, 46
2026/08/12 10:03:00.412, Tesla V100-PCIE-16GB, 57 %, 4 %, 550 MiB, 16384 MiB, 46
2026/08/12 10:03:10.413, Tesla V100-PCIE-16GB, 56 %, 4 %, 550 MiB, 16384 MiB, 46
2026/08/12 10:03:20.414, Tesla V100-PCIE-16GB, 57 %, 4 %, 550 MiB, 16384 MiB, 46
2026/08/12 10:03:30.415, Tesla V100-PCIE-16GB, 56 %, 4 %, 550 MiB, 16384 MiB, 46
2026/08/12 10:03:40.416, Tesla V100-PCIE-16GB, 58 %, 4 %, 550 MiB, 16384 MiB, 45
2026/08/12 10:03:50.417, Tesla V100-PCIE-16GB, 57 %, 4 %, 550 MiB, 16384 MiB, 46
2026/08/12 10:04:00.419, Tesla V100-PCIE-16GB, 58 %, 4 %, 550 MiB, 16384 MiB, 46
2026/08/12 10:04:10.420, Tesla V100-PCIE-16GB, 56 %, 4 %, 550 MiB, 16384 MiB, 46
2026/08/12 10:04:20.421, Tesla V100-PCIE-16GB, 57 %, 4 %, 550 MiB, 16384 MiB, 46
2026/08/12 10:04:30.422, Tesla V100-PCIE-16GB, 57 %, 4 %, 550 MiB, 16384 MiB, 45
2026/08/12 10:04:40.423, Tesla V100-PCIE-16GB, 56 %, 4 %, 550 MiB, 16384 MiB, 45
2026/08/12 10:04:50.424, Tesla V100-PCIE-16GB, 58 %, 4 %, 550 MiB, 16384 MiB, 46
2026/08/12 10:05:00.425, Tesla V100-PCIE-16GB, 56 %, 4 %, 550 MiB, 16384 MiB, 46
2026/08/12 10:05:10.427, Tesla V100-PCIE-16GB, 58 %, 4 %, 550 MiB, 16384 MiB, 46
2026/08/12 10:05:20.428, Tesla V100-PCIE-16GB, 57 %, 4 %, 550 MiB, 16384 MiB, 46
2026/08/12 10:05:30.429, Tesla V100-PCIE-16GB, 59 %, 4 %, 550 MiB, 16384 MiB, 46
2026/08/12 10:05:40.430, Tesla V100-PCIE-16GB, 56 %, 4 %, 550 MiB, 16384 MiB, 45
2026/08/12 10:05:50.431, Tesla V100-PCIE-16GB, 56 %, 4 %, 550 MiB, 16384 MiB, 45
2026/08/12 10:06:00.432, Tesla V100-PCIE-16GB, 57 %, 4 %, 550 MiB, 16384 MiB, 46
2026/08/12 10:06:10.433, Tesla V100-PCIE-16GB, 55 %, 4 %, 550 MiB, 16384 MiB, 46
2026/08/12 10:06:20.434, Tesla V100-PCIE-16GB, 57 %, 4 %, 550 MiB, 16384 MiB, 46
2026/08/12 10:06:30.436, Tesla V100-PCIE-16GB, 58 %, 4 %, 550 MiB, 16384 MiB, 46
2026/08/12 10:06:40.437, Tesla V100-PCIE-16GB, 58 %, 4 %, 550 MiB, 16384 MiB, 46
2026/08/12 10:06:50.438, Tesla V100-PCIE-16GB, 56 %, 4 %, 550 MiB, 16384 MiB, 46
2026/08/12 10:07:00.439, Tesla V100-PCIE-16GB, 25 %, 5 %, 550 MiB, 16384 MiB, 45
2026/08/12 10:07:10.440, Tesla V100-PCIE-16GB, 57 %, 4 %, 550 MiB, 16384 MiB, 46
2026/08/12 10:07:20.442, Tesla V100-PCIE-16GB, 56 %, 4 %, 550 MiB, 16384 MiB, 46
2026/08/12 10:07:30.443, Tesla V100-PCIE-16GB, 58 %, 4 %, 550 MiB, 16384 MiB, 46
2026/08/12 10:07:40.444, Tesla V100-PCIE-16GB, 58 %, 4 %, 550 MiB, 16384 MiB, 46
2026/08/12 10:07:50.445, Tesla V100-PCIE-16GB, 58 %, 4 %, 550 MiB, 16384 MiB, 46
2026/08/12 10:08:00.446, Tesla V100-PCIE-16GB, 55 %, 4 %, 550 MiB, 16384 MiB, 46
2026/08/12 10:08:10.447, Tesla V100-PCIE-16GB, 58 %, 4 %, 550 MiB, 16384 MiB, 46
2026/08/12 10:08:20.448, Tesla V100-PCIE-16GB, 58 %, 4 %, 550 MiB, 16384 MiB, 46
2026/08/12 10:08:30.450, Tesla V100-PCIE-16GB, 53 %, 4 %, 550 MiB, 16384 MiB, 46
2026/08/12 10:08:40.451, Tesla V100-PCIE-16GB, 57 %, 4 %, 550 MiB, 16384 MiB, 46
2026/08/12 10:08:50.452, Tesla V100-PCIE-16GB, 57 %, 4 %, 550 MiB, 16384 MiB, 46
2026/08/12 10:09:00.453, Tesla V100-PCIE-16GB, 57 %, 4 %, 550 MiB, 16384 MiB, 46
2026/08/12 10:09:10.455, Tesla V100-PCIE-16GB, 56 %, 4 %, 550 MiB, 16384 MiB, 46
2026/08/12 10:09:20.456, Tesla V100-PCIE-16GB, 58 %, 4 %, 550 MiB, 16384 MiB, 46
2026/08/12 10:09:30.457, Tesla V100-PCIE-16GB, 57 %, 4 %, 550 MiB, 16384 MiB, 46
2026/08/12 10:09:40.458, Tesla V100-PCIE-16GB, 59 %, 4 %, 550 MiB, 16384 MiB, 46
2026/08/12 10:09:50.459, Tesla V100-PCIE-16GB, 57 %, 4 %, 550 MiB, 16384 MiB, 46
2026/08/12 10:10:00.460, Tesla V100-PCIE-16GB, 56 %, 4 %, 550 MiB, 16384 MiB, 46
2026/08/12 10:10:10.461, Tesla V100-PCIE-16GB, 57 %, 4 %, 550 MiB, 16384 MiB, 46
2026/08/12 10:10:20.462, Tesla V100-PCIE-16GB, 58 %, 4 %, 550 MiB, 16384 MiB, 46
2026/08/12 10:10:30.464, Tesla V100-PCIE-16GB, 49 %, 23 %, 610 MiB, 16384 MiB, 48
2026/08/12 10:10:40.465, Tesla V100-PCIE-16GB, 49 %, 23 %, 610 MiB, 16384 MiB, 49
2026/08/12 10:10:50.466, Tesla V100-PCIE-16GB, 68 %, 2 %, 736 MiB, 16384 MiB, 47
2026/08/12 10:11:00.467, Tesla V100-PCIE-16GB, 70 %, 2 %, 924 MiB, 16384 MiB, 47
2026/08/12 10:11:10.468, Tesla V100-PCIE-16GB, 72 %, 2 %, 924 MiB, 16384 MiB, 46
2026/08/12 10:11:20.469, Tesla V100-PCIE-16GB, 71 %, 2 %, 994 MiB, 16384 MiB, 46
2026/08/12 10:11:30.471, Tesla V100-PCIE-16GB, 0 %, 0 %, 4 MiB, 16384 MiB, 45
2026/08/12 10:11:40.472, Tesla V100-PCIE-16GB, 49 %, 18 %, 1124 MiB, 16384 MiB, 48
2026/08/12 10:11:50.473, Tesla V100-PCIE-16GB, 57 %, 23 %, 1140 MiB, 16384 MiB, 49
2026/08/12 10:12:00.474, Tesla V100-PCIE-16GB, 57 %, 23 %, 1140 MiB, 16384 MiB, 50
2026/08/12 10:12:10.513, Tesla V100-PCIE-16GB, 36 %, 15 %, 1140 MiB, 16384 MiB, 50
2026/08/12 10:12:20.514, Tesla V100-PCIE-16GB, 49 %, 18 %, 1140 MiB, 16384 MiB, 50
2026/08/12 10:12:30.515, Tesla V100-PCIE-16GB, 49 %, 19 %, 1140 MiB, 16384 MiB, 51
2026/08/12 10:12:40.517, Tesla V100-PCIE-16GB, 49 %, 19 %, 1140 MiB, 16384 MiB, 51
2026/08/12 10:12:50.518, Tesla V100-PCIE-16GB, 47 %, 17 %, 1140 MiB, 16384 MiB, 51
2026/08/12 10:13:00.519, Tesla V100-PCIE-16GB, 20 %, 2 %, 0 MiB, 16384 MiB, 49
2026/08/12 10:13:10.521, Tesla V100-PCIE-16GB, 68 %, 9 %, 638 MiB, 16384 MiB, 49
2026/08/12 10:13:20.522, Tesla V100-PCIE-16GB, 69 %, 9 %, 638 MiB, 16384 MiB, 50
2026/08/12 10:13:30.523, Tesla V100-PCIE-16GB, 68 %, 9 %, 638 MiB, 16384 MiB, 50
2026/08/12 10:13:40.524, Tesla V100-PCIE-16GB, 69 %, 9 %, 638 MiB, 16384 MiB, 50
2026/08/12 10:13:50.526, Tesla V100-PCIE-16GB, 68 %, 9 %, 638 MiB, 16384 MiB, 50
2026/08/12 10:14:00.527, Tesla V100-PCIE-16GB, 68 %, 9 %, 650 MiB, 16384 MiB, 50
2026/08/12 10:14:10.531, Tesla V100-PCIE-16GB, 66 %, 8 %, 650 MiB, 16384 MiB, 50
2026/08/12 10:14:20.533, Tesla V100-PCIE-16GB, 69 %, 9 %, 650 MiB, 16384 MiB, 50
2026/08/12 10:14:30.534, Tesla V100-PCIE-16GB, 66 %, 8 %, 650 MiB, 16384 MiB, 50
2026/08/12 10:14:40.535, Tesla V100-PCIE-16GB, 69 %, 9 %, 650 MiB, 16384 MiB, 50
2026/08/12 10:14:50.536, Tesla V100-PCIE-16GB, 70 %, 9 %, 650 MiB, 16384 MiB, 50
2026/08/12 10:15:00.537, Tesla V100-PCIE-16GB, 69 %, 9 %, 650 MiB, 16384 MiB, 50
2026/08/12 10:15:10.538, Tesla V100-PCIE-16GB, 68 %, 8 %, 650 MiB, 16384 MiB, 50
2026/08/12 10:15:20.539, Tesla V100-PCIE-16GB, 69 %, 9 %, 650 MiB, 16384 MiB, 50
2026/08/12 10:15:30.541, Tesla V100-PCIE-16GB, 69 %, 9 %, 650 MiB, 16384 MiB, 50
2026/08/12 10:15:40.542, Tesla V100-PCIE-16GB, 61 %, 8 %, 650 MiB, 16384 MiB, 50
2026/08/12 10:15:50.543, Tesla V100-PCIE-16GB, 67 %, 8 %, 650 MiB, 16384 MiB, 50
2026/08/12 10:16:00.545, Tesla V100-PCIE-16GB, 69 %, 9 %, 650 MiB, 16384 MiB, 50
2026/08/12 10:16:10.546, Tesla V100-PCIE-16GB, 67 %, 8 %, 650 MiB, 16384 MiB, 50
2026/08/12 10:16:20.547, Tesla V100-PCIE-16GB, 69 %, 9 %, 650 MiB, 16384 MiB, 50
2026/08/12 10:16:30.548, Tesla V100-PCIE-16GB, 68 %, 9 %, 650 MiB, 16384 MiB, 50
2026/08/12 10:16:40.549, Tesla V100-PCIE-16GB, 68 %, 8 %, 650 MiB, 16384 MiB, 50
2026/08/12 10:16:50.551, Tesla V100-PCIE-16GB, 68 %, 9 %, 650 MiB, 16384 MiB, 50
2026/08/12 10:17:00.552, Tesla V100-PCIE-16GB, 67 %, 8 %, 650 MiB, 16384 MiB, 50
2026/08/12 10:17:10.553, Tesla V100-PCIE-16GB, 69 %, 9 %, 650 MiB, 16384 MiB, 50
2026/08/12 10:17:20.555, Tesla V100-PCIE-16GB, 67 %, 9 %, 650 MiB, 16384 MiB, 50
2026/08/12 10:17:30.556, Tesla V100-PCIE-16GB, 68 %, 9 %, 650 MiB, 16384 MiB, 50
2026/08/12 10:17:40.557, Tesla V100-PCIE-16GB, 68 %, 9 %, 650 MiB, 16384 MiB, 50
2026/08/12 10:17:50.558, Tesla V100-PCIE-16GB, 68 %, 8 %, 650 MiB, 16384 MiB, 50
2026/08/12 10:18:00.560, Tesla V100-PCIE-16GB, 69 %, 9 %, 650 MiB, 16384 MiB, 50
2026/08/12 10:18:10.561, Tesla V100-PCIE-16GB, 68 %, 9 %, 650 MiB, 16384 MiB, 50
2026/08/12 10:18:20.562, Tesla V100-PCIE-16GB, 68 %, 9 %, 650 MiB, 16384 MiB, 50
2026/08/12 10:18:30.563, Tesla V100-PCIE-16GB, 69 %, 9 %, 650 MiB, 16384 MiB, 50
2026/08/12 10:18:40.565, Tesla V100-PCIE-16GB, 69 %, 9 %, 650 MiB, 16384 MiB, 50
2026/08/12 10:18:50.567, Tesla V100-PCIE-16GB, 69 %, 9 %, 650 MiB, 16384 MiB, 50
2026/08/12 10:19:00.568, Tesla V100-PCIE-16GB, 69 %, 9 %, 650 MiB, 16384 MiB, 50
2026/08/12 10:19:10.569, Tesla V100-PCIE-16GB, 68 %, 9 %, 650 MiB, 16384 MiB, 50
2026/08/12 10:19:20.570, Tesla V100-PCIE-16GB, 69 %, 9 %, 650 MiB, 16384 MiB, 50
2026/08/12 10:19:30.571, Tesla V100-PCIE-16GB, 70 %, 9 %, 650 MiB, 16384 MiB, 50
2026/08/12 10:19:40.572, Tesla V100-PCIE-16GB, 69 %, 9 %, 650 MiB, 16384 MiB, 50
2026/08/12 10:19:50.574, Tesla V100-PCIE-16GB, 68 %, 9 %, 650 MiB, 16384 MiB, 50
2026/08/12 10:20:00.575, Tesla V100-PCIE-16GB, 69 %, 9 %, 650 MiB, 16384 MiB, 50
2026/08/12 10:20:10.576, Tesla V100-PCIE-16GB, 70 %, 9 %, 650 MiB, 16384 MiB, 50
2026/08/12 10:20:20.577, Tesla V100-PCIE-16GB, 69 %, 9 %, 650 MiB, 16384 MiB, 50
2026/08/12 10:20:30.628, Tesla V100-PCIE-16GB, 68 %, 9 %, 650 MiB, 16384 MiB, 50
2026/08/12 10:20:40.629, Tesla V100-PCIE-16GB, 68 %, 9 %, 650 MiB, 16384 MiB, 50
2026/08/12 10:20:50.631, Tesla V100-PCIE-16GB, 69 %, 9 %, 650 MiB, 16384 MiB, 50
2026/08/12 10:21:00.632, Tesla V100-PCIE-16GB, 70 %, 9 %, 650 MiB, 16384 MiB, 50
2026/08/12 10:21:10.633, Tesla V100-PCIE-16GB, 68 %, 9 %, 650 MiB, 16384 MiB, 50
2026/08/12 10:21:20.634, Tesla V100-PCIE-16GB, 69 %, 9 %, 650 MiB, 16384 MiB, 50
2026/08/12 10:21:30.635, Tesla V100-PCIE-16GB, 68 %, 9 %, 650 MiB, 16384 MiB, 50
2026/08/12 10:21:40.637, Tesla V100-PCIE-16GB, 70 %, 9 %, 650 MiB, 16384 MiB, 50
2026/08/12 10:21:50.638, Tesla V100-PCIE-16GB, 69 %, 9 %, 650 MiB, 16384 MiB, 50
2026/08/12 10:22:00.639, Tesla V100-PCIE-16GB, 69 %, 9 %, 650 MiB, 16384 MiB, 50
2026/08/12 10:22:10.640, Tesla V100-PCIE-16GB, 67 %, 9 %, 650 MiB, 16384 MiB, 50
2026/08/12 10:22:20.641, Tesla V100-PCIE-16GB, 69 %, 9 %, 650 MiB, 16384 MiB, 50
2026/08/12 10:22:30.644, Tesla V100-PCIE-16GB, 68 %, 8 %, 650 MiB, 16384 MiB, 50
2026/08/12 10:22:40.645, Tesla V100-PCIE-16GB, 69 %, 9 %, 650 MiB, 16384 MiB, 50
2026/08/12 10:22:50.646, Tesla V100-PCIE-16GB, 70 %, 9 %, 650 MiB, 16384 MiB, 50
2026/08/12 10:23:00.647, Tesla V100-PCIE-16GB, 70 %, 9 %, 650 MiB, 16384 MiB, 50
2026/08/12 10:23:10.648, Tesla V100-PCIE-16GB, 68 %, 9 %, 650 MiB, 16384 MiB, 50
2026/08/12 10:23:20.650, Tesla V100-PCIE-16GB, 70 %, 9 %, 650 MiB, 16384 MiB, 50
2026/08/12 10:23:30.651, Tesla V100-PCIE-16GB, 69 %, 9 %, 650 MiB, 16384 MiB, 50
2026/08/12 10:23:40.652, Tesla V100-PCIE-16GB, 69 %, 9 %, 650 MiB, 16384 MiB, 50
2026/08/12 10:23:50.653, Tesla V100-PCIE-16GB, 69 %, 9 %, 650 MiB, 16384 MiB, 50
2026/08/12 10:24:00.654, Tesla V100-PCIE-16GB, 67 %, 8 %, 650 MiB, 16384 MiB, 50
2026/08/12 10:24:10.655, Tesla V100-PCIE-16GB, 67 %, 9 %, 650 MiB, 16384 MiB, 50
2026/08/12 10:24:20.656, Tesla V100-PCIE-16GB, 68 %, 9 %, 650 MiB, 16384 MiB, 50
2026/08/12 10:24:30.739, Tesla V100-PCIE-16GB, 68 %, 9 %, 650 MiB, 16384 MiB, 50
2026/08/12 10:24:40.740, Tesla V100-PCIE-16GB, 68 %, 9 %, 650 MiB, 16384 MiB, 50
2026/08/12 10:24:50.741, Tesla V100-PCIE-16GB, 69 %, 9 %, 650 MiB, 16384 MiB, 50
2026/08/12 10:25:00.743, Tesla V100-PCIE-16GB, 69 %, 9 %, 650 MiB, 16384 MiB, 50
2026/08/12 10:25:10.744, Tesla V100-PCIE-16GB, 68 %, 9 %, 650 MiB, 16384 MiB, 50
2026/08/12 10:25:20.745, Tesla V100-PCIE-16GB, 69 %, 9 %, 650 MiB, 16384 MiB, 50
2026/08/12 10:25:30.746, Tesla V100-PCIE-16GB, 69 %, 9 %, 650 MiB, 16384 MiB, 50
2026/08/12 10:25:40.747, Tesla V100-PCIE-16GB, 34 %, 19 %, 650 MiB, 16384 MiB, 50
2026/08/12 10:25:50.748, Tesla V100-PCIE-16GB, 48 %, 18 %, 1158 MiB, 16384 MiB, 50
2026/08/12 10:26:00.749, Tesla V100-PCIE-16GB, 56 %, 21 %, 1158 MiB, 16384 MiB, 51
2026/08/12 10:26:10.751, Tesla V100-PCIE-16GB, 45 %, 17 %, 1158 MiB, 16384 MiB, 51
2026/08/12 10:26:20.752, Tesla V100-PCIE-16GB, 45 %, 16 %, 1158 MiB, 16384 MiB, 51
2026/08/12 10:26:30.829, Tesla V100-PCIE-16GB, 53 %, 20 %, 1158 MiB, 16384 MiB, 52
2026/08/12 10:26:40.831, Tesla V100-PCIE-16GB, 0 %, 0 %, 4 MiB, 16384 MiB, 47
2026/08/12 10:26:50.832, Tesla V100-PCIE-16GB, 69 %, 9 %, 638 MiB, 16384 MiB, 50
2026/08/12 10:27:00.833, Tesla V100-PCIE-16GB, 69 %, 9 %, 638 MiB, 16384 MiB, 50
2026/08/12 10:27:10.834, Tesla V100-PCIE-16GB, 69 %, 9 %, 638 MiB, 16384 MiB, 50
2026/08/12 10:27:20.836, Tesla V100-PCIE-16GB, 69 %, 9 %, 638 MiB, 16384 MiB, 50
2026/08/12 10:27:30.837, Tesla V100-PCIE-16GB, 49 %, 15 %, 650 MiB, 16384 MiB, 50
2026/08/12 10:27:40.838, Tesla V100-PCIE-16GB, 68 %, 9 %, 650 MiB, 16384 MiB, 50
2026/08/12 10:27:50.839, Tesla V100-PCIE-16GB, 67 %, 9 %, 650 MiB, 16384 MiB, 50
2026/08/12 10:28:00.840, Tesla V100-PCIE-16GB, 68 %, 9 %, 650 MiB, 16384 MiB, 50
2026/08/12 10:28:10.841, Tesla V100-PCIE-16GB, 68 %, 8 %, 650 MiB, 16384 MiB, 50
2026/08/12 10:28:20.843, Tesla V100-PCIE-16GB, 69 %, 9 %, 650 MiB, 16384 MiB, 50
2026/08/12 10:28:30.881, Tesla V100-PCIE-16GB, 69 %, 9 %, 650 MiB, 16384 MiB, 50
2026/08/12 10:28:40.882, Tesla V100-PCIE-16GB, 68 %, 9 %, 650 MiB, 16384 MiB, 50
2026/08/12 10:28:50.883, Tesla V100-PCIE-16GB, 68 %, 9 %, 650 MiB, 16384 MiB, 50
2026/08/12 10:29:00.884, Tesla V100-PCIE-16GB, 68 %, 9 %, 650 MiB, 16384 MiB, 50
2026/08/12 10:29:10.885, Tesla V100-PCIE-16GB, 69 %, 9 %, 650 MiB, 16384 MiB, 50
2026/08/12 10:29:20.887, Tesla V100-PCIE-16GB, 69 %, 9 %, 650 MiB, 16384 MiB, 50
2026/08/12 10:29:30.888, Tesla V100-PCIE-16GB, 68 %, 9 %, 650 MiB, 16384 MiB, 50
2026/08/12 10:29:40.889, Tesla V100-PCIE-16GB, 67 %, 9 %, 650 MiB, 16384 MiB, 50
2026/08/12 10:29:50.890, Tesla V100-PCIE-16GB, 48 %, 15 %, 650 MiB, 16384 MiB, 50
2026/08/12 10:30:00.891, Tesla V100-PCIE-16GB, 69 %, 9 %, 650 MiB, 16384 MiB, 50
2026/08/12 10:30:10.892, Tesla V100-PCIE-16GB, 69 %, 9 %, 650 MiB, 16384 MiB, 50
2026/08/12 10:30:20.893, Tesla V100-PCIE-16GB, 69 %, 9 %, 650 MiB, 16384 MiB, 50
2026/08/12 10:30:30.944, Tesla V100-PCIE-16GB, 68 %, 9 %, 650 MiB, 16384 MiB, 50
2026/08/12 10:30:40.945, Tesla V100-PCIE-16GB, 69 %, 9 %, 650 MiB, 16384 MiB, 50
2026/08/12 10:30:50.946, Tesla V100-PCIE-16GB, 68 %, 9 %, 650 MiB, 16384 MiB, 50
2026/08/12 10:31:00.948, Tesla V100-PCIE-16GB, 69 %, 9 %, 650 MiB, 16384 MiB, 50
2026/08/12 10:31:10.949, Tesla V100-PCIE-16GB, 68 %, 8 %, 650 MiB, 16384 MiB, 50
2026/08/12 10:31:20.950, Tesla V100-PCIE-16GB, 68 %, 9 %, 650 MiB, 16384 MiB, 50
2026/08/12 10:31:30.951, Tesla V100-PCIE-16GB, 69 %, 9 %, 650 MiB, 16384 MiB, 50
2026/08/12 10:31:40.952, Tesla V100-PCIE-16GB, 68 %, 9 %, 650 MiB, 16384 MiB, 50
2026/08/12 10:31:50.954, Tesla V100-PCIE-16GB, 69 %, 9 %, 650 MiB, 16384 MiB, 50
2026/08/12 10:32:00.955, Tesla V100-PCIE-16GB, 68 %, 9 %, 650 MiB, 16384 MiB, 50
2026/08/12 10:32:10.956, Tesla V100-PCIE-16GB, 49 %, 15 %, 650 MiB, 16384 MiB, 50
2026/08/12 10:32:20.957, Tesla V100-PCIE-16GB, 69 %, 9 %, 650 MiB, 16384 MiB, 50
2026/08/12 10:32:30.958, Tesla V100-PCIE-16GB, 69 %, 9 %, 650 MiB, 16384 MiB, 50
2026/08/12 10:32:40.959, Tesla V100-PCIE-16GB, 67 %, 9 %, 650 MiB, 16384 MiB, 50
2026/08/12 10:32:50.960, Tesla V100-PCIE-16GB, 67 %, 8 %, 650 MiB, 16384 MiB, 50
2026/08/12 10:33:00.961, Tesla V100-PCIE-16GB, 69 %, 9 %, 650 MiB, 16384 MiB, 50
2026/08/12 10:33:10.962, Tesla V100-PCIE-16GB, 69 %, 9 %, 650 MiB, 16384 MiB, 50
2026/08/12 10:33:20.964, Tesla V100-PCIE-16GB, 68 %, 9 %, 650 MiB, 16384 MiB, 50
2026/08/12 10:33:30.965, Tesla V100-PCIE-16GB, 68 %, 9 %, 650 MiB, 16384 MiB, 50
2026/08/12 10:33:40.966, Tesla V100-PCIE-16GB, 68 %, 9 %, 650 MiB, 16384 MiB, 50
2026/08/12 10:33:50.971, Tesla V100-PCIE-16GB, 69 %, 9 %, 650 MiB, 16384 MiB, 50
2026/08/12 10:34:00.973, Tesla V100-PCIE-16GB, 68 %, 9 %, 650 MiB, 16384 MiB, 50
2026/08/12 10:34:10.974, Tesla V100-PCIE-16GB, 68 %, 9 %, 650 MiB, 16384 MiB, 50
2026/08/12 10:34:20.975, Tesla V100-PCIE-16GB, 69 %, 9 %, 650 MiB, 16384 MiB, 50
2026/08/12 10:34:31.004, Tesla V100-PCIE-16GB, 48 %, 15 %, 650 MiB, 16384 MiB, 50
2026/08/12 10:34:41.005, Tesla V100-PCIE-16GB, 68 %, 8 %, 650 MiB, 16384 MiB, 50
2026/08/12 10:34:51.006, Tesla V100-PCIE-16GB, 68 %, 8 %, 650 MiB, 16384 MiB, 50
2026/08/12 10:35:01.007, Tesla V100-PCIE-16GB, 69 %, 9 %, 650 MiB, 16384 MiB, 50
2026/08/12 10:35:11.009, Tesla V100-PCIE-16GB, 69 %, 9 %, 650 MiB, 16384 MiB, 50
2026/08/12 10:35:21.010, Tesla V100-PCIE-16GB, 69 %, 9 %, 650 MiB, 16384 MiB, 50
2026/08/12 10:35:31.011, Tesla V100-PCIE-16GB, 70 %, 9 %, 650 MiB, 16384 MiB, 50
2026/08/12 10:35:41.012, Tesla V100-PCIE-16GB, 68 %, 9 %, 650 MiB, 16384 MiB, 50
2026/08/12 10:35:51.013, Tesla V100-PCIE-16GB, 68 %, 9 %, 650 MiB, 16384 MiB, 50
2026/08/12 10:36:01.014, Tesla V100-PCIE-16GB, 69 %, 9 %, 650 MiB, 16384 MiB, 50
2026/08/12 10:36:11.015, Tesla V100-PCIE-16GB, 68 %, 9 %, 650 MiB, 16384 MiB, 50
2026/08/12 10:36:21.017, Tesla V100-PCIE-16GB, 70 %, 9 %, 650 MiB, 16384 MiB, 50
2026/08/12 10:36:31.065, Tesla V100-PCIE-16GB, 69 %, 9 %, 650 MiB, 16384 MiB, 50
2026/08/12 10:36:41.067, Tesla V100-PCIE-16GB, 67 %, 9 %, 650 MiB, 16384 MiB, 50
2026/08/12 10:36:51.068, Tesla V100-PCIE-16GB, 49 %, 15 %, 650 MiB, 16384 MiB, 50
2026/08/12 10:37:01.069, Tesla V100-PCIE-16GB, 69 %, 9 %, 650 MiB, 16384 MiB, 50
2026/08/12 10:37:11.070, Tesla V100-PCIE-16GB, 70 %, 9 %, 650 MiB, 16384 MiB, 50
2026/08/12 10:37:21.071, Tesla V100-PCIE-16GB, 68 %, 8 %, 650 MiB, 16384 MiB, 50
2026/08/12 10:37:31.072, Tesla V100-PCIE-16GB, 67 %, 8 %, 650 MiB, 16384 MiB, 50
2026/08/12 10:37:41.074, Tesla V100-PCIE-16GB, 69 %, 9 %, 650 MiB, 16384 MiB, 50
2026/08/12 10:37:51.075, Tesla V100-PCIE-16GB, 69 %, 9 %, 650 MiB, 16384 MiB, 50
2026/08/12 10:38:01.076, Tesla V100-PCIE-16GB, 69 %, 9 %, 650 MiB, 16384 MiB, 50
2026/08/12 10:38:11.077, Tesla V100-PCIE-16GB, 68 %, 9 %, 650 MiB, 16384 MiB, 50
2026/08/12 10:38:21.078, Tesla V100-PCIE-16GB, 69 %, 9 %, 650 MiB, 16384 MiB, 50
2026/08/12 10:38:31.133, Tesla V100-PCIE-16GB, 69 %, 9 %, 650 MiB, 16384 MiB, 50
2026/08/12 10:38:41.135, Tesla V100-PCIE-16GB, 69 %, 9 %, 650 MiB, 16384 MiB, 50
2026/08/12 10:38:51.136, Tesla V100-PCIE-16GB, 69 %, 9 %, 650 MiB, 16384 MiB, 50
2026/08/12 10:39:01.137, Tesla V100-PCIE-16GB, 69 %, 9 %, 650 MiB, 16384 MiB, 50
2026/08/12 10:39:11.138, Tesla V100-PCIE-16GB, 52 %, 8 %, 650 MiB, 16384 MiB, 50
2026/08/12 10:39:21.140, Tesla V100-PCIE-16GB, 29 %, 17 %, 650 MiB, 16384 MiB, 50
2026/08/12 10:39:31.141, Tesla V100-PCIE-16GB, 33 %, 14 %, 1158 MiB, 16384 MiB, 51
2026/08/12 10:39:41.142, Tesla V100-PCIE-16GB, 22 %, 7 %, 1158 MiB, 16384 MiB, 50
2026/08/12 10:39:51.144, Tesla V100-PCIE-16GB, 46 %, 15 %, 1158 MiB, 16384 MiB, 51
2026/08/12 10:40:01.145, Tesla V100-PCIE-16GB, 57 %, 22 %, 1158 MiB, 16384 MiB, 52
2026/08/12 10:40:11.147, Tesla V100-PCIE-16GB, 56 %, 22 %, 1158 MiB, 16384 MiB, 52
2026/08/12 10:40:21.148, Tesla V100-PCIE-16GB, 0 %, 0 %, 0 MiB, 16384 MiB, 49
2026/08/12 10:40:31.149, Tesla V100-PCIE-16GB, 69 %, 9 %, 638 MiB, 16384 MiB, 49
2026/08/12 10:40:41.150, Tesla V100-PCIE-16GB, 69 %, 9 %, 638 MiB, 16384 MiB, 50
2026/08/12 10:40:51.151, Tesla V100-PCIE-16GB, 68 %, 9 %, 638 MiB, 16384 MiB, 50
2026/08/12 10:41:01.152, Tesla V100-PCIE-16GB, 69 %, 9 %, 638 MiB, 16384 MiB, 50
2026/08/12 10:41:11.153, Tesla V100-PCIE-16GB, 68 %, 9 %, 638 MiB, 16384 MiB, 50
2026/08/12 10:41:21.154, Tesla V100-PCIE-16GB, 68 %, 9 %, 650 MiB, 16384 MiB, 50
2026/08/12 10:41:31.155, Tesla V100-PCIE-16GB, 68 %, 9 %, 650 MiB, 16384 MiB, 50
2026/08/12 10:41:41.157, Tesla V100-PCIE-16GB, 67 %, 9 %, 650 MiB, 16384 MiB, 50
2026/08/12 10:41:51.158, Tesla V100-PCIE-16GB, 69 %, 9 %, 650 MiB, 16384 MiB, 50
2026/08/12 10:42:01.162, Tesla V100-PCIE-16GB, 68 %, 9 %, 650 MiB, 16384 MiB, 50
2026/08/12 10:42:11.163, Tesla V100-PCIE-16GB, 69 %, 9 %, 650 MiB, 16384 MiB, 50
2026/08/12 10:42:21.164, Tesla V100-PCIE-16GB, 68 %, 9 %, 650 MiB, 16384 MiB, 50
2026/08/12 10:42:31.165, Tesla V100-PCIE-16GB, 68 %, 9 %, 650 MiB, 16384 MiB, 50
2026/08/12 10:42:41.167, Tesla V100-PCIE-16GB, 68 %, 9 %, 650 MiB, 16384 MiB, 50
2026/08/12 10:42:51.168, Tesla V100-PCIE-16GB, 64 %, 8 %, 650 MiB, 16384 MiB, 50
2026/08/12 10:43:01.169, Tesla V100-PCIE-16GB, 69 %, 9 %, 650 MiB, 16384 MiB, 50
2026/08/12 10:43:11.170, Tesla V100-PCIE-16GB, 68 %, 9 %, 650 MiB, 16384 MiB, 50
2026/08/12 10:43:21.172, Tesla V100-PCIE-16GB, 67 %, 8 %, 650 MiB, 16384 MiB, 50
2026/08/12 10:43:31.173, Tesla V100-PCIE-16GB, 68 %, 9 %, 650 MiB, 16384 MiB, 50
2026/08/12 10:43:41.174, Tesla V100-PCIE-16GB, 68 %, 9 %, 650 MiB, 16384 MiB, 50
2026/08/12 10:43:51.308, Tesla V100-PCIE-16GB, 68 %, 9 %, 650 MiB, 16384 MiB, 50
2026/08/12 10:44:01.309, Tesla V100-PCIE-16GB, 68 %, 9 %, 650 MiB, 16384 MiB, 50
2026/08/12 10:44:11.310, Tesla V100-PCIE-16GB, 68 %, 8 %, 650 MiB, 16384 MiB, 50
2026/08/12 10:44:21.311, Tesla V100-PCIE-16GB, 69 %, 9 %, 650 MiB, 16384 MiB, 50
2026/08/12 10:44:31.313, Tesla V100-PCIE-16GB, 69 %, 9 %, 650 MiB, 16384 MiB, 50
2026/08/12 10:44:41.314, Tesla V100-PCIE-16GB, 69 %, 9 %, 650 MiB, 16384 MiB, 50
2026/08/12 10:44:51.315, Tesla V100-PCIE-16GB, 67 %, 8 %, 650 MiB, 16384 MiB, 50
2026/08/12 10:45:01.316, Tesla V100-PCIE-16GB, 65 %, 8 %, 650 MiB, 16384 MiB, 50
2026/08/12 10:45:11.318, Tesla V100-PCIE-16GB, 47 %, 15 %, 650 MiB, 16384 MiB, 50
2026/08/12 10:45:21.319, Tesla V100-PCIE-16GB, 68 %, 9 %, 650 MiB, 16384 MiB, 50
2026/08/12 10:45:31.387, Tesla V100-PCIE-16GB, 67 %, 8 %, 650 MiB, 16384 MiB, 50
2026/08/12 10:45:41.388, Tesla V100-PCIE-16GB, 67 %, 9 %, 650 MiB, 16384 MiB, 50
2026/08/12 10:45:51.389, Tesla V100-PCIE-16GB, 68 %, 8 %, 650 MiB, 16384 MiB, 50
2026/08/12 10:46:01.390, Tesla V100-PCIE-16GB, 62 %, 8 %, 650 MiB, 16384 MiB, 50
2026/08/12 10:46:11.392, Tesla V100-PCIE-16GB, 68 %, 9 %, 650 MiB, 16384 MiB, 50
2026/08/12 10:46:21.393, Tesla V100-PCIE-16GB, 68 %, 9 %, 650 MiB, 16384 MiB, 50
2026/08/12 10:46:31.394, Tesla V100-PCIE-16GB, 67 %, 9 %, 650 MiB, 16384 MiB, 50
2026/08/12 10:46:41.396, Tesla V100-PCIE-16GB, 68 %, 9 %, 650 MiB, 16384 MiB, 50
2026/08/12 10:46:51.473, Tesla V100-PCIE-16GB, 67 %, 8 %, 650 MiB, 16384 MiB, 50
2026/08/12 10:47:01.475, Tesla V100-PCIE-16GB, 65 %, 8 %, 650 MiB, 16384 MiB, 50
2026/08/12 10:47:11.476, Tesla V100-PCIE-16GB, 68 %, 9 %, 650 MiB, 16384 MiB, 50
2026/08/12 10:47:21.477, Tesla V100-PCIE-16GB, 66 %, 8 %, 650 MiB, 16384 MiB, 50
2026/08/12 10:47:31.478, Tesla V100-PCIE-16GB, 46 %, 14 %, 650 MiB, 16384 MiB, 50
2026/08/12 10:47:41.479, Tesla V100-PCIE-16GB, 67 %, 8 %, 650 MiB, 16384 MiB, 50
2026/08/12 10:47:51.480, Tesla V100-PCIE-16GB, 69 %, 9 %, 650 MiB, 16384 MiB, 50
2026/08/12 10:48:01.482, Tesla V100-PCIE-16GB, 65 %, 8 %, 650 MiB, 16384 MiB, 50
2026/08/12 10:48:11.483, Tesla V100-PCIE-16GB, 67 %, 8 %, 650 MiB, 16384 MiB, 50
2026/08/12 10:48:21.484, Tesla V100-PCIE-16GB, 68 %, 9 %, 650 MiB, 16384 MiB, 50
2026/08/12 10:48:31.485, Tesla V100-PCIE-16GB, 68 %, 8 %, 650 MiB, 16384 MiB, 50
2026/08/12 10:48:41.486, Tesla V100-PCIE-16GB, 61 %, 8 %, 650 MiB, 16384 MiB, 50
2026/08/12 10:48:51.556, Tesla V100-PCIE-16GB, 68 %, 9 %, 650 MiB, 16384 MiB, 50
2026/08/12 10:49:01.557, Tesla V100-PCIE-16GB, 62 %, 8 %, 650 MiB, 16384 MiB, 50
