timestamp, name, utilization.gpu [%], utilization.memory [%], memory.used [MiB], memory.total [MiB], temperature.gpu
2026/08/12 12:58:15.621, Tesla V100-PCIE-16GB, 0 %, 0 %, 0 MiB, 16384 MiB, 37
2026/08/12 12:58:25.623, Tesla V100-PCIE-16GB, 58 %, 4 %, 548 MiB, 16384 MiB, 39
2026/08/12 12:58:35.624, Tesla V100-PCIE-16GB, 49 %, 3 %, 548 MiB, 16384 MiB, 40
2026/08/12 12:58:45.625, Tesla V100-PCIE-16GB, 60 %, 4 %, 548 MiB, 16384 MiB, 41
2026/08/12 12:58:55.626, Tesla V100-PCIE-16GB, 58 %, 4 %, 548 MiB, 16384 MiB, 41
2026/08/12 12:59:05.627, Tesla V100-PCIE-16GB, 57 %, 4 %, 548 MiB, 16384 MiB, 42
2026/08/12 12:59:15.628, Tesla V100-PCIE-16GB, 58 %, 4 %, 548 MiB, 16384 MiB, 42
2026/08/12 12:59:25.630, Tesla V100-PCIE-16GB, 58 %, 4 %, 548 MiB, 16384 MiB, 42
2026/08/12 12:59:35.647, Tesla V100-PCIE-16GB, 58 %, 4 %, 548 MiB, 16384 MiB, 43
2026/08/12 12:59:45.648, Tesla V100-PCIE-16GB, 57 %, 4 %, 548 MiB, 16384 MiB, 43
2026/08/12 12:59:55.649, Tesla V100-PCIE-16GB, 58 %, 4 %, 548 MiB, 16384 MiB, 43
2026/08/12 13:00:05.650, Tesla V100-PCIE-16GB, 57 %, 4 %, 548 MiB, 16384 MiB, 43
2026/08/12 13:00:15.651, Tesla V100-PCIE-16GB, 59 %, 4 %, 548 MiB, 16384 MiB, 44
2026/08/12 13:00:25.653, Tesla V100-PCIE-16GB, 57 %, 4 %, 548 MiB, 16384 MiB, 44
2026/08/12 13:00:35.654, Tesla V100-PCIE-16GB, 57 %, 4 %, 548 MiB, 16384 MiB, 44
2026/08/12 13:00:45.655, Tesla V100-PCIE-16GB, 58 %, 4 %, 548 MiB, 16384 MiB, 44
2026/08/12 13:00:55.656, Tesla V100-PCIE-16GB, 58 %, 4 %, 548 MiB, 16384 MiB, 44
2026/08/12 13:01:05.658, Tesla V100-PCIE-16GB, 58 %, 4 %, 548 MiB, 16384 MiB, 44
2026/08/12 13:01:15.659, Tesla V100-PCIE-16GB, 57 %, 4 %, 548 MiB, 16384 MiB, 44
2026/08/12 13:01:25.661, Tesla V100-PCIE-16GB, 58 %, 4 %, 548 MiB, 16384 MiB, 44
2026/08/12 13:01:35.662, Tesla V100-PCIE-16GB, 58 %, 4 %, 548 MiB, 16384 MiB, 45
2026/08/12 13:01:45.663, Tesla V100-PCIE-16GB, 24 %, 5 %, 548 MiB, 16384 MiB, 45
2026/08/12 13:01:55.664, Tesla V100-PCIE-16GB, 57 %, 4 %, 548 MiB, 16384 MiB, 45
2026/08/12 13:02:05.666, Tesla V100-PCIE-16GB, 58 %, 4 %, 548 MiB, 16384 MiB, 45
2026/08/12 13:02:15.667, Tesla V100-PCIE-16GB, 59 %, 4 %, 548 MiB, 16384 MiB, 45
2026/08/12 13:02:25.668, Tesla V100-PCIE-16GB, 57 %, 4 %, 548 MiB, 16384 MiB, 45
2026/08/12 13:02:35.670, Tesla V100-PCIE-16GB, 57 %, 4 %, 548 MiB, 16384 MiB, 45
2026/08/12 13:02:45.671, Tesla V100-PCIE-16GB, 57 %, 4 %, 548 MiB, 16384 MiB, 45
2026/08/12 13:02:55.672, Tesla V100-PCIE-16GB, 59 %, 4 %, 548 MiB, 16384 MiB, 45
2026/08/12 13:03:05.673, Tesla V100-PCIE-16GB, 58 %, 4 %, 548 MiB, 16384 MiB, 45
2026/08/12 13:03:15.674, Tesla V100-PCIE-16GB, 21 %, 4 %, 548 MiB, 16384 MiB, 45
2026/08/12 13:03:25.675, Tesla V100-PCIE-16GB, 58 %, 4 %, 548 MiB, 16384 MiB, 45
2026/08/12 13:03:35.707, Tesla V100-PCIE-16GB, 56 %, 4 %, 548 MiB, 16384 MiB, 45
2026/08/12 13:03:45.708, Tesla V100-PCIE-16GB, 58 %, 4 %, 548 MiB, 16384 MiB, 45
2026/08/12 13:03:55.709, Tesla V100-PCIE-16GB, 58 %, 4 %, 548 MiB, 16384 MiB, 45
2026/08/12 13:04:05.710, Tesla V100-PCIE-16GB, 58 %, 4 %, 548 MiB, 16384 MiB, 45
2026/08/12 13:04:15.712, Tesla V100-PCIE-16GB, 58 %, 4 %, 548 MiB, 16384 MiB, 45
2026/08/12 13:04:25.713, Tesla V100-PCIE-16GB, 59 %, 4 %, 548 MiB, 16384 MiB, 45
2026/08/12 13:04:35.714, Tesla V100-PCIE-16GB, 57 %, 4 %, 548 MiB, 16384 MiB, 45
2026/08/12 13:04:45.716, Tesla V100-PCIE-16GB, 58 %, 4 %, 548 MiB, 16384 MiB, 45
2026/08/12 13:04:55.717, Tesla V100-PCIE-16GB, 57 %, 4 %, 548 MiB, 16384 MiB, 45
2026/08/12 13:05:05.718, Tesla V100-PCIE-16GB, 56 %, 4 %, 548 MiB, 16384 MiB, 45
2026/08/12 13:05:15.719, Tesla V100-PCIE-16GB, 58 %, 4 %, 548 MiB, 16384 MiB, 45
2026/08/12 13:05:25.721, Tesla V100-PCIE-16GB, 57 %, 4 %, 548 MiB, 16384 MiB, 45
2026/08/12 13:05:35.749, Tesla V100-PCIE-16GB, 59 %, 4 %, 548 MiB, 16384 MiB, 45
2026/08/12 13:05:45.750, Tesla V100-PCIE-16GB, 57 %, 4 %, 548 MiB, 16384 MiB, 45
2026/08/12 13:05:55.751, Tesla V100-PCIE-16GB, 60 %, 4 %, 548 MiB, 16384 MiB, 45
2026/08/12 13:06:05.752, Tesla V100-PCIE-16GB, 58 %, 4 %, 548 MiB, 16384 MiB, 45
2026/08/12 13:06:15.753, Tesla V100-PCIE-16GB, 55 %, 4 %, 548 MiB, 16384 MiB, 45
2026/08/12 13:06:25.755, Tesla V100-PCIE-16GB, 58 %, 4 %, 548 MiB, 16384 MiB, 46
2026/08/12 13:06:35.756, Tesla V100-PCIE-16GB, 56 %, 4 %, 548 MiB, 16384 MiB, 46
2026/08/12 13:06:45.757, Tesla V100-PCIE-16GB, 58 %, 4 %, 548 MiB, 16384 MiB, 46
2026/08/12 13:06:55.759, Tesla V100-PCIE-16GB, 57 %, 4 %, 548 MiB, 16384 MiB, 45
2026/08/12 13:07:05.760, Tesla V100-PCIE-16GB, 58 %, 4 %, 548 MiB, 16384 MiB, 45
2026/08/12 13:07:15.761, Tesla V100-PCIE-16GB, 58 %, 4 %, 548 MiB, 16384 MiB, 45
2026/08/12 13:07:25.762, Tesla V100-PCIE-16GB, 58 %, 4 %, 548 MiB, 16384 MiB, 45
2026/08/12 13:07:35.764, Tesla V100-PCIE-16GB, 56 %, 4 %, 548 MiB, 16384 MiB, 45
2026/08/12 13:07:45.765, Tesla V100-PCIE-16GB, 57 %, 4 %, 548 MiB, 16384 MiB, 45
2026/08/12 13:07:55.767, Tesla V100-PCIE-16GB, 57 %, 4 %, 548 MiB, 16384 MiB, 45
2026/08/12 13:08:05.769, Tesla V100-PCIE-16GB, 57 %, 4 %, 548 MiB, 16384 MiB, 45
2026/08/12 13:08:15.770, Tesla V100-PCIE-16GB, 57 %, 4 %, 548 MiB, 16384 MiB, 45
2026/08/12 13:08:25.771, Tesla V100-PCIE-16GB, 49 %, 3 %, 548 MiB, 16384 MiB, 45
2026/08/12 13:08:35.772, Tesla V100-PCIE-16GB, 58 %, 4 %, 548 MiB, 16384 MiB, 45
2026/08/12 13:08:45.773, Tesla V100-PCIE-16GB, 57 %, 4 %, 548 MiB, 16384 MiB, 46
2026/08/12 13:08:55.774, Tesla V100-PCIE-16GB, 59 %, 4 %, 548 MiB, 16384 MiB, 45
2026/08/12 13:09:05.776, Tesla V100-PCIE-16GB, 59 %, 4 %, 548 MiB, 16384 MiB, 45
2026/08/12 13:09:15.777, Tesla V100-PCIE-16GB, 58 %, 4 %, 548 MiB, 16384 MiB, 45
2026/08/12 13:09:25.778, Tesla V100-PCIE-16GB, 59 %, 4 %, 548 MiB, 16384 MiB, 45
2026/08/12 13:09:35.779, Tesla V100-PCIE-16GB, 58 %, 4 %, 548 MiB, 16384 MiB, 45
2026/08/12 13:09:45.780, Tesla V100-PCIE-16GB, 58 %, 4 %, 548 MiB, 16384 MiB, 45
2026/08/12 13:09:55.781, Tesla V100-PCIE-16GB, 54 %, 4 %, 548 MiB, 16384 MiB, 45
2026/08/12 13:10:05.783, Tesla V100-PCIE-16GB, 56 %, 4 %, 548 MiB, 16384 MiB, 45
2026/08/12 13:10:15.784, Tesla V100-PCIE-16GB, 56 %, 4 %, 548 MiB, 16384 MiB, 45
2026/08/12 13:10:25.785, Tesla V100-PCIE-16GB, 60 %, 4 %, 548 MiB, 16384 MiB, 45
2026/08/12 13:10:35.786, Tesla V100-PCIE-16GB, 58 %, 4 %, 548 MiB, 16384 MiB, 45
2026/08/12 13:10:45.787, Tesla V100-PCIE-16GB, 58 %, 4 %, 548 MiB, 16384 MiB, 45
2026/08/12 13:10:55.788, Tesla V100-PCIE-16GB, 58 %, 4 %, 548 MiB, 16384 MiB, 45
2026/08/12 13:11:05.789, Tesla V100-PCIE-16GB, 57 %, 4 %, 548 MiB, 16384 MiB, 45
2026/08/12 13:11:15.790, Tesla V100-PCIE-16GB, 57 %, 4 %, 548 MiB, 16384 MiB, 45
2026/08/12 13:11:25.792, Tesla V100-PCIE-16GB, 57 %, 4 %, 548 MiB, 16384 MiB, 45
2026/08/12 13:11:35.793, Tesla V100-PCIE-16GB, 58 %, 4 %, 548 MiB, 16384 MiB, 45
2026/08/12 13:11:45.794, Tesla V100-PCIE-16GB, 56 %, 4 %, 550 MiB, 16384 MiB, 45
2026/08/12 13:11:55.795, Tesla V100-PCIE-16GB, 21 %, 4 %, 550 MiB, 16384 MiB, 45
2026/08/12 13:12:05.797, Tesla V100-PCIE-16GB, 57 %, 4 %, 550 MiB, 16384 MiB, 45
2026/08/12 13:12:15.798, Tesla V100-PCIE-16GB, 58 %, 4 %, 550 MiB, 16384 MiB, 45
2026/08/12 13:12:25.799, Tesla V100-PCIE-16GB, 54 %, 4 %, 550 MiB, 16384 MiB, 45
2026/08/12 13:12:35.800, Tesla V100-PCIE-16GB, 58 %, 4 %, 550 MiB, 16384 MiB, 45
2026/08/12 13:12:45.802, Tesla V100-PCIE-16GB, 59 %, 4 %, 550 MiB, 16384 MiB, 45
2026/08/12 13:12:55.803, Tesla V100-PCIE-16GB, 56 %, 4 %, 550 MiB, 16384 MiB, 45
2026/08/12 13:13:05.804, Tesla V100-PCIE-16GB, 58 %, 4 %, 550 MiB, 16384 MiB, 45
2026/08/12 13:13:15.805, Tesla V100-PCIE-16GB, 58 %, 4 %, 550 MiB, 16384 MiB, 45
2026/08/12 13:13:25.806, Tesla V100-PCIE-16GB, 57 %, 4 %, 550 MiB, 16384 MiB, 45
2026/08/12 13:13:35.808, Tesla V100-PCIE-16GB, 57 %, 4 %, 550 MiB, 16384 MiB, 45
2026/08/12 13:13:45.809, Tesla V100-PCIE-16GB, 57 %, 4 %, 550 MiB, 16384 MiB, 45
2026/08/12 13:13:55.810, Tesla V100-PCIE-16GB, 59 %, 4 %, 550 MiB, 16384 MiB, 45
2026/08/12 13:14:05.811, Tesla V100-PCIE-16GB, 57 %, 4 %, 550 MiB, 16384 MiB, 45
2026/08/12 13:14:15.812, Tesla V100-PCIE-16GB, 59 %, 4 %, 550 MiB, 16384 MiB, 45
2026/08/12 13:14:25.813, Tesla V100-PCIE-16GB, 57 %, 4 %, 550 MiB, 16384 MiB, 45
2026/08/12 13:14:35.815, Tesla V100-PCIE-16GB, 59 %, 4 %, 550 MiB, 16384 MiB, 45
2026/08/12 13:14:45.816, Tesla V100-PCIE-16GB, 56 %, 4 %, 550 MiB, 16384 MiB, 45
2026/08/12 13:14:55.817, Tesla V100-PCIE-16GB, 58 %, 4 %, 550 MiB, 16384 MiB, 46
2026/08/12 13:15:05.818, Tesla V100-PCIE-16GB, 58 %, 4 %, 550 MiB, 16384 MiB, 46
2026/08/12 13:15:15.819, Tesla V100-PCIE-16GB, 58 %, 4 %, 550 MiB, 16384 MiB, 45
2026/08/12 13:15:25.821, Tesla V100-PCIE-16GB, 58 %, 4 %, 550 MiB, 16384 MiB, 46
2026/08/12 13:15:35.875, Tesla V100-PCIE-16GB, 57 %, 4 %, 550 MiB, 16384 MiB, 46
2026/08/12 13:15:45.876, Tesla V100-PCIE-16GB, 58 %, 4 %, 550 MiB, 16384 MiB, 46
2026/08/12 13:15:55.877, Tesla V100-PCIE-16GB, 57 %, 4 %, 550 MiB, 16384 MiB, 46
2026/08/12 13:16:05.879, Tesla V100-PCIE-16GB, 60 %, 4 %, 550 MiB, 16384 MiB, 45
2026/08/12 13:16:15.880, Tesla V100-PCIE-16GB, 57 %, 4 %, 550 MiB, 16384 MiB, 46
2026/08/12 13:16:25.881, Tesla V100-PCIE-16GB, 56 %, 4 %, 550 MiB, 16384 MiB, 46
2026/08/12 13:16:35.882, Tesla V100-PCIE-16GB, 56 %, 4 %, 550 MiB, 16384 MiB, 46
2026/08/12 13:16:45.883, Tesla V100-PCIE-16GB, 58 %, 4 %, 550 MiB, 16384 MiB, 45
2026/08/12 13:16:55.884, Tesla V100-PCIE-16GB, 58 %, 4 %, 550 MiB, 16384 MiB, 46
2026/08/12 13:17:05.886, Tesla V100-PCIE-16GB, 58 %, 4 %, 550 MiB, 16384 MiB, 46
2026/08/12 13:17:15.887, Tesla V100-PCIE-16GB, 58 %, 4 %, 550 MiB, 16384 MiB, 46
2026/08/12 13:17:25.888, Tesla V100-PCIE-16GB, 58 %, 4 %, 550 MiB, 16384 MiB, 46
2026/08/12 13:17:35.889, Tesla V100-PCIE-16GB, 56 %, 4 %, 550 MiB, 16384 MiB, 46
2026/08/12 13:17:45.890, Tesla V100-PCIE-16GB, 57 %, 4 %, 550 MiB, 16384 MiB, 46
2026/08/12 13:17:55.892, Tesla V100-PCIE-16GB, 57 %, 4 %, 550 MiB, 16384 MiB, 45
2026/08/12 13:18:05.893, Tesla V100-PCIE-16GB, 57 %, 4 %, 550 MiB, 16384 MiB, 45
2026/08/12 13:18:15.894, Tesla V100-PCIE-16GB, 57 %, 4 %, 550 MiB, 16384 MiB, 45
2026/08/12 13:18:25.895, Tesla V100-PCIE-16GB, 58 %, 4 %, 550 MiB, 16384 MiB, 45
2026/08/12 13:18:35.896, Tesla V100-PCIE-16GB, 57 %, 4 %, 550 MiB, 16384 MiB, 45
2026/08/12 13:18:45.897, Tesla V100-PCIE-16GB, 59 %, 4 %, 550 MiB, 16384 MiB, 45
2026/08/12 13:18:55.898, Tesla V100-PCIE-16GB, 58 %, 4 %, 550 MiB, 16384 MiB, 45
2026/08/12 13:19:05.900, Tesla V100-PCIE-16GB, 24 %, 4 %, 550 MiB, 16384 MiB, 45
2026/08/12 13:19:15.901, Tesla V100-PCIE-16GB, 58 %, 4 %, 550 MiB, 16384 MiB, 45
2026/08/12 13:19:25.902, Tesla V100-PCIE-16GB, 55 %, 4 %, 550 MiB, 16384 MiB, 45
2026/08/12 13:19:35.915, Tesla V100-PCIE-16GB, 58 %, 4 %, 550 MiB, 16384 MiB, 46
2026/08/12 13:19:45.916, Tesla V100-PCIE-16GB, 58 %, 4 %, 550 MiB, 16384 MiB, 45
2026/08/12 13:19:55.917, Tesla V100-PCIE-16GB, 58 %, 4 %, 550 MiB, 16384 MiB, 46
2026/08/12 13:20:05.918, Tesla V100-PCIE-16GB, 55 %, 4 %, 550 MiB, 16384 MiB, 45
2026/08/12 13:20:15.920, Tesla V100-PCIE-16GB, 58 %, 4 %, 550 MiB, 16384 MiB, 46
2026/08/12 13:20:25.921, Tesla V100-PCIE-16GB, 59 %, 4 %, 550 MiB, 16384 MiB, 46
2026/08/12 13:20:35.922, Tesla V100-PCIE-16GB, 55 %, 4 %, 550 MiB, 16384 MiB, 46
2026/08/12 13:20:45.923, Tesla V100-PCIE-16GB, 58 %, 4 %, 550 MiB, 16384 MiB, 46
2026/08/12 13:20:55.924, Tesla V100-PCIE-16GB, 58 %, 4 %, 550 MiB, 16384 MiB, 45
2026/08/12 13:21:05.925, Tesla V100-PCIE-16GB, 58 %, 4 %, 550 MiB, 16384 MiB, 45
2026/08/12 13:21:15.927, Tesla V100-PCIE-16GB, 57 %, 4 %, 550 MiB, 16384 MiB, 45
2026/08/12 13:21:25.928, Tesla V100-PCIE-16GB, 59 %, 4 %, 550 MiB, 16384 MiB, 45
2026/08/12 13:21:35.929, Tesla V100-PCIE-16GB, 55 %, 4 %, 550 MiB, 16384 MiB, 45
2026/08/12 13:21:45.931, Tesla V100-PCIE-16GB, 58 %, 4 %, 550 MiB, 16384 MiB, 45
2026/08/12 13:21:55.932, Tesla V100-PCIE-16GB, 57 %, 4 %, 550 MiB, 16384 MiB, 45
2026/08/12 13:22:05.933, Tesla V100-PCIE-16GB, 58 %, 4 %, 550 MiB, 16384 MiB, 45
2026/08/12 13:22:15.934, Tesla V100-PCIE-16GB, 55 %, 4 %, 550 MiB, 16384 MiB, 45
2026/08/12 13:22:25.935, Tesla V100-PCIE-16GB, 58 %, 4 %, 550 MiB, 16384 MiB, 45
2026/08/12 13:22:35.937, Tesla V100-PCIE-16GB, 57 %, 4 %, 550 MiB, 16384 MiB, 45
2026/08/12 13:22:45.938, Tesla V100-PCIE-16GB, 58 %, 4 %, 550 MiB, 16384 MiB, 45
2026/08/12 13:22:55.939, Tesla V100-PCIE-16GB, 59 %, 4 %, 550 MiB, 16384 MiB, 45
2026/08/12 13:23:05.940, Tesla V100-PCIE-16GB, 57 %, 4 %, 550 MiB, 16384 MiB, 45
2026/08/12 13:23:15.942, Tesla V100-PCIE-16GB, 59 %, 4 %, 550 MiB, 16384 MiB, 45
2026/08/12 13:23:25.943, Tesla V100-PCIE-16GB, 58 %, 4 %, 550 MiB, 16384 MiB, 45
2026/08/12 13:23:36.016, Tesla V100-PCIE-16GB, 57 %, 4 %, 550 MiB, 16384 MiB, 45
2026/08/12 13:23:46.018, Tesla V100-PCIE-16GB, 58 %, 4 %, 550 MiB, 16384 MiB, 45
2026/08/12 13:23:56.019, Tesla V100-PCIE-16GB, 56 %, 4 %, 550 MiB, 16384 MiB, 45
2026/08/12 13:24:06.020, Tesla V100-PCIE-16GB, 56 %, 4 %, 550 MiB, 16384 MiB, 46
2026/08/12 13:24:16.021, Tesla V100-PCIE-16GB, 58 %, 4 %, 550 MiB, 16384 MiB, 46
2026/08/12 13:24:26.023, Tesla V100-PCIE-16GB, 58 %, 4 %, 550 MiB, 16384 MiB, 46
2026/08/12 13:24:36.024, Tesla V100-PCIE-16GB, 58 %, 4 %, 550 MiB, 16384 MiB, 46
2026/08/12 13:24:46.025, Tesla V100-PCIE-16GB, 59 %, 4 %, 550 MiB, 16384 MiB, 46
2026/08/12 13:24:56.026, Tesla V100-PCIE-16GB, 58 %, 4 %, 550 MiB, 16384 MiB, 46
2026/08/12 13:25:06.027, Tesla V100-PCIE-16GB, 58 %, 4 %, 550 MiB, 16384 MiB, 46
2026/08/12 13:25:16.028, Tesla V100-PCIE-16GB, 58 %, 4 %, 550 MiB, 16384 MiB, 45
2026/08/12 13:25:26.029, Tesla V100-PCIE-16GB, 58 %, 4 %, 550 MiB, 16384 MiB, 45
2026/08/12 13:25:36.031, Tesla V100-PCIE-16GB, 58 %, 4 %, 550 MiB, 16384 MiB, 45
2026/08/12 13:25:46.032, Tesla V100-PCIE-16GB, 57 %, 4 %, 550 MiB, 16384 MiB, 45
2026/08/12 13:25:56.098, Tesla V100-PCIE-16GB, 58 %, 4 %, 550 MiB, 16384 MiB, 45
2026/08/12 13:26:06.099, Tesla V100-PCIE-16GB, 58 %, 4 %, 550 MiB, 16384 MiB, 45
2026/08/12 13:26:16.101, Tesla V100-PCIE-16GB, 19 %, 3 %, 550 MiB, 16384 MiB, 45
2026/08/12 13:26:26.102, Tesla V100-PCIE-16GB, 57 %, 4 %, 550 MiB, 16384 MiB, 45
2026/08/12 13:26:36.103, Tesla V100-PCIE-16GB, 58 %, 4 %, 550 MiB, 16384 MiB, 45
2026/08/12 13:26:46.104, Tesla V100-PCIE-16GB, 58 %, 4 %, 550 MiB, 16384 MiB, 45
2026/08/12 13:26:56.105, Tesla V100-PCIE-16GB, 58 %, 4 %, 550 MiB, 16384 MiB, 45
2026/08/12 13:27:06.107, Tesla V100-PCIE-16GB, 57 %, 4 %, 550 MiB, 16384 MiB, 45
2026/08/12 13:27:16.108, Tesla V100-PCIE-16GB, 57 %, 4 %, 550 MiB, 16384 MiB, 45
2026/08/12 13:27:26.109, Tesla V100-PCIE-16GB, 58 %, 4 %, 550 MiB, 16384 MiB, 45
2026/08/12 13:27:36.110, Tesla V100-PCIE-16GB, 58 %, 4 %, 550 MiB, 16384 MiB, 46
2026/08/12 13:27:46.111, Tesla V100-PCIE-16GB, 22 %, 4 %, 550 MiB, 16384 MiB, 45
2026/08/12 13:27:56.170, Tesla V100-PCIE-16GB, 57 %, 4 %, 550 MiB, 16384 MiB, 45
2026/08/12 13:28:06.171, Tesla V100-PCIE-16GB, 58 %, 4 %, 550 MiB, 16384 MiB, 45
2026/08/12 13:28:16.172, Tesla V100-PCIE-16GB, 58 %, 4 %, 550 MiB, 16384 MiB, 45
2026/08/12 13:28:26.173, Tesla V100-PCIE-16GB, 58 %, 4 %, 550 MiB, 16384 MiB, 45
2026/08/12 13:28:36.174, Tesla V100-PCIE-16GB, 58 %, 4 %, 550 MiB, 16384 MiB, 45
2026/08/12 13:28:46.176, Tesla V100-PCIE-16GB, 58 %, 4 %, 550 MiB, 16384 MiB, 45
2026/08/12 13:28:56.177, Tesla V100-PCIE-16GB, 59 %, 4 %, 550 MiB, 16384 MiB, 45
2026/08/12 13:29:06.178, Tesla V100-PCIE-16GB, 58 %, 4 %, 550 MiB, 16384 MiB, 45
2026/08/12 13:29:16.179, Tesla V100-PCIE-16GB, 57 %, 4 %, 550 MiB, 16384 MiB, 45
2026/08/12 13:29:26.180, Tesla V100-PCIE-16GB, 58 %, 4 %, 550 MiB, 16384 MiB, 45
2026/08/12 13:29:36.182, Tesla V100-PCIE-16GB, 58 %, 4 %, 550 MiB, 16384 MiB, 45
2026/08/12 13:29:46.184, Tesla V100-PCIE-16GB, 58 %, 4 %, 550 MiB, 16384 MiB, 45
2026/08/12 13:29:56.259, Tesla V100-PCIE-16GB, 58 %, 4 %, 550 MiB, 16384 MiB, 45
2026/08/12 13:30:06.260, Tesla V100-PCIE-16GB, 59 %, 4 %, 550 MiB, 16384 MiB, 45
2026/08/12 13:30:16.261, Tesla V100-PCIE-16GB, 58 %, 4 %, 550 MiB, 16384 MiB, 45
2026/08/12 13:30:26.263, Tesla V100-PCIE-16GB, 59 %, 4 %, 550 MiB, 16384 MiB, 45
2026/08/12 13:30:36.264, Tesla V100-PCIE-16GB, 58 %, 4 %, 550 MiB, 16384 MiB, 45
2026/08/12 13:30:46.265, Tesla V100-PCIE-16GB, 58 %, 4 %, 550 MiB, 16384 MiB, 46
2026/08/12 13:30:56.266, Tesla V100-PCIE-16GB, 58 %, 4 %, 550 MiB, 16384 MiB, 46
2026/08/12 13:31:06.268, Tesla V100-PCIE-16GB, 58 %, 4 %, 550 MiB, 16384 MiB, 46
2026/08/12 13:31:16.269, Tesla V100-PCIE-16GB, 59 %, 4 %, 550 MiB, 16384 MiB, 45
2026/08/12 13:31:26.271, Tesla V100-PCIE-16GB, 58 %, 4 %, 550 MiB, 16384 MiB, 45
2026/08/12 13:31:36.272, Tesla V100-PCIE-16GB, 56 %, 4 %, 550 MiB, 16384 MiB, 45
2026/08/12 13:31:46.273, Tesla V100-PCIE-16GB, 57 %, 4 %, 550 MiB, 16384 MiB, 45
2026/08/12 13:31:56.360, Tesla V100-PCIE-16GB, 58 %, 4 %, 550 MiB, 16384 MiB, 45
2026/08/12 13:32:06.361, Tesla V100-PCIE-16GB, 58 %, 4 %, 550 MiB, 16384 MiB, 45
2026/08/12 13:32:16.363, Tesla V100-PCIE-16GB, 58 %, 4 %, 550 MiB, 16384 MiB, 45
2026/08/12 13:32:26.364, Tesla V100-PCIE-16GB, 58 %, 4 %, 550 MiB, 16384 MiB, 45
2026/08/12 13:32:36.365, Tesla V100-PCIE-16GB, 58 %, 4 %, 550 MiB, 16384 MiB, 45
2026/08/12 13:32:46.366, Tesla V100-PCIE-16GB, 58 %, 4 %, 550 MiB, 16384 MiB, 45
2026/08/12 13:32:56.367, Tesla V100-PCIE-16GB, 58 %, 4 %, 550 MiB, 16384 MiB, 45
2026/08/12 13:33:06.368, Tesla V100-PCIE-16GB, 59 %, 4 %, 550 MiB, 16384 MiB, 45
2026/08/12 13:33:16.370, Tesla V100-PCIE-16GB, 58 %, 4 %, 550 MiB, 16384 MiB, 45
2026/08/12 13:33:26.371, Tesla V100-PCIE-16GB, 34 %, 2 %, 550 MiB, 16384 MiB, 45
2026/08/12 13:33:36.372, Tesla V100-PCIE-16GB, 58 %, 4 %, 550 MiB, 16384 MiB, 45
2026/08/12 13:33:46.373, Tesla V100-PCIE-16GB, 58 %, 4 %, 550 MiB, 16384 MiB, 45
2026/08/12 13:33:56.377, Tesla V100-PCIE-16GB, 58 %, 4 %, 550 MiB, 16384 MiB, 45
2026/08/12 13:34:06.378, Tesla V100-PCIE-16GB, 58 %, 4 %, 550 MiB, 16384 MiB, 45
2026/08/12 13:34:16.380, Tesla V100-PCIE-16GB, 58 %, 4 %, 550 MiB, 16384 MiB, 45
2026/08/12 13:34:26.381, Tesla V100-PCIE-16GB, 57 %, 4 %, 550 MiB, 16384 MiB, 46
2026/08/12 13:34:36.383, Tesla V100-PCIE-16GB, 59 %, 4 %, 550 MiB, 16384 MiB, 45
2026/08/12 13:34:46.384, Tesla V100-PCIE-16GB, 57 %, 4 %, 550 MiB, 16384 MiB, 45
2026/08/12 13:34:56.385, Tesla V100-PCIE-16GB, 30 %, 3 %, 550 MiB, 16384 MiB, 45
2026/08/12 13:35:06.386, Tesla V100-PCIE-16GB, 58 %, 4 %, 550 MiB, 16384 MiB, 45
2026/08/12 13:35:16.468, Tesla V100-PCIE-16GB, 57 %, 4 %, 550 MiB, 16384 MiB, 45
2026/08/12 13:35:26.469, Tesla V100-PCIE-16GB, 59 %, 4 %, 550 MiB, 16384 MiB, 45
2026/08/12 13:35:36.470, Tesla V100-PCIE-16GB, 58 %, 4 %, 550 MiB, 16384 MiB, 45
2026/08/12 13:35:46.471, Tesla V100-PCIE-16GB, 58 %, 4 %, 550 MiB, 16384 MiB, 45
2026/08/12 13:35:56.473, Tesla V100-PCIE-16GB, 58 %, 4 %, 550 MiB, 16384 MiB, 45
2026/08/12 13:36:06.474, Tesla V100-PCIE-16GB, 58 %, 4 %, 550 MiB, 16384 MiB, 45
2026/08/12 13:36:16.475, Tesla V100-PCIE-16GB, 58 %, 4 %, 550 MiB, 16384 MiB, 45
2026/08/12 13:36:26.476, Tesla V100-PCIE-16GB, 57 %, 4 %, 550 MiB, 16384 MiB, 45
2026/08/12 13:36:36.477, Tesla V100-PCIE-16GB, 58 %, 4 %, 550 MiB, 16384 MiB, 45
2026/08/12 13:36:46.479, Tesla V100-PCIE-16GB, 58 %, 4 %, 550 MiB, 16384 MiB, 45
2026/08/12 13:36:56.480, Tesla V100-PCIE-16GB, 57 %, 4 %, 550 MiB, 16384 MiB, 45
2026/08/12 13:37:06.481, Tesla V100-PCIE-16GB, 57 %, 4 %, 550 MiB, 16384 MiB, 46
2026/08/12 13:37:16.531, Tesla V100-PCIE-16GB, 58 %, 4 %, 550 MiB, 16384 MiB, 46
2026/08/12 13:37:26.532, Tesla V100-PCIE-16GB, 56 %, 4 %, 550 MiB, 16384 MiB, 45
2026/08/12 13:37:36.533, Tesla V100-PCIE-16GB, 59 %, 4 %, 550 MiB, 16384 MiB, 45
2026/08/12 13:37:46.535, Tesla V100-PCIE-16GB, 55 %, 4 %, 550 MiB, 16384 MiB, 46
2026/08/12 13:37:56.536, Tesla V100-PCIE-16GB, 58 %, 4 %, 550 MiB, 16384 MiB, 45
2026/08/12 13:38:06.537, Tesla V100-PCIE-16GB, 59 %, 4 %, 550 MiB, 16384 MiB, 45
2026/08/12 13:38:16.538, Tesla V100-PCIE-16GB, 57 %, 4 %, 550 MiB, 16384 MiB, 45
2026/08/12 13:38:26.539, Tesla V100-PCIE-16GB, 58 %, 4 %, 550 MiB, 16384 MiB, 45
2026/08/12 13:38:36.540, Tesla V100-PCIE-16GB, 58 %, 4 %, 550 MiB, 16384 MiB, 45
2026/08/12 13:38:46.542, Tesla V100-PCIE-16GB, 59 %, 4 %, 550 MiB, 16384 MiB, 46
2026/08/12 13:38:56.543, Tesla V100-PCIE-16GB, 57 %, 4 %, 550 MiB, 16384 MiB, 46
2026/08/12 13:39:06.544, Tesla V100-PCIE-16GB, 59 %, 4 %, 550 MiB, 16384 MiB, 45
2026/08/12 13:39:16.548, Tesla V100-PCIE-16GB, 57 %, 4 %, 550 MiB, 16384 MiB, 45
2026/08/12 13:39:26.549, Tesla V100-PCIE-16GB, 57 %, 4 %, 550 MiB, 16384 MiB, 45
2026/08/12 13:39:36.550, Tesla V100-PCIE-16GB, 57 %, 4 %, 550 MiB, 16384 MiB, 45
2026/08/12 13:39:46.551, Tesla V100-PCIE-16GB, 57 %, 4 %, 550 MiB, 16384 MiB, 46
2026/08/12 13:39:56.553, Tesla V100-PCIE-16GB, 58 %, 4 %, 550 MiB, 16384 MiB, 46
2026/08/12 13:40:06.555, Tesla V100-PCIE-16GB, 57 %, 4 %, 550 MiB, 16384 MiB, 45
2026/08/12 13:40:16.556, Tesla V100-PCIE-16GB, 58 %, 4 %, 550 MiB, 16384 MiB, 45
2026/08/12 13:40:26.557, Tesla V100-PCIE-16GB, 57 %, 4 %, 550 MiB, 16384 MiB, 45
2026/08/12 13:40:36.558, Tesla V100-PCIE-16GB, 34 %, 4 %, 550 MiB, 16384 MiB, 45
2026/08/12 13:40:46.559, Tesla V100-PCIE-16GB, 58 %, 4 %, 550 MiB, 16384 MiB, 45
2026/08/12 13:40:56.560, Tesla V100-PCIE-16GB, 58 %, 4 %, 550 MiB, 16384 MiB, 45
2026/08/12 13:41:06.562, Tesla V100-PCIE-16GB, 58 %, 4 %, 550 MiB, 16384 MiB, 45
2026/08/12 13:41:16.631, Tesla V100-PCIE-16GB, 57 %, 4 %, 550 MiB, 16384 MiB, 45
2026/08/12 13:41:26.633, Tesla V100-PCIE-16GB, 58 %, 4 %, 550 MiB, 16384 MiB, 45
2026/08/12 13:41:36.634, Tesla V100-PCIE-16GB, 57 %, 4 %, 550 MiB, 16384 MiB, 45
2026/08/12 13:41:46.635, Tesla V100-PCIE-16GB, 59 %, 4 %, 550 MiB, 16384 MiB, 45
2026/08/12 13:41:56.636, Tesla V100-PCIE-16GB, 58 %, 4 %, 550 MiB, 16384 MiB, 45
2026/08/12 13:42:06.638, Tesla V100-PCIE-16GB, 24 %, 5 %, 550 MiB, 16384 MiB, 46
2026/08/12 13:42:16.639, Tesla V100-PCIE-16GB, 57 %, 4 %, 550 MiB, 16384 MiB, 45
2026/08/12 13:42:26.640, Tesla V100-PCIE-16GB, 58 %, 4 %, 550 MiB, 16384 MiB, 45
2026/08/12 13:42:36.641, Tesla V100-PCIE-16GB, 58 %, 4 %, 550 MiB, 16384 MiB, 45
2026/08/12 13:42:46.642, Tesla V100-PCIE-16GB, 58 %, 4 %, 550 MiB, 16384 MiB, 45
2026/08/12 13:42:56.644, Tesla V100-PCIE-16GB, 58 %, 4 %, 550 MiB, 16384 MiB, 46
2026/08/12 13:43:06.645, Tesla V100-PCIE-16GB, 57 %, 4 %, 550 MiB, 16384 MiB, 45
2026/08/12 13:43:16.775, Tesla V100-PCIE-16GB, 59 %, 4 %, 550 MiB, 16384 MiB, 46
2026/08/12 13:43:26.777, Tesla V100-PCIE-16GB, 58 %, 4 %, 550 MiB, 16384 MiB, 46
2026/08/12 13:43:36.779, Tesla V100-PCIE-16GB, 58 %, 4 %, 550 MiB, 16384 MiB, 46
2026/08/12 13:43:46.780, Tesla V100-PCIE-16GB, 58 %, 4 %, 550 MiB, 16384 MiB, 46
2026/08/12 13:43:56.781, Tesla V100-PCIE-16GB, 58 %, 4 %, 550 MiB, 16384 MiB, 45
2026/08/12 13:44:06.782, Tesla V100-PCIE-16GB, 58 %, 4 %, 550 MiB, 16384 MiB, 45
2026/08/12 13:44:16.783, Tesla V100-PCIE-16GB, 57 %, 4 %, 550 MiB, 16384 MiB, 45
2026/08/12 13:44:26.784, Tesla V100-PCIE-16GB, 58 %, 4 %, 550 MiB, 16384 MiB, 46
2026/08/12 13:44:36.785, Tesla V100-PCIE-16GB, 58 %, 4 %, 550 MiB, 16384 MiB, 46
2026/08/12 13:44:46.787, Tesla V100-PCIE-16GB, 60 %, 4 %, 550 MiB, 16384 MiB, 46
2026/08/12 13:44:56.788, Tesla V100-PCIE-16GB, 58 %, 4 %, 550 MiB, 16384 MiB, 46
2026/08/12 13:45:06.789, Tesla V100-PCIE-16GB, 57 %, 4 %, 550 MiB, 16384 MiB, 46
2026/08/12 13:45:16.797, Tesla V100-PCIE-16GB, 56 %, 4 %, 550 MiB, 16384 MiB, 45
2026/08/12 13:45:26.798, Tesla V100-PCIE-16GB, 58 %, 4 %, 550 MiB, 16384 MiB, 46
2026/08/12 13:45:36.799, Tesla V100-PCIE-16GB, 58 %, 4 %, 550 MiB, 16384 MiB, 46
2026/08/12 13:45:46.800, Tesla V100-PCIE-16GB, 57 %, 4 %, 550 MiB, 16384 MiB, 45
2026/08/12 13:45:56.801, Tesla V100-PCIE-16GB, 55 %, 4 %, 550 MiB, 16384 MiB, 45
2026/08/12 13:46:06.802, Tesla V100-PCIE-16GB, 58 %, 4 %, 550 MiB, 16384 MiB, 46
2026/08/12 13:46:16.803, Tesla V100-PCIE-16GB, 59 %, 4 %, 550 MiB, 16384 MiB, 46
2026/08/12 13:46:26.804, Tesla V100-PCIE-16GB, 58 %, 4 %, 550 MiB, 16384 MiB, 45
2026/08/12 13:46:36.805, Tesla V100-PCIE-16GB, 58 %, 4 %, 550 MiB, 16384 MiB, 45
2026/08/12 13:46:46.859, Tesla V100-PCIE-16GB, 58 %, 4 %, 550 MiB, 16384 MiB, 45
2026/08/12 13:46:56.860, Tesla V100-PCIE-16GB, 57 %, 4 %, 550 MiB, 16384 MiB, 45
2026/08/12 13:47:06.862, Tesla V100-PCIE-16GB, 57 %, 4 %, 550 MiB, 16384 MiB, 45
2026/08/12 13:47:16.897, Tesla V100-PCIE-16GB, 57 %, 4 %, 550 MiB, 16384 MiB, 46
2026/08/12 13:47:26.898, Tesla V100-PCIE-16GB, 59 %, 4 %, 550 MiB, 16384 MiB, 46
2026/08/12 13:47:36.900, Tesla V100-PCIE-16GB, 58 %, 4 %, 550 MiB, 16384 MiB, 45
2026/08/12 13:47:46.902, Tesla V100-PCIE-16GB, 40 %, 4 %, 550 MiB, 16384 MiB, 45
2026/08/12 13:47:56.903, Tesla V100-PCIE-16GB, 58 %, 4 %, 550 MiB, 16384 MiB, 45
2026/08/12 13:48:06.904, Tesla V100-PCIE-16GB, 57 %, 4 %, 550 MiB, 16384 MiB, 45
2026/08/12 13:48:16.905, Tesla V100-PCIE-16GB, 57 %, 4 %, 550 MiB, 16384 MiB, 45
2026/08/12 13:48:26.906, Tesla V100-PCIE-16GB, 58 %, 4 %, 550 MiB, 16384 MiB, 46
2026/08/12 13:48:36.907, Tesla V100-PCIE-16GB, 59 %, 4 %, 550 MiB, 16384 MiB, 45
2026/08/12 13:48:46.976, Tesla V100-PCIE-16GB, 57 %, 4 %, 550 MiB, 16384 MiB, 45
2026/08/12 13:48:56.978, Tesla V100-PCIE-16GB, 58 %, 4 %, 550 MiB, 16384 MiB, 45
2026/08/12 13:49:06.979, Tesla V100-PCIE-16GB, 57 %, 4 %, 550 MiB, 16384 MiB, 46
2026/08/12 13:49:16.981, Tesla V100-PCIE-16GB, 24 %, 4 %, 550 MiB, 16384 MiB, 46
2026/08/12 13:49:26.982, Tesla V100-PCIE-16GB, 56 %, 4 %, 550 MiB, 16384 MiB, 45
2026/08/12 13:49:36.983, Tesla V100-PCIE-16GB, 58 %, 4 %, 550 MiB, 16384 MiB, 45
2026/08/12 13:49:46.984, Tesla V100-PCIE-16GB, 58 %, 4 %, 550 MiB, 16384 MiB, 45
2026/08/12 13:49:56.985, Tesla V100-PCIE-16GB, 57 %, 4 %, 550 MiB, 16384 MiB, 45
2026/08/12 13:50:06.986, Tesla V100-PCIE-16GB, 58 %, 4 %, 550 MiB, 16384 MiB, 45
2026/08/12 13:50:16.987, Tesla V100-PCIE-16GB, 58 %, 4 %, 550 MiB, 16384 MiB, 45
2026/08/12 13:50:26.989, Tesla V100-PCIE-16GB, 57 %, 4 %, 550 MiB, 16384 MiB, 46
2026/08/12 13:50:36.990, Tesla V100-PCIE-16GB, 58 %, 4 %, 550 MiB, 16384 MiB, 46
2026/08/12 13:50:46.991, Tesla V100-PCIE-16GB, 54 %, 4 %, 550 MiB, 16384 MiB, 45
2026/08/12 13:50:56.992, Tesla V100-PCIE-16GB, 56 %, 4 %, 550 MiB, 16384 MiB, 46
2026/08/12 13:51:06.993, Tesla V100-PCIE-16GB, 58 %, 4 %, 550 MiB, 16384 MiB, 46
2026/08/12 13:51:16.994, Tesla V100-PCIE-16GB, 58 %, 4 %, 550 MiB, 16384 MiB, 46
2026/08/12 13:51:26.996, Tesla V100-PCIE-16GB, 56 %, 4 %, 550 MiB, 16384 MiB, 46
2026/08/12 13:51:36.997, Tesla V100-PCIE-16GB, 58 %, 4 %, 550 MiB, 16384 MiB, 46
2026/08/12 13:51:46.999, Tesla V100-PCIE-16GB, 56 %, 4 %, 550 MiB, 16384 MiB, 45
2026/08/12 13:51:57.000, Tesla V100-PCIE-16GB, 59 %, 4 %, 550 MiB, 16384 MiB, 45
2026/08/12 13:52:07.001, Tesla V100-PCIE-16GB, 58 %, 4 %, 550 MiB, 16384 MiB, 46
2026/08/12 13:52:17.002, Tesla V100-PCIE-16GB, 57 %, 4 %, 550 MiB, 16384 MiB, 46
2026/08/12 13:52:27.003, Tesla V100-PCIE-16GB, 58 %, 4 %, 550 MiB, 16384 MiB, 46
2026/08/12 13:52:37.004, Tesla V100-PCIE-16GB, 56 %, 4 %, 550 MiB, 16384 MiB, 45
2026/08/12 13:52:47.089, Tesla V100-PCIE-16GB, 56 %, 4 %, 550 MiB, 16384 MiB, 46
2026/08/12 13:52:57.090, Tesla V100-PCIE-16GB, 58 %, 4 %, 550 MiB, 16384 MiB, 45
2026/08/12 13:53:07.091, Tesla V100-PCIE-16GB, 58 %, 4 %, 550 MiB, 16384 MiB, 46
2026/08/12 13:53:17.093, Tesla V100-PCIE-16GB, 57 %, 4 %, 550 MiB, 16384 MiB, 45
2026/08/12 13:53:27.094, Tesla V100-PCIE-16GB, 58 %, 4 %, 550 MiB, 16384 MiB, 45
2026/08/12 13:53:37.095, Tesla V100-PCIE-16GB, 58 %, 4 %, 550 MiB, 16384 MiB, 45
2026/08/12 13:53:47.096, Tesla V100-PCIE-16GB, 57 %, 4 %, 550 MiB, 16384 MiB, 45
2026/08/12 13:53:57.097, Tesla V100-PCIE-16GB, 55 %, 4 %, 550 MiB, 16384 MiB, 45
2026/08/12 13:54:07.099, Tesla V100-PCIE-16GB, 57 %, 4 %, 550 MiB, 16384 MiB, 45
2026/08/12 13:54:17.100, Tesla V100-PCIE-16GB, 58 %, 4 %, 550 MiB, 16384 MiB, 45
2026/08/12 13:54:27.101, Tesla V100-PCIE-16GB, 57 %, 4 %, 550 MiB, 16384 MiB, 45
2026/08/12 13:54:37.102, Tesla V100-PCIE-16GB, 59 %, 4 %, 550 MiB, 16384 MiB, 45
2026/08/12 13:54:47.181, Tesla V100-PCIE-16GB, 57 %, 4 %, 550 MiB, 16384 MiB, 46
2026/08/12 13:54:57.182, Tesla V100-PCIE-16GB, 59 %, 4 %, 550 MiB, 16384 MiB, 46
2026/08/12 13:55:07.184, Tesla V100-PCIE-16GB, 57 %, 4 %, 550 MiB, 16384 MiB, 45
2026/08/12 13:55:17.185, Tesla V100-PCIE-16GB, 58 %, 4 %, 550 MiB, 16384 MiB, 45
2026/08/12 13:55:27.186, Tesla V100-PCIE-16GB, 58 %, 4 %, 550 MiB, 16384 MiB, 45
2026/08/12 13:55:37.187, Tesla V100-PCIE-16GB, 58 %, 4 %, 550 MiB, 16384 MiB, 46
2026/08/12 13:55:47.188, Tesla V100-PCIE-16GB, 58 %, 4 %, 550 MiB, 16384 MiB, 45
2026/08/12 13:55:57.189, Tesla V100-PCIE-16GB, 58 %, 4 %, 550 MiB, 16384 MiB, 45
2026/08/12 13:56:07.190, Tesla V100-PCIE-16GB, 57 %, 4 %, 550 MiB, 16384 MiB, 45
2026/08/12 13:56:17.192, Tesla V100-PCIE-16GB, 57 %, 4 %, 550 MiB, 16384 MiB, 45
2026/08/12 13:56:27.193, Tesla V100-PCIE-16GB, 28 %, 4 %, 550 MiB, 16384 MiB, 45
2026/08/12 13:56:37.194, Tesla V100-PCIE-16GB, 58 %, 4 %, 550 MiB, 16384 MiB, 45
2026/08/12 13:56:47.235, Tesla V100-PCIE-16GB, 58 %, 4 %, 550 MiB, 16384 MiB, 46
2026/08/12 13:56:57.236, Tesla V100-PCIE-16GB, 58 %, 4 %, 550 MiB, 16384 MiB, 46
2026/08/12 13:57:07.238, Tesla V100-PCIE-16GB, 58 %, 4 %, 550 MiB, 16384 MiB, 46
2026/08/12 13:57:17.239, Tesla V100-PCIE-16GB, 59 %, 4 %, 550 MiB, 16384 MiB, 46
2026/08/12 13:57:27.240, Tesla V100-PCIE-16GB, 58 %, 4 %, 550 MiB, 16384 MiB, 45
2026/08/12 13:57:37.242, Tesla V100-PCIE-16GB, 58 %, 4 %, 550 MiB, 16384 MiB, 46
2026/08/12 13:57:47.243, Tesla V100-PCIE-16GB, 59 %, 4 %, 550 MiB, 16384 MiB, 45
2026/08/12 13:57:57.245, Tesla V100-PCIE-16GB, 22 %, 4 %, 550 MiB, 16384 MiB, 45
2026/08/12 13:58:07.246, Tesla V100-PCIE-16GB, 57 %, 4 %, 550 MiB, 16384 MiB, 45
2026/08/12 13:58:17.247, Tesla V100-PCIE-16GB, 58 %, 4 %, 550 MiB, 16384 MiB, 45
2026/08/12 13:58:27.249, Tesla V100-PCIE-16GB, 58 %, 4 %, 550 MiB, 16384 MiB, 45
2026/08/12 13:58:37.250, Tesla V100-PCIE-16GB, 58 %, 4 %, 550 MiB, 16384 MiB, 45
2026/08/12 13:58:47.252, Tesla V100-PCIE-16GB, 58 %, 4 %, 550 MiB, 16384 MiB, 45
2026/08/12 13:58:57.253, Tesla V100-PCIE-16GB, 56 %, 4 %, 550 MiB, 16384 MiB, 46
2026/08/12 13:59:07.254, Tesla V100-PCIE-16GB, 58 %, 4 %, 550 MiB, 16384 MiB, 45
2026/08/12 13:59:17.256, Tesla V100-PCIE-16GB, 58 %, 4 %, 550 MiB, 16384 MiB, 45
2026/08/12 13:59:27.258, Tesla V100-PCIE-16GB, 56 %, 4 %, 550 MiB, 16384 MiB, 45
2026/08/12 13:59:37.259, Tesla V100-PCIE-16GB, 58 %, 4 %, 550 MiB, 16384 MiB, 45
2026/08/12 13:59:47.265, Tesla V100-PCIE-16GB, 57 %, 4 %, 550 MiB, 16384 MiB, 46
2026/08/12 13:59:57.266, Tesla V100-PCIE-16GB, 58 %, 4 %, 550 MiB, 16384 MiB, 45
2026/08/12 14:00:07.268, Tesla V100-PCIE-16GB, 58 %, 4 %, 550 MiB, 16384 MiB, 45
2026/08/12 14:00:17.269, Tesla V100-PCIE-16GB, 59 %, 4 %, 550 MiB, 16384 MiB, 45
2026/08/12 14:00:27.270, Tesla V100-PCIE-16GB, 58 %, 4 %, 550 MiB, 16384 MiB, 45
2026/08/12 14:00:37.271, Tesla V100-PCIE-16GB, 60 %, 4 %, 550 MiB, 16384 MiB, 45
2026/08/12 14:00:47.272, Tesla V100-PCIE-16GB, 57 %, 4 %, 550 MiB, 16384 MiB, 45
2026/08/12 14:00:57.274, Tesla V100-PCIE-16GB, 58 %, 4 %, 550 MiB, 16384 MiB, 45
2026/08/12 14:01:07.275, Tesla V100-PCIE-16GB, 58 %, 4 %, 550 MiB, 16384 MiB, 45
2026/08/12 14:01:17.276, Tesla V100-PCIE-16GB, 57 %, 4 %, 550 MiB, 16384 MiB, 45
2026/08/12 14:01:27.278, Tesla V100-PCIE-16GB, 59 %, 4 %, 550 MiB, 16384 MiB, 45
2026/08/12 14:01:37.279, Tesla V100-PCIE-16GB, 48 %, 3 %, 550 MiB, 16384 MiB, 45
2026/08/12 14:01:47.280, Tesla V100-PCIE-16GB, 59 %, 4 %, 550 MiB, 16384 MiB, 45
2026/08/12 14:01:57.281, Tesla V100-PCIE-16GB, 57 %, 4 %, 550 MiB, 16384 MiB, 45
2026/08/12 14:02:07.282, Tesla V100-PCIE-16GB, 60 %, 4 %, 550 MiB, 16384 MiB, 45
2026/08/12 14:02:17.283, Tesla V100-PCIE-16GB, 58 %, 4 %, 550 MiB, 16384 MiB, 45
2026/08/12 14:02:27.284, Tesla V100-PCIE-16GB, 58 %, 4 %, 550 MiB, 16384 MiB, 45
2026/08/12 14:02:37.286, Tesla V100-PCIE-16GB, 58 %, 4 %, 550 MiB, 16384 MiB, 45
2026/08/12 14:02:47.319, Tesla V100-PCIE-16GB, 58 %, 4 %, 550 MiB, 16384 MiB, 45
2026/08/12 14:02:57.320, Tesla V100-PCIE-16GB, 58 %, 4 %, 550 MiB, 16384 MiB, 45
2026/08/12 14:03:07.321, Tesla V100-PCIE-16GB, 58 %, 4 %, 550 MiB, 16384 MiB, 45
2026/08/12 14:03:17.422, Tesla V100-PCIE-16GB, 58 %, 4 %, 550 MiB, 16384 MiB, 45
2026/08/12 14:03:27.423, Tesla V100-PCIE-16GB, 58 %, 4 %, 550 MiB, 16384 MiB, 45
2026/08/12 14:03:37.424, Tesla V100-PCIE-16GB, 25 %, 5 %, 550 MiB, 16384 MiB, 45
2026/08/12 14:03:47.425, Tesla V100-PCIE-16GB, 56 %, 4 %, 550 MiB, 16384 MiB, 45
2026/08/12 14:03:57.426, Tesla V100-PCIE-16GB, 58 %, 4 %, 550 MiB, 16384 MiB, 45
2026/08/12 14:04:07.428, Tesla V100-PCIE-16GB, 58 %, 4 %, 550 MiB, 16384 MiB, 45
2026/08/12 14:04:17.429, Tesla V100-PCIE-16GB, 57 %, 4 %, 550 MiB, 16384 MiB, 45
2026/08/12 14:04:27.430, Tesla V100-PCIE-16GB, 59 %, 4 %, 550 MiB, 16384 MiB, 45
2026/08/12 14:04:37.431, Tesla V100-PCIE-16GB, 57 %, 4 %, 550 MiB, 16384 MiB, 45
2026/08/12 14:04:47.433, Tesla V100-PCIE-16GB, 58 %, 4 %, 550 MiB, 16384 MiB, 45
2026/08/12 14:04:57.434, Tesla V100-PCIE-16GB, 58 %, 4 %, 550 MiB, 16384 MiB, 45
2026/08/12 14:05:07.435, Tesla V100-PCIE-16GB, 58 %, 4 %, 550 MiB, 16384 MiB, 45
2026/08/12 14:05:17.436, Tesla V100-PCIE-16GB, 58 %, 4 %, 550 MiB, 16384 MiB, 45
2026/08/12 14:05:27.438, Tesla V100-PCIE-16GB, 56 %, 4 %, 550 MiB, 16384 MiB, 45
2026/08/12 14:05:37.439, Tesla V100-PCIE-16GB, 58 %, 4 %, 550 MiB, 16384 MiB, 45
2026/08/12 14:05:47.440, Tesla V100-PCIE-16GB, 57 %, 4 %, 550 MiB, 16384 MiB, 45
2026/08/12 14:05:57.441, Tesla V100-PCIE-16GB, 57 %, 4 %, 550 MiB, 16384 MiB, 45
2026/08/12 14:06:07.443, Tesla V100-PCIE-16GB, 57 %, 4 %, 550 MiB, 16384 MiB, 45
2026/08/12 14:06:17.444, Tesla V100-PCIE-16GB, 58 %, 4 %, 550 MiB, 16384 MiB, 45
2026/08/12 14:06:27.445, Tesla V100-PCIE-16GB, 58 %, 4 %, 550 MiB, 16384 MiB, 45
2026/08/12 14:06:37.446, Tesla V100-PCIE-16GB, 58 %, 4 %, 550 MiB, 16384 MiB, 45
2026/08/12 14:06:47.448, Tesla V100-PCIE-16GB, 57 %, 4 %, 550 MiB, 16384 MiB, 45
2026/08/12 14:06:57.449, Tesla V100-PCIE-16GB, 58 %, 4 %, 550 MiB, 16384 MiB, 45
2026/08/12 14:07:07.450, Tesla V100-PCIE-16GB, 58 %, 4 %, 550 MiB, 16384 MiB, 45
2026/08/12 14:07:17.451, Tesla V100-PCIE-16GB, 57 %, 4 %, 550 MiB, 16384 MiB, 45
2026/08/12 14:07:27.453, Tesla V100-PCIE-16GB, 59 %, 4 %, 550 MiB, 16384 MiB, 45
2026/08/12 14:07:37.454, Tesla V100-PCIE-16GB, 58 %, 4 %, 550 MiB, 16384 MiB, 45
2026/08/12 14:07:47.455, Tesla V100-PCIE-16GB, 59 %, 4 %, 550 MiB, 16384 MiB, 45
2026/08/12 14:07:57.456, Tesla V100-PCIE-16GB, 59 %, 4 %, 550 MiB, 16384 MiB, 45
2026/08/12 14:08:07.457, Tesla V100-PCIE-16GB, 56 %, 4 %, 550 MiB, 16384 MiB, 46
2026/08/12 14:08:17.458, Tesla V100-PCIE-16GB, 58 %, 4 %, 550 MiB, 16384 MiB, 45
2026/08/12 14:08:27.460, Tesla V100-PCIE-16GB, 56 %, 4 %, 550 MiB, 16384 MiB, 45
2026/08/12 14:08:37.461, Tesla V100-PCIE-16GB, 58 %, 4 %, 550 MiB, 16384 MiB, 45
2026/08/12 14:08:47.462, Tesla V100-PCIE-16GB, 57 %, 4 %, 550 MiB, 16384 MiB, 45
2026/08/12 14:08:57.463, Tesla V100-PCIE-16GB, 59 %, 4 %, 550 MiB, 16384 MiB, 45
2026/08/12 14:09:07.465, Tesla V100-PCIE-16GB, 58 %, 4 %, 550 MiB, 16384 MiB, 45
2026/08/12 14:09:17.466, Tesla V100-PCIE-16GB, 24 %, 5 %, 550 MiB, 16384 MiB, 45
2026/08/12 14:09:27.467, Tesla V100-PCIE-16GB, 58 %, 4 %, 550 MiB, 16384 MiB, 45
2026/08/12 14:09:37.469, Tesla V100-PCIE-16GB, 58 %, 4 %, 550 MiB, 16384 MiB, 45
2026/08/12 14:09:47.470, Tesla V100-PCIE-16GB, 58 %, 4 %, 550 MiB, 16384 MiB, 45
2026/08/12 14:09:57.471, Tesla V100-PCIE-16GB, 57 %, 4 %, 550 MiB, 16384 MiB, 45
2026/08/12 14:10:07.472, Tesla V100-PCIE-16GB, 58 %, 4 %, 550 MiB, 16384 MiB, 45
2026/08/12 14:10:17.473, Tesla V100-PCIE-16GB, 56 %, 4 %, 550 MiB, 16384 MiB, 45
2026/08/12 14:10:27.475, Tesla V100-PCIE-16GB, 58 %, 4 %, 550 MiB, 16384 MiB, 45
2026/08/12 14:10:37.476, Tesla V100-PCIE-16GB, 57 %, 4 %, 550 MiB, 16384 MiB, 45
2026/08/12 14:10:47.478, Tesla V100-PCIE-16GB, 58 %, 4 %, 550 MiB, 16384 MiB, 45
2026/08/12 14:10:57.529, Tesla V100-PCIE-16GB, 58 %, 4 %, 550 MiB, 16384 MiB, 46
2026/08/12 14:11:07.531, Tesla V100-PCIE-16GB, 58 %, 4 %, 550 MiB, 16384 MiB, 46
2026/08/12 14:11:17.532, Tesla V100-PCIE-16GB, 58 %, 4 %, 550 MiB, 16384 MiB, 46
2026/08/12 14:11:27.533, Tesla V100-PCIE-16GB, 57 %, 4 %, 550 MiB, 16384 MiB, 45
2026/08/12 14:11:37.534, Tesla V100-PCIE-16GB, 58 %, 4 %, 550 MiB, 16384 MiB, 45
2026/08/12 14:11:47.535, Tesla V100-PCIE-16GB, 57 %, 4 %, 550 MiB, 16384 MiB, 45
2026/08/12 14:11:57.536, Tesla V100-PCIE-16GB, 59 %, 4 %, 550 MiB, 16384 MiB, 45
2026/08/12 14:12:07.538, Tesla V100-PCIE-16GB, 58 %, 4 %, 550 MiB, 16384 MiB, 45
2026/08/12 14:12:17.539, Tesla V100-PCIE-16GB, 57 %, 4 %, 550 MiB, 16384 MiB, 45
2026/08/12 14:12:27.540, Tesla V100-PCIE-16GB, 58 %, 4 %, 550 MiB, 16384 MiB, 45
2026/08/12 14:12:37.541, Tesla V100-PCIE-16GB, 58 %, 4 %, 550 MiB, 16384 MiB, 45
2026/08/12 14:12:47.542, Tesla V100-PCIE-16GB, 58 %, 4 %, 550 MiB, 16384 MiB, 45
2026/08/12 14:12:57.543, Tesla V100-PCIE-16GB, 58 %, 4 %, 550 MiB, 16384 MiB, 45
2026/08/12 14:13:07.551, Tesla V100-PCIE-16GB, 58 %, 4 %, 550 MiB, 16384 MiB, 45
2026/08/12 14:13:17.553, Tesla V100-PCIE-16GB, 58 %, 4 %, 550 MiB, 16384 MiB, 45
2026/08/12 14:13:27.554, Tesla V100-PCIE-16GB, 58 %, 4 %, 550 MiB, 16384 MiB, 45
2026/08/12 14:13:37.555, Tesla V100-PCIE-16GB, 58 %, 4 %, 550 MiB, 16384 MiB, 45
2026/08/12 14:13:47.557, Tesla V100-PCIE-16GB, 58 %, 4 %, 550 MiB, 16384 MiB, 45
2026/08/12 14:13:57.558, Tesla V100-PCIE-16GB, 57 %, 4 %, 550 MiB, 16384 MiB, 45
2026/08/12 14:14:07.559, Tesla V100-PCIE-16GB, 55 %, 4 %, 550 MiB, 16384 MiB, 45
2026/08/12 14:14:17.560, Tesla V100-PCIE-16GB, 58 %, 4 %, 550 MiB, 16384 MiB, 45
2026/08/12 14:14:27.561, Tesla V100-PCIE-16GB, 58 %, 4 %, 550 MiB, 16384 MiB, 45
2026/08/12 14:14:37.562, Tesla V100-PCIE-16GB, 58 %, 4 %, 550 MiB, 16384 MiB, 45
2026/08/12 14:14:47.564, Tesla V100-PCIE-16GB, 58 %, 4 %, 550 MiB, 16384 MiB, 45
2026/08/12 14:14:57.565, Tesla V100-PCIE-16GB, 23 %, 4 %, 550 MiB, 16384 MiB, 45
2026/08/12 14:15:07.567, Tesla V100-PCIE-16GB, 58 %, 4 %, 550 MiB, 16384 MiB, 45
2026/08/12 14:15:17.570, Tesla V100-PCIE-16GB, 57 %, 4 %, 550 MiB, 16384 MiB, 45
2026/08/12 14:15:27.571, Tesla V100-PCIE-16GB, 58 %, 4 %, 550 MiB, 16384 MiB, 45
2026/08/12 14:15:37.572, Tesla V100-PCIE-16GB, 58 %, 4 %, 550 MiB, 16384 MiB, 45
2026/08/12 14:15:47.573, Tesla V100-PCIE-16GB, 58 %, 4 %, 550 MiB, 16384 MiB, 45
2026/08/12 14:15:57.575, Tesla V100-PCIE-16GB, 58 %, 4 %, 550 MiB, 16384 MiB, 45
2026/08/12 14:16:07.577, Tesla V100-PCIE-16GB, 58 %, 4 %, 550 MiB, 16384 MiB, 46
2026/08/12 14:16:17.578, Tesla V100-PCIE-16GB, 58 %, 4 %, 550 MiB, 16384 MiB, 46
2026/08/12 14:16:27.579, Tesla V100-PCIE-16GB, 58 %, 4 %, 550 MiB, 16384 MiB, 45
2026/08/12 14:16:37.580, Tesla V100-PCIE-16GB, 58 %, 4 %, 550 MiB, 16384 MiB, 45
2026/08/12 14:16:47.581, Tesla V100-PCIE-16GB, 58 %, 4 %, 550 MiB, 16384 MiB, 45
2026/08/12 14:16:57.583, Tesla V100-PCIE-16GB, 58 %, 4 %, 550 MiB, 16384 MiB, 46
2026/08/12 14:17:07.584, Tesla V100-PCIE-16GB, 58 %, 4 %, 550 MiB, 16384 MiB, 45
2026/08/12 14:17:17.585, Tesla V100-PCIE-16GB, 58 %, 4 %, 550 MiB, 16384 MiB, 45
2026/08/12 14:17:27.586, Tesla V100-PCIE-16GB, 58 %, 4 %, 550 MiB, 16384 MiB, 45
2026/08/12 14:17:37.587, Tesla V100-PCIE-16GB, 56 %, 4 %, 550 MiB, 16384 MiB, 45
2026/08/12 14:17:47.588, Tesla V100-PCIE-16GB, 58 %, 4 %, 550 MiB, 16384 MiB, 45
2026/08/12 14:17:57.589, Tesla V100-PCIE-16GB, 58 %, 4 %, 550 MiB, 16384 MiB, 45
2026/08/12 14:18:07.590, Tesla V100-PCIE-16GB, 57 %, 4 %, 550 MiB, 16384 MiB, 45
2026/08/12 14:18:17.592, Tesla V100-PCIE-16GB, 57 %, 4 %, 550 MiB, 16384 MiB, 45
2026/08/12 14:18:27.593, Tesla V100-PCIE-16GB, 58 %, 4 %, 550 MiB, 16384 MiB, 45
2026/08/12 14:18:37.594, Tesla V100-PCIE-16GB, 57 %, 4 %, 550 MiB, 16384 MiB, 45
2026/08/12 14:18:47.595, Tesla V100-PCIE-16GB, 56 %, 4 %, 550 MiB, 16384 MiB, 45
2026/08/12 14:18:57.596, Tesla V100-PCIE-16GB, 58 %, 4 %, 550 MiB, 16384 MiB, 45
2026/08/12 14:19:07.597, Tesla V100-PCIE-16GB, 58 %, 4 %, 550 MiB, 16384 MiB, 45
2026/08/12 14:19:17.598, Tesla V100-PCIE-16GB, 58 %, 4 %, 550 MiB, 16384 MiB, 45
2026/08/12 14:19:27.600, Tesla V100-PCIE-16GB, 58 %, 4 %, 550 MiB, 16384 MiB, 45
2026/08/12 14:19:37.601, Tesla V100-PCIE-16GB, 58 %, 4 %, 550 MiB, 16384 MiB, 45
2026/08/12 14:19:47.602, Tesla V100-PCIE-16GB, 56 %, 4 %, 550 MiB, 16384 MiB, 45
2026/08/12 14:19:57.603, Tesla V100-PCIE-16GB, 58 %, 4 %, 550 MiB, 16384 MiB, 45
2026/08/12 14:20:07.604, Tesla V100-PCIE-16GB, 58 %, 4 %, 550 MiB, 16384 MiB, 45
2026/08/12 14:20:17.606, Tesla V100-PCIE-16GB, 59 %, 4 %, 550 MiB, 16384 MiB, 45
2026/08/12 14:20:27.607, Tesla V100-PCIE-16GB, 58 %, 4 %, 550 MiB, 16384 MiB, 45
2026/08/12 14:20:37.608, Tesla V100-PCIE-16GB, 59 %, 4 %, 550 MiB, 16384 MiB, 45
2026/08/12 14:20:47.609, Tesla V100-PCIE-16GB, 56 %, 4 %, 550 MiB, 16384 MiB, 45
2026/08/12 14:20:57.610, Tesla V100-PCIE-16GB, 58 %, 4 %, 550 MiB, 16384 MiB, 45
2026/08/12 14:21:07.611, Tesla V100-PCIE-16GB, 58 %, 4 %, 550 MiB, 16384 MiB, 45
2026/08/12 14:21:17.613, Tesla V100-PCIE-16GB, 57 %, 4 %, 550 MiB, 16384 MiB, 45
2026/08/12 14:21:27.614, Tesla V100-PCIE-16GB, 58 %, 4 %, 550 MiB, 16384 MiB, 45
2026/08/12 14:21:37.615, Tesla V100-PCIE-16GB, 57 %, 4 %, 550 MiB, 16384 MiB, 45
2026/08/12 14:21:47.617, Tesla V100-PCIE-16GB, 58 %, 4 %, 550 MiB, 16384 MiB, 45
2026/08/12 14:21:57.618, Tesla V100-PCIE-16GB, 58 %, 4 %, 550 MiB, 16384 MiB, 45
2026/08/12 14:22:07.619, Tesla V100-PCIE-16GB, 27 %, 3 %, 550 MiB, 16384 MiB, 45
2026/08/12 14:22:17.620, Tesla V100-PCIE-16GB, 57 %, 4 %, 550 MiB, 16384 MiB, 45
2026/08/12 14:22:27.624, Tesla V100-PCIE-16GB, 58 %, 4 %, 550 MiB, 16384 MiB, 45
2026/08/12 14:22:37.625, Tesla V100-PCIE-16GB, 57 %, 4 %, 550 MiB, 16384 MiB, 46
2026/08/12 14:22:47.626, Tesla V100-PCIE-16GB, 58 %, 4 %, 550 MiB, 16384 MiB, 46
2026/08/12 14:22:57.627, Tesla V100-PCIE-16GB, 58 %, 4 %, 550 MiB, 16384 MiB, 45
2026/08/12 14:23:07.629, Tesla V100-PCIE-16GB, 56 %, 4 %, 550 MiB, 16384 MiB, 45
2026/08/12 14:23:17.631, Tesla V100-PCIE-16GB, 58 %, 4 %, 550 MiB, 16384 MiB, 45
2026/08/12 14:23:27.632, Tesla V100-PCIE-16GB, 57 %, 4 %, 550 MiB, 16384 MiB, 45
2026/08/12 14:23:37.633, Tesla V100-PCIE-16GB, 58 %, 4 %, 550 MiB, 16384 MiB, 45
2026/08/12 14:23:47.634, Tesla V100-PCIE-16GB, 57 %, 4 %, 550 MiB, 16384 MiB, 45
2026/08/12 14:23:57.635, Tesla V100-PCIE-16GB, 57 %, 4 %, 550 MiB, 16384 MiB, 45
2026/08/12 14:24:07.636, Tesla V100-PCIE-16GB, 58 %, 4 %, 550 MiB, 16384 MiB, 45
2026/08/12 14:24:17.637, Tesla V100-PCIE-16GB, 58 %, 4 %, 550 MiB, 16384 MiB, 45
2026/08/12 14:24:27.639, Tesla V100-PCIE-16GB, 59 %, 4 %, 550 MiB, 16384 MiB, 45
2026/08/12 14:24:37.640, Tesla V100-PCIE-16GB, 57 %, 4 %, 550 MiB, 16384 MiB, 45
2026/08/12 14:24:47.641, Tesla V100-PCIE-16GB, 59 %, 4 %, 550 MiB, 16384 MiB, 45
2026/08/12 14:24:57.642, Tesla V100-PCIE-16GB, 58 %, 4 %, 550 MiB, 16384 MiB, 45
2026/08/12 14:25:07.643, Tesla V100-PCIE-16GB, 54 %, 4 %, 550 MiB, 16384 MiB, 45
2026/08/12 14:25:17.644, Tesla V100-PCIE-16GB, 58 %, 4 %, 550 MiB, 16384 MiB, 45
2026/08/12 14:25:27.645, Tesla V100-PCIE-16GB, 58 %, 4 %, 550 MiB, 16384 MiB, 45
2026/08/12 14:25:37.647, Tesla V100-PCIE-16GB, 50 %, 3 %, 550 MiB, 16384 MiB, 45
2026/08/12 14:25:47.648, Tesla V100-PCIE-16GB, 58 %, 4 %, 550 MiB, 16384 MiB, 45
2026/08/12 14:25:57.649, Tesla V100-PCIE-16GB, 59 %, 4 %, 550 MiB, 16384 MiB, 45
2026/08/12 14:26:07.651, Tesla V100-PCIE-16GB, 57 %, 4 %, 550 MiB, 16384 MiB, 46
2026/08/12 14:26:17.652, Tesla V100-PCIE-16GB, 25 %, 5 %, 550 MiB, 16384 MiB, 46
2026/08/12 14:26:27.653, Tesla V100-PCIE-16GB, 57 %, 4 %, 550 MiB, 16384 MiB, 45
2026/08/12 14:26:37.654, Tesla V100-PCIE-16GB, 56 %, 4 %, 550 MiB, 16384 MiB, 45
2026/08/12 14:26:47.656, Tesla V100-PCIE-16GB, 58 %, 4 %, 550 MiB, 16384 MiB, 46
2026/08/12 14:26:57.657, Tesla V100-PCIE-16GB, 58 %, 4 %, 550 MiB, 16384 MiB, 45
2026/08/12 14:27:07.719, Tesla V100-PCIE-16GB, 58 %, 4 %, 550 MiB, 16384 MiB, 45
2026/08/12 14:27:17.720, Tesla V100-PCIE-16GB, 58 %, 4 %, 550 MiB, 16384 MiB, 45
2026/08/12 14:27:27.722, Tesla V100-PCIE-16GB, 58 %, 4 %, 550 MiB, 16384 MiB, 45
2026/08/12 14:27:37.723, Tesla V100-PCIE-16GB, 58 %, 4 %, 550 MiB, 16384 MiB, 45
2026/08/12 14:27:47.724, Tesla V100-PCIE-16GB, 57 %, 4 %, 550 MiB, 16384 MiB, 45
2026/08/12 14:27:57.725, Tesla V100-PCIE-16GB, 57 %, 4 %, 550 MiB, 16384 MiB, 45
2026/08/12 14:28:07.726, Tesla V100-PCIE-16GB, 56 %, 4 %, 550 MiB, 16384 MiB, 45
2026/08/12 14:28:17.727, Tesla V100-PCIE-16GB, 58 %, 4 %, 550 MiB, 16384 MiB, 45
2026/08/12 14:28:27.728, Tesla V100-PCIE-16GB, 59 %, 4 %, 550 MiB, 16384 MiB, 45
2026/08/12 14:28:37.730, Tesla V100-PCIE-16GB, 58 %, 4 %, 550 MiB, 16384 MiB, 45
2026/08/12 14:28:47.732, Tesla V100-PCIE-16GB, 58 %, 4 %, 550 MiB, 16384 MiB, 45
2026/08/12 14:28:57.733, Tesla V100-PCIE-16GB, 58 %, 4 %, 550 MiB, 16384 MiB, 45
2026/08/12 14:29:07.838, Tesla V100-PCIE-16GB, 58 %, 4 %, 550 MiB, 16384 MiB, 45
2026/08/12 14:29:17.839, Tesla V100-PCIE-16GB, 57 %, 4 %, 550 MiB, 16384 MiB, 45
2026/08/12 14:29:27.840, Tesla V100-PCIE-16GB, 58 %, 4 %, 550 MiB, 16384 MiB, 45
2026/08/12 14:29:37.868, Tesla V100-PCIE-16GB, 57 %, 4 %, 550 MiB, 16384 MiB, 45
2026/08/12 14:29:47.869, Tesla V100-PCIE-16GB, 59 %, 4 %, 550 MiB, 16384 MiB, 45
2026/08/12 14:29:57.870, Tesla V100-PCIE-16GB, 58 %, 4 %, 550 MiB, 16384 MiB, 45
2026/08/12 14:30:07.871, Tesla V100-PCIE-16GB, 59 %, 4 %, 550 MiB, 16384 MiB, 46
2026/08/12 14:30:17.872, Tesla V100-PCIE-16GB, 58 %, 4 %, 550 MiB, 16384 MiB, 46
2026/08/12 14:30:27.874, Tesla V100-PCIE-16GB, 59 %, 4 %, 550 MiB, 16384 MiB, 45
2026/08/12 14:30:37.875, Tesla V100-PCIE-16GB, 57 %, 4 %, 550 MiB, 16384 MiB, 46
2026/08/12 14:30:47.968, Tesla V100-PCIE-16GB, 58 %, 4 %, 550 MiB, 16384 MiB, 45
2026/08/12 14:30:57.969, Tesla V100-PCIE-16GB, 58 %, 4 %, 550 MiB, 16384 MiB, 45
2026/08/12 14:31:07.971, Tesla V100-PCIE-16GB, 58 %, 4 %, 550 MiB, 16384 MiB, 45
2026/08/12 14:31:17.972, Tesla V100-PCIE-16GB, 59 %, 4 %, 550 MiB, 16384 MiB, 45
2026/08/12 14:31:27.974, Tesla V100-PCIE-16GB, 58 %, 4 %, 550 MiB, 16384 MiB, 45
2026/08/12 14:31:37.975, Tesla V100-PCIE-16GB, 58 %, 4 %, 550 MiB, 16384 MiB, 45
2026/08/12 14:31:47.976, Tesla V100-PCIE-16GB, 58 %, 4 %, 550 MiB, 16384 MiB, 46
2026/08/12 14:31:57.977, Tesla V100-PCIE-16GB, 57 %, 4 %, 550 MiB, 16384 MiB, 45
2026/08/12 14:32:07.978, Tesla V100-PCIE-16GB, 58 %, 4 %, 550 MiB, 16384 MiB, 45
2026/08/12 14:32:17.979, Tesla V100-PCIE-16GB, 58 %, 4 %, 550 MiB, 16384 MiB, 45
2026/08/12 14:32:27.980, Tesla V100-PCIE-16GB, 58 %, 4 %, 550 MiB, 16384 MiB, 45
2026/08/12 14:32:37.982, Tesla V100-PCIE-16GB, 58 %, 4 %, 550 MiB, 16384 MiB, 45
2026/08/12 14:32:47.983, Tesla V100-PCIE-16GB, 59 %, 4 %, 550 MiB, 16384 MiB, 45
2026/08/12 14:32:58.038, Tesla V100-PCIE-16GB, 57 %, 4 %, 550 MiB, 16384 MiB, 45
2026/08/12 14:33:08.039, Tesla V100-PCIE-16GB, 59 %, 4 %, 550 MiB, 16384 MiB, 45
2026/08/12 14:33:18.041, Tesla V100-PCIE-16GB, 58 %, 4 %, 550 MiB, 16384 MiB, 45
2026/08/12 14:33:28.086, Tesla V100-PCIE-16GB, 24 %, 4 %, 550 MiB, 16384 MiB, 45
2026/08/12 14:33:38.087, Tesla V100-PCIE-16GB, 58 %, 4 %, 550 MiB, 16384 MiB, 45
2026/08/12 14:33:48.089, Tesla V100-PCIE-16GB, 58 %, 4 %, 550 MiB, 16384 MiB, 45
2026/08/12 14:33:58.091, Tesla V100-PCIE-16GB, 58 %, 4 %, 550 MiB, 16384 MiB, 45
2026/08/12 14:34:08.093, Tesla V100-PCIE-16GB, 58 %, 4 %, 550 MiB, 16384 MiB, 45
2026/08/12 14:34:18.094, Tesla V100-PCIE-16GB, 59 %, 4 %, 550 MiB, 16384 MiB, 45
2026/08/12 14:34:28.095, Tesla V100-PCIE-16GB, 57 %, 4 %, 550 MiB, 16384 MiB, 45
2026/08/12 14:34:38.096, Tesla V100-PCIE-16GB, 59 %, 4 %, 550 MiB, 16384 MiB, 45
2026/08/12 14:34:48.097, Tesla V100-PCIE-16GB, 58 %, 4 %, 550 MiB, 16384 MiB, 45
2026/08/12 14:34:58.168, Tesla V100-PCIE-16GB, 48 %, 3 %, 550 MiB, 16384 MiB, 45
2026/08/12 14:35:08.169, Tesla V100-PCIE-16GB, 58 %, 4 %, 550 MiB, 16384 MiB, 46
2026/08/12 14:35:18.170, Tesla V100-PCIE-16GB, 58 %, 4 %, 550 MiB, 16384 MiB, 45
2026/08/12 14:35:28.171, Tesla V100-PCIE-16GB, 58 %, 4 %, 550 MiB, 16384 MiB, 45
2026/08/12 14:35:38.173, Tesla V100-PCIE-16GB, 58 %, 4 %, 550 MiB, 16384 MiB, 45
2026/08/12 14:35:48.174, Tesla V100-PCIE-16GB, 59 %, 4 %, 550 MiB, 16384 MiB, 45
2026/08/12 14:35:58.176, Tesla V100-PCIE-16GB, 57 %, 4 %, 550 MiB, 16384 MiB, 45
2026/08/12 14:36:08.178, Tesla V100-PCIE-16GB, 59 %, 4 %, 550 MiB, 16384 MiB, 45
2026/08/12 14:36:18.179, Tesla V100-PCIE-16GB, 57 %, 4 %, 550 MiB, 16384 MiB, 45
2026/08/12 14:36:28.180, Tesla V100-PCIE-16GB, 58 %, 4 %, 550 MiB, 16384 MiB, 45
2026/08/12 14:36:38.181, Tesla V100-PCIE-16GB, 58 %, 4 %, 550 MiB, 16384 MiB, 45
2026/08/12 14:36:48.182, Tesla V100-PCIE-16GB, 58 %, 4 %, 550 MiB, 16384 MiB, 45
2026/08/12 14:36:58.238, Tesla V100-PCIE-16GB, 58 %, 4 %, 550 MiB, 16384 MiB, 45
2026/08/12 14:37:08.239, Tesla V100-PCIE-16GB, 58 %, 4 %, 550 MiB, 16384 MiB, 45
2026/08/12 14:37:18.240, Tesla V100-PCIE-16GB, 58 %, 4 %, 550 MiB, 16384 MiB, 45
2026/08/12 14:37:28.242, Tesla V100-PCIE-16GB, 58 %, 4 %, 550 MiB, 16384 MiB, 45
2026/08/12 14:37:38.243, Tesla V100-PCIE-16GB, 60 %, 4 %, 550 MiB, 16384 MiB, 45
2026/08/12 14:37:48.244, Tesla V100-PCIE-16GB, 57 %, 4 %, 550 MiB, 16384 MiB, 45
2026/08/12 14:37:58.245, Tesla V100-PCIE-16GB, 57 %, 4 %, 550 MiB, 16384 MiB, 45
2026/08/12 14:38:08.246, Tesla V100-PCIE-16GB, 58 %, 4 %, 550 MiB, 16384 MiB, 45
2026/08/12 14:38:18.248, Tesla V100-PCIE-16GB, 57 %, 4 %, 550 MiB, 16384 MiB, 45
2026/08/12 14:38:28.249, Tesla V100-PCIE-16GB, 59 %, 4 %, 550 MiB, 16384 MiB, 45
2026/08/12 14:38:38.250, Tesla V100-PCIE-16GB, 57 %, 4 %, 550 MiB, 16384 MiB, 45
2026/08/12 14:38:48.251, Tesla V100-PCIE-16GB, 58 %, 4 %, 550 MiB, 16384 MiB, 45
2026/08/12 14:38:58.308, Tesla V100-PCIE-16GB, 58 %, 4 %, 550 MiB, 16384 MiB, 45
2026/08/12 14:39:08.310, Tesla V100-PCIE-16GB, 60 %, 4 %, 550 MiB, 16384 MiB, 45
2026/08/12 14:39:18.311, Tesla V100-PCIE-16GB, 56 %, 4 %, 550 MiB, 16384 MiB, 45
2026/08/12 14:39:28.379, Tesla V100-PCIE-16GB, 56 %, 4 %, 550 MiB, 16384 MiB, 45
2026/08/12 14:39:38.380, Tesla V100-PCIE-16GB, 58 %, 4 %, 550 MiB, 16384 MiB, 45
2026/08/12 14:39:48.382, Tesla V100-PCIE-16GB, 57 %, 4 %, 550 MiB, 16384 MiB, 45
2026/08/12 14:39:58.383, Tesla V100-PCIE-16GB, 58 %, 4 %, 550 MiB, 16384 MiB, 45
2026/08/12 14:40:08.384, Tesla V100-PCIE-16GB, 58 %, 4 %, 550 MiB, 16384 MiB, 45
2026/08/12 14:40:18.385, Tesla V100-PCIE-16GB, 58 %, 4 %, 550 MiB, 16384 MiB, 45
2026/08/12 14:40:28.387, Tesla V100-PCIE-16GB, 58 %, 4 %, 550 MiB, 16384 MiB, 45
2026/08/12 14:40:38.388, Tesla V100-PCIE-16GB, 25 %, 5 %, 550 MiB, 16384 MiB, 45
2026/08/12 14:40:48.391, Tesla V100-PCIE-16GB, 58 %, 4 %, 550 MiB, 16384 MiB, 45
2026/08/12 14:40:58.461, Tesla V100-PCIE-16GB, 58 %, 4 %, 550 MiB, 16384 MiB, 45
2026/08/12 14:41:08.462, Tesla V100-PCIE-16GB, 57 %, 4 %, 550 MiB, 16384 MiB, 45
2026/08/12 14:41:18.463, Tesla V100-PCIE-16GB, 57 %, 4 %, 550 MiB, 16384 MiB, 45
2026/08/12 14:41:28.465, Tesla V100-PCIE-16GB, 58 %, 4 %, 550 MiB, 16384 MiB, 45
2026/08/12 14:41:38.466, Tesla V100-PCIE-16GB, 58 %, 4 %, 550 MiB, 16384 MiB, 45
2026/08/12 14:41:48.468, Tesla V100-PCIE-16GB, 59 %, 4 %, 550 MiB, 16384 MiB, 45
2026/08/12 14:41:58.469, Tesla V100-PCIE-16GB, 58 %, 4 %, 550 MiB, 16384 MiB, 45
2026/08/12 14:42:08.470, Tesla V100-PCIE-16GB, 58 %, 4 %, 550 MiB, 16384 MiB, 45
2026/08/12 14:42:18.471, Tesla V100-PCIE-16GB, 58 %, 4 %, 550 MiB, 16384 MiB, 45
2026/08/12 14:42:28.472, Tesla V100-PCIE-16GB, 58 %, 4 %, 550 MiB, 16384 MiB, 45
2026/08/12 14:42:38.474, Tesla V100-PCIE-16GB, 58 %, 4 %, 550 MiB, 16384 MiB, 45
2026/08/12 14:42:48.475, Tesla V100-PCIE-16GB, 58 %, 4 %, 550 MiB, 16384 MiB, 45
2026/08/12 14:42:58.476, Tesla V100-PCIE-16GB, 58 %, 4 %, 550 MiB, 16384 MiB, 45
2026/08/12 14:43:08.477, Tesla V100-PCIE-16GB, 58 %, 4 %, 550 MiB, 16384 MiB, 45
2026/08/12 14:43:18.478, Tesla V100-PCIE-16GB, 60 %, 4 %, 550 MiB, 16384 MiB, 45
2026/08/12 14:43:28.479, Tesla V100-PCIE-16GB, 56 %, 4 %, 550 MiB, 16384 MiB, 45
2026/08/12 14:43:38.480, Tesla V100-PCIE-16GB, 58 %, 4 %, 550 MiB, 16384 MiB, 45
2026/08/12 14:43:48.481, Tesla V100-PCIE-16GB, 58 %, 4 %, 550 MiB, 16384 MiB, 45
2026/08/12 14:43:58.483, Tesla V100-PCIE-16GB, 57 %, 4 %, 550 MiB, 16384 MiB, 45
2026/08/12 14:44:08.484, Tesla V100-PCIE-16GB, 59 %, 4 %, 550 MiB, 16384 MiB, 45
2026/08/12 14:44:18.485, Tesla V100-PCIE-16GB, 58 %, 4 %, 550 MiB, 16384 MiB, 45
2026/08/12 14:44:28.486, Tesla V100-PCIE-16GB, 59 %, 4 %, 550 MiB, 16384 MiB, 45
2026/08/12 14:44:38.487, Tesla V100-PCIE-16GB, 58 %, 4 %, 550 MiB, 16384 MiB, 45
2026/08/12 14:44:48.488, Tesla V100-PCIE-16GB, 59 %, 4 %, 550 MiB, 16384 MiB, 45
2026/08/12 14:44:58.490, Tesla V100-PCIE-16GB, 58 %, 4 %, 550 MiB, 16384 MiB, 45
2026/08/12 14:45:08.491, Tesla V100-PCIE-16GB, 55 %, 4 %, 550 MiB, 16384 MiB, 45
2026/08/12 14:45:18.492, Tesla V100-PCIE-16GB, 57 %, 4 %, 550 MiB, 16384 MiB, 45
2026/08/12 14:45:28.493, Tesla V100-PCIE-16GB, 56 %, 4 %, 550 MiB, 16384 MiB, 45
2026/08/12 14:45:38.494, Tesla V100-PCIE-16GB, 58 %, 4 %, 550 MiB, 16384 MiB, 45
2026/08/12 14:45:48.496, Tesla V100-PCIE-16GB, 58 %, 4 %, 550 MiB, 16384 MiB, 45
2026/08/12 14:45:58.497, Tesla V100-PCIE-16GB, 58 %, 4 %, 550 MiB, 16384 MiB, 45
2026/08/12 14:46:08.498, Tesla V100-PCIE-16GB, 58 %, 4 %, 550 MiB, 16384 MiB, 45
2026/08/12 14:46:18.499, Tesla V100-PCIE-16GB, 25 %, 5 %, 550 MiB, 16384 MiB, 45
2026/08/12 14:46:28.590, Tesla V100-PCIE-16GB, 58 %, 4 %, 550 MiB, 16384 MiB, 45
2026/08/12 14:46:38.591, Tesla V100-PCIE-16GB, 58 %, 4 %, 550 MiB, 16384 MiB, 45
2026/08/12 14:46:48.592, Tesla V100-PCIE-16GB, 58 %, 4 %, 550 MiB, 16384 MiB, 45
2026/08/12 14:46:58.593, Tesla V100-PCIE-16GB, 58 %, 4 %, 550 MiB, 16384 MiB, 45
2026/08/12 14:47:08.594, Tesla V100-PCIE-16GB, 58 %, 4 %, 550 MiB, 16384 MiB, 46
2026/08/12 14:47:18.595, Tesla V100-PCIE-16GB, 58 %, 4 %, 550 MiB, 16384 MiB, 46
2026/08/12 14:47:28.597, Tesla V100-PCIE-16GB, 59 %, 4 %, 550 MiB, 16384 MiB, 45
2026/08/12 14:47:38.598, Tesla V100-PCIE-16GB, 58 %, 4 %, 550 MiB, 16384 MiB, 45
2026/08/12 14:47:48.599, Tesla V100-PCIE-16GB, 47 %, 3 %, 550 MiB, 16384 MiB, 45
2026/08/12 14:47:58.600, Tesla V100-PCIE-16GB, 58 %, 4 %, 550 MiB, 16384 MiB, 46
2026/08/12 14:48:08.601, Tesla V100-PCIE-16GB, 57 %, 4 %, 550 MiB, 16384 MiB, 46
2026/08/12 14:48:18.602, Tesla V100-PCIE-16GB, 58 %, 4 %, 550 MiB, 16384 MiB, 45
2026/08/12 14:48:28.604, Tesla V100-PCIE-16GB, 57 %, 4 %, 550 MiB, 16384 MiB, 45
2026/08/12 14:48:38.605, Tesla V100-PCIE-16GB, 58 %, 4 %, 550 MiB, 16384 MiB, 45
2026/08/12 14:48:48.606, Tesla V100-PCIE-16GB, 58 %, 4 %, 550 MiB, 16384 MiB, 45
2026/08/12 14:48:58.607, Tesla V100-PCIE-16GB, 58 %, 4 %, 550 MiB, 16384 MiB, 45
2026/08/12 14:49:08.608, Tesla V100-PCIE-16GB, 58 %, 4 %, 550 MiB, 16384 MiB, 45
2026/08/12 14:49:18.609, Tesla V100-PCIE-16GB, 56 %, 4 %, 550 MiB, 16384 MiB, 45
2026/08/12 14:49:28.610, Tesla V100-PCIE-16GB, 58 %, 4 %, 550 MiB, 16384 MiB, 45
2026/08/12 14:49:38.611, Tesla V100-PCIE-16GB, 58 %, 4 %, 550 MiB, 16384 MiB, 45
2026/08/12 14:49:48.613, Tesla V100-PCIE-16GB, 58 %, 4 %, 550 MiB, 16384 MiB, 45
2026/08/12 14:49:58.614, Tesla V100-PCIE-16GB, 58 %, 4 %, 550 MiB, 16384 MiB, 45
2026/08/12 14:50:08.615, Tesla V100-PCIE-16GB, 59 %, 4 %, 550 MiB, 16384 MiB, 45
2026/08/12 14:50:18.616, Tesla V100-PCIE-16GB, 58 %, 4 %, 550 MiB, 16384 MiB, 45
2026/08/12 14:50:28.618, Tesla V100-PCIE-16GB, 58 %, 4 %, 550 MiB, 16384 MiB, 45
2026/08/12 14:50:38.619, Tesla V100-PCIE-16GB, 58 %, 4 %, 550 MiB, 16384 MiB, 45
2026/08/12 14:50:48.620, Tesla V100-PCIE-16GB, 57 %, 4 %, 550 MiB, 16384 MiB, 45
2026/08/12 14:50:58.621, Tesla V100-PCIE-16GB, 58 %, 4 %, 550 MiB, 16384 MiB, 45
2026/08/12 14:51:08.622, Tesla V100-PCIE-16GB, 55 %, 4 %, 550 MiB, 16384 MiB, 45
2026/08/12 14:51:18.623, Tesla V100-PCIE-16GB, 58 %, 4 %, 550 MiB, 16384 MiB, 45
2026/08/12 14:51:28.624, Tesla V100-PCIE-16GB, 58 %, 4 %, 550 MiB, 16384 MiB, 45
2026/08/12 14:51:38.625, Tesla V100-PCIE-16GB, 58 %, 4 %, 550 MiB, 16384 MiB, 45
2026/08/12 14:51:48.626, Tesla V100-PCIE-16GB, 58 %, 4 %, 550 MiB, 16384 MiB, 45
2026/08/12 14:51:58.628, Tesla V100-PCIE-16GB, 59 %, 4 %, 550 MiB, 16384 MiB, 45
2026/08/12 14:52:08.629, Tesla V100-PCIE-16GB, 58 %, 4 %, 550 MiB, 16384 MiB, 45
2026/08/12 14:52:18.630, Tesla V100-PCIE-16GB, 58 %, 4 %, 550 MiB, 16384 MiB, 45
2026/08/12 14:52:28.632, Tesla V100-PCIE-16GB, 56 %, 4 %, 550 MiB, 16384 MiB, 45
2026/08/12 14:52:38.633, Tesla V100-PCIE-16GB, 57 %, 4 %, 550 MiB, 16384 MiB, 45
2026/08/12 14:52:48.634, Tesla V100-PCIE-16GB, 58 %, 4 %, 550 MiB, 16384 MiB, 45
2026/08/12 14:52:58.635, Tesla V100-PCIE-16GB, 57 %, 4 %, 550 MiB, 16384 MiB, 45
2026/08/12 14:53:08.636, Tesla V100-PCIE-16GB, 59 %, 4 %, 550 MiB, 16384 MiB, 45
2026/08/12 14:53:18.638, Tesla V100-PCIE-16GB, 58 %, 4 %, 550 MiB, 16384 MiB, 45
2026/08/12 14:53:28.639, Tesla V100-PCIE-16GB, 24 %, 4 %, 550 MiB, 16384 MiB, 46
2026/08/12 14:53:38.640, Tesla V100-PCIE-16GB, 57 %, 4 %, 550 MiB, 16384 MiB, 46
2026/08/12 14:53:48.641, Tesla V100-PCIE-16GB, 57 %, 4 %, 550 MiB, 16384 MiB, 46
2026/08/12 14:53:58.643, Tesla V100-PCIE-16GB, 58 %, 4 %, 550 MiB, 16384 MiB, 46
2026/08/12 14:54:08.644, Tesla V100-PCIE-16GB, 59 %, 4 %, 550 MiB, 16384 MiB, 46
2026/08/12 14:54:18.645, Tesla V100-PCIE-16GB, 58 %, 4 %, 550 MiB, 16384 MiB, 46
2026/08/12 14:54:28.646, Tesla V100-PCIE-16GB, 57 %, 4 %, 550 MiB, 16384 MiB, 45
2026/08/12 14:54:38.647, Tesla V100-PCIE-16GB, 59 %, 4 %, 550 MiB, 16384 MiB, 45
2026/08/12 14:54:48.648, Tesla V100-PCIE-16GB, 57 %, 4 %, 550 MiB, 16384 MiB, 45
2026/08/12 14:54:58.650, Tesla V100-PCIE-16GB, 57 %, 4 %, 550 MiB, 16384 MiB, 45
2026/08/12 14:55:08.651, Tesla V100-PCIE-16GB, 58 %, 4 %, 550 MiB, 16384 MiB, 45
2026/08/12 14:55:18.652, Tesla V100-PCIE-16GB, 58 %, 4 %, 550 MiB, 16384 MiB, 45
2026/08/12 14:55:28.653, Tesla V100-PCIE-16GB, 58 %, 4 %, 550 MiB, 16384 MiB, 46
2026/08/12 14:55:38.654, Tesla V100-PCIE-16GB, 58 %, 4 %, 550 MiB, 16384 MiB, 46
2026/08/12 14:55:48.655, Tesla V100-PCIE-16GB, 59 %, 4 %, 550 MiB, 16384 MiB, 45
2026/08/12 14:55:58.656, Tesla V100-PCIE-16GB, 58 %, 4 %, 550 MiB, 16384 MiB, 45
2026/08/12 14:56:08.657, Tesla V100-PCIE-16GB, 59 %, 4 %, 550 MiB, 16384 MiB, 45
2026/08/12 14:56:18.659, Tesla V100-PCIE-16GB, 57 %, 4 %, 550 MiB, 16384 MiB, 45
2026/08/12 14:56:28.660, Tesla V100-PCIE-16GB, 57 %, 4 %, 550 MiB, 16384 MiB, 45
2026/08/12 14:56:38.661, Tesla V100-PCIE-16GB, 57 %, 4 %, 550 MiB, 16384 MiB, 45
2026/08/12 14:56:48.662, Tesla V100-PCIE-16GB, 58 %, 4 %, 550 MiB, 16384 MiB, 45
2026/08/12 14:56:58.663, Tesla V100-PCIE-16GB, 57 %, 4 %, 550 MiB, 16384 MiB, 45
2026/08/12 14:57:08.664, Tesla V100-PCIE-16GB, 56 %, 4 %, 550 MiB, 16384 MiB, 46
2026/08/12 14:57:18.665, Tesla V100-PCIE-16GB, 59 %, 4 %, 550 MiB, 16384 MiB, 46
2026/08/12 14:57:28.667, Tesla V100-PCIE-16GB, 58 %, 4 %, 550 MiB, 16384 MiB, 46
2026/08/12 14:57:38.668, Tesla V100-PCIE-16GB, 59 %, 4 %, 550 MiB, 16384 MiB, 46
2026/08/12 14:57:48.669, Tesla V100-PCIE-16GB, 57 %, 4 %, 550 MiB, 16384 MiB, 45
2026/08/12 14:57:58.670, Tesla V100-PCIE-16GB, 57 %, 4 %, 550 MiB, 16384 MiB, 45
2026/08/12 14:58:08.671, Tesla V100-PCIE-16GB, 58 %, 4 %, 550 MiB, 16384 MiB, 45
2026/08/12 14:58:18.673, Tesla V100-PCIE-16GB, 57 %, 4 %, 550 MiB, 16384 MiB, 45
2026/08/12 14:58:28.674, Tesla V100-PCIE-16GB, 59 %, 4 %, 550 MiB, 16384 MiB, 45
2026/08/12 14:58:38.675, Tesla V100-PCIE-16GB, 58 %, 4 %, 550 MiB, 16384 MiB, 45
2026/08/12 14:58:48.677, Tesla V100-PCIE-16GB, 57 %, 4 %, 550 MiB, 16384 MiB, 45
2026/08/12 14:58:58.678, Tesla V100-PCIE-16GB, 58 %, 4 %, 550 MiB, 16384 MiB, 45
2026/08/12 14:59:08.679, Tesla V100-PCIE-16GB, 59 %, 4 %, 550 MiB, 16384 MiB, 45
2026/08/12 14:59:18.680, Tesla V100-PCIE-16GB, 58 %, 4 %, 550 MiB, 16384 MiB, 45
2026/08/12 14:59:28.681, Tesla V100-PCIE-16GB, 57 %, 4 %, 550 MiB, 16384 MiB, 45
2026/08/12 14:59:38.682, Tesla V100-PCIE-16GB, 57 %, 4 %, 550 MiB, 16384 MiB, 45
2026/08/12 14:59:48.683, Tesla V100-PCIE-16GB, 57 %, 4 %, 550 MiB, 16384 MiB, 45
2026/08/12 14:59:58.685, Tesla V100-PCIE-16GB, 58 %, 4 %, 550 MiB, 16384 MiB, 45
2026/08/12 15:00:08.686, Tesla V100-PCIE-16GB, 58 %, 4 %, 550 MiB, 16384 MiB, 45
2026/08/12 15:00:18.687, Tesla V100-PCIE-16GB, 59 %, 4 %, 550 MiB, 16384 MiB, 45
2026/08/12 15:00:28.688, Tesla V100-PCIE-16GB, 58 %, 4 %, 550 MiB, 16384 MiB, 45
2026/08/12 15:00:38.762, Tesla V100-PCIE-16GB, 53 %, 4 %, 550 MiB, 16384 MiB, 45
2026/08/12 15:00:48.763, Tesla V100-PCIE-16GB, 58 %, 4 %, 550 MiB, 16384 MiB, 45
2026/08/12 15:00:58.764, Tesla V100-PCIE-16GB, 56 %, 4 %, 550 MiB, 16384 MiB, 45
2026/08/12 15:01:08.765, Tesla V100-PCIE-16GB, 56 %, 4 %, 550 MiB, 16384 MiB, 45
2026/08/12 15:01:18.766, Tesla V100-PCIE-16GB, 58 %, 4 %, 550 MiB, 16384 MiB, 45
2026/08/12 15:01:28.767, Tesla V100-PCIE-16GB, 54 %, 4 %, 550 MiB, 16384 MiB, 45
2026/08/12 15:01:38.768, Tesla V100-PCIE-16GB, 57 %, 4 %, 550 MiB, 16384 MiB, 45
2026/08/12 15:01:48.770, Tesla V100-PCIE-16GB, 59 %, 4 %, 550 MiB, 16384 MiB, 45
2026/08/12 15:01:58.771, Tesla V100-PCIE-16GB, 57 %, 4 %, 550 MiB, 16384 MiB, 45
2026/08/12 15:02:08.772, Tesla V100-PCIE-16GB, 58 %, 4 %, 550 MiB, 16384 MiB, 45
2026/08/12 15:02:18.774, Tesla V100-PCIE-16GB, 57 %, 4 %, 550 MiB, 16384 MiB, 45
2026/08/12 15:02:28.775, Tesla V100-PCIE-16GB, 58 %, 4 %, 550 MiB, 16384 MiB, 45
2026/08/12 15:02:38.776, Tesla V100-PCIE-16GB, 57 %, 4 %, 550 MiB, 16384 MiB, 45
2026/08/12 15:02:48.777, Tesla V100-PCIE-16GB, 58 %, 4 %, 550 MiB, 16384 MiB, 45
2026/08/12 15:02:58.779, Tesla V100-PCIE-16GB, 59 %, 4 %, 550 MiB, 16384 MiB, 45
2026/08/12 15:03:08.780, Tesla V100-PCIE-16GB, 57 %, 4 %, 550 MiB, 16384 MiB, 45
2026/08/12 15:03:18.781, Tesla V100-PCIE-16GB, 58 %, 4 %, 550 MiB, 16384 MiB, 45
2026/08/12 15:03:28.782, Tesla V100-PCIE-16GB, 56 %, 4 %, 550 MiB, 16384 MiB, 45
2026/08/12 15:03:38.783, Tesla V100-PCIE-16GB, 58 %, 4 %, 550 MiB, 16384 MiB, 45
2026/08/12 15:03:48.784, Tesla V100-PCIE-16GB, 58 %, 4 %, 550 MiB, 16384 MiB, 45
2026/08/12 15:03:58.785, Tesla V100-PCIE-16GB, 58 %, 4 %, 550 MiB, 16384 MiB, 45
2026/08/12 15:04:08.787, Tesla V100-PCIE-16GB, 58 %, 4 %, 550 MiB, 16384 MiB, 45
2026/08/12 15:04:18.788, Tesla V100-PCIE-16GB, 58 %, 4 %, 550 MiB, 16384 MiB, 45
2026/08/12 15:04:28.790, Tesla V100-PCIE-16GB, 59 %, 4 %, 550 MiB, 16384 MiB, 45
2026/08/12 15:04:38.791, Tesla V100-PCIE-16GB, 56 %, 4 %, 550 MiB, 16384 MiB, 45
2026/08/12 15:04:48.792, Tesla V100-PCIE-16GB, 32 %, 4 %, 550 MiB, 16384 MiB, 45
2026/08/12 15:04:58.793, Tesla V100-PCIE-16GB, 58 %, 4 %, 550 MiB, 16384 MiB, 45
2026/08/12 15:05:08.795, Tesla V100-PCIE-16GB, 57 %, 4 %, 550 MiB, 16384 MiB, 45
2026/08/12 15:05:18.796, Tesla V100-PCIE-16GB, 57 %, 4 %, 550 MiB, 16384 MiB, 45
2026/08/12 15:05:28.797, Tesla V100-PCIE-16GB, 58 %, 4 %, 550 MiB, 16384 MiB, 45
2026/08/12 15:05:38.798, Tesla V100-PCIE-16GB, 59 %, 4 %, 550 MiB, 16384 MiB, 45
2026/08/12 15:05:48.799, Tesla V100-PCIE-16GB, 58 %, 4 %, 550 MiB, 16384 MiB, 45
2026/08/12 15:05:58.800, Tesla V100-PCIE-16GB, 58 %, 4 %, 550 MiB, 16384 MiB, 45
2026/08/12 15:06:08.802, Tesla V100-PCIE-16GB, 55 %, 4 %, 550 MiB, 16384 MiB, 45
2026/08/12 15:06:18.803, Tesla V100-PCIE-16GB, 57 %, 4 %, 550 MiB, 16384 MiB, 45
2026/08/12 15:06:28.804, Tesla V100-PCIE-16GB, 59 %, 4 %, 550 MiB, 16384 MiB, 45
2026/08/12 15:06:38.805, Tesla V100-PCIE-16GB, 57 %, 4 %, 550 MiB, 16384 MiB, 45
2026/08/12 15:06:48.806, Tesla V100-PCIE-16GB, 52 %, 4 %, 550 MiB, 16384 MiB, 45
2026/08/12 15:06:58.855, Tesla V100-PCIE-16GB, 58 %, 4 %, 550 MiB, 16384 MiB, 45
2026/08/12 15:07:08.856, Tesla V100-PCIE-16GB, 58 %, 4 %, 550 MiB, 16384 MiB, 45
2026/08/12 15:07:18.857, Tesla V100-PCIE-16GB, 58 %, 4 %, 550 MiB, 16384 MiB, 45
2026/08/12 15:07:28.859, Tesla V100-PCIE-16GB, 60 %, 4 %, 550 MiB, 16384 MiB, 45
2026/08/12 15:07:38.860, Tesla V100-PCIE-16GB, 58 %, 4 %, 550 MiB, 16384 MiB, 45
2026/08/12 15:07:48.861, Tesla V100-PCIE-16GB, 57 %, 4 %, 550 MiB, 16384 MiB, 45
2026/08/12 15:07:58.862, Tesla V100-PCIE-16GB, 55 %, 4 %, 550 MiB, 16384 MiB, 45
2026/08/12 15:08:08.863, Tesla V100-PCIE-16GB, 58 %, 4 %, 550 MiB, 16384 MiB, 45
2026/08/12 15:08:18.864, Tesla V100-PCIE-16GB, 56 %, 4 %, 550 MiB, 16384 MiB, 45
2026/08/12 15:08:28.865, Tesla V100-PCIE-16GB, 58 %, 4 %, 550 MiB, 16384 MiB, 45
2026/08/12 15:08:38.866, Tesla V100-PCIE-16GB, 57 %, 4 %, 550 MiB, 16384 MiB, 45
2026/08/12 15:08:48.868, Tesla V100-PCIE-16GB, 56 %, 4 %, 550 MiB, 16384 MiB, 45
2026/08/12 15:08:58.875, Tesla V100-PCIE-16GB, 25 %, 5 %, 550 MiB, 16384 MiB, 45
2026/08/12 15:09:08.876, Tesla V100-PCIE-16GB, 57 %, 4 %, 550 MiB, 16384 MiB, 45
2026/08/12 15:09:18.877, Tesla V100-PCIE-16GB, 58 %, 4 %, 550 MiB, 16384 MiB, 45
2026/08/12 15:09:28.878, Tesla V100-PCIE-16GB, 58 %, 4 %, 550 MiB, 16384 MiB, 45
2026/08/12 15:09:38.880, Tesla V100-PCIE-16GB, 56 %, 4 %, 550 MiB, 16384 MiB, 45
2026/08/12 15:09:48.881, Tesla V100-PCIE-16GB, 59 %, 4 %, 550 MiB, 16384 MiB, 45
2026/08/12 15:09:58.882, Tesla V100-PCIE-16GB, 58 %, 4 %, 550 MiB, 16384 MiB, 45
2026/08/12 15:10:08.883, Tesla V100-PCIE-16GB, 59 %, 4 %, 550 MiB, 16384 MiB, 45
2026/08/12 15:10:18.884, Tesla V100-PCIE-16GB, 57 %, 4 %, 550 MiB, 16384 MiB, 45
2026/08/12 15:10:28.887, Tesla V100-PCIE-16GB, 56 %, 4 %, 550 MiB, 16384 MiB, 46
2026/08/12 15:10:38.888, Tesla V100-PCIE-16GB, 58 %, 4 %, 550 MiB, 16384 MiB, 46
2026/08/12 15:10:48.889, Tesla V100-PCIE-16GB, 57 %, 4 %, 550 MiB, 16384 MiB, 45
2026/08/12 15:10:58.890, Tesla V100-PCIE-16GB, 57 %, 4 %, 550 MiB, 16384 MiB, 45
2026/08/12 15:11:08.892, Tesla V100-PCIE-16GB, 57 %, 4 %, 550 MiB, 16384 MiB, 45
2026/08/12 15:11:18.893, Tesla V100-PCIE-16GB, 58 %, 4 %, 550 MiB, 16384 MiB, 45
2026/08/12 15:11:28.894, Tesla V100-PCIE-16GB, 58 %, 4 %, 550 MiB, 16384 MiB, 45
2026/08/12 15:11:38.895, Tesla V100-PCIE-16GB, 59 %, 4 %, 550 MiB, 16384 MiB, 45
2026/08/12 15:11:48.896, Tesla V100-PCIE-16GB, 58 %, 4 %, 550 MiB, 16384 MiB, 45
2026/08/12 15:11:58.897, Tesla V100-PCIE-16GB, 58 %, 4 %, 550 MiB, 16384 MiB, 45
2026/08/12 15:12:08.899, Tesla V100-PCIE-16GB, 58 %, 4 %, 550 MiB, 16384 MiB, 46
2026/08/12 15:12:18.900, Tesla V100-PCIE-16GB, 58 %, 4 %, 550 MiB, 16384 MiB, 46
2026/08/12 15:12:28.902, Tesla V100-PCIE-16GB, 58 %, 4 %, 550 MiB, 16384 MiB, 45
2026/08/12 15:12:38.903, Tesla V100-PCIE-16GB, 57 %, 4 %, 550 MiB, 16384 MiB, 45
2026/08/12 15:12:48.904, Tesla V100-PCIE-16GB, 59 %, 4 %, 550 MiB, 16384 MiB, 46
2026/08/12 15:12:58.906, Tesla V100-PCIE-16GB, 56 %, 4 %, 550 MiB, 16384 MiB, 46
2026/08/12 15:13:08.907, Tesla V100-PCIE-16GB, 25 %, 5 %, 550 MiB, 16384 MiB, 46
2026/08/12 15:13:18.908, Tesla V100-PCIE-16GB, 57 %, 4 %, 550 MiB, 16384 MiB, 45
2026/08/12 15:13:28.909, Tesla V100-PCIE-16GB, 58 %, 4 %, 550 MiB, 16384 MiB, 45
2026/08/12 15:13:38.911, Tesla V100-PCIE-16GB, 58 %, 4 %, 550 MiB, 16384 MiB, 45
2026/08/12 15:13:48.912, Tesla V100-PCIE-16GB, 58 %, 4 %, 550 MiB, 16384 MiB, 46
2026/08/12 15:13:58.914, Tesla V100-PCIE-16GB, 59 %, 4 %, 550 MiB, 16384 MiB, 46
2026/08/12 15:14:08.915, Tesla V100-PCIE-16GB, 58 %, 4 %, 550 MiB, 16384 MiB, 46
2026/08/12 15:14:18.916, Tesla V100-PCIE-16GB, 58 %, 4 %, 550 MiB, 16384 MiB, 46
2026/08/12 15:14:28.919, Tesla V100-PCIE-16GB, 56 %, 4 %, 550 MiB, 16384 MiB, 46
2026/08/12 15:14:38.920, Tesla V100-PCIE-16GB, 58 %, 4 %, 550 MiB, 16384 MiB, 46
2026/08/12 15:14:48.921, Tesla V100-PCIE-16GB, 58 %, 4 %, 550 MiB, 16384 MiB, 46
2026/08/12 15:14:58.922, Tesla V100-PCIE-16GB, 57 %, 4 %, 550 MiB, 16384 MiB, 46
2026/08/12 15:15:08.924, Tesla V100-PCIE-16GB, 57 %, 4 %, 550 MiB, 16384 MiB, 45
2026/08/12 15:15:18.925, Tesla V100-PCIE-16GB, 57 %, 4 %, 550 MiB, 16384 MiB, 45
2026/08/12 15:15:28.938, Tesla V100-PCIE-16GB, 58 %, 4 %, 550 MiB, 16384 MiB, 45
2026/08/12 15:15:38.939, Tesla V100-PCIE-16GB, 58 %, 4 %, 550 MiB, 16384 MiB, 45
2026/08/12 15:15:48.940, Tesla V100-PCIE-16GB, 59 %, 4 %, 550 MiB, 16384 MiB, 45
2026/08/12 15:15:58.942, Tesla V100-PCIE-16GB, 57 %, 4 %, 550 MiB, 16384 MiB, 46
2026/08/12 15:16:08.943, Tesla V100-PCIE-16GB, 58 %, 4 %, 550 MiB, 16384 MiB, 46
2026/08/12 15:16:18.944, Tesla V100-PCIE-16GB, 58 %, 4 %, 550 MiB, 16384 MiB, 46
2026/08/12 15:16:28.995, Tesla V100-PCIE-16GB, 57 %, 4 %, 550 MiB, 16384 MiB, 45
2026/08/12 15:16:38.996, Tesla V100-PCIE-16GB, 52 %, 3 %, 550 MiB, 16384 MiB, 46
2026/08/12 15:16:48.998, Tesla V100-PCIE-16GB, 58 %, 4 %, 550 MiB, 16384 MiB, 46
2026/08/12 15:16:58.999, Tesla V100-PCIE-16GB, 58 %, 4 %, 550 MiB, 16384 MiB, 46
2026/08/12 15:17:09.000, Tesla V100-PCIE-16GB, 57 %, 4 %, 550 MiB, 16384 MiB, 46
2026/08/12 15:17:19.002, Tesla V100-PCIE-16GB, 59 %, 4 %, 550 MiB, 16384 MiB, 46
2026/08/12 15:17:29.003, Tesla V100-PCIE-16GB, 58 %, 4 %, 550 MiB, 16384 MiB, 46
2026/08/12 15:17:39.005, Tesla V100-PCIE-16GB, 57 %, 4 %, 550 MiB, 16384 MiB, 46
2026/08/12 15:17:49.006, Tesla V100-PCIE-16GB, 58 %, 4 %, 550 MiB, 16384 MiB, 46
2026/08/12 15:17:59.007, Tesla V100-PCIE-16GB, 58 %, 4 %, 550 MiB, 16384 MiB, 45
2026/08/12 15:18:09.008, Tesla V100-PCIE-16GB, 57 %, 4 %, 550 MiB, 16384 MiB, 46
2026/08/12 15:18:19.009, Tesla V100-PCIE-16GB, 58 %, 4 %, 550 MiB, 16384 MiB, 46
2026/08/12 15:18:29.010, Tesla V100-PCIE-16GB, 58 %, 4 %, 550 MiB, 16384 MiB, 46
2026/08/12 15:18:39.011, Tesla V100-PCIE-16GB, 58 %, 4 %, 550 MiB, 16384 MiB, 45
2026/08/12 15:18:49.013, Tesla V100-PCIE-16GB, 54 %, 4 %, 550 MiB, 16384 MiB, 45
2026/08/12 15:18:59.014, Tesla V100-PCIE-16GB, 58 %, 4 %, 550 MiB, 16384 MiB, 46
2026/08/12 15:19:09.015, Tesla V100-PCIE-16GB, 58 %, 4 %, 550 MiB, 16384 MiB, 45
2026/08/12 15:19:19.016, Tesla V100-PCIE-16GB, 58 %, 4 %, 550 MiB, 16384 MiB, 45
2026/08/12 15:19:29.017, Tesla V100-PCIE-16GB, 58 %, 4 %, 550 MiB, 16384 MiB, 45
2026/08/12 15:19:39.019, Tesla V100-PCIE-16GB, 58 %, 4 %, 550 MiB, 16384 MiB, 45
2026/08/12 15:19:49.020, Tesla V100-PCIE-16GB, 58 %, 4 %, 550 MiB, 16384 MiB, 46
2026/08/12 15:19:59.021, Tesla V100-PCIE-16GB, 59 %, 4 %, 550 MiB, 16384 MiB, 46
2026/08/12 15:20:09.022, Tesla V100-PCIE-16GB, 57 %, 4 %, 550 MiB, 16384 MiB, 45
2026/08/12 15:20:19.023, Tesla V100-PCIE-16GB, 58 %, 4 %, 550 MiB, 16384 MiB, 46
2026/08/12 15:20:29.025, Tesla V100-PCIE-16GB, 57 %, 4 %, 550 MiB, 16384 MiB, 46
2026/08/12 15:20:39.026, Tesla V100-PCIE-16GB, 57 %, 4 %, 550 MiB, 16384 MiB, 46
2026/08/12 15:20:49.027, Tesla V100-PCIE-16GB, 57 %, 4 %, 550 MiB, 16384 MiB, 46
2026/08/12 15:20:59.029, Tesla V100-PCIE-16GB, 57 %, 4 %, 550 MiB, 16384 MiB, 46
2026/08/12 15:21:09.030, Tesla V100-PCIE-16GB, 57 %, 4 %, 550 MiB, 16384 MiB, 46
2026/08/12 15:21:19.031, Tesla V100-PCIE-16GB, 58 %, 4 %, 550 MiB, 16384 MiB, 46
2026/08/12 15:21:29.072, Tesla V100-PCIE-16GB, 58 %, 4 %, 550 MiB, 16384 MiB, 46
2026/08/12 15:21:39.073, Tesla V100-PCIE-16GB, 58 %, 4 %, 550 MiB, 16384 MiB, 46
2026/08/12 15:21:49.076, Tesla V100-PCIE-16GB, 58 %, 4 %, 550 MiB, 16384 MiB, 46
2026/08/12 15:21:59.077, Tesla V100-PCIE-16GB, 58 %, 4 %, 550 MiB, 16384 MiB, 46
2026/08/12 15:22:09.079, Tesla V100-PCIE-16GB, 57 %, 4 %, 550 MiB, 16384 MiB, 46
2026/08/12 15:22:19.080, Tesla V100-PCIE-16GB, 59 %, 4 %, 550 MiB, 16384 MiB, 46
2026/08/12 15:22:29.081, Tesla V100-PCIE-16GB, 52 %, 4 %, 550 MiB, 16384 MiB, 46
2026/08/12 15:22:39.082, Tesla V100-PCIE-16GB, 58 %, 4 %, 550 MiB, 16384 MiB, 46
2026/08/12 15:22:49.084, Tesla V100-PCIE-16GB, 58 %, 4 %, 550 MiB, 16384 MiB, 46
2026/08/12 15:22:59.085, Tesla V100-PCIE-16GB, 52 %, 4 %, 550 MiB, 16384 MiB, 46
2026/08/12 15:23:09.086, Tesla V100-PCIE-16GB, 58 %, 4 %, 550 MiB, 16384 MiB, 46
2026/08/12 15:23:19.087, Tesla V100-PCIE-16GB, 57 %, 4 %, 550 MiB, 16384 MiB, 46
2026/08/12 15:23:29.088, Tesla V100-PCIE-16GB, 57 %, 4 %, 550 MiB, 16384 MiB, 46
2026/08/12 15:23:39.089, Tesla V100-PCIE-16GB, 55 %, 4 %, 550 MiB, 16384 MiB, 46
2026/08/12 15:23:49.091, Tesla V100-PCIE-16GB, 58 %, 4 %, 550 MiB, 16384 MiB, 46
2026/08/12 15:23:59.092, Tesla V100-PCIE-16GB, 58 %, 4 %, 550 MiB, 16384 MiB, 46
2026/08/12 15:24:09.093, Tesla V100-PCIE-16GB, 58 %, 4 %, 550 MiB, 16384 MiB, 46
2026/08/12 15:24:19.094, Tesla V100-PCIE-16GB, 57 %, 4 %, 550 MiB, 16384 MiB, 46
2026/08/12 15:24:29.095, Tesla V100-PCIE-16GB, 56 %, 4 %, 550 MiB, 16384 MiB, 46
2026/08/12 15:24:39.097, Tesla V100-PCIE-16GB, 58 %, 4 %, 550 MiB, 16384 MiB, 46
2026/08/12 15:24:49.098, Tesla V100-PCIE-16GB, 58 %, 4 %, 550 MiB, 16384 MiB, 46
2026/08/12 15:24:59.099, Tesla V100-PCIE-16GB, 58 %, 4 %, 550 MiB, 16384 MiB, 46
2026/08/12 15:25:09.100, Tesla V100-PCIE-16GB, 58 %, 4 %, 550 MiB, 16384 MiB, 46
2026/08/12 15:25:19.101, Tesla V100-PCIE-16GB, 58 %, 4 %, 550 MiB, 16384 MiB, 46
2026/08/12 15:25:29.102, Tesla V100-PCIE-16GB, 58 %, 4 %, 550 MiB, 16384 MiB, 46
2026/08/12 15:25:39.104, Tesla V100-PCIE-16GB, 58 %, 4 %, 550 MiB, 16384 MiB, 46
2026/08/12 15:25:49.105, Tesla V100-PCIE-16GB, 57 %, 4 %, 550 MiB, 16384 MiB, 46
2026/08/12 15:25:59.106, Tesla V100-PCIE-16GB, 58 %, 4 %, 550 MiB, 16384 MiB, 46
2026/08/12 15:26:09.107, Tesla V100-PCIE-16GB, 58 %, 4 %, 550 MiB, 16384 MiB, 46
2026/08/12 15:26:19.108, Tesla V100-PCIE-16GB, 57 %, 4 %, 550 MiB, 16384 MiB, 46
2026/08/12 15:26:29.109, Tesla V100-PCIE-16GB, 57 %, 4 %, 550 MiB, 16384 MiB, 46
2026/08/12 15:26:39.111, Tesla V100-PCIE-16GB, 58 %, 4 %, 550 MiB, 16384 MiB, 46
2026/08/12 15:26:49.112, Tesla V100-PCIE-16GB, 58 %, 4 %, 550 MiB, 16384 MiB, 46
2026/08/12 15:26:59.113, Tesla V100-PCIE-16GB, 58 %, 4 %, 550 MiB, 16384 MiB, 45
2026/08/12 15:27:09.114, Tesla V100-PCIE-16GB, 60 %, 4 %, 550 MiB, 16384 MiB, 46
2026/08/12 15:27:19.115, Tesla V100-PCIE-16GB, 58 %, 4 %, 550 MiB, 16384 MiB, 46
2026/08/12 15:27:29.117, Tesla V100-PCIE-16GB, 57 %, 4 %, 550 MiB, 16384 MiB, 46
2026/08/12 15:27:39.118, Tesla V100-PCIE-16GB, 58 %, 4 %, 550 MiB, 16384 MiB, 46
2026/08/12 15:27:49.119, Tesla V100-PCIE-16GB, 57 %, 4 %, 550 MiB, 16384 MiB, 46
2026/08/12 15:27:59.120, Tesla V100-PCIE-16GB, 59 %, 4 %, 550 MiB, 16384 MiB, 46
2026/08/12 15:28:09.121, Tesla V100-PCIE-16GB, 58 %, 4 %, 550 MiB, 16384 MiB, 46
2026/08/12 15:28:19.123, Tesla V100-PCIE-16GB, 57 %, 4 %, 550 MiB, 16384 MiB, 46
2026/08/12 15:28:29.124, Tesla V100-PCIE-16GB, 58 %, 4 %, 550 MiB, 16384 MiB, 46
2026/08/12 15:28:39.125, Tesla V100-PCIE-16GB, 25 %, 5 %, 550 MiB, 16384 MiB, 46
2026/08/12 15:28:49.126, Tesla V100-PCIE-16GB, 57 %, 4 %, 550 MiB, 16384 MiB, 46
2026/08/12 15:28:59.127, Tesla V100-PCIE-16GB, 57 %, 4 %, 550 MiB, 16384 MiB, 46
2026/08/12 15:29:09.129, Tesla V100-PCIE-16GB, 58 %, 4 %, 550 MiB, 16384 MiB, 46
2026/08/12 15:29:19.130, Tesla V100-PCIE-16GB, 58 %, 4 %, 550 MiB, 16384 MiB, 46
2026/08/12 15:29:29.131, Tesla V100-PCIE-16GB, 59 %, 4 %, 550 MiB, 16384 MiB, 46
2026/08/12 15:29:39.133, Tesla V100-PCIE-16GB, 57 %, 4 %, 550 MiB, 16384 MiB, 46
2026/08/12 15:29:49.134, Tesla V100-PCIE-16GB, 59 %, 4 %, 550 MiB, 16384 MiB, 46
2026/08/12 15:29:59.135, Tesla V100-PCIE-16GB, 58 %, 4 %, 550 MiB, 16384 MiB, 46
2026/08/12 15:30:09.137, Tesla V100-PCIE-16GB, 57 %, 4 %, 550 MiB, 16384 MiB, 46
2026/08/12 15:30:19.138, Tesla V100-PCIE-16GB, 57 %, 4 %, 550 MiB, 16384 MiB, 46
2026/08/12 15:30:29.139, Tesla V100-PCIE-16GB, 58 %, 4 %, 550 MiB, 16384 MiB, 46
2026/08/12 15:30:39.140, Tesla V100-PCIE-16GB, 58 %, 4 %, 550 MiB, 16384 MiB, 46
2026/08/12 15:30:49.142, Tesla V100-PCIE-16GB, 58 %, 4 %, 550 MiB, 16384 MiB, 46
2026/08/12 15:30:59.143, Tesla V100-PCIE-16GB, 59 %, 4 %, 550 MiB, 16384 MiB, 46
2026/08/12 15:31:09.144, Tesla V100-PCIE-16GB, 58 %, 4 %, 550 MiB, 16384 MiB, 46
2026/08/12 15:31:19.145, Tesla V100-PCIE-16GB, 59 %, 4 %, 550 MiB, 16384 MiB, 46
2026/08/12 15:31:29.187, Tesla V100-PCIE-16GB, 58 %, 4 %, 550 MiB, 16384 MiB, 46
2026/08/12 15:31:39.188, Tesla V100-PCIE-16GB, 58 %, 4 %, 550 MiB, 16384 MiB, 46
2026/08/12 15:31:49.190, Tesla V100-PCIE-16GB, 58 %, 4 %, 550 MiB, 16384 MiB, 46
2026/08/12 15:31:59.191, Tesla V100-PCIE-16GB, 58 %, 4 %, 550 MiB, 16384 MiB, 46
2026/08/12 15:32:09.259, Tesla V100-PCIE-16GB, 58 %, 4 %, 550 MiB, 16384 MiB, 46
2026/08/12 15:32:19.260, Tesla V100-PCIE-16GB, 56 %, 4 %, 550 MiB, 16384 MiB, 46
2026/08/12 15:32:29.262, Tesla V100-PCIE-16GB, 58 %, 4 %, 550 MiB, 16384 MiB, 46
2026/08/12 15:32:39.263, Tesla V100-PCIE-16GB, 58 %, 4 %, 550 MiB, 16384 MiB, 46
2026/08/12 15:32:49.334, Tesla V100-PCIE-16GB, 59 %, 4 %, 550 MiB, 16384 MiB, 46
2026/08/12 15:32:59.335, Tesla V100-PCIE-16GB, 57 %, 4 %, 550 MiB, 16384 MiB, 46
2026/08/12 15:33:09.336, Tesla V100-PCIE-16GB, 57 %, 4 %, 550 MiB, 16384 MiB, 46
2026/08/12 15:33:19.338, Tesla V100-PCIE-16GB, 56 %, 4 %, 550 MiB, 16384 MiB, 46
2026/08/12 15:33:29.340, Tesla V100-PCIE-16GB, 58 %, 4 %, 550 MiB, 16384 MiB, 46
2026/08/12 15:33:39.341, Tesla V100-PCIE-16GB, 58 %, 4 %, 550 MiB, 16384 MiB, 46
2026/08/12 15:33:49.342, Tesla V100-PCIE-16GB, 58 %, 4 %, 550 MiB, 16384 MiB, 46
2026/08/12 15:33:59.343, Tesla V100-PCIE-16GB, 57 %, 4 %, 550 MiB, 16384 MiB, 46
2026/08/12 15:34:09.345, Tesla V100-PCIE-16GB, 56 %, 4 %, 550 MiB, 16384 MiB, 46
2026/08/12 15:34:19.346, Tesla V100-PCIE-16GB, 33 %, 3 %, 550 MiB, 16384 MiB, 46
2026/08/12 15:34:29.347, Tesla V100-PCIE-16GB, 57 %, 4 %, 550 MiB, 16384 MiB, 46
2026/08/12 15:34:39.348, Tesla V100-PCIE-16GB, 57 %, 4 %, 550 MiB, 16384 MiB, 46
2026/08/12 15:34:49.350, Tesla V100-PCIE-16GB, 58 %, 4 %, 550 MiB, 16384 MiB, 46
2026/08/12 15:34:59.351, Tesla V100-PCIE-16GB, 57 %, 4 %, 550 MiB, 16384 MiB, 46
2026/08/12 15:35:09.352, Tesla V100-PCIE-16GB, 58 %, 4 %, 550 MiB, 16384 MiB, 46
2026/08/12 15:35:19.353, Tesla V100-PCIE-16GB, 58 %, 4 %, 550 MiB, 16384 MiB, 46
2026/08/12 15:35:29.354, Tesla V100-PCIE-16GB, 59 %, 4 %, 550 MiB, 16384 MiB, 46
2026/08/12 15:35:39.355, Tesla V100-PCIE-16GB, 58 %, 4 %, 550 MiB, 16384 MiB, 46
2026/08/12 15:35:49.356, Tesla V100-PCIE-16GB, 58 %, 4 %, 550 MiB, 16384 MiB, 46
2026/08/12 15:35:59.357, Tesla V100-PCIE-16GB, 56 %, 4 %, 550 MiB, 16384 MiB, 46
2026/08/12 15:36:09.359, Tesla V100-PCIE-16GB, 57 %, 4 %, 550 MiB, 16384 MiB, 46
2026/08/12 15:36:19.419, Tesla V100-PCIE-16GB, 58 %, 4 %, 550 MiB, 16384 MiB, 45
2026/08/12 15:36:29.421, Tesla V100-PCIE-16GB, 58 %, 4 %, 550 MiB, 16384 MiB, 45
2026/08/12 15:36:39.422, Tesla V100-PCIE-16GB, 59 %, 4 %, 550 MiB, 16384 MiB, 45
2026/08/12 15:36:49.423, Tesla V100-PCIE-16GB, 58 %, 4 %, 550 MiB, 16384 MiB, 45
2026/08/12 15:36:59.424, Tesla V100-PCIE-16GB, 58 %, 4 %, 550 MiB, 16384 MiB, 45
2026/08/12 15:37:09.426, Tesla V100-PCIE-16GB, 58 %, 4 %, 550 MiB, 16384 MiB, 46
2026/08/12 15:37:19.427, Tesla V100-PCIE-16GB, 58 %, 4 %, 550 MiB, 16384 MiB, 45
2026/08/12 15:37:29.429, Tesla V100-PCIE-16GB, 58 %, 4 %, 550 MiB, 16384 MiB, 45
2026/08/12 15:37:39.516, Tesla V100-PCIE-16GB, 57 %, 4 %, 550 MiB, 16384 MiB, 45
2026/08/12 15:37:49.517, Tesla V100-PCIE-16GB, 58 %, 4 %, 550 MiB, 16384 MiB, 45
2026/08/12 15:37:59.518, Tesla V100-PCIE-16GB, 57 %, 4 %, 550 MiB, 16384 MiB, 46
2026/08/12 15:38:09.519, Tesla V100-PCIE-16GB, 57 %, 4 %, 550 MiB, 16384 MiB, 45
2026/08/12 15:38:19.578, Tesla V100-PCIE-16GB, 57 %, 4 %, 550 MiB, 16384 MiB, 46
2026/08/12 15:38:29.579, Tesla V100-PCIE-16GB, 24 %, 5 %, 550 MiB, 16384 MiB, 46
2026/08/12 15:38:39.580, Tesla V100-PCIE-16GB, 58 %, 4 %, 550 MiB, 16384 MiB, 46
2026/08/12 15:38:49.581, Tesla V100-PCIE-16GB, 57 %, 4 %, 550 MiB, 16384 MiB, 46
2026/08/12 15:38:59.582, Tesla V100-PCIE-16GB, 58 %, 4 %, 550 MiB, 16384 MiB, 46
2026/08/12 15:39:09.585, Tesla V100-PCIE-16GB, 57 %, 4 %, 550 MiB, 16384 MiB, 46
2026/08/12 15:39:19.586, Tesla V100-PCIE-16GB, 58 %, 4 %, 550 MiB, 16384 MiB, 46
2026/08/12 15:39:29.587, Tesla V100-PCIE-16GB, 57 %, 4 %, 550 MiB, 16384 MiB, 46
2026/08/12 15:39:39.588, Tesla V100-PCIE-16GB, 59 %, 4 %, 550 MiB, 16384 MiB, 46
2026/08/12 15:39:49.589, Tesla V100-PCIE-16GB, 57 %, 4 %, 550 MiB, 16384 MiB, 46
2026/08/12 15:39:59.590, Tesla V100-PCIE-16GB, 54 %, 4 %, 550 MiB, 16384 MiB, 46
2026/08/12 15:40:09.592, Tesla V100-PCIE-16GB, 58 %, 4 %, 550 MiB, 16384 MiB, 46
2026/08/12 15:40:19.593, Tesla V100-PCIE-16GB, 58 %, 4 %, 550 MiB, 16384 MiB, 46
2026/08/12 15:40:29.594, Tesla V100-PCIE-16GB, 58 %, 4 %, 550 MiB, 16384 MiB, 46
2026/08/12 15:40:39.595, Tesla V100-PCIE-16GB, 58 %, 4 %, 550 MiB, 16384 MiB, 46
2026/08/12 15:40:49.596, Tesla V100-PCIE-16GB, 59 %, 4 %, 550 MiB, 16384 MiB, 46
2026/08/12 15:40:59.598, Tesla V100-PCIE-16GB, 57 %, 4 %, 550 MiB, 16384 MiB, 46
2026/08/12 15:41:09.599, Tesla V100-PCIE-16GB, 58 %, 4 %, 550 MiB, 16384 MiB, 46
2026/08/12 15:41:19.600, Tesla V100-PCIE-16GB, 57 %, 4 %, 550 MiB, 16384 MiB, 46
2026/08/12 15:41:29.601, Tesla V100-PCIE-16GB, 57 %, 4 %, 550 MiB, 16384 MiB, 46
2026/08/12 15:41:39.731, Tesla V100-PCIE-16GB, 58 %, 4 %, 550 MiB, 16384 MiB, 46
2026/08/12 15:41:49.732, Tesla V100-PCIE-16GB, 56 %, 4 %, 550 MiB, 16384 MiB, 46
2026/08/12 15:41:59.733, Tesla V100-PCIE-16GB, 58 %, 4 %, 550 MiB, 16384 MiB, 46
2026/08/12 15:42:09.734, Tesla V100-PCIE-16GB, 57 %, 4 %, 550 MiB, 16384 MiB, 46
2026/08/12 15:42:19.735, Tesla V100-PCIE-16GB, 58 %, 4 %, 550 MiB, 16384 MiB, 46
2026/08/12 15:42:29.736, Tesla V100-PCIE-16GB, 56 %, 4 %, 550 MiB, 16384 MiB, 46
2026/08/12 15:42:39.738, Tesla V100-PCIE-16GB, 25 %, 5 %, 550 MiB, 16384 MiB, 46
2026/08/12 15:42:49.739, Tesla V100-PCIE-16GB, 57 %, 4 %, 550 MiB, 16384 MiB, 46
2026/08/12 15:42:59.740, Tesla V100-PCIE-16GB, 57 %, 4 %, 550 MiB, 16384 MiB, 46
2026/08/12 15:43:09.741, Tesla V100-PCIE-16GB, 58 %, 4 %, 550 MiB, 16384 MiB, 46
2026/08/12 15:43:19.743, Tesla V100-PCIE-16GB, 57 %, 4 %, 550 MiB, 16384 MiB, 46
2026/08/12 15:43:29.744, Tesla V100-PCIE-16GB, 58 %, 4 %, 550 MiB, 16384 MiB, 46
2026/08/12 15:43:39.823, Tesla V100-PCIE-16GB, 58 %, 4 %, 550 MiB, 16384 MiB, 46
2026/08/12 15:43:49.824, Tesla V100-PCIE-16GB, 59 %, 4 %, 550 MiB, 16384 MiB, 46
2026/08/12 15:43:59.825, Tesla V100-PCIE-16GB, 56 %, 4 %, 550 MiB, 16384 MiB, 46
2026/08/12 15:44:09.826, Tesla V100-PCIE-16GB, 58 %, 4 %, 550 MiB, 16384 MiB, 46
2026/08/12 15:44:19.827, Tesla V100-PCIE-16GB, 59 %, 4 %, 550 MiB, 16384 MiB, 46
2026/08/12 15:44:29.829, Tesla V100-PCIE-16GB, 57 %, 4 %, 550 MiB, 16384 MiB, 46
2026/08/12 15:44:39.830, Tesla V100-PCIE-16GB, 58 %, 4 %, 550 MiB, 16384 MiB, 46
2026/08/12 15:44:49.831, Tesla V100-PCIE-16GB, 58 %, 4 %, 550 MiB, 16384 MiB, 46
2026/08/12 15:44:59.832, Tesla V100-PCIE-16GB, 58 %, 4 %, 550 MiB, 16384 MiB, 46
2026/08/12 15:45:09.833, Tesla V100-PCIE-16GB, 58 %, 4 %, 550 MiB, 16384 MiB, 46
2026/08/12 15:45:19.834, Tesla V100-PCIE-16GB, 59 %, 4 %, 550 MiB, 16384 MiB, 46
2026/08/12 15:45:29.836, Tesla V100-PCIE-16GB, 58 %, 4 %, 550 MiB, 16384 MiB, 46
2026/08/12 15:45:39.972, Tesla V100-PCIE-16GB, 58 %, 4 %, 550 MiB, 16384 MiB, 46
2026/08/12 15:45:49.973, Tesla V100-PCIE-16GB, 57 %, 4 %, 550 MiB, 16384 MiB, 46
2026/08/12 15:45:59.974, Tesla V100-PCIE-16GB, 58 %, 4 %, 550 MiB, 16384 MiB, 46
2026/08/12 15:46:09.975, Tesla V100-PCIE-16GB, 58 %, 4 %, 550 MiB, 16384 MiB, 46
2026/08/12 15:46:19.977, Tesla V100-PCIE-16GB, 58 %, 4 %, 550 MiB, 16384 MiB, 46
2026/08/12 15:46:29.978, Tesla V100-PCIE-16GB, 58 %, 4 %, 550 MiB, 16384 MiB, 46
2026/08/12 15:46:39.979, Tesla V100-PCIE-16GB, 58 %, 4 %, 550 MiB, 16384 MiB, 46
2026/08/12 15:46:49.980, Tesla V100-PCIE-16GB, 25 %, 5 %, 550 MiB, 16384 MiB, 46
2026/08/12 15:46:59.981, Tesla V100-PCIE-16GB, 58 %, 4 %, 550 MiB, 16384 MiB, 46
2026/08/12 15:47:09.982, Tesla V100-PCIE-16GB, 58 %, 4 %, 550 MiB, 16384 MiB, 46
2026/08/12 15:47:19.983, Tesla V100-PCIE-16GB, 58 %, 4 %, 550 MiB, 16384 MiB, 46
2026/08/12 15:47:29.984, Tesla V100-PCIE-16GB, 57 %, 4 %, 550 MiB, 16384 MiB, 46
2026/08/12 15:47:39.986, Tesla V100-PCIE-16GB, 58 %, 4 %, 550 MiB, 16384 MiB, 46
2026/08/12 15:47:49.987, Tesla V100-PCIE-16GB, 58 %, 4 %, 550 MiB, 16384 MiB, 46
2026/08/12 15:47:59.988, Tesla V100-PCIE-16GB, 58 %, 4 %, 550 MiB, 16384 MiB, 46
2026/08/12 15:48:09.989, Tesla V100-PCIE-16GB, 57 %, 4 %, 550 MiB, 16384 MiB, 46
2026/08/12 15:48:19.990, Tesla V100-PCIE-16GB, 58 %, 4 %, 550 MiB, 16384 MiB, 46
2026/08/12 15:48:29.992, Tesla V100-PCIE-16GB, 56 %, 4 %, 550 MiB, 16384 MiB, 46
2026/08/12 15:48:39.993, Tesla V100-PCIE-16GB, 58 %, 4 %, 550 MiB, 16384 MiB, 46
2026/08/12 15:48:49.994, Tesla V100-PCIE-16GB, 58 %, 4 %, 550 MiB, 16384 MiB, 46
2026/08/12 15:48:59.995, Tesla V100-PCIE-16GB, 56 %, 4 %, 550 MiB, 16384 MiB, 46
2026/08/12 15:49:09.997, Tesla V100-PCIE-16GB, 59 %, 4 %, 550 MiB, 16384 MiB, 46
2026/08/12 15:49:19.998, Tesla V100-PCIE-16GB, 58 %, 4 %, 550 MiB, 16384 MiB, 46
2026/08/12 15:49:29.999, Tesla V100-PCIE-16GB, 60 %, 4 %, 550 MiB, 16384 MiB, 46
2026/08/12 15:49:40.007, Tesla V100-PCIE-16GB, 58 %, 4 %, 550 MiB, 16384 MiB, 46
2026/08/12 15:49:50.008, Tesla V100-PCIE-16GB, 56 %, 4 %, 550 MiB, 16384 MiB, 46
2026/08/12 15:50:00.009, Tesla V100-PCIE-16GB, 58 %, 4 %, 550 MiB, 16384 MiB, 46
2026/08/12 15:50:10.010, Tesla V100-PCIE-16GB, 58 %, 4 %, 550 MiB, 16384 MiB, 46
2026/08/12 15:50:20.011, Tesla V100-PCIE-16GB, 58 %, 4 %, 550 MiB, 16384 MiB, 46
2026/08/12 15:50:30.012, Tesla V100-PCIE-16GB, 58 %, 4 %, 550 MiB, 16384 MiB, 46
2026/08/12 15:50:40.014, Tesla V100-PCIE-16GB, 59 %, 4 %, 550 MiB, 16384 MiB, 46
2026/08/12 15:50:50.015, Tesla V100-PCIE-16GB, 57 %, 4 %, 550 MiB, 16384 MiB, 46
2026/08/12 15:51:00.016, Tesla V100-PCIE-16GB, 24 %, 4 %, 550 MiB, 16384 MiB, 46
2026/08/12 15:51:10.017, Tesla V100-PCIE-16GB, 57 %, 4 %, 550 MiB, 16384 MiB, 46
2026/08/12 15:51:20.019, Tesla V100-PCIE-16GB, 58 %, 4 %, 550 MiB, 16384 MiB, 46
2026/08/12 15:51:30.020, Tesla V100-PCIE-16GB, 58 %, 4 %, 550 MiB, 16384 MiB, 46
2026/08/12 15:51:40.075, Tesla V100-PCIE-16GB, 56 %, 4 %, 550 MiB, 16384 MiB, 46
2026/08/12 15:51:50.076, Tesla V100-PCIE-16GB, 58 %, 4 %, 550 MiB, 16384 MiB, 46
2026/08/12 15:52:00.077, Tesla V100-PCIE-16GB, 58 %, 4 %, 550 MiB, 16384 MiB, 46
2026/08/12 15:52:10.078, Tesla V100-PCIE-16GB, 59 %, 4 %, 550 MiB, 16384 MiB, 46
2026/08/12 15:52:20.079, Tesla V100-PCIE-16GB, 57 %, 4 %, 550 MiB, 16384 MiB, 46
2026/08/12 15:52:30.080, Tesla V100-PCIE-16GB, 52 %, 4 %, 550 MiB, 16384 MiB, 46
2026/08/12 15:52:40.082, Tesla V100-PCIE-16GB, 58 %, 4 %, 550 MiB, 16384 MiB, 46
2026/08/12 15:52:50.083, Tesla V100-PCIE-16GB, 57 %, 4 %, 550 MiB, 16384 MiB, 46
2026/08/12 15:53:00.084, Tesla V100-PCIE-16GB, 57 %, 4 %, 550 MiB, 16384 MiB, 46
2026/08/12 15:53:10.085, Tesla V100-PCIE-16GB, 58 %, 4 %, 550 MiB, 16384 MiB, 46
2026/08/12 15:53:20.086, Tesla V100-PCIE-16GB, 57 %, 4 %, 550 MiB, 16384 MiB, 46
2026/08/12 15:53:30.087, Tesla V100-PCIE-16GB, 57 %, 4 %, 550 MiB, 16384 MiB, 46
2026/08/12 15:53:40.088, Tesla V100-PCIE-16GB, 58 %, 4 %, 550 MiB, 16384 MiB, 46
2026/08/12 15:53:50.089, Tesla V100-PCIE-16GB, 55 %, 4 %, 550 MiB, 16384 MiB, 46
2026/08/12 15:54:00.091, Tesla V100-PCIE-16GB, 58 %, 4 %, 550 MiB, 16384 MiB, 46
2026/08/12 15:54:10.092, Tesla V100-PCIE-16GB, 58 %, 4 %, 550 MiB, 16384 MiB, 46
2026/08/12 15:54:20.093, Tesla V100-PCIE-16GB, 57 %, 4 %, 550 MiB, 16384 MiB, 46
2026/08/12 15:54:30.094, Tesla V100-PCIE-16GB, 58 %, 4 %, 550 MiB, 16384 MiB, 46
2026/08/12 15:54:40.095, Tesla V100-PCIE-16GB, 58 %, 4 %, 550 MiB, 16384 MiB, 46
2026/08/12 15:54:50.096, Tesla V100-PCIE-16GB, 57 %, 4 %, 550 MiB, 16384 MiB, 46
2026/08/12 15:55:00.097, Tesla V100-PCIE-16GB, 58 %, 4 %, 550 MiB, 16384 MiB, 46
2026/08/12 15:55:10.104, Tesla V100-PCIE-16GB, 25 %, 5 %, 550 MiB, 16384 MiB, 46
2026/08/12 15:55:20.105, Tesla V100-PCIE-16GB, 58 %, 4 %, 550 MiB, 16384 MiB, 46
2026/08/12 15:55:30.106, Tesla V100-PCIE-16GB, 56 %, 4 %, 550 MiB, 16384 MiB, 46
2026/08/12 15:55:40.107, Tesla V100-PCIE-16GB, 51 %, 3 %, 550 MiB, 16384 MiB, 46
2026/08/12 15:55:50.108, Tesla V100-PCIE-16GB, 58 %, 4 %, 550 MiB, 16384 MiB, 46
2026/08/12 15:56:00.109, Tesla V100-PCIE-16GB, 57 %, 4 %, 550 MiB, 16384 MiB, 46
2026/08/12 15:56:10.111, Tesla V100-PCIE-16GB, 58 %, 4 %, 550 MiB, 16384 MiB, 46
2026/08/12 15:56:20.112, Tesla V100-PCIE-16GB, 59 %, 4 %, 550 MiB, 16384 MiB, 46
2026/08/12 15:56:30.113, Tesla V100-PCIE-16GB, 58 %, 4 %, 550 MiB, 16384 MiB, 46
2026/08/12 15:56:40.114, Tesla V100-PCIE-16GB, 58 %, 4 %, 550 MiB, 16384 MiB, 46
2026/08/12 15:56:50.115, Tesla V100-PCIE-16GB, 57 %, 4 %, 550 MiB, 16384 MiB, 46
2026/08/12 15:57:00.116, Tesla V100-PCIE-16GB, 57 %, 4 %, 550 MiB, 16384 MiB, 46
2026/08/12 15:57:10.118, Tesla V100-PCIE-16GB, 58 %, 4 %, 550 MiB, 16384 MiB, 46
2026/08/12 15:57:20.119, Tesla V100-PCIE-16GB, 58 %, 4 %, 550 MiB, 16384 MiB, 46
2026/08/12 15:57:30.120, Tesla V100-PCIE-16GB, 59 %, 4 %, 550 MiB, 16384 MiB, 46
2026/08/12 15:57:40.121, Tesla V100-PCIE-16GB, 58 %, 4 %, 550 MiB, 16384 MiB, 46
2026/08/12 15:57:50.122, Tesla V100-PCIE-16GB, 57 %, 4 %, 550 MiB, 16384 MiB, 46
2026/08/12 15:58:00.123, Tesla V100-PCIE-16GB, 57 %, 4 %, 550 MiB, 16384 MiB, 46
2026/08/12 15:58:10.124, Tesla V100-PCIE-16GB, 57 %, 4 %, 550 MiB, 16384 MiB, 46
2026/08/12 15:58:20.125, Tesla V100-PCIE-16GB, 57 %, 4 %, 550 MiB, 16384 MiB, 46
2026/08/12 15:58:30.126, Tesla V100-PCIE-16GB, 52 %, 4 %, 550 MiB, 16384 MiB, 46
2026/08/12 15:58:40.128, Tesla V100-PCIE-16GB, 58 %, 4 %, 550 MiB, 16384 MiB, 46
2026/08/12 15:58:50.129, Tesla V100-PCIE-16GB, 57 %, 4 %, 550 MiB, 16384 MiB, 46
2026/08/12 15:59:00.130, Tesla V100-PCIE-16GB, 58 %, 4 %, 550 MiB, 16384 MiB, 46
2026/08/12 15:59:10.131, Tesla V100-PCIE-16GB, 58 %, 4 %, 550 MiB, 16384 MiB, 46
2026/08/12 15:59:20.132, Tesla V100-PCIE-16GB, 41 %, 3 %, 550 MiB, 16384 MiB, 46
2026/08/12 15:59:30.134, Tesla V100-PCIE-16GB, 57 %, 4 %, 550 MiB, 16384 MiB, 46
2026/08/12 15:59:40.135, Tesla V100-PCIE-16GB, 58 %, 4 %, 550 MiB, 16384 MiB, 46
2026/08/12 15:59:50.136, Tesla V100-PCIE-16GB, 58 %, 4 %, 550 MiB, 16384 MiB, 46
2026/08/12 16:00:00.137, Tesla V100-PCIE-16GB, 58 %, 4 %, 550 MiB, 16384 MiB, 46
2026/08/12 16:00:10.139, Tesla V100-PCIE-16GB, 58 %, 4 %, 550 MiB, 16384 MiB, 46
2026/08/12 16:00:20.140, Tesla V100-PCIE-16GB, 58 %, 4 %, 550 MiB, 16384 MiB, 46
2026/08/12 16:00:30.141, Tesla V100-PCIE-16GB, 57 %, 4 %, 550 MiB, 16384 MiB, 46
2026/08/12 16:00:40.142, Tesla V100-PCIE-16GB, 57 %, 4 %, 550 MiB, 16384 MiB, 46
2026/08/12 16:00:50.143, Tesla V100-PCIE-16GB, 58 %, 4 %, 550 MiB, 16384 MiB, 46
2026/08/12 16:01:00.144, Tesla V100-PCIE-16GB, 58 %, 4 %, 550 MiB, 16384 MiB, 46
2026/08/12 16:01:10.145, Tesla V100-PCIE-16GB, 58 %, 4 %, 550 MiB, 16384 MiB, 46
2026/08/12 16:01:20.147, Tesla V100-PCIE-16GB, 57 %, 4 %, 550 MiB, 16384 MiB, 46
2026/08/12 16:01:30.148, Tesla V100-PCIE-16GB, 57 %, 4 %, 550 MiB, 16384 MiB, 46
2026/08/12 16:01:40.149, Tesla V100-PCIE-16GB, 59 %, 4 %, 550 MiB, 16384 MiB, 46
2026/08/12 16:01:50.150, Tesla V100-PCIE-16GB, 58 %, 4 %, 550 MiB, 16384 MiB, 46
2026/08/12 16:02:00.151, Tesla V100-PCIE-16GB, 60 %, 4 %, 550 MiB, 16384 MiB, 46
2026/08/12 16:02:10.219, Tesla V100-PCIE-16GB, 57 %, 4 %, 550 MiB, 16384 MiB, 46
2026/08/12 16:02:20.220, Tesla V100-PCIE-16GB, 58 %, 4 %, 550 MiB, 16384 MiB, 46
2026/08/12 16:02:30.221, Tesla V100-PCIE-16GB, 58 %, 4 %, 550 MiB, 16384 MiB, 46
2026/08/12 16:02:40.222, Tesla V100-PCIE-16GB, 58 %, 4 %, 550 MiB, 16384 MiB, 46
2026/08/12 16:02:50.224, Tesla V100-PCIE-16GB, 57 %, 4 %, 550 MiB, 16384 MiB, 46
2026/08/12 16:03:00.225, Tesla V100-PCIE-16GB, 58 %, 4 %, 550 MiB, 16384 MiB, 46
2026/08/12 16:03:10.226, Tesla V100-PCIE-16GB, 59 %, 4 %, 550 MiB, 16384 MiB, 46
2026/08/12 16:03:20.227, Tesla V100-PCIE-16GB, 57 %, 4 %, 550 MiB, 16384 MiB, 46
2026/08/12 16:03:30.229, Tesla V100-PCIE-16GB, 24 %, 4 %, 550 MiB, 16384 MiB, 46
2026/08/12 16:03:40.230, Tesla V100-PCIE-16GB, 58 %, 4 %, 550 MiB, 16384 MiB, 46
2026/08/12 16:03:50.232, Tesla V100-PCIE-16GB, 58 %, 4 %, 550 MiB, 16384 MiB, 46
2026/08/12 16:04:00.233, Tesla V100-PCIE-16GB, 58 %, 4 %, 550 MiB, 16384 MiB, 46
2026/08/12 16:04:10.234, Tesla V100-PCIE-16GB, 58 %, 4 %, 550 MiB, 16384 MiB, 46
2026/08/12 16:04:20.235, Tesla V100-PCIE-16GB, 58 %, 4 %, 550 MiB, 16384 MiB, 46
2026/08/12 16:04:30.237, Tesla V100-PCIE-16GB, 57 %, 4 %, 550 MiB, 16384 MiB, 46
2026/08/12 16:04:40.238, Tesla V100-PCIE-16GB, 58 %, 4 %, 550 MiB, 16384 MiB, 46
2026/08/12 16:04:50.239, Tesla V100-PCIE-16GB, 58 %, 4 %, 550 MiB, 16384 MiB, 46
2026/08/12 16:05:00.240, Tesla V100-PCIE-16GB, 57 %, 4 %, 550 MiB, 16384 MiB, 46
2026/08/12 16:05:10.242, Tesla V100-PCIE-16GB, 56 %, 4 %, 550 MiB, 16384 MiB, 46
2026/08/12 16:05:20.243, Tesla V100-PCIE-16GB, 58 %, 4 %, 550 MiB, 16384 MiB, 46
2026/08/12 16:05:30.244, Tesla V100-PCIE-16GB, 58 %, 4 %, 550 MiB, 16384 MiB, 46
2026/08/12 16:05:40.245, Tesla V100-PCIE-16GB, 57 %, 4 %, 550 MiB, 16384 MiB, 46
2026/08/12 16:05:50.246, Tesla V100-PCIE-16GB, 58 %, 4 %, 550 MiB, 16384 MiB, 46
2026/08/12 16:06:00.247, Tesla V100-PCIE-16GB, 57 %, 4 %, 550 MiB, 16384 MiB, 46
2026/08/12 16:06:10.249, Tesla V100-PCIE-16GB, 59 %, 4 %, 550 MiB, 16384 MiB, 46
2026/08/12 16:06:20.250, Tesla V100-PCIE-16GB, 58 %, 4 %, 550 MiB, 16384 MiB, 46
2026/08/12 16:06:30.251, Tesla V100-PCIE-16GB, 55 %, 4 %, 550 MiB, 16384 MiB, 46
2026/08/12 16:06:40.253, Tesla V100-PCIE-16GB, 57 %, 4 %, 550 MiB, 16384 MiB, 46
2026/08/12 16:06:50.254, Tesla V100-PCIE-16GB, 56 %, 4 %, 550 MiB, 16384 MiB, 46
2026/08/12 16:07:00.256, Tesla V100-PCIE-16GB, 58 %, 4 %, 550 MiB, 16384 MiB, 46
2026/08/12 16:07:10.257, Tesla V100-PCIE-16GB, 58 %, 4 %, 550 MiB, 16384 MiB, 46
2026/08/12 16:07:20.258, Tesla V100-PCIE-16GB, 58 %, 4 %, 550 MiB, 16384 MiB, 46
2026/08/12 16:07:30.260, Tesla V100-PCIE-16GB, 57 %, 4 %, 550 MiB, 16384 MiB, 46
2026/08/12 16:07:40.262, Tesla V100-PCIE-16GB, 30 %, 4 %, 550 MiB, 16384 MiB, 46
2026/08/12 16:07:50.263, Tesla V100-PCIE-16GB, 58 %, 4 %, 550 MiB, 16384 MiB, 46
2026/08/12 16:08:00.264, Tesla V100-PCIE-16GB, 58 %, 4 %, 550 MiB, 16384 MiB, 46
2026/08/12 16:08:10.265, Tesla V100-PCIE-16GB, 58 %, 4 %, 550 MiB, 16384 MiB, 46
2026/08/12 16:08:20.266, Tesla V100-PCIE-16GB, 58 %, 4 %, 550 MiB, 16384 MiB, 46
2026/08/12 16:08:30.268, Tesla V100-PCIE-16GB, 58 %, 4 %, 550 MiB, 16384 MiB, 46
2026/08/12 16:08:40.269, Tesla V100-PCIE-16GB, 58 %, 4 %, 550 MiB, 16384 MiB, 46
2026/08/12 16:08:50.270, Tesla V100-PCIE-16GB, 58 %, 4 %, 550 MiB, 16384 MiB, 46
2026/08/12 16:09:00.271, Tesla V100-PCIE-16GB, 57 %, 4 %, 550 MiB, 16384 MiB, 46
2026/08/12 16:09:10.272, Tesla V100-PCIE-16GB, 58 %, 4 %, 550 MiB, 16384 MiB, 46
2026/08/12 16:09:20.274, Tesla V100-PCIE-16GB, 58 %, 4 %, 550 MiB, 16384 MiB, 46
2026/08/12 16:09:30.275, Tesla V100-PCIE-16GB, 58 %, 4 %, 550 MiB, 16384 MiB, 46
2026/08/12 16:09:40.276, Tesla V100-PCIE-16GB, 58 %, 4 %, 550 MiB, 16384 MiB, 46
2026/08/12 16:09:50.277, Tesla V100-PCIE-16GB, 52 %, 4 %, 550 MiB, 16384 MiB, 46
2026/08/12 16:10:00.278, Tesla V100-PCIE-16GB, 58 %, 4 %, 550 MiB, 16384 MiB, 46
2026/08/12 16:10:10.279, Tesla V100-PCIE-16GB, 57 %, 4 %, 550 MiB, 16384 MiB, 46
2026/08/12 16:10:20.281, Tesla V100-PCIE-16GB, 60 %, 4 %, 550 MiB, 16384 MiB, 46
2026/08/12 16:10:30.282, Tesla V100-PCIE-16GB, 58 %, 4 %, 550 MiB, 16384 MiB, 46
2026/08/12 16:10:40.283, Tesla V100-PCIE-16GB, 58 %, 4 %, 550 MiB, 16384 MiB, 46
2026/08/12 16:10:50.284, Tesla V100-PCIE-16GB, 56 %, 4 %, 550 MiB, 16384 MiB, 46
2026/08/12 16:11:00.285, Tesla V100-PCIE-16GB, 55 %, 4 %, 550 MiB, 16384 MiB, 46
2026/08/12 16:11:10.286, Tesla V100-PCIE-16GB, 59 %, 4 %, 550 MiB, 16384 MiB, 46
2026/08/12 16:11:20.287, Tesla V100-PCIE-16GB, 57 %, 4 %, 550 MiB, 16384 MiB, 46
2026/08/12 16:11:30.292, Tesla V100-PCIE-16GB, 59 %, 4 %, 550 MiB, 16384 MiB, 46
2026/08/12 16:11:40.293, Tesla V100-PCIE-16GB, 58 %, 4 %, 550 MiB, 16384 MiB, 46
2026/08/12 16:11:50.294, Tesla V100-PCIE-16GB, 43 %, 3 %, 550 MiB, 16384 MiB, 46
2026/08/12 16:12:00.295, Tesla V100-PCIE-16GB, 58 %, 4 %, 550 MiB, 16384 MiB, 46
2026/08/12 16:12:10.296, Tesla V100-PCIE-16GB, 58 %, 4 %, 550 MiB, 16384 MiB, 46
2026/08/12 16:12:20.297, Tesla V100-PCIE-16GB, 57 %, 4 %, 550 MiB, 16384 MiB, 46
2026/08/12 16:12:30.299, Tesla V100-PCIE-16GB, 57 %, 4 %, 550 MiB, 16384 MiB, 46
2026/08/12 16:12:40.300, Tesla V100-PCIE-16GB, 58 %, 4 %, 550 MiB, 16384 MiB, 46
2026/08/12 16:12:50.301, Tesla V100-PCIE-16GB, 58 %, 4 %, 550 MiB, 16384 MiB, 46
2026/08/12 16:13:00.302, Tesla V100-PCIE-16GB, 58 %, 4 %, 550 MiB, 16384 MiB, 46
2026/08/12 16:13:10.303, Tesla V100-PCIE-16GB, 57 %, 4 %, 550 MiB, 16384 MiB, 46
2026/08/12 16:13:20.304, Tesla V100-PCIE-16GB, 58 %, 4 %, 550 MiB, 16384 MiB, 46
2026/08/12 16:13:30.305, Tesla V100-PCIE-16GB, 57 %, 4 %, 550 MiB, 16384 MiB, 46
2026/08/12 16:13:40.306, Tesla V100-PCIE-16GB, 58 %, 4 %, 550 MiB, 16384 MiB, 46
2026/08/12 16:13:50.308, Tesla V100-PCIE-16GB, 57 %, 4 %, 550 MiB, 16384 MiB, 46
2026/08/12 16:14:00.309, Tesla V100-PCIE-16GB, 58 %, 4 %, 550 MiB, 16384 MiB, 46
2026/08/12 16:14:10.310, Tesla V100-PCIE-16GB, 51 %, 24 %, 610 MiB, 16384 MiB, 48
2026/08/12 16:14:20.311, Tesla V100-PCIE-16GB, 44 %, 20 %, 610 MiB, 16384 MiB, 49
2026/08/12 16:14:30.312, Tesla V100-PCIE-16GB, 69 %, 2 %, 774 MiB, 16384 MiB, 48
2026/08/12 16:14:40.313, Tesla V100-PCIE-16GB, 65 %, 1 %, 836 MiB, 16384 MiB, 47
2026/08/12 16:14:50.314, Tesla V100-PCIE-16GB, 70 %, 2 %, 898 MiB, 16384 MiB, 47
2026/08/12 16:15:00.316, Tesla V100-PCIE-16GB, 71 %, 2 %, 898 MiB, 16384 MiB, 47
2026/08/12 16:15:10.317, Tesla V100-PCIE-16GB, 70 %, 2 %, 972 MiB, 16384 MiB, 47
2026/08/12 16:15:20.318, Tesla V100-PCIE-16GB, 0 %, 0 %, 314 MiB, 16384 MiB, 45
2026/08/12 16:15:30.319, Tesla V100-PCIE-16GB, 59 %, 24 %, 1216 MiB, 16384 MiB, 49
2026/08/12 16:15:40.320, Tesla V100-PCIE-16GB, 54 %, 21 %, 1216 MiB, 16384 MiB, 50
2026/08/12 16:15:50.321, Tesla V100-PCIE-16GB, 32 %, 11 %, 1216 MiB, 16384 MiB, 51
2026/08/12 16:16:00.322, Tesla V100-PCIE-16GB, 58 %, 23 %, 1216 MiB, 16384 MiB, 52
2026/08/12 16:16:10.324, Tesla V100-PCIE-16GB, 52 %, 20 %, 1216 MiB, 16384 MiB, 52
2026/08/12 16:16:20.325, Tesla V100-PCIE-16GB, 0 %, 0 %, 4 MiB, 16384 MiB, 47
2026/08/12 16:16:30.326, Tesla V100-PCIE-16GB, 69 %, 9 %, 638 MiB, 16384 MiB, 50
2026/08/12 16:16:40.327, Tesla V100-PCIE-16GB, 69 %, 9 %, 638 MiB, 16384 MiB, 50
2026/08/12 16:16:50.328, Tesla V100-PCIE-16GB, 68 %, 9 %, 638 MiB, 16384 MiB, 50
2026/08/12 16:17:00.330, Tesla V100-PCIE-16GB, 68 %, 9 %, 638 MiB, 16384 MiB, 51
2026/08/12 16:17:10.331, Tesla V100-PCIE-16GB, 69 %, 9 %, 640 MiB, 16384 MiB, 50
2026/08/12 16:17:20.332, Tesla V100-PCIE-16GB, 69 %, 9 %, 640 MiB, 16384 MiB, 51
2026/08/12 16:17:30.333, Tesla V100-PCIE-16GB, 69 %, 9 %, 640 MiB, 16384 MiB, 51
2026/08/12 16:17:40.335, Tesla V100-PCIE-16GB, 67 %, 8 %, 640 MiB, 16384 MiB, 51
2026/08/12 16:17:50.336, Tesla V100-PCIE-16GB, 69 %, 9 %, 640 MiB, 16384 MiB, 51
2026/08/12 16:18:00.337, Tesla V100-PCIE-16GB, 69 %, 9 %, 640 MiB, 16384 MiB, 51
2026/08/12 16:18:10.338, Tesla V100-PCIE-16GB, 68 %, 9 %, 640 MiB, 16384 MiB, 51
2026/08/12 16:18:20.339, Tesla V100-PCIE-16GB, 69 %, 9 %, 640 MiB, 16384 MiB, 51
2026/08/12 16:18:30.340, Tesla V100-PCIE-16GB, 69 %, 9 %, 640 MiB, 16384 MiB, 51
2026/08/12 16:18:40.341, Tesla V100-PCIE-16GB, 66 %, 8 %, 640 MiB, 16384 MiB, 51
2026/08/12 16:18:50.342, Tesla V100-PCIE-16GB, 69 %, 9 %, 640 MiB, 16384 MiB, 51
2026/08/12 16:19:00.343, Tesla V100-PCIE-16GB, 70 %, 9 %, 640 MiB, 16384 MiB, 51
2026/08/12 16:19:10.345, Tesla V100-PCIE-16GB, 68 %, 9 %, 640 MiB, 16384 MiB, 51
2026/08/12 16:19:20.346, Tesla V100-PCIE-16GB, 69 %, 9 %, 640 MiB, 16384 MiB, 51
2026/08/12 16:19:30.347, Tesla V100-PCIE-16GB, 68 %, 8 %, 640 MiB, 16384 MiB, 51
2026/08/12 16:19:40.348, Tesla V100-PCIE-16GB, 69 %, 9 %, 640 MiB, 16384 MiB, 51
2026/08/12 16:19:50.349, Tesla V100-PCIE-16GB, 69 %, 9 %, 640 MiB, 16384 MiB, 51
2026/08/12 16:20:00.350, Tesla V100-PCIE-16GB, 69 %, 9 %, 640 MiB, 16384 MiB, 51
2026/08/12 16:20:10.351, Tesla V100-PCIE-16GB, 70 %, 9 %, 640 MiB, 16384 MiB, 51
2026/08/12 16:20:20.353, Tesla V100-PCIE-16GB, 50 %, 15 %, 640 MiB, 16384 MiB, 51
2026/08/12 16:20:30.354, Tesla V100-PCIE-16GB, 69 %, 9 %, 640 MiB, 16384 MiB, 51
2026/08/12 16:20:40.355, Tesla V100-PCIE-16GB, 69 %, 9 %, 640 MiB, 16384 MiB, 51
2026/08/12 16:20:50.356, Tesla V100-PCIE-16GB, 68 %, 9 %, 640 MiB, 16384 MiB, 51
2026/08/12 16:21:00.357, Tesla V100-PCIE-16GB, 69 %, 9 %, 640 MiB, 16384 MiB, 51
2026/08/12 16:21:10.358, Tesla V100-PCIE-16GB, 70 %, 9 %, 640 MiB, 16384 MiB, 51
2026/08/12 16:21:20.359, Tesla V100-PCIE-16GB, 69 %, 9 %, 640 MiB, 16384 MiB, 51
2026/08/12 16:21:30.361, Tesla V100-PCIE-16GB, 68 %, 9 %, 640 MiB, 16384 MiB, 51
2026/08/12 16:21:40.444, Tesla V100-PCIE-16GB, 67 %, 8 %, 640 MiB, 16384 MiB, 51
2026/08/12 16:21:50.445, Tesla V100-PCIE-16GB, 68 %, 9 %, 640 MiB, 16384 MiB, 51
2026/08/12 16:22:00.446, Tesla V100-PCIE-16GB, 68 %, 9 %, 640 MiB, 16384 MiB, 51
2026/08/12 16:22:10.448, Tesla V100-PCIE-16GB, 70 %, 9 %, 640 MiB, 16384 MiB, 51
2026/08/12 16:22:20.449, Tesla V100-PCIE-16GB, 69 %, 9 %, 640 MiB, 16384 MiB, 51
2026/08/12 16:22:30.450, Tesla V100-PCIE-16GB, 67 %, 9 %, 640 MiB, 16384 MiB, 51
2026/08/12 16:22:40.452, Tesla V100-PCIE-16GB, 67 %, 8 %, 640 MiB, 16384 MiB, 51
2026/08/12 16:22:50.453, Tesla V100-PCIE-16GB, 68 %, 9 %, 640 MiB, 16384 MiB, 51
2026/08/12 16:23:00.456, Tesla V100-PCIE-16GB, 66 %, 8 %, 640 MiB, 16384 MiB, 51
2026/08/12 16:23:10.457, Tesla V100-PCIE-16GB, 66 %, 8 %, 640 MiB, 16384 MiB, 51
2026/08/12 16:23:20.458, Tesla V100-PCIE-16GB, 62 %, 8 %, 640 MiB, 16384 MiB, 51
2026/08/12 16:23:30.460, Tesla V100-PCIE-16GB, 61 %, 8 %, 640 MiB, 16384 MiB, 51
2026/08/12 16:23:40.461, Tesla V100-PCIE-16GB, 61 %, 8 %, 640 MiB, 16384 MiB, 51
2026/08/12 16:23:50.462, Tesla V100-PCIE-16GB, 62 %, 8 %, 640 MiB, 16384 MiB, 50
2026/08/12 16:24:00.498, Tesla V100-PCIE-16GB, 63 %, 8 %, 640 MiB, 16384 MiB, 50
2026/08/12 16:24:10.499, Tesla V100-PCIE-16GB, 61 %, 8 %, 640 MiB, 16384 MiB, 50
2026/08/12 16:24:20.500, Tesla V100-PCIE-16GB, 63 %, 8 %, 640 MiB, 16384 MiB, 50
2026/08/12 16:24:30.501, Tesla V100-PCIE-16GB, 65 %, 8 %, 640 MiB, 16384 MiB, 49
2026/08/12 16:24:40.503, Tesla V100-PCIE-16GB, 66 %, 8 %, 640 MiB, 16384 MiB, 49
2026/08/12 16:24:50.504, Tesla V100-PCIE-16GB, 56 %, 7 %, 640 MiB, 16384 MiB, 49
2026/08/12 16:25:00.505, Tesla V100-PCIE-16GB, 62 %, 8 %, 640 MiB, 16384 MiB, 48
2026/08/12 16:25:10.506, Tesla V100-PCIE-16GB, 66 %, 8 %, 640 MiB, 16384 MiB, 48
2026/08/12 16:25:20.508, Tesla V100-PCIE-16GB, 66 %, 8 %, 640 MiB, 16384 MiB, 48
2026/08/12 16:25:30.509, Tesla V100-PCIE-16GB, 66 %, 8 %, 640 MiB, 16384 MiB, 48
2026/08/12 16:25:40.510, Tesla V100-PCIE-16GB, 63 %, 8 %, 640 MiB, 16384 MiB, 48
2026/08/12 16:25:50.552, Tesla V100-PCIE-16GB, 67 %, 8 %, 640 MiB, 16384 MiB, 48
2026/08/12 16:26:00.553, Tesla V100-PCIE-16GB, 61 %, 8 %, 640 MiB, 16384 MiB, 47
2026/08/12 16:26:10.555, Tesla V100-PCIE-16GB, 64 %, 8 %, 640 MiB, 16384 MiB, 47
2026/08/12 16:26:20.556, Tesla V100-PCIE-16GB, 66 %, 8 %, 640 MiB, 16384 MiB, 47
2026/08/12 16:26:30.557, Tesla V100-PCIE-16GB, 62 %, 8 %, 640 MiB, 16384 MiB, 47
2026/08/12 16:26:40.558, Tesla V100-PCIE-16GB, 62 %, 8 %, 640 MiB, 16384 MiB, 47
2026/08/12 16:26:50.559, Tesla V100-PCIE-16GB, 62 %, 8 %, 640 MiB, 16384 MiB, 47
2026/08/12 16:27:00.561, Tesla V100-PCIE-16GB, 34 %, 17 %, 640 MiB, 16384 MiB, 47
2026/08/12 16:27:10.562, Tesla V100-PCIE-16GB, 51 %, 20 %, 1188 MiB, 16384 MiB, 48
2026/08/12 16:27:20.563, Tesla V100-PCIE-16GB, 52 %, 20 %, 1226 MiB, 16384 MiB, 48
2026/08/12 16:27:30.564, Tesla V100-PCIE-16GB, 27 %, 9 %, 1226 MiB, 16384 MiB, 49
2026/08/12 16:27:40.565, Tesla V100-PCIE-16GB, 30 %, 11 %, 1226 MiB, 16384 MiB, 49
2026/08/12 16:27:50.660, Tesla V100-PCIE-16GB, 39 %, 14 %, 1226 MiB, 16384 MiB, 50
2026/08/12 16:28:00.661, Tesla V100-PCIE-16GB, 0 %, 0 %, 0 MiB, 16384 MiB, 47
2026/08/12 16:28:10.663, Tesla V100-PCIE-16GB, 64 %, 8 %, 638 MiB, 16384 MiB, 48
2026/08/12 16:28:20.664, Tesla V100-PCIE-16GB, 64 %, 8 %, 638 MiB, 16384 MiB, 48
2026/08/12 16:28:30.665, Tesla V100-PCIE-16GB, 62 %, 8 %, 638 MiB, 16384 MiB, 48
2026/08/12 16:28:40.666, Tesla V100-PCIE-16GB, 62 %, 8 %, 638 MiB, 16384 MiB, 48
2026/08/12 16:28:50.668, Tesla V100-PCIE-16GB, 62 %, 8 %, 638 MiB, 16384 MiB, 48
2026/08/12 16:29:00.669, Tesla V100-PCIE-16GB, 64 %, 8 %, 640 MiB, 16384 MiB, 48
2026/08/12 16:29:10.670, Tesla V100-PCIE-16GB, 61 %, 8 %, 640 MiB, 16384 MiB, 48
2026/08/12 16:29:20.671, Tesla V100-PCIE-16GB, 62 %, 8 %, 640 MiB, 16384 MiB, 48
2026/08/12 16:29:30.673, Tesla V100-PCIE-16GB, 65 %, 8 %, 640 MiB, 16384 MiB, 47
2026/08/12 16:29:40.674, Tesla V100-PCIE-16GB, 65 %, 8 %, 640 MiB, 16384 MiB, 47
2026/08/12 16:29:50.746, Tesla V100-PCIE-16GB, 64 %, 8 %, 640 MiB, 16384 MiB, 47
2026/08/12 16:30:00.747, Tesla V100-PCIE-16GB, 54 %, 7 %, 640 MiB, 16384 MiB, 47
2026/08/12 16:30:10.749, Tesla V100-PCIE-16GB, 65 %, 8 %, 640 MiB, 16384 MiB, 47
2026/08/12 16:30:20.750, Tesla V100-PCIE-16GB, 61 %, 8 %, 640 MiB, 16384 MiB, 47
2026/08/12 16:30:30.751, Tesla V100-PCIE-16GB, 62 %, 8 %, 640 MiB, 16384 MiB, 47
2026/08/12 16:30:40.753, Tesla V100-PCIE-16GB, 67 %, 8 %, 640 MiB, 16384 MiB, 47
2026/08/12 16:30:50.754, Tesla V100-PCIE-16GB, 65 %, 8 %, 640 MiB, 16384 MiB, 47
2026/08/12 16:31:00.756, Tesla V100-PCIE-16GB, 61 %, 8 %, 640 MiB, 16384 MiB, 47
2026/08/12 16:31:10.760, Tesla V100-PCIE-16GB, 59 %, 7 %, 640 MiB, 16384 MiB, 47
2026/08/12 16:31:20.761, Tesla V100-PCIE-16GB, 61 %, 8 %, 640 MiB, 16384 MiB, 47
2026/08/12 16:31:30.762, Tesla V100-PCIE-16GB, 41 %, 13 %, 640 MiB, 16384 MiB, 47
2026/08/12 16:31:40.764, Tesla V100-PCIE-16GB, 61 %, 8 %, 640 MiB, 16384 MiB, 47
2026/08/12 16:31:50.899, Tesla V100-PCIE-16GB, 62 %, 8 %, 640 MiB, 16384 MiB, 47
2026/08/12 16:32:00.901, Tesla V100-PCIE-16GB, 63 %, 8 %, 640 MiB, 16384 MiB, 47
2026/08/12 16:32:10.902, Tesla V100-PCIE-16GB, 68 %, 9 %, 640 MiB, 16384 MiB, 47
2026/08/12 16:32:20.903, Tesla V100-PCIE-16GB, 46 %, 14 %, 640 MiB, 16384 MiB, 47
2026/08/12 16:32:30.905, Tesla V100-PCIE-16GB, 63 %, 8 %, 640 MiB, 16384 MiB, 47
2026/08/12 16:32:40.907, Tesla V100-PCIE-16GB, 67 %, 8 %, 640 MiB, 16384 MiB, 47
2026/08/12 16:32:50.908, Tesla V100-PCIE-16GB, 65 %, 8 %, 640 MiB, 16384 MiB, 48
2026/08/12 16:33:00.909, Tesla V100-PCIE-16GB, 67 %, 8 %, 640 MiB, 16384 MiB, 48
2026/08/12 16:33:10.910, Tesla V100-PCIE-16GB, 38 %, 7 %, 640 MiB, 16384 MiB, 49
2026/08/12 16:33:20.911, Tesla V100-PCIE-16GB, 64 %, 8 %, 640 MiB, 16384 MiB, 49
2026/08/12 16:33:30.912, Tesla V100-PCIE-16GB, 66 %, 8 %, 640 MiB, 16384 MiB, 49
2026/08/12 16:33:40.914, Tesla V100-PCIE-16GB, 64 %, 8 %, 640 MiB, 16384 MiB, 48
2026/08/12 16:33:50.915, Tesla V100-PCIE-16GB, 60 %, 8 %, 640 MiB, 16384 MiB, 48
2026/08/12 16:34:00.917, Tesla V100-PCIE-16GB, 44 %, 11 %, 640 MiB, 16384 MiB, 48
2026/08/12 16:34:10.964, Tesla V100-PCIE-16GB, 60 %, 7 %, 640 MiB, 16384 MiB, 48
2026/08/12 16:34:20.965, Tesla V100-PCIE-16GB, 67 %, 8 %, 640 MiB, 16384 MiB, 48
2026/08/12 16:34:30.966, Tesla V100-PCIE-16GB, 64 %, 8 %, 640 MiB, 16384 MiB, 48
2026/08/12 16:34:40.967, Tesla V100-PCIE-16GB, 63 %, 8 %, 640 MiB, 16384 MiB, 48
2026/08/12 16:34:51.015, Tesla V100-PCIE-16GB, 63 %, 8 %, 640 MiB, 16384 MiB, 47
2026/08/12 16:35:01.016, Tesla V100-PCIE-16GB, 66 %, 8 %, 640 MiB, 16384 MiB, 47
2026/08/12 16:35:11.018, Tesla V100-PCIE-16GB, 63 %, 8 %, 640 MiB, 16384 MiB, 47
2026/08/12 16:35:21.019, Tesla V100-PCIE-16GB, 62 %, 8 %, 640 MiB, 16384 MiB, 47
2026/08/12 16:35:31.020, Tesla V100-PCIE-16GB, 62 %, 8 %, 640 MiB, 16384 MiB, 47
2026/08/12 16:35:41.021, Tesla V100-PCIE-16GB, 62 %, 8 %, 640 MiB, 16384 MiB, 47
2026/08/12 16:35:51.023, Tesla V100-PCIE-16GB, 61 %, 8 %, 640 MiB, 16384 MiB, 47
2026/08/12 16:36:01.024, Tesla V100-PCIE-16GB, 62 %, 8 %, 640 MiB, 16384 MiB, 47
2026/08/12 16:36:11.151, Tesla V100-PCIE-16GB, 64 %, 8 %, 640 MiB, 16384 MiB, 47
2026/08/12 16:36:21.152, Tesla V100-PCIE-16GB, 62 %, 8 %, 640 MiB, 16384 MiB, 47
2026/08/12 16:36:31.153, Tesla V100-PCIE-16GB, 61 %, 8 %, 640 MiB, 16384 MiB, 47
2026/08/12 16:36:41.155, Tesla V100-PCIE-16GB, 62 %, 8 %, 640 MiB, 16384 MiB, 47
2026/08/12 16:36:51.157, Tesla V100-PCIE-16GB, 60 %, 8 %, 640 MiB, 16384 MiB, 47
2026/08/12 16:37:01.158, Tesla V100-PCIE-16GB, 60 %, 7 %, 640 MiB, 16384 MiB, 47
2026/08/12 16:37:11.159, Tesla V100-PCIE-16GB, 64 %, 8 %, 640 MiB, 16384 MiB, 47
2026/08/12 16:37:21.160, Tesla V100-PCIE-16GB, 66 %, 8 %, 640 MiB, 16384 MiB, 47
2026/08/12 16:37:31.161, Tesla V100-PCIE-16GB, 62 %, 8 %, 640 MiB, 16384 MiB, 47
2026/08/12 16:37:41.163, Tesla V100-PCIE-16GB, 57 %, 7 %, 640 MiB, 16384 MiB, 47
2026/08/12 16:37:51.164, Tesla V100-PCIE-16GB, 68 %, 9 %, 640 MiB, 16384 MiB, 48
2026/08/12 16:38:01.165, Tesla V100-PCIE-16GB, 61 %, 8 %, 640 MiB, 16384 MiB, 48
2026/08/12 16:38:11.246, Tesla V100-PCIE-16GB, 54 %, 7 %, 640 MiB, 16384 MiB, 48
2026/08/12 16:38:21.247, Tesla V100-PCIE-16GB, 62 %, 8 %, 640 MiB, 16384 MiB, 49
2026/08/12 16:38:31.248, Tesla V100-PCIE-16GB, 67 %, 8 %, 640 MiB, 16384 MiB, 49
2026/08/12 16:38:41.250, Tesla V100-PCIE-16GB, 66 %, 8 %, 640 MiB, 16384 MiB, 49
2026/08/12 16:38:51.251, Tesla V100-PCIE-16GB, 62 %, 8 %, 640 MiB, 16384 MiB, 48
2026/08/12 16:39:01.252, Tesla V100-PCIE-16GB, 60 %, 8 %, 640 MiB, 16384 MiB, 48
2026/08/12 16:39:11.253, Tesla V100-PCIE-16GB, 65 %, 8 %, 640 MiB, 16384 MiB, 48
2026/08/12 16:39:21.254, Tesla V100-PCIE-16GB, 61 %, 8 %, 640 MiB, 16384 MiB, 48
2026/08/12 16:39:31.256, Tesla V100-PCIE-16GB, 60 %, 8 %, 640 MiB, 16384 MiB, 48
2026/08/12 16:39:41.257, Tesla V100-PCIE-16GB, 64 %, 8 %, 640 MiB, 16384 MiB, 48
2026/08/12 16:39:51.258, Tesla V100-PCIE-16GB, 65 %, 8 %, 640 MiB, 16384 MiB, 47
2026/08/12 16:40:01.260, Tesla V100-PCIE-16GB, 62 %, 8 %, 640 MiB, 16384 MiB, 48
2026/08/12 16:40:11.320, Tesla V100-PCIE-16GB, 61 %, 8 %, 640 MiB, 16384 MiB, 48
2026/08/12 16:40:21.322, Tesla V100-PCIE-16GB, 62 %, 8 %, 640 MiB, 16384 MiB, 47
2026/08/12 16:40:31.323, Tesla V100-PCIE-16GB, 64 %, 8 %, 640 MiB, 16384 MiB, 47
2026/08/12 16:40:41.324, Tesla V100-PCIE-16GB, 63 %, 8 %, 640 MiB, 16384 MiB, 47
2026/08/12 16:40:51.325, Tesla V100-PCIE-16GB, 66 %, 8 %, 640 MiB, 16384 MiB, 47
2026/08/12 16:41:01.327, Tesla V100-PCIE-16GB, 62 %, 8 %, 640 MiB, 16384 MiB, 47
2026/08/12 16:41:11.328, Tesla V100-PCIE-16GB, 63 %, 8 %, 640 MiB, 16384 MiB, 47
2026/08/12 16:41:21.329, Tesla V100-PCIE-16GB, 59 %, 7 %, 640 MiB, 16384 MiB, 47
2026/08/12 16:41:31.330, Tesla V100-PCIE-16GB, 62 %, 8 %, 640 MiB, 16384 MiB, 47
2026/08/12 16:41:41.331, Tesla V100-PCIE-16GB, 62 %, 8 %, 640 MiB, 16384 MiB, 47
2026/08/12 16:41:51.333, Tesla V100-PCIE-16GB, 63 %, 8 %, 640 MiB, 16384 MiB, 47
2026/08/12 16:42:01.334, Tesla V100-PCIE-16GB, 64 %, 8 %, 640 MiB, 16384 MiB, 47
2026/08/12 16:42:11.379, Tesla V100-PCIE-16GB, 62 %, 8 %, 640 MiB, 16384 MiB, 47
2026/08/12 16:42:21.380, Tesla V100-PCIE-16GB, 67 %, 8 %, 640 MiB, 16384 MiB, 47
2026/08/12 16:42:31.381, Tesla V100-PCIE-16GB, 38 %, 20 %, 640 MiB, 16384 MiB, 47
2026/08/12 16:42:41.382, Tesla V100-PCIE-16GB, 50 %, 19 %, 1226 MiB, 16384 MiB, 48
2026/08/12 16:42:51.384, Tesla V100-PCIE-16GB, 56 %, 22 %, 1226 MiB, 16384 MiB, 48
2026/08/12 16:43:01.385, Tesla V100-PCIE-16GB, 60 %, 25 %, 1226 MiB, 16384 MiB, 49
2026/08/12 16:43:11.386, Tesla V100-PCIE-16GB, 58 %, 23 %, 1226 MiB, 16384 MiB, 50
2026/08/12 16:43:21.387, Tesla V100-PCIE-16GB, 47 %, 17 %, 1226 MiB, 16384 MiB, 50
2026/08/12 16:43:31.388, Tesla V100-PCIE-16GB, 33 %, 13 %, 1226 MiB, 16384 MiB, 50
2026/08/12 16:43:41.390, Tesla V100-PCIE-16GB, 0 %, 0 %, 4 MiB, 16384 MiB, 46
2026/08/12 16:43:51.391, Tesla V100-PCIE-16GB, 65 %, 8 %, 638 MiB, 16384 MiB, 48
2026/08/12 16:44:01.392, Tesla V100-PCIE-16GB, 62 %, 8 %, 638 MiB, 16384 MiB, 48
2026/08/12 16:44:11.394, Tesla V100-PCIE-16GB, 67 %, 8 %, 638 MiB, 16384 MiB, 48
2026/08/12 16:44:21.395, Tesla V100-PCIE-16GB, 62 %, 8 %, 638 MiB, 16384 MiB, 48
2026/08/12 16:44:31.396, Tesla V100-PCIE-16GB, 63 %, 8 %, 638 MiB, 16384 MiB, 48
2026/08/12 16:44:41.397, Tesla V100-PCIE-16GB, 63 %, 8 %, 640 MiB, 16384 MiB, 48
2026/08/12 16:44:51.399, Tesla V100-PCIE-16GB, 63 %, 8 %, 640 MiB, 16384 MiB, 48
2026/08/12 16:45:01.400, Tesla V100-PCIE-16GB, 62 %, 8 %, 640 MiB, 16384 MiB, 47
2026/08/12 16:45:11.401, Tesla V100-PCIE-16GB, 61 %, 8 %, 640 MiB, 16384 MiB, 47
2026/08/12 16:45:21.402, Tesla V100-PCIE-16GB, 61 %, 8 %, 640 MiB, 16384 MiB, 47
2026/08/12 16:45:31.403, Tesla V100-PCIE-16GB, 62 %, 8 %, 640 MiB, 16384 MiB, 47
2026/08/12 16:45:41.405, Tesla V100-PCIE-16GB, 65 %, 8 %, 640 MiB, 16384 MiB, 47
2026/08/12 16:45:51.406, Tesla V100-PCIE-16GB, 61 %, 8 %, 640 MiB, 16384 MiB, 47
2026/08/12 16:46:01.407, Tesla V100-PCIE-16GB, 63 %, 8 %, 640 MiB, 16384 MiB, 47
2026/08/12 16:46:11.409, Tesla V100-PCIE-16GB, 62 %, 8 %, 640 MiB, 16384 MiB, 47
2026/08/12 16:46:21.410, Tesla V100-PCIE-16GB, 62 %, 8 %, 640 MiB, 16384 MiB, 47
2026/08/12 16:46:31.412, Tesla V100-PCIE-16GB, 62 %, 8 %, 640 MiB, 16384 MiB, 47
2026/08/12 16:46:41.413, Tesla V100-PCIE-16GB, 62 %, 8 %, 640 MiB, 16384 MiB, 47
2026/08/12 16:46:51.414, Tesla V100-PCIE-16GB, 63 %, 8 %, 640 MiB, 16384 MiB, 47
2026/08/12 16:47:01.415, Tesla V100-PCIE-16GB, 62 %, 8 %, 640 MiB, 16384 MiB, 47
2026/08/12 16:47:11.417, Tesla V100-PCIE-16GB, 64 %, 8 %, 640 MiB, 16384 MiB, 47
2026/08/12 16:47:21.418, Tesla V100-PCIE-16GB, 61 %, 8 %, 640 MiB, 16384 MiB, 47
2026/08/12 16:47:31.419, Tesla V100-PCIE-16GB, 66 %, 8 %, 640 MiB, 16384 MiB, 47
2026/08/12 16:47:41.420, Tesla V100-PCIE-16GB, 62 %, 8 %, 640 MiB, 16384 MiB, 47
2026/08/12 16:47:51.421, Tesla V100-PCIE-16GB, 62 %, 8 %, 640 MiB, 16384 MiB, 48
2026/08/12 16:48:01.422, Tesla V100-PCIE-16GB, 66 %, 8 %, 640 MiB, 16384 MiB, 48
2026/08/12 16:48:11.425, Tesla V100-PCIE-16GB, 65 %, 8 %, 640 MiB, 16384 MiB, 48
2026/08/12 16:48:21.426, Tesla V100-PCIE-16GB, 65 %, 8 %, 640 MiB, 16384 MiB, 48
2026/08/12 16:48:31.428, Tesla V100-PCIE-16GB, 57 %, 7 %, 640 MiB, 16384 MiB, 49
2026/08/12 16:48:41.429, Tesla V100-PCIE-16GB, 63 %, 8 %, 640 MiB, 16384 MiB, 49
2026/08/12 16:48:51.430, Tesla V100-PCIE-16GB, 65 %, 8 %, 640 MiB, 16384 MiB, 49
2026/08/12 16:49:01.431, Tesla V100-PCIE-16GB, 60 %, 8 %, 640 MiB, 16384 MiB, 49
2026/08/12 16:49:11.432, Tesla V100-PCIE-16GB, 63 %, 8 %, 640 MiB, 16384 MiB, 49
2026/08/12 16:49:21.433, Tesla V100-PCIE-16GB, 61 %, 8 %, 640 MiB, 16384 MiB, 48
2026/08/12 16:49:31.435, Tesla V100-PCIE-16GB, 62 %, 8 %, 640 MiB, 16384 MiB, 48
2026/08/12 16:49:41.436, Tesla V100-PCIE-16GB, 62 %, 8 %, 640 MiB, 16384 MiB, 48
2026/08/12 16:49:51.437, Tesla V100-PCIE-16GB, 64 %, 8 %, 640 MiB, 16384 MiB, 48
2026/08/12 16:50:01.438, Tesla V100-PCIE-16GB, 67 %, 8 %, 640 MiB, 16384 MiB, 48
2026/08/12 16:50:11.443, Tesla V100-PCIE-16GB, 59 %, 8 %, 640 MiB, 16384 MiB, 47
2026/08/12 16:50:21.445, Tesla V100-PCIE-16GB, 62 %, 8 %, 640 MiB, 16384 MiB, 47
2026/08/12 16:50:31.447, Tesla V100-PCIE-16GB, 38 %, 11 %, 640 MiB, 16384 MiB, 47
2026/08/12 16:50:41.448, Tesla V100-PCIE-16GB, 62 %, 8 %, 640 MiB, 16384 MiB, 47
2026/08/12 16:50:51.449, Tesla V100-PCIE-16GB, 63 %, 8 %, 640 MiB, 16384 MiB, 47
2026/08/12 16:51:01.450, Tesla V100-PCIE-16GB, 61 %, 8 %, 640 MiB, 16384 MiB, 47
2026/08/12 16:51:11.451, Tesla V100-PCIE-16GB, 61 %, 8 %, 640 MiB, 16384 MiB, 47
2026/08/12 16:51:21.512, Tesla V100-PCIE-16GB, 61 %, 8 %, 640 MiB, 16384 MiB, 47
2026/08/12 16:51:31.513, Tesla V100-PCIE-16GB, 65 %, 8 %, 640 MiB, 16384 MiB, 47
2026/08/12 16:51:41.514, Tesla V100-PCIE-16GB, 66 %, 8 %, 640 MiB, 16384 MiB, 47
2026/08/12 16:51:51.516, Tesla V100-PCIE-16GB, 61 %, 8 %, 640 MiB, 16384 MiB, 47
2026/08/12 16:52:01.517, Tesla V100-PCIE-16GB, 62 %, 8 %, 640 MiB, 16384 MiB, 47
2026/08/12 16:52:11.518, Tesla V100-PCIE-16GB, 61 %, 8 %, 640 MiB, 16384 MiB, 47
2026/08/12 16:52:21.552, Tesla V100-PCIE-16GB, 65 %, 8 %, 640 MiB, 16384 MiB, 47
2026/08/12 16:52:31.553, Tesla V100-PCIE-16GB, 65 %, 8 %, 640 MiB, 16384 MiB, 47
2026/08/12 16:52:41.554, Tesla V100-PCIE-16GB, 68 %, 8 %, 640 MiB, 16384 MiB, 47
2026/08/12 16:52:51.555, Tesla V100-PCIE-16GB, 61 %, 8 %, 640 MiB, 16384 MiB, 47
2026/08/12 16:53:01.556, Tesla V100-PCIE-16GB, 61 %, 8 %, 640 MiB, 16384 MiB, 48
2026/08/12 16:53:11.557, Tesla V100-PCIE-16GB, 68 %, 9 %, 640 MiB, 16384 MiB, 48
2026/08/12 16:53:21.559, Tesla V100-PCIE-16GB, 66 %, 8 %, 640 MiB, 16384 MiB, 48
2026/08/12 16:53:31.560, Tesla V100-PCIE-16GB, 65 %, 8 %, 640 MiB, 16384 MiB, 49
2026/08/12 16:53:41.611, Tesla V100-PCIE-16GB, 62 %, 8 %, 640 MiB, 16384 MiB, 49
2026/08/12 16:53:51.612, Tesla V100-PCIE-16GB, 64 %, 8 %, 640 MiB, 16384 MiB, 49
2026/08/12 16:54:01.614, Tesla V100-PCIE-16GB, 59 %, 8 %, 640 MiB, 16384 MiB, 49
2026/08/12 16:54:11.616, Tesla V100-PCIE-16GB, 61 %, 8 %, 640 MiB, 16384 MiB, 49
2026/08/12 16:54:21.618, Tesla V100-PCIE-16GB, 63 %, 8 %, 640 MiB, 16384 MiB, 49
2026/08/12 16:54:31.619, Tesla V100-PCIE-16GB, 60 %, 8 %, 640 MiB, 16384 MiB, 48
2026/08/12 16:54:41.620, Tesla V100-PCIE-16GB, 62 %, 8 %, 640 MiB, 16384 MiB, 48
2026/08/12 16:54:51.622, Tesla V100-PCIE-16GB, 60 %, 7 %, 640 MiB, 16384 MiB, 48
2026/08/12 16:55:01.623, Tesla V100-PCIE-16GB, 63 %, 8 %, 640 MiB, 16384 MiB, 48
2026/08/12 16:55:11.624, Tesla V100-PCIE-16GB, 63 %, 8 %, 640 MiB, 16384 MiB, 48
2026/08/12 16:55:21.757, Tesla V100-PCIE-16GB, 64 %, 8 %, 640 MiB, 16384 MiB, 48
2026/08/12 16:55:31.758, Tesla V100-PCIE-16GB, 64 %, 8 %, 640 MiB, 16384 MiB, 48
2026/08/12 16:55:41.759, Tesla V100-PCIE-16GB, 63 %, 8 %, 640 MiB, 16384 MiB, 48
2026/08/12 16:55:51.760, Tesla V100-PCIE-16GB, 62 %, 8 %, 640 MiB, 16384 MiB, 48
2026/08/12 16:56:01.761, Tesla V100-PCIE-16GB, 60 %, 8 %, 640 MiB, 16384 MiB, 48
2026/08/12 16:56:11.764, Tesla V100-PCIE-16GB, 64 %, 8 %, 640 MiB, 16384 MiB, 48
2026/08/12 16:56:21.772, Tesla V100-PCIE-16GB, 64 %, 8 %, 640 MiB, 16384 MiB, 47
2026/08/12 16:56:31.773, Tesla V100-PCIE-16GB, 62 %, 8 %, 640 MiB, 16384 MiB, 47
2026/08/12 16:56:41.775, Tesla V100-PCIE-16GB, 67 %, 8 %, 640 MiB, 16384 MiB, 47
2026/08/12 16:56:51.776, Tesla V100-PCIE-16GB, 63 %, 8 %, 640 MiB, 16384 MiB, 47
2026/08/12 16:57:01.777, Tesla V100-PCIE-16GB, 63 %, 8 %, 640 MiB, 16384 MiB, 47
2026/08/12 16:57:11.779, Tesla V100-PCIE-16GB, 62 %, 8 %, 640 MiB, 16384 MiB, 47
2026/08/12 16:57:21.780, Tesla V100-PCIE-16GB, 62 %, 8 %, 640 MiB, 16384 MiB, 47
2026/08/12 16:57:31.781, Tesla V100-PCIE-16GB, 63 %, 8 %, 640 MiB, 16384 MiB, 47
2026/08/12 16:57:41.782, Tesla V100-PCIE-16GB, 62 %, 8 %, 640 MiB, 16384 MiB, 47
2026/08/12 16:57:51.783, Tesla V100-PCIE-16GB, 68 %, 9 %, 640 MiB, 16384 MiB, 47
2026/08/12 16:58:01.785, Tesla V100-PCIE-16GB, 63 %, 8 %, 640 MiB, 16384 MiB, 47
2026/08/12 16:58:11.786, Tesla V100-PCIE-16GB, 33 %, 18 %, 640 MiB, 16384 MiB, 47
2026/08/12 16:58:21.787, Tesla V100-PCIE-16GB, 35 %, 13 %, 1226 MiB, 16384 MiB, 48
2026/08/12 16:58:31.788, Tesla V100-PCIE-16GB, 28 %, 10 %, 1226 MiB, 16384 MiB, 49
2026/08/12 16:58:41.860, Tesla V100-PCIE-16GB, 60 %, 24 %, 1226 MiB, 16384 MiB, 50
2026/08/12 16:58:51.862, Tesla V100-PCIE-16GB, 52 %, 20 %, 1226 MiB, 16384 MiB, 50
2026/08/12 16:59:01.863, Tesla V100-PCIE-16GB, 54 %, 21 %, 1226 MiB, 16384 MiB, 50
2026/08/12 16:59:11.864, Tesla V100-PCIE-16GB, 0 %, 0 %, 4 MiB, 16384 MiB, 46
2026/08/12 16:59:21.865, Tesla V100-PCIE-16GB, 66 %, 8 %, 638 MiB, 16384 MiB, 48
2026/08/12 16:59:31.866, Tesla V100-PCIE-16GB, 65 %, 8 %, 638 MiB, 16384 MiB, 48
2026/08/12 16:59:41.867, Tesla V100-PCIE-16GB, 8 %, 1 %, 638 MiB, 16384 MiB, 47
2026/08/12 16:59:51.869, Tesla V100-PCIE-16GB, 63 %, 8 %, 638 MiB, 16384 MiB, 47
2026/08/12 17:00:01.870, Tesla V100-PCIE-16GB, 62 %, 8 %, 638 MiB, 16384 MiB, 47
2026/08/12 17:00:11.872, Tesla V100-PCIE-16GB, 65 %, 8 %, 640 MiB, 16384 MiB, 48
2026/08/12 17:00:21.873, Tesla V100-PCIE-16GB, 67 %, 8 %, 640 MiB, 16384 MiB, 48
2026/08/12 17:00:31.874, Tesla V100-PCIE-16GB, 64 %, 8 %, 640 MiB, 16384 MiB, 47
2026/08/12 17:00:41.921, Tesla V100-PCIE-16GB, 64 %, 8 %, 640 MiB, 16384 MiB, 47
2026/08/12 17:00:51.922, Tesla V100-PCIE-16GB, 66 %, 8 %, 640 MiB, 16384 MiB, 47
2026/08/12 17:01:01.923, Tesla V100-PCIE-16GB, 62 %, 8 %, 640 MiB, 16384 MiB, 47
2026/08/12 17:01:11.924, Tesla V100-PCIE-16GB, 64 %, 8 %, 640 MiB, 16384 MiB, 47
2026/08/12 17:01:21.926, Tesla V100-PCIE-16GB, 64 %, 8 %, 640 MiB, 16384 MiB, 47
2026/08/12 17:01:31.927, Tesla V100-PCIE-16GB, 64 %, 8 %, 640 MiB, 16384 MiB, 47
2026/08/12 17:01:41.928, Tesla V100-PCIE-16GB, 62 %, 8 %, 640 MiB, 16384 MiB, 47
2026/08/12 17:01:51.929, Tesla V100-PCIE-16GB, 67 %, 8 %, 640 MiB, 16384 MiB, 47
2026/08/12 17:02:01.931, Tesla V100-PCIE-16GB, 62 %, 8 %, 640 MiB, 16384 MiB, 47
2026/08/12 17:02:11.932, Tesla V100-PCIE-16GB, 67 %, 8 %, 640 MiB, 16384 MiB, 47
2026/08/12 17:02:21.933, Tesla V100-PCIE-16GB, 65 %, 8 %, 640 MiB, 16384 MiB, 47
2026/08/12 17:02:31.934, Tesla V100-PCIE-16GB, 63 %, 8 %, 640 MiB, 16384 MiB, 47
2026/08/12 17:02:41.935, Tesla V100-PCIE-16GB, 66 %, 8 %, 640 MiB, 16384 MiB, 47
2026/08/12 17:02:51.937, Tesla V100-PCIE-16GB, 67 %, 8 %, 640 MiB, 16384 MiB, 47
2026/08/12 17:03:01.938, Tesla V100-PCIE-16GB, 61 %, 8 %, 640 MiB, 16384 MiB, 47
2026/08/12 17:03:11.939, Tesla V100-PCIE-16GB, 62 %, 8 %, 640 MiB, 16384 MiB, 48
2026/08/12 17:03:21.940, Tesla V100-PCIE-16GB, 64 %, 8 %, 640 MiB, 16384 MiB, 47
2026/08/12 17:03:31.941, Tesla V100-PCIE-16GB, 68 %, 8 %, 640 MiB, 16384 MiB, 48
2026/08/12 17:03:41.942, Tesla V100-PCIE-16GB, 67 %, 8 %, 640 MiB, 16384 MiB, 48
2026/08/12 17:03:51.944, Tesla V100-PCIE-16GB, 62 %, 8 %, 640 MiB, 16384 MiB, 49
2026/08/12 17:04:01.945, Tesla V100-PCIE-16GB, 63 %, 8 %, 640 MiB, 16384 MiB, 49
2026/08/12 17:04:11.947, Tesla V100-PCIE-16GB, 64 %, 8 %, 640 MiB, 16384 MiB, 49
2026/08/12 17:04:21.948, Tesla V100-PCIE-16GB, 62 %, 8 %, 640 MiB, 16384 MiB, 49
2026/08/12 17:04:31.949, Tesla V100-PCIE-16GB, 61 %, 8 %, 640 MiB, 16384 MiB, 48
2026/08/12 17:04:42.033, Tesla V100-PCIE-16GB, 62 %, 8 %, 640 MiB, 16384 MiB, 48
2026/08/12 17:04:52.034, Tesla V100-PCIE-16GB, 65 %, 8 %, 640 MiB, 16384 MiB, 48
2026/08/12 17:05:02.035, Tesla V100-PCIE-16GB, 62 %, 8 %, 640 MiB, 16384 MiB, 48
2026/08/12 17:05:12.036, Tesla V100-PCIE-16GB, 64 %, 8 %, 640 MiB, 16384 MiB, 48
2026/08/12 17:05:22.037, Tesla V100-PCIE-16GB, 61 %, 8 %, 640 MiB, 16384 MiB, 48
2026/08/12 17:05:32.039, Tesla V100-PCIE-16GB, 63 %, 8 %, 640 MiB, 16384 MiB, 48
2026/08/12 17:05:42.040, Tesla V100-PCIE-16GB, 65 %, 8 %, 640 MiB, 16384 MiB, 47
2026/08/12 17:05:52.041, Tesla V100-PCIE-16GB, 62 %, 8 %, 640 MiB, 16384 MiB, 47
2026/08/12 17:06:02.042, Tesla V100-PCIE-16GB, 67 %, 8 %, 640 MiB, 16384 MiB, 48
2026/08/12 17:06:12.044, Tesla V100-PCIE-16GB, 62 %, 8 %, 640 MiB, 16384 MiB, 47
2026/08/12 17:06:22.045, Tesla V100-PCIE-16GB, 64 %, 8 %, 640 MiB, 16384 MiB, 47
2026/08/12 17:06:32.047, Tesla V100-PCIE-16GB, 62 %, 8 %, 640 MiB, 16384 MiB, 47
2026/08/12 17:06:42.114, Tesla V100-PCIE-16GB, 61 %, 8 %, 640 MiB, 16384 MiB, 47
2026/08/12 17:06:52.115, Tesla V100-PCIE-16GB, 45 %, 14 %, 640 MiB, 16384 MiB, 47
2026/08/12 17:07:02.116, Tesla V100-PCIE-16GB, 66 %, 8 %, 640 MiB, 16384 MiB, 47
2026/08/12 17:07:12.118, Tesla V100-PCIE-16GB, 60 %, 7 %, 640 MiB, 16384 MiB, 47
2026/08/12 17:07:22.119, Tesla V100-PCIE-16GB, 61 %, 8 %, 640 MiB, 16384 MiB, 47
2026/08/12 17:07:32.121, Tesla V100-PCIE-16GB, 62 %, 8 %, 640 MiB, 16384 MiB, 47
2026/08/12 17:07:42.122, Tesla V100-PCIE-16GB, 63 %, 8 %, 640 MiB, 16384 MiB, 47
2026/08/12 17:07:52.123, Tesla V100-PCIE-16GB, 64 %, 8 %, 640 MiB, 16384 MiB, 47
2026/08/12 17:08:02.124, Tesla V100-PCIE-16GB, 68 %, 9 %, 640 MiB, 16384 MiB, 47
2026/08/12 17:08:12.125, Tesla V100-PCIE-16GB, 63 %, 8 %, 640 MiB, 16384 MiB, 47
2026/08/12 17:08:22.126, Tesla V100-PCIE-16GB, 59 %, 8 %, 640 MiB, 16384 MiB, 48
2026/08/12 17:08:32.128, Tesla V100-PCIE-16GB, 65 %, 8 %, 640 MiB, 16384 MiB, 48
2026/08/12 17:08:42.208, Tesla V100-PCIE-16GB, 67 %, 8 %, 640 MiB, 16384 MiB, 48
2026/08/12 17:08:52.209, Tesla V100-PCIE-16GB, 66 %, 8 %, 640 MiB, 16384 MiB, 48
2026/08/12 17:09:02.210, Tesla V100-PCIE-16GB, 67 %, 8 %, 640 MiB, 16384 MiB, 49
2026/08/12 17:09:12.212, Tesla V100-PCIE-16GB, 64 %, 8 %, 640 MiB, 16384 MiB, 48
2026/08/12 17:09:22.213, Tesla V100-PCIE-16GB, 61 %, 8 %, 640 MiB, 16384 MiB, 48
2026/08/12 17:09:32.214, Tesla V100-PCIE-16GB, 65 %, 8 %, 640 MiB, 16384 MiB, 48
2026/08/12 17:09:42.216, Tesla V100-PCIE-16GB, 68 %, 8 %, 640 MiB, 16384 MiB, 48
2026/08/12 17:09:52.217, Tesla V100-PCIE-16GB, 64 %, 8 %, 640 MiB, 16384 MiB, 48
2026/08/12 17:10:02.219, Tesla V100-PCIE-16GB, 62 %, 8 %, 640 MiB, 16384 MiB, 48
2026/08/12 17:10:12.220, Tesla V100-PCIE-16GB, 60 %, 8 %, 640 MiB, 16384 MiB, 48
2026/08/12 17:10:22.221, Tesla V100-PCIE-16GB, 33 %, 18 %, 640 MiB, 16384 MiB, 48
2026/08/12 17:10:32.222, Tesla V100-PCIE-16GB, 59 %, 23 %, 1226 MiB, 16384 MiB, 48
2026/08/12 17:10:42.225, Tesla V100-PCIE-16GB, 32 %, 12 %, 1226 MiB, 16384 MiB, 49
2026/08/12 17:10:52.226, Tesla V100-PCIE-16GB, 49 %, 18 %, 1226 MiB, 16384 MiB, 49
2026/08/12 17:11:02.227, Tesla V100-PCIE-16GB, 56 %, 23 %, 1226 MiB, 16384 MiB, 49
2026/08/12 17:11:12.228, Tesla V100-PCIE-16GB, 49 %, 17 %, 1226 MiB, 16384 MiB, 49
2026/08/12 17:11:22.230, Tesla V100-PCIE-16GB, 55 %, 21 %, 1226 MiB, 16384 MiB, 49
2026/08/12 17:11:32.231, Tesla V100-PCIE-16GB, 29 %, 10 %, 1228 MiB, 16384 MiB, 49
2026/08/12 17:11:42.232, Tesla V100-PCIE-16GB, 53 %, 19 %, 1228 MiB, 16384 MiB, 49
2026/08/12 17:11:52.233, Tesla V100-PCIE-16GB, 0 %, 0 %, 0 MiB, 16384 MiB, 45
2026/08/12 17:12:02.326, Tesla V100-PCIE-16GB, 0 %, 0 %, 4 MiB, 16384 MiB, 43
2026/08/12 17:12:12.329, Tesla V100-PCIE-16GB, 0 %, 0 %, 0 MiB, 16384 MiB, 42
2026/08/12 17:12:22.331, Tesla V100-PCIE-16GB, 0 %, 0 %, 0 MiB, 16384 MiB, 41
2026/08/12 17:12:32.332, Tesla V100-PCIE-16GB, 0 %, 0 %, 0 MiB, 16384 MiB, 40
2026/08/12 17:12:42.333, Tesla V100-PCIE-16GB, 0 %, 0 %, 0 MiB, 16384 MiB, 39
2026/08/12 17:12:52.335, Tesla V100-PCIE-16GB, 0 %, 0 %, 0 MiB, 16384 MiB, 39
2026/08/12 17:13:02.336, Tesla V100-PCIE-16GB, 0 %, 0 %, 0 MiB, 16384 MiB, 39
2026/08/12 17:13:12.337, Tesla V100-PCIE-16GB, 0 %, 0 %, 0 MiB, 16384 MiB, 38
2026/08/12 17:13:22.340, Tesla V100-PCIE-16GB, 0 %, 0 %, 0 MiB, 16384 MiB, 38
2026/08/12 17:13:32.341, Tesla V100-PCIE-16GB, 0 %, 0 %, 0 MiB, 16384 MiB, 38
2026/08/12 17:13:42.342, Tesla V100-PCIE-16GB, 0 %, 0 %, 0 MiB, 16384 MiB, 38
2026/08/12 17:13:52.343, Tesla V100-PCIE-16GB, 0 %, 0 %, 0 MiB, 16384 MiB, 38
2026/08/12 17:14:02.401, Tesla V100-PCIE-16GB, 0 %, 0 %, 0 MiB, 16384 MiB, 38
2026/08/12 17:14:12.402, Tesla V100-PCIE-16GB, 0 %, 0 %, 0 MiB, 16384 MiB, 38
2026/08/12 17:14:22.403, Tesla V100-PCIE-16GB, 0 %, 0 %, 0 MiB, 16384 MiB, 38
2026/08/12 17:14:32.404, Tesla V100-PCIE-16GB, 0 %, 0 %, 0 MiB, 16384 MiB, 38
2026/08/12 17:14:42.406, Tesla V100-PCIE-16GB, 0 %, 0 %, 0 MiB, 16384 MiB, 38
2026/08/12 17:14:52.407, Tesla V100-PCIE-16GB, 0 %, 0 %, 0 MiB, 16384 MiB, 38
2026/08/12 17:15:02.408, Tesla V100-PCIE-16GB, 0 %, 0 %, 0 MiB, 16384 MiB, 37
2026/08/12 17:15:12.409, Tesla V100-PCIE-16GB, 0 %, 0 %, 0 MiB, 16384 MiB, 37
2026/08/12 17:15:22.411, Tesla V100-PCIE-16GB, 0 %, 0 %, 0 MiB, 16384 MiB, 37
2026/08/12 17:15:32.412, Tesla V100-PCIE-16GB, 0 %, 0 %, 0 MiB, 16384 MiB, 37
2026/08/12 17:15:42.414, Tesla V100-PCIE-16GB, 0 %, 0 %, 0 MiB, 16384 MiB, 37
2026/08/12 17:15:52.415, Tesla V100-PCIE-16GB, 0 %, 0 %, 0 MiB, 16384 MiB, 37
2026/08/12 17:16:02.492, Tesla V100-PCIE-16GB, 0 %, 0 %, 0 MiB, 16384 MiB, 37
2026/08/12 17:16:12.493, Tesla V100-PCIE-16GB, 0 %, 0 %, 0 MiB, 16384 MiB, 37
2026/08/12 17:16:22.494, Tesla V100-PCIE-16GB, 0 %, 0 %, 0 MiB, 16384 MiB, 37
2026/08/12 17:16:32.496, Tesla V100-PCIE-16GB, 0 %, 0 %, 0 MiB, 16384 MiB, 37
2026/08/12 17:16:42.497, Tesla V100-PCIE-16GB, 0 %, 0 %, 0 MiB, 16384 MiB, 37
2026/08/12 17:16:52.498, Tesla V100-PCIE-16GB, 0 %, 0 %, 0 MiB, 16384 MiB, 37
2026/08/12 17:17:02.499, Tesla V100-PCIE-16GB, 0 %, 0 %, 0 MiB, 16384 MiB, 37
2026/08/12 17:17:12.501, Tesla V100-PCIE-16GB, 0 %, 0 %, 0 MiB, 16384 MiB, 37
2026/08/12 17:17:22.557, Tesla V100-PCIE-16GB, 0 %, 0 %, 0 MiB, 16384 MiB, 37
2026/08/12 17:17:32.558, Tesla V100-PCIE-16GB, 0 %, 0 %, 0 MiB, 16384 MiB, 36
2026/08/12 17:17:42.560, Tesla V100-PCIE-16GB, 0 %, 0 %, 0 MiB, 16384 MiB, 37
2026/08/12 17:17:52.561, Tesla V100-PCIE-16GB, 0 %, 0 %, 0 MiB, 16384 MiB, 36
2026/08/12 17:18:02.570, Tesla V100-PCIE-16GB, 0 %, 0 %, 0 MiB, 16384 MiB, 37
2026/08/12 17:18:12.572, Tesla V100-PCIE-16GB, 0 %, 0 %, 0 MiB, 16384 MiB, 37
2026/08/12 17:18:22.573, Tesla V100-PCIE-16GB, 0 %, 0 %, 0 MiB, 16384 MiB, 37
2026/08/12 17:18:32.574, Tesla V100-PCIE-16GB, 0 %, 0 %, 0 MiB, 16384 MiB, 37
2026/08/12 17:18:42.575, Tesla V100-PCIE-16GB, 0 %, 0 %, 0 MiB, 16384 MiB, 37
2026/08/12 17:18:52.577, Tesla V100-PCIE-16GB, 0 %, 0 %, 0 MiB, 16384 MiB, 37
2026/08/12 17:19:02.578, Tesla V100-PCIE-16GB, 0 %, 0 %, 0 MiB, 16384 MiB, 37
2026/08/12 17:19:12.580, Tesla V100-PCIE-16GB, 0 %, 0 %, 0 MiB, 16384 MiB, 37
2026/08/12 17:19:22.637, Tesla V100-PCIE-16GB, 0 %, 0 %, 0 MiB, 16384 MiB, 37
2026/08/12 17:19:32.638, Tesla V100-PCIE-16GB, 0 %, 0 %, 0 MiB, 16384 MiB, 37
2026/08/12 17:19:42.639, Tesla V100-PCIE-16GB, 0 %, 0 %, 0 MiB, 16384 MiB, 37
2026/08/12 17:19:52.641, Tesla V100-PCIE-16GB, 0 %, 0 %, 0 MiB, 16384 MiB, 37
2026/08/12 17:20:02.657, Tesla V100-PCIE-16GB, 0 %, 0 %, 0 MiB, 16384 MiB, 37
2026/08/12 17:20:12.660, Tesla V100-PCIE-16GB, 0 %, 0 %, 0 MiB, 16384 MiB, 37
2026/08/12 17:20:22.661, Tesla V100-PCIE-16GB, 0 %, 0 %, 0 MiB, 16384 MiB, 37
2026/08/12 17:20:32.663, Tesla V100-PCIE-16GB, 0 %, 0 %, 0 MiB, 16384 MiB, 37
2026/08/12 17:20:42.664, Tesla V100-PCIE-16GB, 0 %, 0 %, 0 MiB, 16384 MiB, 37
2026/08/12 17:20:52.665, Tesla V100-PCIE-16GB, 0 %, 0 %, 0 MiB, 16384 MiB, 37
2026/08/12 17:21:02.713, Tesla V100-PCIE-16GB, 0 %, 0 %, 0 MiB, 16384 MiB, 37
2026/08/12 17:21:12.714, Tesla V100-PCIE-16GB, 0 %, 0 %, 0 MiB, 16384 MiB, 37
2026/08/12 17:21:22.716, Tesla V100-PCIE-16GB, 0 %, 0 %, 0 MiB, 16384 MiB, 37
2026/08/12 17:21:32.767, Tesla V100-PCIE-16GB, 0 %, 0 %, 0 MiB, 16384 MiB, 37
2026/08/12 17:21:42.769, Tesla V100-PCIE-16GB, 0 %, 0 %, 0 MiB, 16384 MiB, 37
2026/08/12 17:21:52.770, Tesla V100-PCIE-16GB, 0 %, 0 %, 0 MiB, 16384 MiB, 37
2026/08/12 17:22:02.772, Tesla V100-PCIE-16GB, 0 %, 0 %, 0 MiB, 16384 MiB, 37
2026/08/12 17:22:12.773, Tesla V100-PCIE-16GB, 0 %, 0 %, 0 MiB, 16384 MiB, 37
2026/08/12 17:22:22.774, Tesla V100-PCIE-16GB, 0 %, 0 %, 0 MiB, 16384 MiB, 37
2026/08/12 17:22:32.776, Tesla V100-PCIE-16GB, 0 %, 0 %, 0 MiB, 16384 MiB, 37
2026/08/12 17:22:42.777, Tesla V100-PCIE-16GB, 0 %, 0 %, 0 MiB, 16384 MiB, 37
2026/08/12 17:22:52.779, Tesla V100-PCIE-16GB, 0 %, 0 %, 0 MiB, 16384 MiB, 37
2026/08/12 17:23:02.780, Tesla V100-PCIE-16GB, 0 %, 0 %, 0 MiB, 16384 MiB, 37
2026/08/12 17:23:12.781, Tesla V100-PCIE-16GB, 0 %, 0 %, 0 MiB, 16384 MiB, 37
2026/08/12 17:23:22.867, Tesla V100-PCIE-16GB, 0 %, 0 %, 0 MiB, 16384 MiB, 37
2026/08/12 17:23:32.868, Tesla V100-PCIE-16GB, 0 %, 0 %, 0 MiB, 16384 MiB, 37
2026/08/12 17:23:42.870, Tesla V100-PCIE-16GB, 0 %, 0 %, 0 MiB, 16384 MiB, 37
2026/08/12 17:23:52.871, Tesla V100-PCIE-16GB, 0 %, 0 %, 0 MiB, 16384 MiB, 37
2026/08/12 17:24:02.873, Tesla V100-PCIE-16GB, 0 %, 0 %, 0 MiB, 16384 MiB, 37
2026/08/12 17:24:12.875, Tesla V100-PCIE-16GB, 0 %, 0 %, 0 MiB, 16384 MiB, 37
2026/08/12 17:24:22.876, Tesla V100-PCIE-16GB, 0 %, 0 %, 0 MiB, 16384 MiB, 37
2026/08/12 17:24:32.877, Tesla V100-PCIE-16GB, 0 %, 0 %, 0 MiB, 16384 MiB, 37
2026/08/12 17:24:42.879, Tesla V100-PCIE-16GB, 0 %, 0 %, 0 MiB, 16384 MiB, 37
2026/08/12 17:24:52.881, Tesla V100-PCIE-16GB, 0 %, 0 %, 0 MiB, 16384 MiB, 37
2026/08/12 17:25:02.882, Tesla V100-PCIE-16GB, 0 %, 0 %, 0 MiB, 16384 MiB, 37
