timestamp, name, utilization.gpu [%], utilization.memory [%], memory.used [MiB], memory.total [MiB], temperature.gpu
2026/08/12 03:11:20.927, Tesla V100-PCIE-16GB, 0 %, 0 %, 0 MiB, 16384 MiB, 46
2026/08/12 03:11:30.929, Tesla V100-PCIE-16GB, 59 %, 4 %, 548 MiB, 16384 MiB, 47
2026/08/12 03:11:40.930, Tesla V100-PCIE-16GB, 58 %, 4 %, 548 MiB, 16384 MiB, 48
2026/08/12 03:11:50.984, Tesla V100-PCIE-16GB, 60 %, 4 %, 548 MiB, 16384 MiB, 48
2026/08/12 03:12:00.986, Tesla V100-PCIE-16GB, 58 %, 4 %, 548 MiB, 16384 MiB, 48
2026/08/12 03:12:10.987, Tesla V100-PCIE-16GB, 59 %, 4 %, 548 MiB, 16384 MiB, 49
2026/08/12 03:12:20.988, Tesla V100-PCIE-16GB, 58 %, 4 %, 548 MiB, 16384 MiB, 49
2026/08/12 03:12:30.990, Tesla V100-PCIE-16GB, 58 %, 4 %, 548 MiB, 16384 MiB, 49
2026/08/12 03:12:40.991, Tesla V100-PCIE-16GB, 58 %, 4 %, 548 MiB, 16384 MiB, 49
2026/08/12 03:12:50.992, Tesla V100-PCIE-16GB, 56 %, 4 %, 548 MiB, 16384 MiB, 49
2026/08/12 03:13:00.993, Tesla V100-PCIE-16GB, 58 %, 4 %, 548 MiB, 16384 MiB, 49
2026/08/12 03:13:10.994, Tesla V100-PCIE-16GB, 58 %, 4 %, 548 MiB, 16384 MiB, 49
2026/08/12 03:13:20.995, Tesla V100-PCIE-16GB, 59 %, 4 %, 548 MiB, 16384 MiB, 49
2026/08/12 03:13:30.996, Tesla V100-PCIE-16GB, 57 %, 4 %, 548 MiB, 16384 MiB, 49
2026/08/12 03:13:40.997, Tesla V100-PCIE-16GB, 60 %, 4 %, 548 MiB, 16384 MiB, 49
2026/08/12 03:13:51.056, Tesla V100-PCIE-16GB, 57 %, 4 %, 548 MiB, 16384 MiB, 49
2026/08/12 03:14:01.057, Tesla V100-PCIE-16GB, 60 %, 4 %, 548 MiB, 16384 MiB, 49
2026/08/12 03:14:11.058, Tesla V100-PCIE-16GB, 58 %, 4 %, 548 MiB, 16384 MiB, 49
2026/08/12 03:14:21.059, Tesla V100-PCIE-16GB, 59 %, 4 %, 548 MiB, 16384 MiB, 49
2026/08/12 03:14:31.061, Tesla V100-PCIE-16GB, 58 %, 4 %, 548 MiB, 16384 MiB, 49
2026/08/12 03:14:41.062, Tesla V100-PCIE-16GB, 22 %, 4 %, 548 MiB, 16384 MiB, 50
2026/08/12 03:14:51.063, Tesla V100-PCIE-16GB, 59 %, 4 %, 548 MiB, 16384 MiB, 50
2026/08/12 03:15:01.064, Tesla V100-PCIE-16GB, 59 %, 4 %, 548 MiB, 16384 MiB, 49
2026/08/12 03:15:11.065, Tesla V100-PCIE-16GB, 59 %, 4 %, 548 MiB, 16384 MiB, 50
2026/08/12 03:15:21.066, Tesla V100-PCIE-16GB, 58 %, 4 %, 548 MiB, 16384 MiB, 50
2026/08/12 03:15:31.067, Tesla V100-PCIE-16GB, 59 %, 4 %, 548 MiB, 16384 MiB, 50
2026/08/12 03:15:41.069, Tesla V100-PCIE-16GB, 58 %, 4 %, 548 MiB, 16384 MiB, 49
2026/08/12 03:15:51.124, Tesla V100-PCIE-16GB, 59 %, 4 %, 548 MiB, 16384 MiB, 50
2026/08/12 03:16:01.125, Tesla V100-PCIE-16GB, 58 %, 4 %, 548 MiB, 16384 MiB, 50
2026/08/12 03:16:11.126, Tesla V100-PCIE-16GB, 60 %, 4 %, 548 MiB, 16384 MiB, 50
2026/08/12 03:16:21.127, Tesla V100-PCIE-16GB, 58 %, 4 %, 548 MiB, 16384 MiB, 50
2026/08/12 03:16:31.129, Tesla V100-PCIE-16GB, 60 %, 4 %, 548 MiB, 16384 MiB, 49
2026/08/12 03:16:41.130, Tesla V100-PCIE-16GB, 58 %, 4 %, 548 MiB, 16384 MiB, 50
2026/08/12 03:16:51.131, Tesla V100-PCIE-16GB, 18 %, 3 %, 548 MiB, 16384 MiB, 49
2026/08/12 03:17:01.133, Tesla V100-PCIE-16GB, 58 %, 4 %, 548 MiB, 16384 MiB, 50
2026/08/12 03:17:11.134, Tesla V100-PCIE-16GB, 57 %, 4 %, 548 MiB, 16384 MiB, 50
2026/08/12 03:17:21.135, Tesla V100-PCIE-16GB, 58 %, 4 %, 548 MiB, 16384 MiB, 50
2026/08/12 03:17:31.136, Tesla V100-PCIE-16GB, 58 %, 4 %, 548 MiB, 16384 MiB, 50
2026/08/12 03:17:41.137, Tesla V100-PCIE-16GB, 58 %, 4 %, 548 MiB, 16384 MiB, 49
2026/08/12 03:17:51.226, Tesla V100-PCIE-16GB, 58 %, 4 %, 548 MiB, 16384 MiB, 49
2026/08/12 03:18:01.227, Tesla V100-PCIE-16GB, 59 %, 4 %, 548 MiB, 16384 MiB, 49
2026/08/12 03:18:11.229, Tesla V100-PCIE-16GB, 58 %, 4 %, 548 MiB, 16384 MiB, 49
2026/08/12 03:18:21.230, Tesla V100-PCIE-16GB, 59 %, 4 %, 548 MiB, 16384 MiB, 50
2026/08/12 03:18:31.231, Tesla V100-PCIE-16GB, 58 %, 4 %, 548 MiB, 16384 MiB, 50
2026/08/12 03:18:41.232, Tesla V100-PCIE-16GB, 57 %, 4 %, 548 MiB, 16384 MiB, 50
2026/08/12 03:18:51.233, Tesla V100-PCIE-16GB, 58 %, 4 %, 548 MiB, 16384 MiB, 50
2026/08/12 03:19:01.234, Tesla V100-PCIE-16GB, 58 %, 4 %, 548 MiB, 16384 MiB, 50
2026/08/12 03:19:11.237, Tesla V100-PCIE-16GB, 59 %, 4 %, 548 MiB, 16384 MiB, 50
2026/08/12 03:19:21.238, Tesla V100-PCIE-16GB, 58 %, 4 %, 548 MiB, 16384 MiB, 50
2026/08/12 03:19:31.239, Tesla V100-PCIE-16GB, 59 %, 4 %, 548 MiB, 16384 MiB, 50
2026/08/12 03:19:41.240, Tesla V100-PCIE-16GB, 57 %, 4 %, 548 MiB, 16384 MiB, 50
2026/08/12 03:19:51.311, Tesla V100-PCIE-16GB, 57 %, 4 %, 548 MiB, 16384 MiB, 50
2026/08/12 03:20:01.312, Tesla V100-PCIE-16GB, 58 %, 4 %, 548 MiB, 16384 MiB, 49
2026/08/12 03:20:11.313, Tesla V100-PCIE-16GB, 58 %, 4 %, 548 MiB, 16384 MiB, 49
2026/08/12 03:20:21.314, Tesla V100-PCIE-16GB, 58 %, 4 %, 548 MiB, 16384 MiB, 50
2026/08/12 03:20:31.315, Tesla V100-PCIE-16GB, 59 %, 4 %, 548 MiB, 16384 MiB, 49
2026/08/12 03:20:41.316, Tesla V100-PCIE-16GB, 58 %, 4 %, 548 MiB, 16384 MiB, 49
2026/08/12 03:20:51.318, Tesla V100-PCIE-16GB, 52 %, 4 %, 548 MiB, 16384 MiB, 49
2026/08/12 03:21:01.319, Tesla V100-PCIE-16GB, 57 %, 4 %, 548 MiB, 16384 MiB, 49
2026/08/12 03:21:11.320, Tesla V100-PCIE-16GB, 60 %, 4 %, 548 MiB, 16384 MiB, 50
2026/08/12 03:21:21.321, Tesla V100-PCIE-16GB, 58 %, 4 %, 548 MiB, 16384 MiB, 50
2026/08/12 03:21:31.323, Tesla V100-PCIE-16GB, 59 %, 4 %, 548 MiB, 16384 MiB, 50
2026/08/12 03:21:41.324, Tesla V100-PCIE-16GB, 57 %, 4 %, 548 MiB, 16384 MiB, 50
2026/08/12 03:21:51.325, Tesla V100-PCIE-16GB, 58 %, 4 %, 548 MiB, 16384 MiB, 49
2026/08/12 03:22:01.326, Tesla V100-PCIE-16GB, 54 %, 4 %, 548 MiB, 16384 MiB, 49
2026/08/12 03:22:11.327, Tesla V100-PCIE-16GB, 58 %, 4 %, 548 MiB, 16384 MiB, 49
2026/08/12 03:22:21.328, Tesla V100-PCIE-16GB, 58 %, 4 %, 548 MiB, 16384 MiB, 49
2026/08/12 03:22:31.329, Tesla V100-PCIE-16GB, 58 %, 4 %, 548 MiB, 16384 MiB, 49
2026/08/12 03:22:41.331, Tesla V100-PCIE-16GB, 58 %, 4 %, 548 MiB, 16384 MiB, 49
2026/08/12 03:22:51.332, Tesla V100-PCIE-16GB, 58 %, 4 %, 548 MiB, 16384 MiB, 49
2026/08/12 03:23:01.333, Tesla V100-PCIE-16GB, 59 %, 4 %, 548 MiB, 16384 MiB, 49
2026/08/12 03:23:11.334, Tesla V100-PCIE-16GB, 59 %, 4 %, 548 MiB, 16384 MiB, 49
2026/08/12 03:23:21.335, Tesla V100-PCIE-16GB, 59 %, 4 %, 548 MiB, 16384 MiB, 49
2026/08/12 03:23:31.336, Tesla V100-PCIE-16GB, 58 %, 4 %, 548 MiB, 16384 MiB, 49
2026/08/12 03:23:41.338, Tesla V100-PCIE-16GB, 43 %, 3 %, 548 MiB, 16384 MiB, 49
2026/08/12 03:23:51.425, Tesla V100-PCIE-16GB, 58 %, 4 %, 548 MiB, 16384 MiB, 49
2026/08/12 03:24:01.426, Tesla V100-PCIE-16GB, 55 %, 4 %, 548 MiB, 16384 MiB, 49
2026/08/12 03:24:11.427, Tesla V100-PCIE-16GB, 58 %, 4 %, 548 MiB, 16384 MiB, 49
2026/08/12 03:24:21.428, Tesla V100-PCIE-16GB, 55 %, 4 %, 548 MiB, 16384 MiB, 49
2026/08/12 03:24:31.429, Tesla V100-PCIE-16GB, 58 %, 4 %, 548 MiB, 16384 MiB, 49
2026/08/12 03:24:41.430, Tesla V100-PCIE-16GB, 58 %, 4 %, 548 MiB, 16384 MiB, 49
2026/08/12 03:24:51.432, Tesla V100-PCIE-16GB, 44 %, 3 %, 548 MiB, 16384 MiB, 49
2026/08/12 03:25:01.433, Tesla V100-PCIE-16GB, 54 %, 4 %, 548 MiB, 16384 MiB, 49
2026/08/12 03:25:11.434, Tesla V100-PCIE-16GB, 59 %, 4 %, 548 MiB, 16384 MiB, 49
2026/08/12 03:25:21.435, Tesla V100-PCIE-16GB, 58 %, 4 %, 548 MiB, 16384 MiB, 49
2026/08/12 03:25:31.437, Tesla V100-PCIE-16GB, 59 %, 4 %, 548 MiB, 16384 MiB, 49
2026/08/12 03:25:41.438, Tesla V100-PCIE-16GB, 58 %, 4 %, 548 MiB, 16384 MiB, 49
2026/08/12 03:25:51.439, Tesla V100-PCIE-16GB, 25 %, 5 %, 548 MiB, 16384 MiB, 49
2026/08/12 03:26:01.441, Tesla V100-PCIE-16GB, 56 %, 4 %, 548 MiB, 16384 MiB, 49
2026/08/12 03:26:11.442, Tesla V100-PCIE-16GB, 58 %, 4 %, 548 MiB, 16384 MiB, 49
2026/08/12 03:26:21.443, Tesla V100-PCIE-16GB, 58 %, 4 %, 548 MiB, 16384 MiB, 49
2026/08/12 03:26:31.444, Tesla V100-PCIE-16GB, 58 %, 4 %, 548 MiB, 16384 MiB, 49
2026/08/12 03:26:41.445, Tesla V100-PCIE-16GB, 59 %, 4 %, 548 MiB, 16384 MiB, 49
2026/08/12 03:26:51.446, Tesla V100-PCIE-16GB, 58 %, 4 %, 548 MiB, 16384 MiB, 49
2026/08/12 03:27:01.447, Tesla V100-PCIE-16GB, 55 %, 4 %, 548 MiB, 16384 MiB, 49
2026/08/12 03:27:11.448, Tesla V100-PCIE-16GB, 58 %, 4 %, 548 MiB, 16384 MiB, 49
2026/08/12 03:27:21.449, Tesla V100-PCIE-16GB, 58 %, 4 %, 548 MiB, 16384 MiB, 49
2026/08/12 03:27:31.451, Tesla V100-PCIE-16GB, 58 %, 4 %, 548 MiB, 16384 MiB, 49
2026/08/12 03:27:41.452, Tesla V100-PCIE-16GB, 59 %, 4 %, 548 MiB, 16384 MiB, 49
2026/08/12 03:27:51.454, Tesla V100-PCIE-16GB, 58 %, 4 %, 548 MiB, 16384 MiB, 49
2026/08/12 03:28:01.455, Tesla V100-PCIE-16GB, 56 %, 4 %, 548 MiB, 16384 MiB, 49
2026/08/12 03:28:11.456, Tesla V100-PCIE-16GB, 58 %, 4 %, 548 MiB, 16384 MiB, 49
2026/08/12 03:28:21.457, Tesla V100-PCIE-16GB, 57 %, 4 %, 548 MiB, 16384 MiB, 49
2026/08/12 03:28:31.458, Tesla V100-PCIE-16GB, 57 %, 4 %, 548 MiB, 16384 MiB, 49
2026/08/12 03:28:41.460, Tesla V100-PCIE-16GB, 58 %, 4 %, 548 MiB, 16384 MiB, 49
2026/08/12 03:28:51.461, Tesla V100-PCIE-16GB, 58 %, 4 %, 548 MiB, 16384 MiB, 49
2026/08/12 03:29:01.462, Tesla V100-PCIE-16GB, 57 %, 4 %, 548 MiB, 16384 MiB, 49
2026/08/12 03:29:11.465, Tesla V100-PCIE-16GB, 57 %, 4 %, 548 MiB, 16384 MiB, 49
2026/08/12 03:29:21.466, Tesla V100-PCIE-16GB, 58 %, 4 %, 548 MiB, 16384 MiB, 49
2026/08/12 03:29:31.467, Tesla V100-PCIE-16GB, 58 %, 4 %, 548 MiB, 16384 MiB, 49
2026/08/12 03:29:41.468, Tesla V100-PCIE-16GB, 57 %, 4 %, 548 MiB, 16384 MiB, 49
2026/08/12 03:29:51.470, Tesla V100-PCIE-16GB, 59 %, 4 %, 548 MiB, 16384 MiB, 49
2026/08/12 03:30:01.471, Tesla V100-PCIE-16GB, 54 %, 4 %, 548 MiB, 16384 MiB, 49
2026/08/12 03:30:11.472, Tesla V100-PCIE-16GB, 59 %, 4 %, 548 MiB, 16384 MiB, 49
2026/08/12 03:30:21.474, Tesla V100-PCIE-16GB, 58 %, 4 %, 548 MiB, 16384 MiB, 49
2026/08/12 03:30:31.475, Tesla V100-PCIE-16GB, 57 %, 4 %, 548 MiB, 16384 MiB, 49
2026/08/12 03:30:41.476, Tesla V100-PCIE-16GB, 58 %, 4 %, 548 MiB, 16384 MiB, 49
2026/08/12 03:30:51.478, Tesla V100-PCIE-16GB, 58 %, 4 %, 548 MiB, 16384 MiB, 49
2026/08/12 03:31:01.479, Tesla V100-PCIE-16GB, 58 %, 4 %, 548 MiB, 16384 MiB, 49
2026/08/12 03:31:11.481, Tesla V100-PCIE-16GB, 57 %, 4 %, 548 MiB, 16384 MiB, 49
2026/08/12 03:31:21.483, Tesla V100-PCIE-16GB, 58 %, 4 %, 548 MiB, 16384 MiB, 49
2026/08/12 03:31:31.484, Tesla V100-PCIE-16GB, 57 %, 4 %, 548 MiB, 16384 MiB, 49
2026/08/12 03:31:41.485, Tesla V100-PCIE-16GB, 59 %, 4 %, 548 MiB, 16384 MiB, 49
2026/08/12 03:31:51.486, Tesla V100-PCIE-16GB, 55 %, 4 %, 548 MiB, 16384 MiB, 49
2026/08/12 03:32:01.487, Tesla V100-PCIE-16GB, 58 %, 4 %, 548 MiB, 16384 MiB, 49
2026/08/12 03:32:11.488, Tesla V100-PCIE-16GB, 58 %, 4 %, 548 MiB, 16384 MiB, 49
2026/08/12 03:32:21.490, Tesla V100-PCIE-16GB, 59 %, 4 %, 548 MiB, 16384 MiB, 49
2026/08/12 03:32:31.491, Tesla V100-PCIE-16GB, 58 %, 4 %, 548 MiB, 16384 MiB, 49
2026/08/12 03:32:41.492, Tesla V100-PCIE-16GB, 26 %, 4 %, 548 MiB, 16384 MiB, 49
2026/08/12 03:32:51.493, Tesla V100-PCIE-16GB, 57 %, 4 %, 548 MiB, 16384 MiB, 49
2026/08/12 03:33:01.494, Tesla V100-PCIE-16GB, 58 %, 4 %, 548 MiB, 16384 MiB, 49
2026/08/12 03:33:11.588, Tesla V100-PCIE-16GB, 57 %, 4 %, 548 MiB, 16384 MiB, 49
2026/08/12 03:33:21.590, Tesla V100-PCIE-16GB, 57 %, 4 %, 548 MiB, 16384 MiB, 48
2026/08/12 03:33:31.591, Tesla V100-PCIE-16GB, 58 %, 4 %, 548 MiB, 16384 MiB, 49
2026/08/12 03:33:41.592, Tesla V100-PCIE-16GB, 57 %, 4 %, 548 MiB, 16384 MiB, 49
2026/08/12 03:33:51.593, Tesla V100-PCIE-16GB, 58 %, 4 %, 548 MiB, 16384 MiB, 49
2026/08/12 03:34:01.594, Tesla V100-PCIE-16GB, 57 %, 4 %, 548 MiB, 16384 MiB, 48
2026/08/12 03:34:11.669, Tesla V100-PCIE-16GB, 58 %, 4 %, 548 MiB, 16384 MiB, 49
2026/08/12 03:34:21.670, Tesla V100-PCIE-16GB, 58 %, 4 %, 548 MiB, 16384 MiB, 49
2026/08/12 03:34:31.671, Tesla V100-PCIE-16GB, 59 %, 4 %, 548 MiB, 16384 MiB, 48
2026/08/12 03:34:41.672, Tesla V100-PCIE-16GB, 58 %, 4 %, 548 MiB, 16384 MiB, 49
2026/08/12 03:34:51.673, Tesla V100-PCIE-16GB, 25 %, 5 %, 548 MiB, 16384 MiB, 49
2026/08/12 03:35:01.674, Tesla V100-PCIE-16GB, 57 %, 4 %, 548 MiB, 16384 MiB, 49
2026/08/12 03:35:11.675, Tesla V100-PCIE-16GB, 57 %, 4 %, 548 MiB, 16384 MiB, 48
2026/08/12 03:35:21.677, Tesla V100-PCIE-16GB, 57 %, 4 %, 548 MiB, 16384 MiB, 49
2026/08/12 03:35:31.678, Tesla V100-PCIE-16GB, 58 %, 4 %, 548 MiB, 16384 MiB, 49
2026/08/12 03:35:41.733, Tesla V100-PCIE-16GB, 58 %, 4 %, 548 MiB, 16384 MiB, 48
2026/08/12 03:35:51.734, Tesla V100-PCIE-16GB, 58 %, 4 %, 548 MiB, 16384 MiB, 48
2026/08/12 03:36:01.735, Tesla V100-PCIE-16GB, 57 %, 4 %, 548 MiB, 16384 MiB, 48
2026/08/12 03:36:11.783, Tesla V100-PCIE-16GB, 57 %, 4 %, 548 MiB, 16384 MiB, 48
2026/08/12 03:36:21.785, Tesla V100-PCIE-16GB, 58 %, 4 %, 548 MiB, 16384 MiB, 48
2026/08/12 03:36:31.786, Tesla V100-PCIE-16GB, 58 %, 4 %, 548 MiB, 16384 MiB, 48
2026/08/12 03:36:41.787, Tesla V100-PCIE-16GB, 59 %, 4 %, 548 MiB, 16384 MiB, 48
2026/08/12 03:36:51.788, Tesla V100-PCIE-16GB, 58 %, 4 %, 548 MiB, 16384 MiB, 48
2026/08/12 03:37:01.789, Tesla V100-PCIE-16GB, 58 %, 4 %, 548 MiB, 16384 MiB, 47
2026/08/12 03:37:11.791, Tesla V100-PCIE-16GB, 58 %, 4 %, 548 MiB, 16384 MiB, 48
2026/08/12 03:37:21.792, Tesla V100-PCIE-16GB, 58 %, 4 %, 548 MiB, 16384 MiB, 48
2026/08/12 03:37:31.794, Tesla V100-PCIE-16GB, 58 %, 4 %, 548 MiB, 16384 MiB, 48
2026/08/12 03:37:41.857, Tesla V100-PCIE-16GB, 57 %, 4 %, 548 MiB, 16384 MiB, 48
2026/08/12 03:37:51.858, Tesla V100-PCIE-16GB, 59 %, 4 %, 548 MiB, 16384 MiB, 48
2026/08/12 03:38:01.859, Tesla V100-PCIE-16GB, 57 %, 4 %, 548 MiB, 16384 MiB, 48
2026/08/12 03:38:11.861, Tesla V100-PCIE-16GB, 58 %, 4 %, 548 MiB, 16384 MiB, 48
2026/08/12 03:38:21.862, Tesla V100-PCIE-16GB, 58 %, 4 %, 548 MiB, 16384 MiB, 48
2026/08/12 03:38:31.863, Tesla V100-PCIE-16GB, 58 %, 4 %, 548 MiB, 16384 MiB, 48
2026/08/12 03:38:41.864, Tesla V100-PCIE-16GB, 58 %, 4 %, 548 MiB, 16384 MiB, 48
2026/08/12 03:38:51.865, Tesla V100-PCIE-16GB, 58 %, 4 %, 548 MiB, 16384 MiB, 48
2026/08/12 03:39:01.866, Tesla V100-PCIE-16GB, 57 %, 4 %, 548 MiB, 16384 MiB, 48
2026/08/12 03:39:11.868, Tesla V100-PCIE-16GB, 59 %, 4 %, 548 MiB, 16384 MiB, 48
2026/08/12 03:39:21.869, Tesla V100-PCIE-16GB, 58 %, 4 %, 548 MiB, 16384 MiB, 48
2026/08/12 03:39:31.870, Tesla V100-PCIE-16GB, 43 %, 3 %, 548 MiB, 16384 MiB, 48
2026/08/12 03:39:41.925, Tesla V100-PCIE-16GB, 55 %, 4 %, 548 MiB, 16384 MiB, 48
2026/08/12 03:39:51.926, Tesla V100-PCIE-16GB, 57 %, 4 %, 548 MiB, 16384 MiB, 48
2026/08/12 03:40:01.927, Tesla V100-PCIE-16GB, 58 %, 4 %, 548 MiB, 16384 MiB, 48
2026/08/12 03:40:11.929, Tesla V100-PCIE-16GB, 57 %, 4 %, 548 MiB, 16384 MiB, 48
2026/08/12 03:40:21.930, Tesla V100-PCIE-16GB, 59 %, 4 %, 548 MiB, 16384 MiB, 48
2026/08/12 03:40:31.931, Tesla V100-PCIE-16GB, 58 %, 4 %, 548 MiB, 16384 MiB, 48
2026/08/12 03:40:41.932, Tesla V100-PCIE-16GB, 59 %, 4 %, 548 MiB, 16384 MiB, 48
2026/08/12 03:40:51.934, Tesla V100-PCIE-16GB, 57 %, 4 %, 548 MiB, 16384 MiB, 48
2026/08/12 03:41:01.935, Tesla V100-PCIE-16GB, 58 %, 4 %, 548 MiB, 16384 MiB, 48
2026/08/12 03:41:11.936, Tesla V100-PCIE-16GB, 58 %, 4 %, 548 MiB, 16384 MiB, 48
2026/08/12 03:41:21.938, Tesla V100-PCIE-16GB, 59 %, 4 %, 548 MiB, 16384 MiB, 48
2026/08/12 03:41:31.939, Tesla V100-PCIE-16GB, 58 %, 4 %, 548 MiB, 16384 MiB, 48
2026/08/12 03:41:41.942, Tesla V100-PCIE-16GB, 25 %, 5 %, 548 MiB, 16384 MiB, 48
2026/08/12 03:41:51.944, Tesla V100-PCIE-16GB, 57 %, 4 %, 548 MiB, 16384 MiB, 48
2026/08/12 03:42:01.945, Tesla V100-PCIE-16GB, 55 %, 4 %, 548 MiB, 16384 MiB, 48
2026/08/12 03:42:11.946, Tesla V100-PCIE-16GB, 58 %, 4 %, 548 MiB, 16384 MiB, 48
2026/08/12 03:42:21.947, Tesla V100-PCIE-16GB, 57 %, 4 %, 548 MiB, 16384 MiB, 48
2026/08/12 03:42:31.949, Tesla V100-PCIE-16GB, 58 %, 4 %, 548 MiB, 16384 MiB, 48
2026/08/12 03:42:41.950, Tesla V100-PCIE-16GB, 56 %, 4 %, 548 MiB, 16384 MiB, 48
2026/08/12 03:42:51.951, Tesla V100-PCIE-16GB, 58 %, 4 %, 548 MiB, 16384 MiB, 48
2026/08/12 03:43:01.952, Tesla V100-PCIE-16GB, 52 %, 4 %, 548 MiB, 16384 MiB, 48
2026/08/12 03:43:11.953, Tesla V100-PCIE-16GB, 58 %, 4 %, 548 MiB, 16384 MiB, 48
2026/08/12 03:43:21.954, Tesla V100-PCIE-16GB, 58 %, 4 %, 548 MiB, 16384 MiB, 48
2026/08/12 03:43:31.956, Tesla V100-PCIE-16GB, 59 %, 4 %, 548 MiB, 16384 MiB, 48
2026/08/12 03:43:41.988, Tesla V100-PCIE-16GB, 58 %, 4 %, 548 MiB, 16384 MiB, 48
2026/08/12 03:43:51.989, Tesla V100-PCIE-16GB, 25 %, 5 %, 548 MiB, 16384 MiB, 48
2026/08/12 03:44:01.990, Tesla V100-PCIE-16GB, 57 %, 4 %, 548 MiB, 16384 MiB, 48
2026/08/12 03:44:11.992, Tesla V100-PCIE-16GB, 58 %, 4 %, 548 MiB, 16384 MiB, 48
2026/08/12 03:44:21.993, Tesla V100-PCIE-16GB, 58 %, 4 %, 548 MiB, 16384 MiB, 48
2026/08/12 03:44:31.994, Tesla V100-PCIE-16GB, 58 %, 4 %, 548 MiB, 16384 MiB, 48
2026/08/12 03:44:41.996, Tesla V100-PCIE-16GB, 56 %, 4 %, 548 MiB, 16384 MiB, 48
2026/08/12 03:44:51.997, Tesla V100-PCIE-16GB, 56 %, 4 %, 548 MiB, 16384 MiB, 48
2026/08/12 03:45:01.998, Tesla V100-PCIE-16GB, 58 %, 4 %, 548 MiB, 16384 MiB, 48
2026/08/12 03:45:11.999, Tesla V100-PCIE-16GB, 58 %, 4 %, 548 MiB, 16384 MiB, 48
2026/08/12 03:45:22.072, Tesla V100-PCIE-16GB, 59 %, 4 %, 548 MiB, 16384 MiB, 48
2026/08/12 03:45:32.074, Tesla V100-PCIE-16GB, 58 %, 4 %, 548 MiB, 16384 MiB, 48
2026/08/12 03:45:42.075, Tesla V100-PCIE-16GB, 59 %, 4 %, 548 MiB, 16384 MiB, 48
2026/08/12 03:45:52.076, Tesla V100-PCIE-16GB, 58 %, 4 %, 548 MiB, 16384 MiB, 48
2026/08/12 03:46:02.077, Tesla V100-PCIE-16GB, 52 %, 4 %, 548 MiB, 16384 MiB, 48
2026/08/12 03:46:12.078, Tesla V100-PCIE-16GB, 58 %, 4 %, 548 MiB, 16384 MiB, 48
2026/08/12 03:46:22.079, Tesla V100-PCIE-16GB, 58 %, 4 %, 548 MiB, 16384 MiB, 48
2026/08/12 03:46:32.081, Tesla V100-PCIE-16GB, 58 %, 4 %, 548 MiB, 16384 MiB, 48
2026/08/12 03:46:42.082, Tesla V100-PCIE-16GB, 57 %, 4 %, 548 MiB, 16384 MiB, 48
2026/08/12 03:46:52.083, Tesla V100-PCIE-16GB, 58 %, 4 %, 548 MiB, 16384 MiB, 48
2026/08/12 03:47:02.084, Tesla V100-PCIE-16GB, 58 %, 4 %, 548 MiB, 16384 MiB, 48
2026/08/12 03:47:12.085, Tesla V100-PCIE-16GB, 60 %, 4 %, 548 MiB, 16384 MiB, 48
2026/08/12 03:47:22.086, Tesla V100-PCIE-16GB, 59 %, 4 %, 548 MiB, 16384 MiB, 48
2026/08/12 03:47:32.087, Tesla V100-PCIE-16GB, 59 %, 4 %, 548 MiB, 16384 MiB, 48
2026/08/12 03:47:42.089, Tesla V100-PCIE-16GB, 59 %, 4 %, 548 MiB, 16384 MiB, 48
2026/08/12 03:47:52.090, Tesla V100-PCIE-16GB, 58 %, 4 %, 548 MiB, 16384 MiB, 48
2026/08/12 03:48:02.091, Tesla V100-PCIE-16GB, 57 %, 4 %, 548 MiB, 16384 MiB, 48
2026/08/12 03:48:12.092, Tesla V100-PCIE-16GB, 60 %, 4 %, 548 MiB, 16384 MiB, 48
2026/08/12 03:48:22.093, Tesla V100-PCIE-16GB, 58 %, 4 %, 548 MiB, 16384 MiB, 48
2026/08/12 03:48:32.094, Tesla V100-PCIE-16GB, 58 %, 4 %, 548 MiB, 16384 MiB, 48
2026/08/12 03:48:42.095, Tesla V100-PCIE-16GB, 58 %, 4 %, 548 MiB, 16384 MiB, 48
2026/08/12 03:48:52.097, Tesla V100-PCIE-16GB, 57 %, 4 %, 548 MiB, 16384 MiB, 48
2026/08/12 03:49:02.149, Tesla V100-PCIE-16GB, 58 %, 4 %, 548 MiB, 16384 MiB, 48
2026/08/12 03:49:12.150, Tesla V100-PCIE-16GB, 58 %, 4 %, 548 MiB, 16384 MiB, 48
2026/08/12 03:49:22.152, Tesla V100-PCIE-16GB, 58 %, 4 %, 548 MiB, 16384 MiB, 48
2026/08/12 03:49:32.153, Tesla V100-PCIE-16GB, 57 %, 4 %, 548 MiB, 16384 MiB, 48
2026/08/12 03:49:42.154, Tesla V100-PCIE-16GB, 58 %, 4 %, 548 MiB, 16384 MiB, 48
2026/08/12 03:49:52.155, Tesla V100-PCIE-16GB, 58 %, 4 %, 548 MiB, 16384 MiB, 48
2026/08/12 03:50:02.156, Tesla V100-PCIE-16GB, 58 %, 4 %, 548 MiB, 16384 MiB, 48
2026/08/12 03:50:12.157, Tesla V100-PCIE-16GB, 59 %, 4 %, 548 MiB, 16384 MiB, 48
2026/08/12 03:50:22.159, Tesla V100-PCIE-16GB, 59 %, 4 %, 548 MiB, 16384 MiB, 48
2026/08/12 03:50:32.160, Tesla V100-PCIE-16GB, 59 %, 4 %, 548 MiB, 16384 MiB, 48
2026/08/12 03:50:42.162, Tesla V100-PCIE-16GB, 59 %, 4 %, 548 MiB, 16384 MiB, 48
2026/08/12 03:50:52.163, Tesla V100-PCIE-16GB, 58 %, 4 %, 548 MiB, 16384 MiB, 48
2026/08/12 03:51:02.164, Tesla V100-PCIE-16GB, 58 %, 4 %, 548 MiB, 16384 MiB, 48
2026/08/12 03:51:12.165, Tesla V100-PCIE-16GB, 58 %, 4 %, 548 MiB, 16384 MiB, 48
2026/08/12 03:51:22.166, Tesla V100-PCIE-16GB, 58 %, 4 %, 548 MiB, 16384 MiB, 48
2026/08/12 03:51:32.167, Tesla V100-PCIE-16GB, 59 %, 4 %, 548 MiB, 16384 MiB, 48
2026/08/12 03:51:42.168, Tesla V100-PCIE-16GB, 58 %, 4 %, 548 MiB, 16384 MiB, 48
2026/08/12 03:51:52.169, Tesla V100-PCIE-16GB, 58 %, 4 %, 548 MiB, 16384 MiB, 49
2026/08/12 03:52:02.172, Tesla V100-PCIE-16GB, 58 %, 4 %, 548 MiB, 16384 MiB, 49
2026/08/12 03:52:12.173, Tesla V100-PCIE-16GB, 59 %, 4 %, 548 MiB, 16384 MiB, 49
2026/08/12 03:52:22.174, Tesla V100-PCIE-16GB, 58 %, 4 %, 548 MiB, 16384 MiB, 49
2026/08/12 03:52:32.175, Tesla V100-PCIE-16GB, 59 %, 4 %, 548 MiB, 16384 MiB, 49
2026/08/12 03:52:42.176, Tesla V100-PCIE-16GB, 57 %, 4 %, 548 MiB, 16384 MiB, 49
2026/08/12 03:52:52.178, Tesla V100-PCIE-16GB, 58 %, 4 %, 548 MiB, 16384 MiB, 48
2026/08/12 03:53:02.180, Tesla V100-PCIE-16GB, 58 %, 4 %, 548 MiB, 16384 MiB, 48
2026/08/12 03:53:12.181, Tesla V100-PCIE-16GB, 58 %, 4 %, 548 MiB, 16384 MiB, 48
2026/08/12 03:53:22.182, Tesla V100-PCIE-16GB, 58 %, 4 %, 548 MiB, 16384 MiB, 48
2026/08/12 03:53:32.183, Tesla V100-PCIE-16GB, 58 %, 4 %, 548 MiB, 16384 MiB, 48
2026/08/12 03:53:42.184, Tesla V100-PCIE-16GB, 59 %, 4 %, 548 MiB, 16384 MiB, 48
2026/08/12 03:53:52.185, Tesla V100-PCIE-16GB, 56 %, 4 %, 548 MiB, 16384 MiB, 48
2026/08/12 03:54:02.187, Tesla V100-PCIE-16GB, 58 %, 4 %, 548 MiB, 16384 MiB, 48
2026/08/12 03:54:12.188, Tesla V100-PCIE-16GB, 58 %, 4 %, 548 MiB, 16384 MiB, 48
2026/08/12 03:54:22.189, Tesla V100-PCIE-16GB, 60 %, 4 %, 548 MiB, 16384 MiB, 48
2026/08/12 03:54:32.190, Tesla V100-PCIE-16GB, 58 %, 4 %, 548 MiB, 16384 MiB, 48
2026/08/12 03:54:42.267, Tesla V100-PCIE-16GB, 56 %, 4 %, 548 MiB, 16384 MiB, 48
2026/08/12 03:54:52.268, Tesla V100-PCIE-16GB, 58 %, 4 %, 548 MiB, 16384 MiB, 48
2026/08/12 03:55:02.269, Tesla V100-PCIE-16GB, 58 %, 4 %, 548 MiB, 16384 MiB, 48
2026/08/12 03:55:12.270, Tesla V100-PCIE-16GB, 59 %, 4 %, 548 MiB, 16384 MiB, 48
2026/08/12 03:55:22.271, Tesla V100-PCIE-16GB, 57 %, 4 %, 548 MiB, 16384 MiB, 48
2026/08/12 03:55:32.272, Tesla V100-PCIE-16GB, 58 %, 4 %, 548 MiB, 16384 MiB, 48
2026/08/12 03:55:42.273, Tesla V100-PCIE-16GB, 58 %, 4 %, 548 MiB, 16384 MiB, 48
2026/08/12 03:55:52.274, Tesla V100-PCIE-16GB, 58 %, 4 %, 548 MiB, 16384 MiB, 48
2026/08/12 03:56:02.351, Tesla V100-PCIE-16GB, 57 %, 4 %, 548 MiB, 16384 MiB, 48
2026/08/12 03:56:12.352, Tesla V100-PCIE-16GB, 58 %, 4 %, 548 MiB, 16384 MiB, 48
2026/08/12 03:56:22.353, Tesla V100-PCIE-16GB, 57 %, 4 %, 548 MiB, 16384 MiB, 48
2026/08/12 03:56:32.354, Tesla V100-PCIE-16GB, 58 %, 4 %, 548 MiB, 16384 MiB, 48
2026/08/12 03:56:42.355, Tesla V100-PCIE-16GB, 58 %, 4 %, 548 MiB, 16384 MiB, 48
2026/08/12 03:56:52.356, Tesla V100-PCIE-16GB, 60 %, 4 %, 548 MiB, 16384 MiB, 48
2026/08/12 03:57:02.357, Tesla V100-PCIE-16GB, 58 %, 4 %, 548 MiB, 16384 MiB, 48
2026/08/12 03:57:12.359, Tesla V100-PCIE-16GB, 54 %, 4 %, 548 MiB, 16384 MiB, 48
2026/08/12 03:57:22.360, Tesla V100-PCIE-16GB, 57 %, 4 %, 548 MiB, 16384 MiB, 48
2026/08/12 03:57:32.361, Tesla V100-PCIE-16GB, 58 %, 4 %, 548 MiB, 16384 MiB, 48
2026/08/12 03:57:42.363, Tesla V100-PCIE-16GB, 58 %, 4 %, 548 MiB, 16384 MiB, 48
2026/08/12 03:57:52.364, Tesla V100-PCIE-16GB, 58 %, 4 %, 548 MiB, 16384 MiB, 48
2026/08/12 03:58:02.430, Tesla V100-PCIE-16GB, 59 %, 4 %, 548 MiB, 16384 MiB, 48
2026/08/12 03:58:12.431, Tesla V100-PCIE-16GB, 57 %, 4 %, 548 MiB, 16384 MiB, 48
2026/08/12 03:58:22.432, Tesla V100-PCIE-16GB, 58 %, 4 %, 548 MiB, 16384 MiB, 48
2026/08/12 03:58:32.433, Tesla V100-PCIE-16GB, 57 %, 4 %, 548 MiB, 16384 MiB, 48
2026/08/12 03:58:42.434, Tesla V100-PCIE-16GB, 49 %, 3 %, 548 MiB, 16384 MiB, 48
2026/08/12 03:58:52.436, Tesla V100-PCIE-16GB, 58 %, 4 %, 548 MiB, 16384 MiB, 48
2026/08/12 03:59:02.437, Tesla V100-PCIE-16GB, 59 %, 4 %, 548 MiB, 16384 MiB, 49
2026/08/12 03:59:12.438, Tesla V100-PCIE-16GB, 58 %, 4 %, 548 MiB, 16384 MiB, 48
2026/08/12 03:59:22.439, Tesla V100-PCIE-16GB, 25 %, 5 %, 548 MiB, 16384 MiB, 49
2026/08/12 03:59:32.440, Tesla V100-PCIE-16GB, 58 %, 4 %, 548 MiB, 16384 MiB, 48
2026/08/12 03:59:42.442, Tesla V100-PCIE-16GB, 57 %, 4 %, 548 MiB, 16384 MiB, 48
2026/08/12 03:59:52.443, Tesla V100-PCIE-16GB, 58 %, 4 %, 548 MiB, 16384 MiB, 49
2026/08/12 04:00:02.499, Tesla V100-PCIE-16GB, 57 %, 4 %, 548 MiB, 16384 MiB, 48
2026/08/12 04:00:12.500, Tesla V100-PCIE-16GB, 58 %, 4 %, 548 MiB, 16384 MiB, 48
2026/08/12 04:00:22.501, Tesla V100-PCIE-16GB, 58 %, 4 %, 548 MiB, 16384 MiB, 49
2026/08/12 04:00:32.502, Tesla V100-PCIE-16GB, 58 %, 4 %, 548 MiB, 16384 MiB, 48
2026/08/12 04:00:42.504, Tesla V100-PCIE-16GB, 58 %, 4 %, 548 MiB, 16384 MiB, 48
2026/08/12 04:00:52.505, Tesla V100-PCIE-16GB, 59 %, 4 %, 548 MiB, 16384 MiB, 48
2026/08/12 04:01:02.506, Tesla V100-PCIE-16GB, 58 %, 4 %, 548 MiB, 16384 MiB, 48
2026/08/12 04:01:12.508, Tesla V100-PCIE-16GB, 59 %, 4 %, 548 MiB, 16384 MiB, 48
2026/08/12 04:01:22.509, Tesla V100-PCIE-16GB, 57 %, 4 %, 548 MiB, 16384 MiB, 48
2026/08/12 04:01:32.510, Tesla V100-PCIE-16GB, 25 %, 5 %, 548 MiB, 16384 MiB, 48
2026/08/12 04:01:42.511, Tesla V100-PCIE-16GB, 58 %, 4 %, 548 MiB, 16384 MiB, 48
2026/08/12 04:01:52.513, Tesla V100-PCIE-16GB, 58 %, 4 %, 548 MiB, 16384 MiB, 48
2026/08/12 04:02:02.514, Tesla V100-PCIE-16GB, 57 %, 4 %, 548 MiB, 16384 MiB, 48
2026/08/12 04:02:12.515, Tesla V100-PCIE-16GB, 58 %, 4 %, 548 MiB, 16384 MiB, 48
2026/08/12 04:02:22.516, Tesla V100-PCIE-16GB, 58 %, 4 %, 548 MiB, 16384 MiB, 48
2026/08/12 04:02:32.517, Tesla V100-PCIE-16GB, 58 %, 4 %, 548 MiB, 16384 MiB, 48
2026/08/12 04:02:42.518, Tesla V100-PCIE-16GB, 56 %, 4 %, 548 MiB, 16384 MiB, 48
2026/08/12 04:02:52.519, Tesla V100-PCIE-16GB, 58 %, 4 %, 548 MiB, 16384 MiB, 48
2026/08/12 04:03:02.520, Tesla V100-PCIE-16GB, 59 %, 4 %, 548 MiB, 16384 MiB, 48
2026/08/12 04:03:12.521, Tesla V100-PCIE-16GB, 58 %, 4 %, 548 MiB, 16384 MiB, 48
2026/08/12 04:03:22.522, Tesla V100-PCIE-16GB, 59 %, 4 %, 548 MiB, 16384 MiB, 48
2026/08/12 04:03:32.523, Tesla V100-PCIE-16GB, 58 %, 4 %, 548 MiB, 16384 MiB, 48
2026/08/12 04:03:42.525, Tesla V100-PCIE-16GB, 59 %, 4 %, 548 MiB, 16384 MiB, 48
2026/08/12 04:03:52.526, Tesla V100-PCIE-16GB, 58 %, 4 %, 548 MiB, 16384 MiB, 48
2026/08/12 04:04:02.602, Tesla V100-PCIE-16GB, 58 %, 4 %, 548 MiB, 16384 MiB, 48
2026/08/12 04:04:12.603, Tesla V100-PCIE-16GB, 58 %, 4 %, 548 MiB, 16384 MiB, 48
2026/08/12 04:04:22.604, Tesla V100-PCIE-16GB, 58 %, 4 %, 548 MiB, 16384 MiB, 48
2026/08/12 04:04:32.605, Tesla V100-PCIE-16GB, 58 %, 4 %, 548 MiB, 16384 MiB, 48
2026/08/12 04:04:42.607, Tesla V100-PCIE-16GB, 58 %, 4 %, 548 MiB, 16384 MiB, 48
2026/08/12 04:04:52.608, Tesla V100-PCIE-16GB, 57 %, 4 %, 548 MiB, 16384 MiB, 48
2026/08/12 04:05:02.609, Tesla V100-PCIE-16GB, 58 %, 4 %, 548 MiB, 16384 MiB, 48
2026/08/12 04:05:12.610, Tesla V100-PCIE-16GB, 59 %, 4 %, 548 MiB, 16384 MiB, 48
2026/08/12 04:05:22.611, Tesla V100-PCIE-16GB, 57 %, 4 %, 548 MiB, 16384 MiB, 48
2026/08/12 04:05:32.613, Tesla V100-PCIE-16GB, 60 %, 4 %, 548 MiB, 16384 MiB, 48
2026/08/12 04:05:42.614, Tesla V100-PCIE-16GB, 58 %, 4 %, 548 MiB, 16384 MiB, 48
2026/08/12 04:05:52.615, Tesla V100-PCIE-16GB, 59 %, 4 %, 548 MiB, 16384 MiB, 48
2026/08/12 04:06:02.616, Tesla V100-PCIE-16GB, 58 %, 4 %, 548 MiB, 16384 MiB, 48
2026/08/12 04:06:12.617, Tesla V100-PCIE-16GB, 58 %, 4 %, 548 MiB, 16384 MiB, 48
2026/08/12 04:06:22.619, Tesla V100-PCIE-16GB, 58 %, 4 %, 548 MiB, 16384 MiB, 48
2026/08/12 04:06:32.620, Tesla V100-PCIE-16GB, 58 %, 4 %, 548 MiB, 16384 MiB, 48
2026/08/12 04:06:42.621, Tesla V100-PCIE-16GB, 58 %, 4 %, 548 MiB, 16384 MiB, 48
2026/08/12 04:06:52.622, Tesla V100-PCIE-16GB, 58 %, 4 %, 548 MiB, 16384 MiB, 48
2026/08/12 04:07:02.623, Tesla V100-PCIE-16GB, 58 %, 4 %, 548 MiB, 16384 MiB, 48
2026/08/12 04:07:12.624, Tesla V100-PCIE-16GB, 58 %, 4 %, 548 MiB, 16384 MiB, 48
2026/08/12 04:07:22.625, Tesla V100-PCIE-16GB, 60 %, 4 %, 548 MiB, 16384 MiB, 48
2026/08/12 04:07:32.627, Tesla V100-PCIE-16GB, 59 %, 4 %, 548 MiB, 16384 MiB, 48
2026/08/12 04:07:42.628, Tesla V100-PCIE-16GB, 59 %, 4 %, 548 MiB, 16384 MiB, 48
2026/08/12 04:07:52.629, Tesla V100-PCIE-16GB, 58 %, 4 %, 548 MiB, 16384 MiB, 48
2026/08/12 04:08:02.630, Tesla V100-PCIE-16GB, 59 %, 4 %, 548 MiB, 16384 MiB, 48
2026/08/12 04:08:12.631, Tesla V100-PCIE-16GB, 58 %, 4 %, 548 MiB, 16384 MiB, 48
2026/08/12 04:08:22.632, Tesla V100-PCIE-16GB, 57 %, 4 %, 548 MiB, 16384 MiB, 48
2026/08/12 04:08:32.633, Tesla V100-PCIE-16GB, 57 %, 4 %, 548 MiB, 16384 MiB, 48
2026/08/12 04:08:42.635, Tesla V100-PCIE-16GB, 58 %, 4 %, 548 MiB, 16384 MiB, 48
2026/08/12 04:08:52.636, Tesla V100-PCIE-16GB, 58 %, 4 %, 548 MiB, 16384 MiB, 48
2026/08/12 04:09:02.637, Tesla V100-PCIE-16GB, 57 %, 4 %, 548 MiB, 16384 MiB, 48
2026/08/12 04:09:12.639, Tesla V100-PCIE-16GB, 58 %, 4 %, 548 MiB, 16384 MiB, 48
2026/08/12 04:09:22.640, Tesla V100-PCIE-16GB, 58 %, 4 %, 548 MiB, 16384 MiB, 48
2026/08/12 04:09:32.641, Tesla V100-PCIE-16GB, 52 %, 4 %, 548 MiB, 16384 MiB, 48
2026/08/12 04:09:42.642, Tesla V100-PCIE-16GB, 58 %, 4 %, 548 MiB, 16384 MiB, 48
2026/08/12 04:09:52.643, Tesla V100-PCIE-16GB, 58 %, 4 %, 548 MiB, 16384 MiB, 48
2026/08/12 04:10:02.644, Tesla V100-PCIE-16GB, 58 %, 4 %, 548 MiB, 16384 MiB, 48
2026/08/12 04:10:12.645, Tesla V100-PCIE-16GB, 59 %, 4 %, 548 MiB, 16384 MiB, 48
2026/08/12 04:10:22.647, Tesla V100-PCIE-16GB, 56 %, 4 %, 548 MiB, 16384 MiB, 48
2026/08/12 04:10:32.648, Tesla V100-PCIE-16GB, 58 %, 4 %, 548 MiB, 16384 MiB, 48
2026/08/12 04:10:42.649, Tesla V100-PCIE-16GB, 57 %, 4 %, 548 MiB, 16384 MiB, 48
2026/08/12 04:10:52.650, Tesla V100-PCIE-16GB, 58 %, 4 %, 548 MiB, 16384 MiB, 48
2026/08/12 04:11:02.651, Tesla V100-PCIE-16GB, 58 %, 4 %, 548 MiB, 16384 MiB, 48
2026/08/12 04:11:12.652, Tesla V100-PCIE-16GB, 58 %, 4 %, 548 MiB, 16384 MiB, 48
2026/08/12 04:11:22.656, Tesla V100-PCIE-16GB, 58 %, 4 %, 548 MiB, 16384 MiB, 48
2026/08/12 04:11:32.657, Tesla V100-PCIE-16GB, 58 %, 4 %, 548 MiB, 16384 MiB, 48
2026/08/12 04:11:42.658, Tesla V100-PCIE-16GB, 59 %, 4 %, 548 MiB, 16384 MiB, 48
2026/08/12 04:11:52.659, Tesla V100-PCIE-16GB, 58 %, 4 %, 548 MiB, 16384 MiB, 48
2026/08/12 04:12:02.704, Tesla V100-PCIE-16GB, 59 %, 4 %, 548 MiB, 16384 MiB, 48
2026/08/12 04:12:12.705, Tesla V100-PCIE-16GB, 58 %, 4 %, 548 MiB, 16384 MiB, 48
2026/08/12 04:12:22.707, Tesla V100-PCIE-16GB, 59 %, 4 %, 548 MiB, 16384 MiB, 47
2026/08/12 04:12:32.708, Tesla V100-PCIE-16GB, 57 %, 4 %, 548 MiB, 16384 MiB, 47
2026/08/12 04:12:42.709, Tesla V100-PCIE-16GB, 58 %, 4 %, 548 MiB, 16384 MiB, 47
2026/08/12 04:12:52.710, Tesla V100-PCIE-16GB, 58 %, 4 %, 548 MiB, 16384 MiB, 47
2026/08/12 04:13:02.711, Tesla V100-PCIE-16GB, 58 %, 4 %, 548 MiB, 16384 MiB, 47
2026/08/12 04:13:12.712, Tesla V100-PCIE-16GB, 58 %, 4 %, 548 MiB, 16384 MiB, 47
2026/08/12 04:13:22.714, Tesla V100-PCIE-16GB, 58 %, 4 %, 548 MiB, 16384 MiB, 47
2026/08/12 04:13:32.715, Tesla V100-PCIE-16GB, 58 %, 4 %, 548 MiB, 16384 MiB, 47
2026/08/12 04:13:42.717, Tesla V100-PCIE-16GB, 58 %, 4 %, 548 MiB, 16384 MiB, 47
2026/08/12 04:13:52.718, Tesla V100-PCIE-16GB, 59 %, 4 %, 548 MiB, 16384 MiB, 47
2026/08/12 04:14:02.719, Tesla V100-PCIE-16GB, 58 %, 4 %, 548 MiB, 16384 MiB, 47
2026/08/12 04:14:12.720, Tesla V100-PCIE-16GB, 59 %, 4 %, 548 MiB, 16384 MiB, 47
2026/08/12 04:14:22.723, Tesla V100-PCIE-16GB, 57 %, 4 %, 548 MiB, 16384 MiB, 47
2026/08/12 04:14:32.724, Tesla V100-PCIE-16GB, 59 %, 4 %, 548 MiB, 16384 MiB, 47
2026/08/12 04:14:42.726, Tesla V100-PCIE-16GB, 58 %, 4 %, 548 MiB, 16384 MiB, 47
2026/08/12 04:14:52.727, Tesla V100-PCIE-16GB, 49 %, 3 %, 548 MiB, 16384 MiB, 47
2026/08/12 04:15:02.729, Tesla V100-PCIE-16GB, 57 %, 4 %, 548 MiB, 16384 MiB, 47
2026/08/12 04:15:12.730, Tesla V100-PCIE-16GB, 58 %, 4 %, 548 MiB, 16384 MiB, 47
2026/08/12 04:15:22.733, Tesla V100-PCIE-16GB, 58 %, 4 %, 548 MiB, 16384 MiB, 47
2026/08/12 04:15:32.734, Tesla V100-PCIE-16GB, 58 %, 4 %, 548 MiB, 16384 MiB, 46
2026/08/12 04:15:42.735, Tesla V100-PCIE-16GB, 59 %, 4 %, 548 MiB, 16384 MiB, 46
2026/08/12 04:15:52.736, Tesla V100-PCIE-16GB, 58 %, 4 %, 548 MiB, 16384 MiB, 46
2026/08/12 04:16:02.805, Tesla V100-PCIE-16GB, 59 %, 4 %, 548 MiB, 16384 MiB, 46
2026/08/12 04:16:12.807, Tesla V100-PCIE-16GB, 58 %, 4 %, 548 MiB, 16384 MiB, 46
2026/08/12 04:16:22.808, Tesla V100-PCIE-16GB, 58 %, 4 %, 548 MiB, 16384 MiB, 46
2026/08/12 04:16:32.809, Tesla V100-PCIE-16GB, 58 %, 4 %, 548 MiB, 16384 MiB, 46
2026/08/12 04:16:42.810, Tesla V100-PCIE-16GB, 60 %, 4 %, 548 MiB, 16384 MiB, 46
2026/08/12 04:16:52.812, Tesla V100-PCIE-16GB, 57 %, 4 %, 548 MiB, 16384 MiB, 46
2026/08/12 04:17:02.813, Tesla V100-PCIE-16GB, 56 %, 4 %, 548 MiB, 16384 MiB, 46
2026/08/12 04:17:12.814, Tesla V100-PCIE-16GB, 58 %, 4 %, 548 MiB, 16384 MiB, 46
2026/08/12 04:17:22.841, Tesla V100-PCIE-16GB, 58 %, 4 %, 548 MiB, 16384 MiB, 46
2026/08/12 04:17:32.842, Tesla V100-PCIE-16GB, 58 %, 4 %, 548 MiB, 16384 MiB, 46
2026/08/12 04:17:42.843, Tesla V100-PCIE-16GB, 57 %, 4 %, 548 MiB, 16384 MiB, 46
2026/08/12 04:17:52.844, Tesla V100-PCIE-16GB, 55 %, 4 %, 548 MiB, 16384 MiB, 46
2026/08/12 04:18:02.846, Tesla V100-PCIE-16GB, 58 %, 4 %, 548 MiB, 16384 MiB, 46
2026/08/12 04:18:12.847, Tesla V100-PCIE-16GB, 58 %, 4 %, 548 MiB, 16384 MiB, 46
2026/08/12 04:18:22.848, Tesla V100-PCIE-16GB, 58 %, 4 %, 548 MiB, 16384 MiB, 46
2026/08/12 04:18:32.849, Tesla V100-PCIE-16GB, 58 %, 4 %, 548 MiB, 16384 MiB, 46
2026/08/12 04:18:42.850, Tesla V100-PCIE-16GB, 58 %, 4 %, 548 MiB, 16384 MiB, 46
2026/08/12 04:18:52.852, Tesla V100-PCIE-16GB, 60 %, 4 %, 548 MiB, 16384 MiB, 46
2026/08/12 04:19:02.853, Tesla V100-PCIE-16GB, 58 %, 4 %, 548 MiB, 16384 MiB, 46
2026/08/12 04:19:12.854, Tesla V100-PCIE-16GB, 57 %, 4 %, 548 MiB, 16384 MiB, 46
2026/08/12 04:19:22.912, Tesla V100-PCIE-16GB, 57 %, 4 %, 548 MiB, 16384 MiB, 46
2026/08/12 04:19:32.913, Tesla V100-PCIE-16GB, 57 %, 4 %, 548 MiB, 16384 MiB, 46
2026/08/12 04:19:42.914, Tesla V100-PCIE-16GB, 57 %, 4 %, 548 MiB, 16384 MiB, 46
2026/08/12 04:19:52.915, Tesla V100-PCIE-16GB, 58 %, 4 %, 548 MiB, 16384 MiB, 46
2026/08/12 04:20:02.916, Tesla V100-PCIE-16GB, 57 %, 4 %, 548 MiB, 16384 MiB, 46
2026/08/12 04:20:12.917, Tesla V100-PCIE-16GB, 57 %, 4 %, 548 MiB, 16384 MiB, 46
2026/08/12 04:20:22.918, Tesla V100-PCIE-16GB, 57 %, 4 %, 548 MiB, 16384 MiB, 46
2026/08/12 04:20:32.920, Tesla V100-PCIE-16GB, 58 %, 4 %, 548 MiB, 16384 MiB, 46
2026/08/12 04:20:42.921, Tesla V100-PCIE-16GB, 58 %, 4 %, 548 MiB, 16384 MiB, 46
2026/08/12 04:20:52.922, Tesla V100-PCIE-16GB, 57 %, 4 %, 548 MiB, 16384 MiB, 46
2026/08/12 04:21:02.923, Tesla V100-PCIE-16GB, 59 %, 4 %, 548 MiB, 16384 MiB, 46
2026/08/12 04:21:12.924, Tesla V100-PCIE-16GB, 58 %, 4 %, 548 MiB, 16384 MiB, 45
2026/08/12 04:21:22.925, Tesla V100-PCIE-16GB, 58 %, 4 %, 548 MiB, 16384 MiB, 45
2026/08/12 04:21:32.926, Tesla V100-PCIE-16GB, 58 %, 4 %, 548 MiB, 16384 MiB, 45
2026/08/12 04:21:42.928, Tesla V100-PCIE-16GB, 57 %, 4 %, 548 MiB, 16384 MiB, 45
2026/08/12 04:21:52.929, Tesla V100-PCIE-16GB, 57 %, 4 %, 548 MiB, 16384 MiB, 45
2026/08/12 04:22:02.930, Tesla V100-PCIE-16GB, 58 %, 4 %, 548 MiB, 16384 MiB, 45
2026/08/12 04:22:12.931, Tesla V100-PCIE-16GB, 58 %, 4 %, 548 MiB, 16384 MiB, 46
2026/08/12 04:22:22.933, Tesla V100-PCIE-16GB, 58 %, 4 %, 548 MiB, 16384 MiB, 46
2026/08/12 04:22:32.934, Tesla V100-PCIE-16GB, 58 %, 4 %, 548 MiB, 16384 MiB, 46
2026/08/12 04:22:42.935, Tesla V100-PCIE-16GB, 58 %, 4 %, 548 MiB, 16384 MiB, 46
2026/08/12 04:22:52.959, Tesla V100-PCIE-16GB, 59 %, 4 %, 548 MiB, 16384 MiB, 46
2026/08/12 04:23:02.960, Tesla V100-PCIE-16GB, 58 %, 4 %, 548 MiB, 16384 MiB, 45
2026/08/12 04:23:12.961, Tesla V100-PCIE-16GB, 59 %, 4 %, 548 MiB, 16384 MiB, 45
2026/08/12 04:23:22.962, Tesla V100-PCIE-16GB, 58 %, 4 %, 548 MiB, 16384 MiB, 45
2026/08/12 04:23:32.963, Tesla V100-PCIE-16GB, 58 %, 4 %, 548 MiB, 16384 MiB, 46
2026/08/12 04:23:42.964, Tesla V100-PCIE-16GB, 58 %, 4 %, 548 MiB, 16384 MiB, 46
2026/08/12 04:23:52.966, Tesla V100-PCIE-16GB, 58 %, 4 %, 548 MiB, 16384 MiB, 46
2026/08/12 04:24:02.967, Tesla V100-PCIE-16GB, 58 %, 4 %, 548 MiB, 16384 MiB, 46
2026/08/12 04:24:12.968, Tesla V100-PCIE-16GB, 57 %, 4 %, 548 MiB, 16384 MiB, 45
2026/08/12 04:24:22.969, Tesla V100-PCIE-16GB, 59 %, 4 %, 548 MiB, 16384 MiB, 45
2026/08/12 04:24:32.971, Tesla V100-PCIE-16GB, 58 %, 4 %, 548 MiB, 16384 MiB, 45
2026/08/12 04:24:42.972, Tesla V100-PCIE-16GB, 58 %, 4 %, 548 MiB, 16384 MiB, 45
2026/08/12 04:24:53.042, Tesla V100-PCIE-16GB, 58 %, 4 %, 548 MiB, 16384 MiB, 45
2026/08/12 04:25:03.043, Tesla V100-PCIE-16GB, 58 %, 4 %, 548 MiB, 16384 MiB, 45
2026/08/12 04:25:13.044, Tesla V100-PCIE-16GB, 57 %, 4 %, 548 MiB, 16384 MiB, 45
2026/08/12 04:25:23.045, Tesla V100-PCIE-16GB, 59 %, 4 %, 548 MiB, 16384 MiB, 45
2026/08/12 04:25:33.046, Tesla V100-PCIE-16GB, 58 %, 4 %, 548 MiB, 16384 MiB, 45
2026/08/12 04:25:43.048, Tesla V100-PCIE-16GB, 54 %, 4 %, 548 MiB, 16384 MiB, 45
2026/08/12 04:25:53.049, Tesla V100-PCIE-16GB, 58 %, 4 %, 548 MiB, 16384 MiB, 45
2026/08/12 04:26:03.050, Tesla V100-PCIE-16GB, 57 %, 4 %, 548 MiB, 16384 MiB, 44
2026/08/12 04:26:13.051, Tesla V100-PCIE-16GB, 58 %, 4 %, 548 MiB, 16384 MiB, 45
2026/08/12 04:26:23.052, Tesla V100-PCIE-16GB, 58 %, 4 %, 548 MiB, 16384 MiB, 45
2026/08/12 04:26:33.053, Tesla V100-PCIE-16GB, 58 %, 4 %, 548 MiB, 16384 MiB, 45
2026/08/12 04:26:43.054, Tesla V100-PCIE-16GB, 57 %, 4 %, 548 MiB, 16384 MiB, 45
2026/08/12 04:26:53.108, Tesla V100-PCIE-16GB, 58 %, 4 %, 548 MiB, 16384 MiB, 45
2026/08/12 04:27:03.109, Tesla V100-PCIE-16GB, 58 %, 4 %, 548 MiB, 16384 MiB, 45
2026/08/12 04:27:13.110, Tesla V100-PCIE-16GB, 60 %, 4 %, 548 MiB, 16384 MiB, 45
2026/08/12 04:27:23.111, Tesla V100-PCIE-16GB, 58 %, 4 %, 548 MiB, 16384 MiB, 45
2026/08/12 04:27:33.112, Tesla V100-PCIE-16GB, 58 %, 4 %, 548 MiB, 16384 MiB, 45
2026/08/12 04:27:43.114, Tesla V100-PCIE-16GB, 57 %, 4 %, 548 MiB, 16384 MiB, 45
2026/08/12 04:27:53.115, Tesla V100-PCIE-16GB, 58 %, 4 %, 548 MiB, 16384 MiB, 45
2026/08/12 04:28:03.116, Tesla V100-PCIE-16GB, 57 %, 4 %, 548 MiB, 16384 MiB, 45
2026/08/12 04:28:13.117, Tesla V100-PCIE-16GB, 55 %, 4 %, 548 MiB, 16384 MiB, 45
2026/08/12 04:28:23.119, Tesla V100-PCIE-16GB, 59 %, 4 %, 548 MiB, 16384 MiB, 45
2026/08/12 04:28:33.120, Tesla V100-PCIE-16GB, 58 %, 4 %, 548 MiB, 16384 MiB, 45
2026/08/12 04:28:43.122, Tesla V100-PCIE-16GB, 58 %, 4 %, 548 MiB, 16384 MiB, 45
2026/08/12 04:28:53.123, Tesla V100-PCIE-16GB, 57 %, 4 %, 548 MiB, 16384 MiB, 45
2026/08/12 04:29:03.124, Tesla V100-PCIE-16GB, 58 %, 4 %, 548 MiB, 16384 MiB, 45
2026/08/12 04:29:13.127, Tesla V100-PCIE-16GB, 58 %, 4 %, 548 MiB, 16384 MiB, 45
2026/08/12 04:29:23.128, Tesla V100-PCIE-16GB, 59 %, 4 %, 548 MiB, 16384 MiB, 45
2026/08/12 04:29:33.129, Tesla V100-PCIE-16GB, 58 %, 4 %, 548 MiB, 16384 MiB, 45
2026/08/12 04:29:43.130, Tesla V100-PCIE-16GB, 58 %, 4 %, 548 MiB, 16384 MiB, 45
2026/08/12 04:29:53.131, Tesla V100-PCIE-16GB, 59 %, 4 %, 548 MiB, 16384 MiB, 45
2026/08/12 04:30:03.132, Tesla V100-PCIE-16GB, 58 %, 4 %, 548 MiB, 16384 MiB, 45
2026/08/12 04:30:13.133, Tesla V100-PCIE-16GB, 58 %, 4 %, 548 MiB, 16384 MiB, 45
2026/08/12 04:30:23.134, Tesla V100-PCIE-16GB, 50 %, 3 %, 548 MiB, 16384 MiB, 45
2026/08/12 04:30:33.136, Tesla V100-PCIE-16GB, 58 %, 4 %, 548 MiB, 16384 MiB, 45
2026/08/12 04:30:43.137, Tesla V100-PCIE-16GB, 56 %, 4 %, 548 MiB, 16384 MiB, 45
2026/08/12 04:30:53.181, Tesla V100-PCIE-16GB, 58 %, 4 %, 548 MiB, 16384 MiB, 45
2026/08/12 04:31:03.182, Tesla V100-PCIE-16GB, 58 %, 4 %, 548 MiB, 16384 MiB, 45
2026/08/12 04:31:13.184, Tesla V100-PCIE-16GB, 58 %, 4 %, 548 MiB, 16384 MiB, 45
2026/08/12 04:31:23.185, Tesla V100-PCIE-16GB, 58 %, 4 %, 548 MiB, 16384 MiB, 45
2026/08/12 04:31:33.186, Tesla V100-PCIE-16GB, 58 %, 4 %, 548 MiB, 16384 MiB, 45
2026/08/12 04:31:43.187, Tesla V100-PCIE-16GB, 55 %, 4 %, 548 MiB, 16384 MiB, 45
2026/08/12 04:31:53.188, Tesla V100-PCIE-16GB, 60 %, 4 %, 548 MiB, 16384 MiB, 45
2026/08/12 04:32:03.189, Tesla V100-PCIE-16GB, 58 %, 4 %, 548 MiB, 16384 MiB, 45
2026/08/12 04:32:13.274, Tesla V100-PCIE-16GB, 38 %, 3 %, 548 MiB, 16384 MiB, 45
2026/08/12 04:32:23.275, Tesla V100-PCIE-16GB, 58 %, 4 %, 548 MiB, 16384 MiB, 45
2026/08/12 04:32:33.276, Tesla V100-PCIE-16GB, 58 %, 4 %, 548 MiB, 16384 MiB, 45
2026/08/12 04:32:43.277, Tesla V100-PCIE-16GB, 58 %, 4 %, 548 MiB, 16384 MiB, 45
2026/08/12 04:32:53.279, Tesla V100-PCIE-16GB, 57 %, 4 %, 548 MiB, 16384 MiB, 46
2026/08/12 04:33:03.280, Tesla V100-PCIE-16GB, 58 %, 4 %, 548 MiB, 16384 MiB, 45
2026/08/12 04:33:13.281, Tesla V100-PCIE-16GB, 57 %, 4 %, 548 MiB, 16384 MiB, 45
2026/08/12 04:33:23.283, Tesla V100-PCIE-16GB, 59 %, 4 %, 548 MiB, 16384 MiB, 45
2026/08/12 04:33:33.284, Tesla V100-PCIE-16GB, 57 %, 4 %, 548 MiB, 16384 MiB, 45
2026/08/12 04:33:43.285, Tesla V100-PCIE-16GB, 59 %, 4 %, 548 MiB, 16384 MiB, 46
2026/08/12 04:33:53.286, Tesla V100-PCIE-16GB, 58 %, 4 %, 548 MiB, 16384 MiB, 46
2026/08/12 04:34:03.287, Tesla V100-PCIE-16GB, 58 %, 4 %, 548 MiB, 16384 MiB, 46
2026/08/12 04:34:13.349, Tesla V100-PCIE-16GB, 57 %, 4 %, 548 MiB, 16384 MiB, 46
2026/08/12 04:34:23.350, Tesla V100-PCIE-16GB, 37 %, 3 %, 548 MiB, 16384 MiB, 45
2026/08/12 04:34:33.351, Tesla V100-PCIE-16GB, 58 %, 4 %, 548 MiB, 16384 MiB, 46
2026/08/12 04:34:43.352, Tesla V100-PCIE-16GB, 58 %, 4 %, 548 MiB, 16384 MiB, 46
2026/08/12 04:34:53.353, Tesla V100-PCIE-16GB, 58 %, 4 %, 548 MiB, 16384 MiB, 46
2026/08/12 04:35:03.354, Tesla V100-PCIE-16GB, 58 %, 4 %, 548 MiB, 16384 MiB, 46
2026/08/12 04:35:13.355, Tesla V100-PCIE-16GB, 58 %, 4 %, 548 MiB, 16384 MiB, 46
2026/08/12 04:35:23.357, Tesla V100-PCIE-16GB, 57 %, 4 %, 548 MiB, 16384 MiB, 46
2026/08/12 04:35:33.358, Tesla V100-PCIE-16GB, 58 %, 4 %, 548 MiB, 16384 MiB, 46
2026/08/12 04:35:43.359, Tesla V100-PCIE-16GB, 58 %, 4 %, 548 MiB, 16384 MiB, 46
2026/08/12 04:35:53.360, Tesla V100-PCIE-16GB, 59 %, 4 %, 548 MiB, 16384 MiB, 46
2026/08/12 04:36:03.362, Tesla V100-PCIE-16GB, 58 %, 4 %, 548 MiB, 16384 MiB, 46
2026/08/12 04:36:13.446, Tesla V100-PCIE-16GB, 59 %, 4 %, 548 MiB, 16384 MiB, 46
2026/08/12 04:36:23.447, Tesla V100-PCIE-16GB, 58 %, 4 %, 548 MiB, 16384 MiB, 46
2026/08/12 04:36:33.448, Tesla V100-PCIE-16GB, 25 %, 5 %, 548 MiB, 16384 MiB, 46
2026/08/12 04:36:43.450, Tesla V100-PCIE-16GB, 58 %, 4 %, 548 MiB, 16384 MiB, 46
2026/08/12 04:36:53.451, Tesla V100-PCIE-16GB, 58 %, 4 %, 548 MiB, 16384 MiB, 46
2026/08/12 04:37:03.452, Tesla V100-PCIE-16GB, 58 %, 4 %, 548 MiB, 16384 MiB, 46
2026/08/12 04:37:13.453, Tesla V100-PCIE-16GB, 58 %, 4 %, 548 MiB, 16384 MiB, 46
2026/08/12 04:37:23.454, Tesla V100-PCIE-16GB, 58 %, 4 %, 548 MiB, 16384 MiB, 46
2026/08/12 04:37:33.455, Tesla V100-PCIE-16GB, 58 %, 4 %, 548 MiB, 16384 MiB, 47
2026/08/12 04:37:43.456, Tesla V100-PCIE-16GB, 59 %, 4 %, 548 MiB, 16384 MiB, 47
2026/08/12 04:37:53.457, Tesla V100-PCIE-16GB, 56 %, 4 %, 548 MiB, 16384 MiB, 47
2026/08/12 04:38:03.458, Tesla V100-PCIE-16GB, 60 %, 4 %, 548 MiB, 16384 MiB, 46
2026/08/12 04:38:13.597, Tesla V100-PCIE-16GB, 58 %, 4 %, 548 MiB, 16384 MiB, 47
2026/08/12 04:38:23.599, Tesla V100-PCIE-16GB, 59 %, 4 %, 548 MiB, 16384 MiB, 47
2026/08/12 04:38:33.600, Tesla V100-PCIE-16GB, 58 %, 4 %, 548 MiB, 16384 MiB, 47
2026/08/12 04:38:43.602, Tesla V100-PCIE-16GB, 25 %, 5 %, 548 MiB, 16384 MiB, 47
2026/08/12 04:38:53.603, Tesla V100-PCIE-16GB, 58 %, 4 %, 548 MiB, 16384 MiB, 46
2026/08/12 04:39:03.605, Tesla V100-PCIE-16GB, 58 %, 4 %, 548 MiB, 16384 MiB, 46
2026/08/12 04:39:13.606, Tesla V100-PCIE-16GB, 58 %, 4 %, 548 MiB, 16384 MiB, 46
2026/08/12 04:39:23.607, Tesla V100-PCIE-16GB, 57 %, 4 %, 548 MiB, 16384 MiB, 46
2026/08/12 04:39:33.608, Tesla V100-PCIE-16GB, 59 %, 4 %, 548 MiB, 16384 MiB, 46
2026/08/12 04:39:43.609, Tesla V100-PCIE-16GB, 58 %, 4 %, 548 MiB, 16384 MiB, 47
2026/08/12 04:39:53.610, Tesla V100-PCIE-16GB, 59 %, 4 %, 548 MiB, 16384 MiB, 46
2026/08/12 04:40:03.611, Tesla V100-PCIE-16GB, 57 %, 4 %, 548 MiB, 16384 MiB, 46
2026/08/12 04:40:13.647, Tesla V100-PCIE-16GB, 58 %, 4 %, 548 MiB, 16384 MiB, 47
2026/08/12 04:40:23.649, Tesla V100-PCIE-16GB, 57 %, 4 %, 548 MiB, 16384 MiB, 47
2026/08/12 04:40:33.650, Tesla V100-PCIE-16GB, 59 %, 4 %, 548 MiB, 16384 MiB, 47
2026/08/12 04:40:43.651, Tesla V100-PCIE-16GB, 58 %, 4 %, 548 MiB, 16384 MiB, 47
2026/08/12 04:40:53.652, Tesla V100-PCIE-16GB, 26 %, 4 %, 548 MiB, 16384 MiB, 46
2026/08/12 04:41:03.653, Tesla V100-PCIE-16GB, 58 %, 4 %, 548 MiB, 16384 MiB, 47
2026/08/12 04:41:13.654, Tesla V100-PCIE-16GB, 55 %, 4 %, 548 MiB, 16384 MiB, 46
2026/08/12 04:41:23.655, Tesla V100-PCIE-16GB, 58 %, 4 %, 548 MiB, 16384 MiB, 47
2026/08/12 04:41:33.656, Tesla V100-PCIE-16GB, 57 %, 4 %, 548 MiB, 16384 MiB, 47
2026/08/12 04:41:43.658, Tesla V100-PCIE-16GB, 58 %, 4 %, 548 MiB, 16384 MiB, 47
2026/08/12 04:41:53.659, Tesla V100-PCIE-16GB, 58 %, 4 %, 548 MiB, 16384 MiB, 47
2026/08/12 04:42:03.660, Tesla V100-PCIE-16GB, 59 %, 4 %, 548 MiB, 16384 MiB, 47
2026/08/12 04:42:13.678, Tesla V100-PCIE-16GB, 57 %, 4 %, 548 MiB, 16384 MiB, 47
2026/08/12 04:42:23.679, Tesla V100-PCIE-16GB, 59 %, 4 %, 548 MiB, 16384 MiB, 47
2026/08/12 04:42:33.681, Tesla V100-PCIE-16GB, 58 %, 4 %, 548 MiB, 16384 MiB, 47
2026/08/12 04:42:43.682, Tesla V100-PCIE-16GB, 59 %, 4 %, 548 MiB, 16384 MiB, 47
2026/08/12 04:42:53.683, Tesla V100-PCIE-16GB, 58 %, 4 %, 548 MiB, 16384 MiB, 47
2026/08/12 04:43:03.685, Tesla V100-PCIE-16GB, 29 %, 4 %, 548 MiB, 16384 MiB, 47
2026/08/12 04:43:13.686, Tesla V100-PCIE-16GB, 57 %, 4 %, 548 MiB, 16384 MiB, 47
2026/08/12 04:43:23.687, Tesla V100-PCIE-16GB, 58 %, 4 %, 548 MiB, 16384 MiB, 47
2026/08/12 04:43:33.688, Tesla V100-PCIE-16GB, 58 %, 4 %, 548 MiB, 16384 MiB, 47
2026/08/12 04:43:43.689, Tesla V100-PCIE-16GB, 58 %, 4 %, 548 MiB, 16384 MiB, 47
2026/08/12 04:43:53.690, Tesla V100-PCIE-16GB, 58 %, 4 %, 548 MiB, 16384 MiB, 47
2026/08/12 04:44:03.691, Tesla V100-PCIE-16GB, 56 %, 4 %, 548 MiB, 16384 MiB, 47
2026/08/12 04:44:13.693, Tesla V100-PCIE-16GB, 56 %, 4 %, 548 MiB, 16384 MiB, 46
2026/08/12 04:44:23.694, Tesla V100-PCIE-16GB, 58 %, 4 %, 548 MiB, 16384 MiB, 47
2026/08/12 04:44:33.695, Tesla V100-PCIE-16GB, 59 %, 4 %, 548 MiB, 16384 MiB, 47
2026/08/12 04:44:43.696, Tesla V100-PCIE-16GB, 58 %, 4 %, 548 MiB, 16384 MiB, 47
2026/08/12 04:44:53.697, Tesla V100-PCIE-16GB, 59 %, 4 %, 550 MiB, 16384 MiB, 47
2026/08/12 04:45:03.698, Tesla V100-PCIE-16GB, 56 %, 4 %, 550 MiB, 16384 MiB, 47
2026/08/12 04:45:13.700, Tesla V100-PCIE-16GB, 22 %, 4 %, 550 MiB, 16384 MiB, 47
2026/08/12 04:45:23.701, Tesla V100-PCIE-16GB, 58 %, 4 %, 550 MiB, 16384 MiB, 47
2026/08/12 04:45:33.702, Tesla V100-PCIE-16GB, 57 %, 4 %, 550 MiB, 16384 MiB, 47
2026/08/12 04:45:43.703, Tesla V100-PCIE-16GB, 58 %, 4 %, 550 MiB, 16384 MiB, 47
2026/08/12 04:45:53.704, Tesla V100-PCIE-16GB, 57 %, 4 %, 550 MiB, 16384 MiB, 47
2026/08/12 04:46:03.705, Tesla V100-PCIE-16GB, 58 %, 4 %, 550 MiB, 16384 MiB, 47
2026/08/12 04:46:13.706, Tesla V100-PCIE-16GB, 57 %, 4 %, 550 MiB, 16384 MiB, 47
2026/08/12 04:46:23.707, Tesla V100-PCIE-16GB, 58 %, 4 %, 550 MiB, 16384 MiB, 47
2026/08/12 04:46:33.708, Tesla V100-PCIE-16GB, 58 %, 4 %, 550 MiB, 16384 MiB, 47
2026/08/12 04:46:43.709, Tesla V100-PCIE-16GB, 58 %, 4 %, 550 MiB, 16384 MiB, 47
2026/08/12 04:46:53.711, Tesla V100-PCIE-16GB, 58 %, 4 %, 550 MiB, 16384 MiB, 47
2026/08/12 04:47:03.712, Tesla V100-PCIE-16GB, 58 %, 4 %, 550 MiB, 16384 MiB, 47
2026/08/12 04:47:13.713, Tesla V100-PCIE-16GB, 58 %, 4 %, 550 MiB, 16384 MiB, 47
2026/08/12 04:47:23.716, Tesla V100-PCIE-16GB, 59 %, 4 %, 550 MiB, 16384 MiB, 47
2026/08/12 04:47:33.717, Tesla V100-PCIE-16GB, 58 %, 4 %, 550 MiB, 16384 MiB, 47
2026/08/12 04:47:43.718, Tesla V100-PCIE-16GB, 58 %, 4 %, 550 MiB, 16384 MiB, 47
2026/08/12 04:47:53.719, Tesla V100-PCIE-16GB, 57 %, 4 %, 550 MiB, 16384 MiB, 47
2026/08/12 04:48:03.720, Tesla V100-PCIE-16GB, 57 %, 4 %, 550 MiB, 16384 MiB, 47
2026/08/12 04:48:13.740, Tesla V100-PCIE-16GB, 54 %, 4 %, 550 MiB, 16384 MiB, 47
2026/08/12 04:48:23.741, Tesla V100-PCIE-16GB, 57 %, 4 %, 550 MiB, 16384 MiB, 48
2026/08/12 04:48:33.742, Tesla V100-PCIE-16GB, 59 %, 4 %, 550 MiB, 16384 MiB, 47
2026/08/12 04:48:43.743, Tesla V100-PCIE-16GB, 58 %, 4 %, 550 MiB, 16384 MiB, 48
2026/08/12 04:48:53.744, Tesla V100-PCIE-16GB, 60 %, 4 %, 550 MiB, 16384 MiB, 48
2026/08/12 04:49:03.745, Tesla V100-PCIE-16GB, 57 %, 4 %, 550 MiB, 16384 MiB, 48
2026/08/12 04:49:13.747, Tesla V100-PCIE-16GB, 59 %, 4 %, 550 MiB, 16384 MiB, 48
2026/08/12 04:49:23.748, Tesla V100-PCIE-16GB, 58 %, 4 %, 550 MiB, 16384 MiB, 47
2026/08/12 04:49:33.749, Tesla V100-PCIE-16GB, 47 %, 3 %, 550 MiB, 16384 MiB, 48
2026/08/12 04:49:43.750, Tesla V100-PCIE-16GB, 58 %, 4 %, 550 MiB, 16384 MiB, 47
2026/08/12 04:49:53.751, Tesla V100-PCIE-16GB, 57 %, 4 %, 550 MiB, 16384 MiB, 47
2026/08/12 04:50:03.752, Tesla V100-PCIE-16GB, 58 %, 4 %, 550 MiB, 16384 MiB, 48
2026/08/12 04:50:13.753, Tesla V100-PCIE-16GB, 58 %, 4 %, 550 MiB, 16384 MiB, 48
2026/08/12 04:50:23.754, Tesla V100-PCIE-16GB, 58 %, 4 %, 550 MiB, 16384 MiB, 48
2026/08/12 04:50:33.755, Tesla V100-PCIE-16GB, 58 %, 4 %, 550 MiB, 16384 MiB, 47
2026/08/12 04:50:43.757, Tesla V100-PCIE-16GB, 59 %, 4 %, 550 MiB, 16384 MiB, 48
2026/08/12 04:50:53.758, Tesla V100-PCIE-16GB, 58 %, 4 %, 550 MiB, 16384 MiB, 48
2026/08/12 04:51:03.759, Tesla V100-PCIE-16GB, 59 %, 4 %, 550 MiB, 16384 MiB, 48
2026/08/12 04:51:13.761, Tesla V100-PCIE-16GB, 58 %, 4 %, 550 MiB, 16384 MiB, 47
2026/08/12 04:51:23.762, Tesla V100-PCIE-16GB, 59 %, 4 %, 550 MiB, 16384 MiB, 47
2026/08/12 04:51:33.763, Tesla V100-PCIE-16GB, 56 %, 4 %, 550 MiB, 16384 MiB, 48
2026/08/12 04:51:43.841, Tesla V100-PCIE-16GB, 59 %, 4 %, 550 MiB, 16384 MiB, 47
2026/08/12 04:51:53.842, Tesla V100-PCIE-16GB, 58 %, 4 %, 550 MiB, 16384 MiB, 47
2026/08/12 04:52:03.843, Tesla V100-PCIE-16GB, 58 %, 4 %, 550 MiB, 16384 MiB, 48
2026/08/12 04:52:13.844, Tesla V100-PCIE-16GB, 57 %, 4 %, 550 MiB, 16384 MiB, 48
2026/08/12 04:52:23.846, Tesla V100-PCIE-16GB, 58 %, 4 %, 550 MiB, 16384 MiB, 47
2026/08/12 04:52:33.847, Tesla V100-PCIE-16GB, 58 %, 4 %, 550 MiB, 16384 MiB, 48
2026/08/12 04:52:43.848, Tesla V100-PCIE-16GB, 57 %, 4 %, 550 MiB, 16384 MiB, 48
2026/08/12 04:52:53.849, Tesla V100-PCIE-16GB, 59 %, 4 %, 550 MiB, 16384 MiB, 47
2026/08/12 04:53:03.850, Tesla V100-PCIE-16GB, 58 %, 4 %, 550 MiB, 16384 MiB, 47
2026/08/12 04:53:13.851, Tesla V100-PCIE-16GB, 57 %, 4 %, 550 MiB, 16384 MiB, 47
2026/08/12 04:53:23.852, Tesla V100-PCIE-16GB, 58 %, 4 %, 550 MiB, 16384 MiB, 47
2026/08/12 04:53:33.853, Tesla V100-PCIE-16GB, 59 %, 4 %, 550 MiB, 16384 MiB, 47
2026/08/12 04:53:43.855, Tesla V100-PCIE-16GB, 58 %, 4 %, 550 MiB, 16384 MiB, 47
2026/08/12 04:53:53.856, Tesla V100-PCIE-16GB, 60 %, 4 %, 550 MiB, 16384 MiB, 47
2026/08/12 04:54:03.857, Tesla V100-PCIE-16GB, 57 %, 4 %, 550 MiB, 16384 MiB, 47
2026/08/12 04:54:13.858, Tesla V100-PCIE-16GB, 58 %, 4 %, 550 MiB, 16384 MiB, 47
2026/08/12 04:54:23.860, Tesla V100-PCIE-16GB, 57 %, 4 %, 550 MiB, 16384 MiB, 47
2026/08/12 04:54:33.861, Tesla V100-PCIE-16GB, 58 %, 4 %, 550 MiB, 16384 MiB, 47
2026/08/12 04:54:43.862, Tesla V100-PCIE-16GB, 58 %, 4 %, 550 MiB, 16384 MiB, 47
2026/08/12 04:54:53.863, Tesla V100-PCIE-16GB, 58 %, 4 %, 550 MiB, 16384 MiB, 46
2026/08/12 04:55:03.864, Tesla V100-PCIE-16GB, 58 %, 4 %, 550 MiB, 16384 MiB, 46
2026/08/12 04:55:13.865, Tesla V100-PCIE-16GB, 58 %, 4 %, 550 MiB, 16384 MiB, 46
2026/08/12 04:55:23.866, Tesla V100-PCIE-16GB, 58 %, 4 %, 550 MiB, 16384 MiB, 46
2026/08/12 04:55:33.867, Tesla V100-PCIE-16GB, 59 %, 4 %, 550 MiB, 16384 MiB, 46
2026/08/12 04:55:43.869, Tesla V100-PCIE-16GB, 59 %, 4 %, 550 MiB, 16384 MiB, 46
2026/08/12 04:55:53.870, Tesla V100-PCIE-16GB, 58 %, 4 %, 550 MiB, 16384 MiB, 46
2026/08/12 04:56:03.871, Tesla V100-PCIE-16GB, 60 %, 4 %, 550 MiB, 16384 MiB, 46
2026/08/12 04:56:13.872, Tesla V100-PCIE-16GB, 56 %, 4 %, 550 MiB, 16384 MiB, 46
2026/08/12 04:56:23.873, Tesla V100-PCIE-16GB, 58 %, 4 %, 550 MiB, 16384 MiB, 46
2026/08/12 04:56:33.874, Tesla V100-PCIE-16GB, 58 %, 4 %, 550 MiB, 16384 MiB, 46
2026/08/12 04:56:43.875, Tesla V100-PCIE-16GB, 58 %, 4 %, 550 MiB, 16384 MiB, 46
2026/08/12 04:56:53.876, Tesla V100-PCIE-16GB, 59 %, 4 %, 550 MiB, 16384 MiB, 46
2026/08/12 04:57:03.877, Tesla V100-PCIE-16GB, 58 %, 4 %, 550 MiB, 16384 MiB, 46
2026/08/12 04:57:13.879, Tesla V100-PCIE-16GB, 58 %, 4 %, 550 MiB, 16384 MiB, 45
2026/08/12 04:57:23.880, Tesla V100-PCIE-16GB, 58 %, 4 %, 550 MiB, 16384 MiB, 45
2026/08/12 04:57:33.881, Tesla V100-PCIE-16GB, 58 %, 4 %, 550 MiB, 16384 MiB, 45
2026/08/12 04:57:43.882, Tesla V100-PCIE-16GB, 58 %, 4 %, 550 MiB, 16384 MiB, 45
2026/08/12 04:57:53.883, Tesla V100-PCIE-16GB, 59 %, 4 %, 550 MiB, 16384 MiB, 45
2026/08/12 04:58:03.884, Tesla V100-PCIE-16GB, 58 %, 4 %, 550 MiB, 16384 MiB, 45
2026/08/12 04:58:13.886, Tesla V100-PCIE-16GB, 59 %, 4 %, 550 MiB, 16384 MiB, 45
2026/08/12 04:58:23.888, Tesla V100-PCIE-16GB, 57 %, 4 %, 550 MiB, 16384 MiB, 45
2026/08/12 04:58:33.889, Tesla V100-PCIE-16GB, 59 %, 4 %, 550 MiB, 16384 MiB, 45
2026/08/12 04:58:43.890, Tesla V100-PCIE-16GB, 58 %, 4 %, 550 MiB, 16384 MiB, 45
2026/08/12 04:58:53.891, Tesla V100-PCIE-16GB, 59 %, 4 %, 550 MiB, 16384 MiB, 45
2026/08/12 04:59:03.892, Tesla V100-PCIE-16GB, 58 %, 4 %, 550 MiB, 16384 MiB, 45
2026/08/12 04:59:13.893, Tesla V100-PCIE-16GB, 58 %, 4 %, 550 MiB, 16384 MiB, 45
2026/08/12 04:59:23.894, Tesla V100-PCIE-16GB, 58 %, 4 %, 550 MiB, 16384 MiB, 45
2026/08/12 04:59:33.895, Tesla V100-PCIE-16GB, 58 %, 4 %, 550 MiB, 16384 MiB, 45
2026/08/12 04:59:43.897, Tesla V100-PCIE-16GB, 59 %, 4 %, 550 MiB, 16384 MiB, 45
2026/08/12 04:59:53.898, Tesla V100-PCIE-16GB, 57 %, 4 %, 550 MiB, 16384 MiB, 45
2026/08/12 05:00:03.899, Tesla V100-PCIE-16GB, 58 %, 4 %, 550 MiB, 16384 MiB, 45
2026/08/12 05:00:13.900, Tesla V100-PCIE-16GB, 58 %, 4 %, 550 MiB, 16384 MiB, 45
2026/08/12 05:00:23.901, Tesla V100-PCIE-16GB, 59 %, 4 %, 550 MiB, 16384 MiB, 45
2026/08/12 05:00:33.902, Tesla V100-PCIE-16GB, 58 %, 4 %, 550 MiB, 16384 MiB, 45
2026/08/12 05:00:43.904, Tesla V100-PCIE-16GB, 58 %, 4 %, 550 MiB, 16384 MiB, 45
2026/08/12 05:00:53.905, Tesla V100-PCIE-16GB, 58 %, 4 %, 550 MiB, 16384 MiB, 45
2026/08/12 05:01:03.906, Tesla V100-PCIE-16GB, 53 %, 4 %, 550 MiB, 16384 MiB, 45
2026/08/12 05:01:13.907, Tesla V100-PCIE-16GB, 58 %, 4 %, 550 MiB, 16384 MiB, 45
2026/08/12 05:01:23.908, Tesla V100-PCIE-16GB, 57 %, 4 %, 550 MiB, 16384 MiB, 45
2026/08/12 05:01:33.910, Tesla V100-PCIE-16GB, 58 %, 4 %, 550 MiB, 16384 MiB, 45
2026/08/12 05:01:43.911, Tesla V100-PCIE-16GB, 58 %, 4 %, 550 MiB, 16384 MiB, 44
2026/08/12 05:01:53.912, Tesla V100-PCIE-16GB, 58 %, 4 %, 550 MiB, 16384 MiB, 44
2026/08/12 05:02:03.914, Tesla V100-PCIE-16GB, 43 %, 3 %, 550 MiB, 16384 MiB, 44
2026/08/12 05:02:13.915, Tesla V100-PCIE-16GB, 58 %, 4 %, 550 MiB, 16384 MiB, 44
2026/08/12 05:02:23.916, Tesla V100-PCIE-16GB, 58 %, 4 %, 550 MiB, 16384 MiB, 44
2026/08/12 05:02:33.917, Tesla V100-PCIE-16GB, 55 %, 4 %, 550 MiB, 16384 MiB, 44
2026/08/12 05:02:43.918, Tesla V100-PCIE-16GB, 58 %, 4 %, 550 MiB, 16384 MiB, 44
2026/08/12 05:02:53.920, Tesla V100-PCIE-16GB, 58 %, 4 %, 550 MiB, 16384 MiB, 44
2026/08/12 05:03:03.921, Tesla V100-PCIE-16GB, 58 %, 4 %, 550 MiB, 16384 MiB, 44
2026/08/12 05:03:13.922, Tesla V100-PCIE-16GB, 58 %, 4 %, 550 MiB, 16384 MiB, 44
2026/08/12 05:03:23.923, Tesla V100-PCIE-16GB, 57 %, 4 %, 550 MiB, 16384 MiB, 44
2026/08/12 05:03:33.924, Tesla V100-PCIE-16GB, 58 %, 4 %, 550 MiB, 16384 MiB, 44
2026/08/12 05:03:43.925, Tesla V100-PCIE-16GB, 58 %, 4 %, 550 MiB, 16384 MiB, 44
2026/08/12 05:03:53.927, Tesla V100-PCIE-16GB, 57 %, 4 %, 550 MiB, 16384 MiB, 44
2026/08/12 05:04:03.928, Tesla V100-PCIE-16GB, 58 %, 4 %, 550 MiB, 16384 MiB, 44
2026/08/12 05:04:13.929, Tesla V100-PCIE-16GB, 56 %, 4 %, 550 MiB, 16384 MiB, 44
2026/08/12 05:04:23.930, Tesla V100-PCIE-16GB, 59 %, 4 %, 550 MiB, 16384 MiB, 44
2026/08/12 05:04:33.932, Tesla V100-PCIE-16GB, 58 %, 4 %, 550 MiB, 16384 MiB, 44
2026/08/12 05:04:43.933, Tesla V100-PCIE-16GB, 60 %, 4 %, 550 MiB, 16384 MiB, 44
2026/08/12 05:04:53.934, Tesla V100-PCIE-16GB, 57 %, 4 %, 550 MiB, 16384 MiB, 44
2026/08/12 05:05:03.935, Tesla V100-PCIE-16GB, 58 %, 4 %, 550 MiB, 16384 MiB, 44
2026/08/12 05:05:13.936, Tesla V100-PCIE-16GB, 58 %, 4 %, 550 MiB, 16384 MiB, 44
2026/08/12 05:05:23.937, Tesla V100-PCIE-16GB, 57 %, 4 %, 550 MiB, 16384 MiB, 44
2026/08/12 05:05:33.938, Tesla V100-PCIE-16GB, 58 %, 4 %, 550 MiB, 16384 MiB, 44
2026/08/12 05:05:43.940, Tesla V100-PCIE-16GB, 58 %, 4 %, 550 MiB, 16384 MiB, 44
2026/08/12 05:05:53.941, Tesla V100-PCIE-16GB, 59 %, 4 %, 550 MiB, 16384 MiB, 44
2026/08/12 05:06:03.942, Tesla V100-PCIE-16GB, 58 %, 4 %, 550 MiB, 16384 MiB, 44
2026/08/12 05:06:13.943, Tesla V100-PCIE-16GB, 58 %, 4 %, 550 MiB, 16384 MiB, 44
2026/08/12 05:06:23.944, Tesla V100-PCIE-16GB, 58 %, 4 %, 550 MiB, 16384 MiB, 44
2026/08/12 05:06:33.945, Tesla V100-PCIE-16GB, 58 %, 4 %, 550 MiB, 16384 MiB, 44
2026/08/12 05:06:43.946, Tesla V100-PCIE-16GB, 59 %, 4 %, 550 MiB, 16384 MiB, 44
2026/08/12 05:06:53.947, Tesla V100-PCIE-16GB, 59 %, 4 %, 550 MiB, 16384 MiB, 44
2026/08/12 05:07:03.948, Tesla V100-PCIE-16GB, 58 %, 4 %, 550 MiB, 16384 MiB, 44
2026/08/12 05:07:13.950, Tesla V100-PCIE-16GB, 58 %, 4 %, 550 MiB, 16384 MiB, 44
2026/08/12 05:07:23.951, Tesla V100-PCIE-16GB, 58 %, 4 %, 550 MiB, 16384 MiB, 44
2026/08/12 05:07:33.952, Tesla V100-PCIE-16GB, 58 %, 4 %, 550 MiB, 16384 MiB, 44
2026/08/12 05:07:43.953, Tesla V100-PCIE-16GB, 59 %, 4 %, 550 MiB, 16384 MiB, 44
2026/08/12 05:07:53.954, Tesla V100-PCIE-16GB, 58 %, 4 %, 550 MiB, 16384 MiB, 44
2026/08/12 05:08:03.955, Tesla V100-PCIE-16GB, 59 %, 4 %, 550 MiB, 16384 MiB, 44
2026/08/12 05:08:13.956, Tesla V100-PCIE-16GB, 58 %, 4 %, 550 MiB, 16384 MiB, 44
2026/08/12 05:08:23.958, Tesla V100-PCIE-16GB, 58 %, 4 %, 550 MiB, 16384 MiB, 44
2026/08/12 05:08:33.959, Tesla V100-PCIE-16GB, 58 %, 4 %, 550 MiB, 16384 MiB, 44
2026/08/12 05:08:43.960, Tesla V100-PCIE-16GB, 59 %, 4 %, 550 MiB, 16384 MiB, 44
2026/08/12 05:08:53.961, Tesla V100-PCIE-16GB, 59 %, 4 %, 550 MiB, 16384 MiB, 44
2026/08/12 05:09:03.962, Tesla V100-PCIE-16GB, 59 %, 4 %, 550 MiB, 16384 MiB, 44
2026/08/12 05:09:13.964, Tesla V100-PCIE-16GB, 59 %, 4 %, 550 MiB, 16384 MiB, 44
2026/08/12 05:09:23.965, Tesla V100-PCIE-16GB, 58 %, 4 %, 550 MiB, 16384 MiB, 44
2026/08/12 05:09:33.966, Tesla V100-PCIE-16GB, 58 %, 4 %, 550 MiB, 16384 MiB, 44
2026/08/12 05:09:43.967, Tesla V100-PCIE-16GB, 58 %, 4 %, 550 MiB, 16384 MiB, 44
2026/08/12 05:09:53.968, Tesla V100-PCIE-16GB, 59 %, 4 %, 550 MiB, 16384 MiB, 44
2026/08/12 05:10:03.969, Tesla V100-PCIE-16GB, 59 %, 4 %, 550 MiB, 16384 MiB, 44
2026/08/12 05:10:13.970, Tesla V100-PCIE-16GB, 58 %, 4 %, 550 MiB, 16384 MiB, 44
2026/08/12 05:10:23.972, Tesla V100-PCIE-16GB, 57 %, 4 %, 550 MiB, 16384 MiB, 44
2026/08/12 05:10:33.973, Tesla V100-PCIE-16GB, 59 %, 4 %, 550 MiB, 16384 MiB, 44
2026/08/12 05:10:43.974, Tesla V100-PCIE-16GB, 58 %, 4 %, 550 MiB, 16384 MiB, 44
2026/08/12 05:10:53.975, Tesla V100-PCIE-16GB, 60 %, 4 %, 550 MiB, 16384 MiB, 44
2026/08/12 05:11:03.976, Tesla V100-PCIE-16GB, 58 %, 4 %, 550 MiB, 16384 MiB, 44
2026/08/12 05:11:13.978, Tesla V100-PCIE-16GB, 60 %, 4 %, 550 MiB, 16384 MiB, 44
2026/08/12 05:11:23.979, Tesla V100-PCIE-16GB, 58 %, 4 %, 550 MiB, 16384 MiB, 44
2026/08/12 05:11:33.980, Tesla V100-PCIE-16GB, 57 %, 4 %, 550 MiB, 16384 MiB, 44
2026/08/12 05:11:43.981, Tesla V100-PCIE-16GB, 58 %, 4 %, 550 MiB, 16384 MiB, 44
2026/08/12 05:11:53.982, Tesla V100-PCIE-16GB, 58 %, 4 %, 550 MiB, 16384 MiB, 44
2026/08/12 05:12:03.983, Tesla V100-PCIE-16GB, 57 %, 4 %, 550 MiB, 16384 MiB, 44
2026/08/12 05:12:13.985, Tesla V100-PCIE-16GB, 58 %, 4 %, 550 MiB, 16384 MiB, 44
2026/08/12 05:12:23.986, Tesla V100-PCIE-16GB, 57 %, 4 %, 550 MiB, 16384 MiB, 44
2026/08/12 05:12:33.987, Tesla V100-PCIE-16GB, 58 %, 4 %, 550 MiB, 16384 MiB, 44
2026/08/12 05:12:43.988, Tesla V100-PCIE-16GB, 58 %, 4 %, 550 MiB, 16384 MiB, 44
2026/08/12 05:12:53.990, Tesla V100-PCIE-16GB, 58 %, 4 %, 550 MiB, 16384 MiB, 44
2026/08/12 05:13:03.991, Tesla V100-PCIE-16GB, 59 %, 4 %, 550 MiB, 16384 MiB, 44
2026/08/12 05:13:13.992, Tesla V100-PCIE-16GB, 58 %, 4 %, 550 MiB, 16384 MiB, 44
2026/08/12 05:13:23.993, Tesla V100-PCIE-16GB, 58 %, 4 %, 550 MiB, 16384 MiB, 44
2026/08/12 05:13:33.994, Tesla V100-PCIE-16GB, 58 %, 4 %, 550 MiB, 16384 MiB, 44
2026/08/12 05:13:43.995, Tesla V100-PCIE-16GB, 58 %, 4 %, 550 MiB, 16384 MiB, 44
2026/08/12 05:13:53.997, Tesla V100-PCIE-16GB, 58 %, 4 %, 550 MiB, 16384 MiB, 44
2026/08/12 05:14:03.998, Tesla V100-PCIE-16GB, 58 %, 4 %, 550 MiB, 16384 MiB, 44
2026/08/12 05:14:13.999, Tesla V100-PCIE-16GB, 58 %, 4 %, 550 MiB, 16384 MiB, 44
2026/08/12 05:14:24.000, Tesla V100-PCIE-16GB, 58 %, 4 %, 550 MiB, 16384 MiB, 44
2026/08/12 05:14:34.001, Tesla V100-PCIE-16GB, 58 %, 4 %, 550 MiB, 16384 MiB, 44
2026/08/12 05:14:44.002, Tesla V100-PCIE-16GB, 58 %, 4 %, 550 MiB, 16384 MiB, 44
2026/08/12 05:14:54.003, Tesla V100-PCIE-16GB, 59 %, 4 %, 550 MiB, 16384 MiB, 44
2026/08/12 05:15:04.005, Tesla V100-PCIE-16GB, 58 %, 4 %, 550 MiB, 16384 MiB, 44
2026/08/12 05:15:14.006, Tesla V100-PCIE-16GB, 59 %, 4 %, 550 MiB, 16384 MiB, 44
2026/08/12 05:15:24.007, Tesla V100-PCIE-16GB, 58 %, 4 %, 550 MiB, 16384 MiB, 44
2026/08/12 05:15:34.008, Tesla V100-PCIE-16GB, 23 %, 4 %, 550 MiB, 16384 MiB, 44
2026/08/12 05:15:44.009, Tesla V100-PCIE-16GB, 59 %, 4 %, 550 MiB, 16384 MiB, 44
2026/08/12 05:15:54.011, Tesla V100-PCIE-16GB, 58 %, 4 %, 550 MiB, 16384 MiB, 44
2026/08/12 05:16:04.012, Tesla V100-PCIE-16GB, 58 %, 4 %, 550 MiB, 16384 MiB, 44
2026/08/12 05:16:14.013, Tesla V100-PCIE-16GB, 58 %, 4 %, 550 MiB, 16384 MiB, 44
2026/08/12 05:16:24.014, Tesla V100-PCIE-16GB, 58 %, 4 %, 550 MiB, 16384 MiB, 44
2026/08/12 05:16:34.016, Tesla V100-PCIE-16GB, 58 %, 4 %, 550 MiB, 16384 MiB, 44
2026/08/12 05:16:44.019, Tesla V100-PCIE-16GB, 59 %, 4 %, 550 MiB, 16384 MiB, 44
2026/08/12 05:16:54.020, Tesla V100-PCIE-16GB, 58 %, 4 %, 550 MiB, 16384 MiB, 44
2026/08/12 05:17:04.021, Tesla V100-PCIE-16GB, 58 %, 4 %, 550 MiB, 16384 MiB, 44
2026/08/12 05:17:14.022, Tesla V100-PCIE-16GB, 57 %, 4 %, 550 MiB, 16384 MiB, 44
2026/08/12 05:17:24.024, Tesla V100-PCIE-16GB, 60 %, 4 %, 550 MiB, 16384 MiB, 44
2026/08/12 05:17:34.025, Tesla V100-PCIE-16GB, 58 %, 4 %, 550 MiB, 16384 MiB, 44
2026/08/12 05:17:44.026, Tesla V100-PCIE-16GB, 39 %, 4 %, 550 MiB, 16384 MiB, 44
2026/08/12 05:17:54.027, Tesla V100-PCIE-16GB, 59 %, 4 %, 550 MiB, 16384 MiB, 44
2026/08/12 05:18:04.028, Tesla V100-PCIE-16GB, 58 %, 4 %, 550 MiB, 16384 MiB, 44
2026/08/12 05:18:14.029, Tesla V100-PCIE-16GB, 58 %, 4 %, 550 MiB, 16384 MiB, 44
2026/08/12 05:18:24.031, Tesla V100-PCIE-16GB, 58 %, 4 %, 550 MiB, 16384 MiB, 44
2026/08/12 05:18:34.032, Tesla V100-PCIE-16GB, 59 %, 4 %, 550 MiB, 16384 MiB, 44
2026/08/12 05:18:44.033, Tesla V100-PCIE-16GB, 59 %, 4 %, 550 MiB, 16384 MiB, 44
2026/08/12 05:18:54.034, Tesla V100-PCIE-16GB, 60 %, 4 %, 550 MiB, 16384 MiB, 44
2026/08/12 05:19:04.035, Tesla V100-PCIE-16GB, 58 %, 4 %, 550 MiB, 16384 MiB, 44
2026/08/12 05:19:14.036, Tesla V100-PCIE-16GB, 58 %, 4 %, 550 MiB, 16384 MiB, 44
2026/08/12 05:19:24.037, Tesla V100-PCIE-16GB, 58 %, 4 %, 550 MiB, 16384 MiB, 44
2026/08/12 05:19:34.038, Tesla V100-PCIE-16GB, 58 %, 4 %, 550 MiB, 16384 MiB, 44
2026/08/12 05:19:44.039, Tesla V100-PCIE-16GB, 58 %, 4 %, 550 MiB, 16384 MiB, 44
2026/08/12 05:19:54.041, Tesla V100-PCIE-16GB, 60 %, 4 %, 550 MiB, 16384 MiB, 44
2026/08/12 05:20:04.042, Tesla V100-PCIE-16GB, 59 %, 4 %, 550 MiB, 16384 MiB, 44
2026/08/12 05:20:14.043, Tesla V100-PCIE-16GB, 58 %, 4 %, 550 MiB, 16384 MiB, 44
2026/08/12 05:20:24.044, Tesla V100-PCIE-16GB, 58 %, 4 %, 550 MiB, 16384 MiB, 44
2026/08/12 05:20:34.046, Tesla V100-PCIE-16GB, 58 %, 4 %, 550 MiB, 16384 MiB, 44
2026/08/12 05:20:44.047, Tesla V100-PCIE-16GB, 58 %, 4 %, 550 MiB, 16384 MiB, 44
2026/08/12 05:20:54.048, Tesla V100-PCIE-16GB, 58 %, 4 %, 550 MiB, 16384 MiB, 44
2026/08/12 05:21:04.049, Tesla V100-PCIE-16GB, 58 %, 4 %, 550 MiB, 16384 MiB, 44
2026/08/12 05:21:14.050, Tesla V100-PCIE-16GB, 59 %, 4 %, 550 MiB, 16384 MiB, 44
2026/08/12 05:21:24.051, Tesla V100-PCIE-16GB, 58 %, 4 %, 550 MiB, 16384 MiB, 44
2026/08/12 05:21:34.052, Tesla V100-PCIE-16GB, 58 %, 4 %, 550 MiB, 16384 MiB, 44
2026/08/12 05:21:44.053, Tesla V100-PCIE-16GB, 58 %, 4 %, 550 MiB, 16384 MiB, 44
2026/08/12 05:21:54.055, Tesla V100-PCIE-16GB, 57 %, 4 %, 550 MiB, 16384 MiB, 44
2026/08/12 05:22:04.056, Tesla V100-PCIE-16GB, 48 %, 3 %, 550 MiB, 16384 MiB, 44
2026/08/12 05:22:14.057, Tesla V100-PCIE-16GB, 56 %, 4 %, 550 MiB, 16384 MiB, 44
2026/08/12 05:22:24.058, Tesla V100-PCIE-16GB, 58 %, 4 %, 550 MiB, 16384 MiB, 44
2026/08/12 05:22:34.059, Tesla V100-PCIE-16GB, 58 %, 4 %, 550 MiB, 16384 MiB, 44
2026/08/12 05:22:44.060, Tesla V100-PCIE-16GB, 58 %, 4 %, 550 MiB, 16384 MiB, 44
2026/08/12 05:22:54.061, Tesla V100-PCIE-16GB, 59 %, 4 %, 550 MiB, 16384 MiB, 44
2026/08/12 05:23:04.063, Tesla V100-PCIE-16GB, 58 %, 4 %, 550 MiB, 16384 MiB, 44
2026/08/12 05:23:14.064, Tesla V100-PCIE-16GB, 59 %, 4 %, 550 MiB, 16384 MiB, 44
2026/08/12 05:23:24.065, Tesla V100-PCIE-16GB, 59 %, 4 %, 550 MiB, 16384 MiB, 44
2026/08/12 05:23:34.066, Tesla V100-PCIE-16GB, 59 %, 4 %, 550 MiB, 16384 MiB, 44
2026/08/12 05:23:44.067, Tesla V100-PCIE-16GB, 58 %, 4 %, 550 MiB, 16384 MiB, 44
2026/08/12 05:23:54.068, Tesla V100-PCIE-16GB, 59 %, 4 %, 550 MiB, 16384 MiB, 44
2026/08/12 05:24:04.069, Tesla V100-PCIE-16GB, 58 %, 4 %, 550 MiB, 16384 MiB, 44
2026/08/12 05:24:14.070, Tesla V100-PCIE-16GB, 59 %, 4 %, 550 MiB, 16384 MiB, 43
2026/08/12 05:24:24.072, Tesla V100-PCIE-16GB, 58 %, 4 %, 550 MiB, 16384 MiB, 44
2026/08/12 05:24:34.073, Tesla V100-PCIE-16GB, 58 %, 4 %, 550 MiB, 16384 MiB, 44
2026/08/12 05:24:44.074, Tesla V100-PCIE-16GB, 58 %, 4 %, 550 MiB, 16384 MiB, 43
2026/08/12 05:24:54.075, Tesla V100-PCIE-16GB, 58 %, 4 %, 550 MiB, 16384 MiB, 43
2026/08/12 05:25:04.076, Tesla V100-PCIE-16GB, 57 %, 4 %, 550 MiB, 16384 MiB, 43
2026/08/12 05:25:14.077, Tesla V100-PCIE-16GB, 58 %, 4 %, 550 MiB, 16384 MiB, 43
2026/08/12 05:25:24.078, Tesla V100-PCIE-16GB, 58 %, 4 %, 550 MiB, 16384 MiB, 43
2026/08/12 05:25:34.080, Tesla V100-PCIE-16GB, 58 %, 4 %, 550 MiB, 16384 MiB, 44
2026/08/12 05:25:44.081, Tesla V100-PCIE-16GB, 59 %, 4 %, 550 MiB, 16384 MiB, 44
2026/08/12 05:25:54.082, Tesla V100-PCIE-16GB, 58 %, 4 %, 550 MiB, 16384 MiB, 44
2026/08/12 05:26:04.083, Tesla V100-PCIE-16GB, 59 %, 4 %, 550 MiB, 16384 MiB, 44
2026/08/12 05:26:14.085, Tesla V100-PCIE-16GB, 57 %, 4 %, 550 MiB, 16384 MiB, 44
2026/08/12 05:26:24.086, Tesla V100-PCIE-16GB, 25 %, 5 %, 550 MiB, 16384 MiB, 44
2026/08/12 05:26:34.087, Tesla V100-PCIE-16GB, 58 %, 4 %, 550 MiB, 16384 MiB, 44
2026/08/12 05:26:44.088, Tesla V100-PCIE-16GB, 59 %, 4 %, 550 MiB, 16384 MiB, 44
2026/08/12 05:26:54.089, Tesla V100-PCIE-16GB, 58 %, 4 %, 550 MiB, 16384 MiB, 44
2026/08/12 05:27:04.090, Tesla V100-PCIE-16GB, 58 %, 4 %, 550 MiB, 16384 MiB, 44
2026/08/12 05:27:14.091, Tesla V100-PCIE-16GB, 58 %, 4 %, 550 MiB, 16384 MiB, 44
2026/08/12 05:27:24.093, Tesla V100-PCIE-16GB, 58 %, 4 %, 550 MiB, 16384 MiB, 44
2026/08/12 05:27:34.094, Tesla V100-PCIE-16GB, 57 %, 4 %, 550 MiB, 16384 MiB, 44
2026/08/12 05:27:44.095, Tesla V100-PCIE-16GB, 58 %, 4 %, 550 MiB, 16384 MiB, 44
2026/08/12 05:27:54.096, Tesla V100-PCIE-16GB, 58 %, 4 %, 550 MiB, 16384 MiB, 44
2026/08/12 05:28:04.097, Tesla V100-PCIE-16GB, 58 %, 4 %, 550 MiB, 16384 MiB, 44
2026/08/12 05:28:14.098, Tesla V100-PCIE-16GB, 59 %, 4 %, 550 MiB, 16384 MiB, 44
2026/08/12 05:28:24.099, Tesla V100-PCIE-16GB, 58 %, 4 %, 550 MiB, 16384 MiB, 44
2026/08/12 05:28:34.100, Tesla V100-PCIE-16GB, 25 %, 5 %, 550 MiB, 16384 MiB, 44
2026/08/12 05:28:44.102, Tesla V100-PCIE-16GB, 58 %, 4 %, 550 MiB, 16384 MiB, 44
2026/08/12 05:28:54.103, Tesla V100-PCIE-16GB, 58 %, 4 %, 550 MiB, 16384 MiB, 44
2026/08/12 05:29:04.104, Tesla V100-PCIE-16GB, 57 %, 4 %, 550 MiB, 16384 MiB, 44
2026/08/12 05:29:14.105, Tesla V100-PCIE-16GB, 58 %, 4 %, 550 MiB, 16384 MiB, 44
2026/08/12 05:29:24.106, Tesla V100-PCIE-16GB, 52 %, 4 %, 550 MiB, 16384 MiB, 44
2026/08/12 05:29:34.107, Tesla V100-PCIE-16GB, 58 %, 4 %, 550 MiB, 16384 MiB, 44
2026/08/12 05:29:44.108, Tesla V100-PCIE-16GB, 59 %, 4 %, 550 MiB, 16384 MiB, 44
2026/08/12 05:29:54.110, Tesla V100-PCIE-16GB, 58 %, 4 %, 550 MiB, 16384 MiB, 44
2026/08/12 05:30:04.111, Tesla V100-PCIE-16GB, 59 %, 4 %, 550 MiB, 16384 MiB, 44
2026/08/12 05:30:14.112, Tesla V100-PCIE-16GB, 58 %, 4 %, 550 MiB, 16384 MiB, 44
2026/08/12 05:30:24.113, Tesla V100-PCIE-16GB, 59 %, 4 %, 550 MiB, 16384 MiB, 44
2026/08/12 05:30:34.114, Tesla V100-PCIE-16GB, 58 %, 4 %, 550 MiB, 16384 MiB, 44
2026/08/12 05:30:44.115, Tesla V100-PCIE-16GB, 24 %, 5 %, 550 MiB, 16384 MiB, 44
2026/08/12 05:30:54.116, Tesla V100-PCIE-16GB, 58 %, 4 %, 550 MiB, 16384 MiB, 44
2026/08/12 05:31:04.118, Tesla V100-PCIE-16GB, 58 %, 4 %, 550 MiB, 16384 MiB, 44
2026/08/12 05:31:14.119, Tesla V100-PCIE-16GB, 58 %, 4 %, 550 MiB, 16384 MiB, 44
2026/08/12 05:31:24.120, Tesla V100-PCIE-16GB, 58 %, 4 %, 550 MiB, 16384 MiB, 44
2026/08/12 05:31:34.121, Tesla V100-PCIE-16GB, 58 %, 4 %, 550 MiB, 16384 MiB, 44
2026/08/12 05:31:44.122, Tesla V100-PCIE-16GB, 57 %, 4 %, 550 MiB, 16384 MiB, 44
2026/08/12 05:31:54.123, Tesla V100-PCIE-16GB, 58 %, 4 %, 550 MiB, 16384 MiB, 44
2026/08/12 05:32:04.124, Tesla V100-PCIE-16GB, 57 %, 4 %, 550 MiB, 16384 MiB, 44
2026/08/12 05:32:14.125, Tesla V100-PCIE-16GB, 58 %, 4 %, 550 MiB, 16384 MiB, 44
2026/08/12 05:32:24.127, Tesla V100-PCIE-16GB, 58 %, 4 %, 550 MiB, 16384 MiB, 44
2026/08/12 05:32:34.128, Tesla V100-PCIE-16GB, 59 %, 4 %, 550 MiB, 16384 MiB, 44
2026/08/12 05:32:44.130, Tesla V100-PCIE-16GB, 58 %, 4 %, 550 MiB, 16384 MiB, 44
2026/08/12 05:32:54.131, Tesla V100-PCIE-16GB, 25 %, 5 %, 550 MiB, 16384 MiB, 44
2026/08/12 05:33:04.132, Tesla V100-PCIE-16GB, 58 %, 4 %, 550 MiB, 16384 MiB, 44
2026/08/12 05:33:14.134, Tesla V100-PCIE-16GB, 58 %, 4 %, 550 MiB, 16384 MiB, 44
2026/08/12 05:33:24.135, Tesla V100-PCIE-16GB, 57 %, 4 %, 550 MiB, 16384 MiB, 44
2026/08/12 05:33:34.136, Tesla V100-PCIE-16GB, 57 %, 4 %, 550 MiB, 16384 MiB, 44
2026/08/12 05:33:44.137, Tesla V100-PCIE-16GB, 59 %, 4 %, 550 MiB, 16384 MiB, 44
2026/08/12 05:33:54.138, Tesla V100-PCIE-16GB, 58 %, 4 %, 550 MiB, 16384 MiB, 44
2026/08/12 05:34:04.139, Tesla V100-PCIE-16GB, 58 %, 4 %, 550 MiB, 16384 MiB, 44
2026/08/12 05:34:14.140, Tesla V100-PCIE-16GB, 58 %, 4 %, 550 MiB, 16384 MiB, 44
2026/08/12 05:34:24.141, Tesla V100-PCIE-16GB, 59 %, 4 %, 550 MiB, 16384 MiB, 44
2026/08/12 05:34:34.142, Tesla V100-PCIE-16GB, 58 %, 4 %, 550 MiB, 16384 MiB, 44
2026/08/12 05:34:44.144, Tesla V100-PCIE-16GB, 60 %, 4 %, 550 MiB, 16384 MiB, 44
2026/08/12 05:34:54.145, Tesla V100-PCIE-16GB, 58 %, 4 %, 550 MiB, 16384 MiB, 43
2026/08/12 05:35:04.146, Tesla V100-PCIE-16GB, 24 %, 5 %, 550 MiB, 16384 MiB, 44
2026/08/12 05:35:14.147, Tesla V100-PCIE-16GB, 57 %, 4 %, 550 MiB, 16384 MiB, 44
2026/08/12 05:35:24.148, Tesla V100-PCIE-16GB, 58 %, 4 %, 550 MiB, 16384 MiB, 44
2026/08/12 05:35:34.149, Tesla V100-PCIE-16GB, 58 %, 4 %, 550 MiB, 16384 MiB, 44
2026/08/12 05:35:44.151, Tesla V100-PCIE-16GB, 58 %, 4 %, 550 MiB, 16384 MiB, 44
2026/08/12 05:35:54.152, Tesla V100-PCIE-16GB, 58 %, 4 %, 550 MiB, 16384 MiB, 44
2026/08/12 05:36:04.153, Tesla V100-PCIE-16GB, 56 %, 4 %, 550 MiB, 16384 MiB, 44
2026/08/12 05:36:14.154, Tesla V100-PCIE-16GB, 58 %, 4 %, 550 MiB, 16384 MiB, 44
2026/08/12 05:36:24.155, Tesla V100-PCIE-16GB, 58 %, 4 %, 550 MiB, 16384 MiB, 44
2026/08/12 05:36:34.156, Tesla V100-PCIE-16GB, 58 %, 4 %, 550 MiB, 16384 MiB, 44
2026/08/12 05:36:44.158, Tesla V100-PCIE-16GB, 59 %, 4 %, 550 MiB, 16384 MiB, 44
2026/08/12 05:36:54.159, Tesla V100-PCIE-16GB, 59 %, 4 %, 550 MiB, 16384 MiB, 44
2026/08/12 05:37:04.160, Tesla V100-PCIE-16GB, 58 %, 4 %, 550 MiB, 16384 MiB, 44
2026/08/12 05:37:14.161, Tesla V100-PCIE-16GB, 24 %, 5 %, 550 MiB, 16384 MiB, 44
2026/08/12 05:37:24.162, Tesla V100-PCIE-16GB, 56 %, 4 %, 550 MiB, 16384 MiB, 44
2026/08/12 05:37:34.163, Tesla V100-PCIE-16GB, 57 %, 4 %, 550 MiB, 16384 MiB, 44
2026/08/12 05:37:44.164, Tesla V100-PCIE-16GB, 58 %, 4 %, 550 MiB, 16384 MiB, 44
2026/08/12 05:37:54.166, Tesla V100-PCIE-16GB, 58 %, 4 %, 550 MiB, 16384 MiB, 43
2026/08/12 05:38:04.167, Tesla V100-PCIE-16GB, 58 %, 4 %, 550 MiB, 16384 MiB, 43
2026/08/12 05:38:14.168, Tesla V100-PCIE-16GB, 57 %, 4 %, 550 MiB, 16384 MiB, 43
2026/08/12 05:38:24.169, Tesla V100-PCIE-16GB, 59 %, 4 %, 550 MiB, 16384 MiB, 44
2026/08/12 05:38:34.170, Tesla V100-PCIE-16GB, 58 %, 4 %, 550 MiB, 16384 MiB, 43
2026/08/12 05:38:44.171, Tesla V100-PCIE-16GB, 59 %, 4 %, 550 MiB, 16384 MiB, 44
2026/08/12 05:38:54.173, Tesla V100-PCIE-16GB, 58 %, 4 %, 550 MiB, 16384 MiB, 44
2026/08/12 05:39:04.174, Tesla V100-PCIE-16GB, 57 %, 4 %, 550 MiB, 16384 MiB, 43
2026/08/12 05:39:14.175, Tesla V100-PCIE-16GB, 58 %, 4 %, 550 MiB, 16384 MiB, 43
2026/08/12 05:39:24.176, Tesla V100-PCIE-16GB, 30 %, 4 %, 550 MiB, 16384 MiB, 44
2026/08/12 05:39:34.178, Tesla V100-PCIE-16GB, 58 %, 4 %, 550 MiB, 16384 MiB, 44
2026/08/12 05:39:44.179, Tesla V100-PCIE-16GB, 58 %, 4 %, 550 MiB, 16384 MiB, 44
2026/08/12 05:39:54.180, Tesla V100-PCIE-16GB, 59 %, 4 %, 550 MiB, 16384 MiB, 44
2026/08/12 05:40:04.181, Tesla V100-PCIE-16GB, 58 %, 4 %, 550 MiB, 16384 MiB, 44
2026/08/12 05:40:14.182, Tesla V100-PCIE-16GB, 59 %, 4 %, 550 MiB, 16384 MiB, 44
2026/08/12 05:40:24.183, Tesla V100-PCIE-16GB, 58 %, 4 %, 550 MiB, 16384 MiB, 44
2026/08/12 05:40:34.264, Tesla V100-PCIE-16GB, 59 %, 4 %, 550 MiB, 16384 MiB, 44
2026/08/12 05:40:44.265, Tesla V100-PCIE-16GB, 57 %, 4 %, 550 MiB, 16384 MiB, 44
2026/08/12 05:40:54.266, Tesla V100-PCIE-16GB, 58 %, 4 %, 550 MiB, 16384 MiB, 44
2026/08/12 05:41:04.268, Tesla V100-PCIE-16GB, 57 %, 4 %, 550 MiB, 16384 MiB, 44
2026/08/12 05:41:14.269, Tesla V100-PCIE-16GB, 58 %, 4 %, 550 MiB, 16384 MiB, 43
2026/08/12 05:41:24.270, Tesla V100-PCIE-16GB, 58 %, 4 %, 550 MiB, 16384 MiB, 44
2026/08/12 05:41:34.271, Tesla V100-PCIE-16GB, 57 %, 4 %, 550 MiB, 16384 MiB, 44
2026/08/12 05:41:44.272, Tesla V100-PCIE-16GB, 58 %, 4 %, 550 MiB, 16384 MiB, 43
2026/08/12 05:41:54.273, Tesla V100-PCIE-16GB, 58 %, 4 %, 550 MiB, 16384 MiB, 44
2026/08/12 05:42:04.274, Tesla V100-PCIE-16GB, 58 %, 4 %, 550 MiB, 16384 MiB, 43
2026/08/12 05:42:14.275, Tesla V100-PCIE-16GB, 58 %, 4 %, 550 MiB, 16384 MiB, 44
2026/08/12 05:42:24.277, Tesla V100-PCIE-16GB, 58 %, 4 %, 550 MiB, 16384 MiB, 44
2026/08/12 05:42:34.278, Tesla V100-PCIE-16GB, 58 %, 4 %, 550 MiB, 16384 MiB, 43
2026/08/12 05:42:44.279, Tesla V100-PCIE-16GB, 58 %, 4 %, 550 MiB, 16384 MiB, 44
2026/08/12 05:42:54.280, Tesla V100-PCIE-16GB, 58 %, 4 %, 550 MiB, 16384 MiB, 43
2026/08/12 05:43:04.281, Tesla V100-PCIE-16GB, 58 %, 4 %, 550 MiB, 16384 MiB, 43
2026/08/12 05:43:14.282, Tesla V100-PCIE-16GB, 52 %, 4 %, 550 MiB, 16384 MiB, 43
2026/08/12 05:43:24.284, Tesla V100-PCIE-16GB, 60 %, 4 %, 550 MiB, 16384 MiB, 43
2026/08/12 05:43:34.285, Tesla V100-PCIE-16GB, 58 %, 4 %, 550 MiB, 16384 MiB, 43
2026/08/12 05:43:44.286, Tesla V100-PCIE-16GB, 58 %, 4 %, 550 MiB, 16384 MiB, 43
2026/08/12 05:43:54.287, Tesla V100-PCIE-16GB, 58 %, 4 %, 550 MiB, 16384 MiB, 43
2026/08/12 05:44:04.288, Tesla V100-PCIE-16GB, 57 %, 4 %, 550 MiB, 16384 MiB, 43
2026/08/12 05:44:14.289, Tesla V100-PCIE-16GB, 58 %, 4 %, 550 MiB, 16384 MiB, 43
2026/08/12 05:44:24.291, Tesla V100-PCIE-16GB, 58 %, 4 %, 550 MiB, 16384 MiB, 43
2026/08/12 05:44:34.292, Tesla V100-PCIE-16GB, 58 %, 4 %, 550 MiB, 16384 MiB, 43
2026/08/12 05:44:44.293, Tesla V100-PCIE-16GB, 58 %, 4 %, 550 MiB, 16384 MiB, 43
2026/08/12 05:44:54.294, Tesla V100-PCIE-16GB, 59 %, 4 %, 550 MiB, 16384 MiB, 43
2026/08/12 05:45:04.295, Tesla V100-PCIE-16GB, 57 %, 4 %, 550 MiB, 16384 MiB, 43
2026/08/12 05:45:14.296, Tesla V100-PCIE-16GB, 59 %, 4 %, 550 MiB, 16384 MiB, 43
2026/08/12 05:45:24.297, Tesla V100-PCIE-16GB, 57 %, 4 %, 550 MiB, 16384 MiB, 43
2026/08/12 05:45:34.298, Tesla V100-PCIE-16GB, 60 %, 4 %, 550 MiB, 16384 MiB, 43
2026/08/12 05:45:44.300, Tesla V100-PCIE-16GB, 58 %, 4 %, 550 MiB, 16384 MiB, 43
2026/08/12 05:45:54.301, Tesla V100-PCIE-16GB, 57 %, 4 %, 550 MiB, 16384 MiB, 43
2026/08/12 05:46:04.303, Tesla V100-PCIE-16GB, 58 %, 4 %, 550 MiB, 16384 MiB, 43
2026/08/12 05:46:14.304, Tesla V100-PCIE-16GB, 58 %, 4 %, 550 MiB, 16384 MiB, 43
2026/08/12 05:46:24.306, Tesla V100-PCIE-16GB, 58 %, 4 %, 550 MiB, 16384 MiB, 43
2026/08/12 05:46:34.307, Tesla V100-PCIE-16GB, 58 %, 4 %, 550 MiB, 16384 MiB, 43
2026/08/12 05:46:44.308, Tesla V100-PCIE-16GB, 58 %, 4 %, 550 MiB, 16384 MiB, 43
2026/08/12 05:46:54.309, Tesla V100-PCIE-16GB, 57 %, 4 %, 550 MiB, 16384 MiB, 43
2026/08/12 05:47:04.310, Tesla V100-PCIE-16GB, 58 %, 4 %, 550 MiB, 16384 MiB, 43
2026/08/12 05:47:14.311, Tesla V100-PCIE-16GB, 58 %, 4 %, 550 MiB, 16384 MiB, 43
2026/08/12 05:47:24.312, Tesla V100-PCIE-16GB, 59 %, 4 %, 550 MiB, 16384 MiB, 43
2026/08/12 05:47:34.313, Tesla V100-PCIE-16GB, 58 %, 4 %, 550 MiB, 16384 MiB, 43
2026/08/12 05:47:44.314, Tesla V100-PCIE-16GB, 59 %, 4 %, 550 MiB, 16384 MiB, 43
2026/08/12 05:47:54.316, Tesla V100-PCIE-16GB, 58 %, 4 %, 550 MiB, 16384 MiB, 43
2026/08/12 05:48:04.317, Tesla V100-PCIE-16GB, 57 %, 4 %, 550 MiB, 16384 MiB, 43
2026/08/12 05:48:14.318, Tesla V100-PCIE-16GB, 58 %, 4 %, 550 MiB, 16384 MiB, 43
2026/08/12 05:48:24.320, Tesla V100-PCIE-16GB, 58 %, 4 %, 550 MiB, 16384 MiB, 43
2026/08/12 05:48:34.321, Tesla V100-PCIE-16GB, 58 %, 4 %, 550 MiB, 16384 MiB, 43
2026/08/12 05:48:44.322, Tesla V100-PCIE-16GB, 58 %, 4 %, 550 MiB, 16384 MiB, 43
2026/08/12 05:48:54.323, Tesla V100-PCIE-16GB, 59 %, 4 %, 550 MiB, 16384 MiB, 43
2026/08/12 05:49:04.324, Tesla V100-PCIE-16GB, 46 %, 3 %, 550 MiB, 16384 MiB, 43
2026/08/12 05:49:14.325, Tesla V100-PCIE-16GB, 59 %, 4 %, 550 MiB, 16384 MiB, 43
2026/08/12 05:49:24.326, Tesla V100-PCIE-16GB, 58 %, 4 %, 550 MiB, 16384 MiB, 43
2026/08/12 05:49:34.328, Tesla V100-PCIE-16GB, 59 %, 4 %, 550 MiB, 16384 MiB, 43
2026/08/12 05:49:44.329, Tesla V100-PCIE-16GB, 57 %, 4 %, 550 MiB, 16384 MiB, 43
2026/08/12 05:49:54.330, Tesla V100-PCIE-16GB, 59 %, 4 %, 550 MiB, 16384 MiB, 43
2026/08/12 05:50:04.331, Tesla V100-PCIE-16GB, 58 %, 4 %, 550 MiB, 16384 MiB, 43
2026/08/12 05:50:14.332, Tesla V100-PCIE-16GB, 58 %, 4 %, 550 MiB, 16384 MiB, 43
2026/08/12 05:50:24.333, Tesla V100-PCIE-16GB, 58 %, 4 %, 550 MiB, 16384 MiB, 43
2026/08/12 05:50:34.426, Tesla V100-PCIE-16GB, 58 %, 4 %, 550 MiB, 16384 MiB, 43
2026/08/12 05:50:44.427, Tesla V100-PCIE-16GB, 59 %, 4 %, 550 MiB, 16384 MiB, 43
2026/08/12 05:50:54.428, Tesla V100-PCIE-16GB, 57 %, 4 %, 550 MiB, 16384 MiB, 43
2026/08/12 05:51:04.429, Tesla V100-PCIE-16GB, 58 %, 4 %, 550 MiB, 16384 MiB, 43
2026/08/12 05:51:14.431, Tesla V100-PCIE-16GB, 57 %, 4 %, 550 MiB, 16384 MiB, 43
2026/08/12 05:51:24.432, Tesla V100-PCIE-16GB, 58 %, 4 %, 550 MiB, 16384 MiB, 43
2026/08/12 05:51:34.433, Tesla V100-PCIE-16GB, 58 %, 4 %, 550 MiB, 16384 MiB, 43
2026/08/12 05:51:44.434, Tesla V100-PCIE-16GB, 58 %, 4 %, 550 MiB, 16384 MiB, 43
2026/08/12 05:51:54.436, Tesla V100-PCIE-16GB, 58 %, 4 %, 550 MiB, 16384 MiB, 43
2026/08/12 05:52:04.437, Tesla V100-PCIE-16GB, 59 %, 4 %, 550 MiB, 16384 MiB, 43
2026/08/12 05:52:14.438, Tesla V100-PCIE-16GB, 58 %, 4 %, 550 MiB, 16384 MiB, 43
2026/08/12 05:52:24.439, Tesla V100-PCIE-16GB, 58 %, 4 %, 550 MiB, 16384 MiB, 43
2026/08/12 05:52:34.440, Tesla V100-PCIE-16GB, 58 %, 4 %, 550 MiB, 16384 MiB, 43
2026/08/12 05:52:44.442, Tesla V100-PCIE-16GB, 58 %, 4 %, 550 MiB, 16384 MiB, 43
2026/08/12 05:52:54.443, Tesla V100-PCIE-16GB, 58 %, 4 %, 550 MiB, 16384 MiB, 43
2026/08/12 05:53:04.444, Tesla V100-PCIE-16GB, 58 %, 4 %, 550 MiB, 16384 MiB, 43
2026/08/12 05:53:14.445, Tesla V100-PCIE-16GB, 59 %, 4 %, 550 MiB, 16384 MiB, 43
2026/08/12 05:53:24.446, Tesla V100-PCIE-16GB, 57 %, 4 %, 550 MiB, 16384 MiB, 43
2026/08/12 05:53:34.447, Tesla V100-PCIE-16GB, 59 %, 4 %, 550 MiB, 16384 MiB, 43
2026/08/12 05:53:44.448, Tesla V100-PCIE-16GB, 58 %, 4 %, 550 MiB, 16384 MiB, 43
2026/08/12 05:53:54.450, Tesla V100-PCIE-16GB, 58 %, 4 %, 550 MiB, 16384 MiB, 43
2026/08/12 05:54:04.451, Tesla V100-PCIE-16GB, 58 %, 4 %, 550 MiB, 16384 MiB, 43
2026/08/12 05:54:14.452, Tesla V100-PCIE-16GB, 60 %, 4 %, 550 MiB, 16384 MiB, 43
2026/08/12 05:54:24.453, Tesla V100-PCIE-16GB, 58 %, 4 %, 550 MiB, 16384 MiB, 43
2026/08/12 05:54:34.454, Tesla V100-PCIE-16GB, 58 %, 4 %, 550 MiB, 16384 MiB, 43
2026/08/12 05:54:44.455, Tesla V100-PCIE-16GB, 58 %, 4 %, 550 MiB, 16384 MiB, 43
2026/08/12 05:54:54.456, Tesla V100-PCIE-16GB, 58 %, 4 %, 550 MiB, 16384 MiB, 43
2026/08/12 05:55:04.458, Tesla V100-PCIE-16GB, 58 %, 4 %, 550 MiB, 16384 MiB, 43
2026/08/12 05:55:14.459, Tesla V100-PCIE-16GB, 58 %, 4 %, 550 MiB, 16384 MiB, 43
2026/08/12 05:55:24.460, Tesla V100-PCIE-16GB, 58 %, 4 %, 550 MiB, 16384 MiB, 43
2026/08/12 05:55:34.461, Tesla V100-PCIE-16GB, 58 %, 4 %, 550 MiB, 16384 MiB, 43
2026/08/12 05:55:44.462, Tesla V100-PCIE-16GB, 59 %, 4 %, 550 MiB, 16384 MiB, 43
2026/08/12 05:55:54.463, Tesla V100-PCIE-16GB, 58 %, 4 %, 550 MiB, 16384 MiB, 43
2026/08/12 05:56:04.464, Tesla V100-PCIE-16GB, 58 %, 4 %, 550 MiB, 16384 MiB, 43
2026/08/12 05:56:14.466, Tesla V100-PCIE-16GB, 58 %, 4 %, 550 MiB, 16384 MiB, 43
2026/08/12 05:56:24.467, Tesla V100-PCIE-16GB, 59 %, 4 %, 550 MiB, 16384 MiB, 43
2026/08/12 05:56:34.468, Tesla V100-PCIE-16GB, 58 %, 4 %, 550 MiB, 16384 MiB, 43
2026/08/12 05:56:44.469, Tesla V100-PCIE-16GB, 57 %, 4 %, 550 MiB, 16384 MiB, 43
2026/08/12 05:56:54.470, Tesla V100-PCIE-16GB, 57 %, 4 %, 550 MiB, 16384 MiB, 43
2026/08/12 05:57:04.471, Tesla V100-PCIE-16GB, 58 %, 4 %, 550 MiB, 16384 MiB, 43
2026/08/12 05:57:14.473, Tesla V100-PCIE-16GB, 58 %, 4 %, 550 MiB, 16384 MiB, 43
2026/08/12 05:57:24.474, Tesla V100-PCIE-16GB, 57 %, 4 %, 550 MiB, 16384 MiB, 43
2026/08/12 05:57:34.475, Tesla V100-PCIE-16GB, 59 %, 4 %, 550 MiB, 16384 MiB, 43
2026/08/12 05:57:44.476, Tesla V100-PCIE-16GB, 58 %, 4 %, 550 MiB, 16384 MiB, 43
2026/08/12 05:57:54.477, Tesla V100-PCIE-16GB, 58 %, 4 %, 550 MiB, 16384 MiB, 43
2026/08/12 05:58:04.478, Tesla V100-PCIE-16GB, 58 %, 4 %, 550 MiB, 16384 MiB, 43
2026/08/12 05:58:14.479, Tesla V100-PCIE-16GB, 58 %, 4 %, 550 MiB, 16384 MiB, 43
2026/08/12 05:58:24.480, Tesla V100-PCIE-16GB, 58 %, 4 %, 550 MiB, 16384 MiB, 43
2026/08/12 05:58:34.482, Tesla V100-PCIE-16GB, 59 %, 4 %, 550 MiB, 16384 MiB, 43
2026/08/12 05:58:44.483, Tesla V100-PCIE-16GB, 58 %, 4 %, 550 MiB, 16384 MiB, 43
2026/08/12 05:58:54.485, Tesla V100-PCIE-16GB, 51 %, 4 %, 550 MiB, 16384 MiB, 43
2026/08/12 05:59:04.486, Tesla V100-PCIE-16GB, 58 %, 4 %, 550 MiB, 16384 MiB, 43
2026/08/12 05:59:14.487, Tesla V100-PCIE-16GB, 57 %, 4 %, 550 MiB, 16384 MiB, 43
2026/08/12 05:59:24.488, Tesla V100-PCIE-16GB, 58 %, 4 %, 550 MiB, 16384 MiB, 43
2026/08/12 05:59:34.489, Tesla V100-PCIE-16GB, 58 %, 4 %, 550 MiB, 16384 MiB, 43
2026/08/12 05:59:44.490, Tesla V100-PCIE-16GB, 59 %, 4 %, 550 MiB, 16384 MiB, 43
2026/08/12 05:59:54.492, Tesla V100-PCIE-16GB, 58 %, 4 %, 550 MiB, 16384 MiB, 43
2026/08/12 06:00:04.493, Tesla V100-PCIE-16GB, 58 %, 4 %, 550 MiB, 16384 MiB, 43
2026/08/12 06:00:14.494, Tesla V100-PCIE-16GB, 58 %, 4 %, 550 MiB, 16384 MiB, 43
2026/08/12 06:00:24.495, Tesla V100-PCIE-16GB, 58 %, 4 %, 550 MiB, 16384 MiB, 43
2026/08/12 06:00:34.496, Tesla V100-PCIE-16GB, 58 %, 4 %, 550 MiB, 16384 MiB, 43
2026/08/12 06:00:44.497, Tesla V100-PCIE-16GB, 47 %, 22 %, 610 MiB, 16384 MiB, 44
2026/08/12 06:00:54.498, Tesla V100-PCIE-16GB, 50 %, 23 %, 610 MiB, 16384 MiB, 46
2026/08/12 06:01:04.500, Tesla V100-PCIE-16GB, 47 %, 22 %, 610 MiB, 16384 MiB, 46
2026/08/12 06:01:14.501, Tesla V100-PCIE-16GB, 58 %, 1 %, 876 MiB, 16384 MiB, 44
2026/08/12 06:01:24.502, Tesla V100-PCIE-16GB, 68 %, 2 %, 1006 MiB, 16384 MiB, 44
2026/08/12 06:01:34.504, Tesla V100-PCIE-16GB, 71 %, 2 %, 1006 MiB, 16384 MiB, 44
2026/08/12 06:01:44.505, Tesla V100-PCIE-16GB, 69 %, 2 %, 1006 MiB, 16384 MiB, 43
2026/08/12 06:01:54.506, Tesla V100-PCIE-16GB, 2 %, 0 %, 314 MiB, 16384 MiB, 42
2026/08/12 06:02:04.507, Tesla V100-PCIE-16GB, 53 %, 20 %, 1262 MiB, 16384 MiB, 46
2026/08/12 06:02:14.508, Tesla V100-PCIE-16GB, 49 %, 18 %, 1264 MiB, 16384 MiB, 47
2026/08/12 06:02:24.509, Tesla V100-PCIE-16GB, 53 %, 21 %, 1264 MiB, 16384 MiB, 48
2026/08/12 06:02:34.510, Tesla V100-PCIE-16GB, 33 %, 13 %, 1264 MiB, 16384 MiB, 48
2026/08/12 06:02:44.512, Tesla V100-PCIE-16GB, 52 %, 19 %, 1264 MiB, 16384 MiB, 49
2026/08/12 06:02:54.513, Tesla V100-PCIE-16GB, 0 %, 0 %, 0 MiB, 16384 MiB, 46
2026/08/12 06:03:04.514, Tesla V100-PCIE-16GB, 69 %, 9 %, 638 MiB, 16384 MiB, 47
2026/08/12 06:03:14.515, Tesla V100-PCIE-16GB, 69 %, 9 %, 638 MiB, 16384 MiB, 47
2026/08/12 06:03:24.516, Tesla V100-PCIE-16GB, 28 %, 3 %, 638 MiB, 16384 MiB, 47
2026/08/12 06:03:34.517, Tesla V100-PCIE-16GB, 69 %, 9 %, 638 MiB, 16384 MiB, 48
2026/08/12 06:03:44.519, Tesla V100-PCIE-16GB, 69 %, 9 %, 638 MiB, 16384 MiB, 48
2026/08/12 06:03:54.520, Tesla V100-PCIE-16GB, 69 %, 9 %, 640 MiB, 16384 MiB, 48
2026/08/12 06:04:04.521, Tesla V100-PCIE-16GB, 69 %, 9 %, 640 MiB, 16384 MiB, 49
2026/08/12 06:04:14.522, Tesla V100-PCIE-16GB, 69 %, 9 %, 640 MiB, 16384 MiB, 49
2026/08/12 06:04:24.523, Tesla V100-PCIE-16GB, 68 %, 9 %, 640 MiB, 16384 MiB, 49
2026/08/12 06:04:34.524, Tesla V100-PCIE-16GB, 69 %, 9 %, 640 MiB, 16384 MiB, 49
2026/08/12 06:04:44.525, Tesla V100-PCIE-16GB, 70 %, 9 %, 640 MiB, 16384 MiB, 49
2026/08/12 06:04:54.526, Tesla V100-PCIE-16GB, 69 %, 9 %, 640 MiB, 16384 MiB, 49
2026/08/12 06:05:04.527, Tesla V100-PCIE-16GB, 68 %, 9 %, 640 MiB, 16384 MiB, 49
2026/08/12 06:05:14.529, Tesla V100-PCIE-16GB, 68 %, 9 %, 640 MiB, 16384 MiB, 49
2026/08/12 06:05:24.530, Tesla V100-PCIE-16GB, 69 %, 9 %, 640 MiB, 16384 MiB, 49
2026/08/12 06:05:34.531, Tesla V100-PCIE-16GB, 69 %, 9 %, 640 MiB, 16384 MiB, 49
2026/08/12 06:05:44.532, Tesla V100-PCIE-16GB, 69 %, 9 %, 640 MiB, 16384 MiB, 49
2026/08/12 06:05:54.534, Tesla V100-PCIE-16GB, 69 %, 9 %, 640 MiB, 16384 MiB, 49
2026/08/12 06:06:04.535, Tesla V100-PCIE-16GB, 69 %, 9 %, 640 MiB, 16384 MiB, 49
2026/08/12 06:06:14.536, Tesla V100-PCIE-16GB, 68 %, 9 %, 640 MiB, 16384 MiB, 49
2026/08/12 06:06:24.537, Tesla V100-PCIE-16GB, 69 %, 9 %, 640 MiB, 16384 MiB, 49
2026/08/12 06:06:34.538, Tesla V100-PCIE-16GB, 68 %, 8 %, 640 MiB, 16384 MiB, 49
2026/08/12 06:06:44.539, Tesla V100-PCIE-16GB, 69 %, 9 %, 640 MiB, 16384 MiB, 49
2026/08/12 06:06:54.540, Tesla V100-PCIE-16GB, 69 %, 9 %, 640 MiB, 16384 MiB, 49
2026/08/12 06:07:04.542, Tesla V100-PCIE-16GB, 69 %, 9 %, 640 MiB, 16384 MiB, 49
2026/08/12 06:07:14.543, Tesla V100-PCIE-16GB, 69 %, 9 %, 640 MiB, 16384 MiB, 49
2026/08/12 06:07:24.544, Tesla V100-PCIE-16GB, 68 %, 8 %, 640 MiB, 16384 MiB, 49
2026/08/12 06:07:34.545, Tesla V100-PCIE-16GB, 69 %, 9 %, 640 MiB, 16384 MiB, 49
2026/08/12 06:07:44.546, Tesla V100-PCIE-16GB, 69 %, 9 %, 640 MiB, 16384 MiB, 49
2026/08/12 06:07:54.547, Tesla V100-PCIE-16GB, 69 %, 9 %, 640 MiB, 16384 MiB, 49
2026/08/12 06:08:04.548, Tesla V100-PCIE-16GB, 69 %, 9 %, 640 MiB, 16384 MiB, 49
2026/08/12 06:08:14.549, Tesla V100-PCIE-16GB, 68 %, 9 %, 640 MiB, 16384 MiB, 49
2026/08/12 06:08:24.551, Tesla V100-PCIE-16GB, 66 %, 8 %, 640 MiB, 16384 MiB, 49
2026/08/12 06:08:34.551, Tesla V100-PCIE-16GB, 69 %, 9 %, 640 MiB, 16384 MiB, 49
2026/08/12 06:08:44.552, Tesla V100-PCIE-16GB, 69 %, 9 %, 640 MiB, 16384 MiB, 49
2026/08/12 06:08:54.554, Tesla V100-PCIE-16GB, 68 %, 8 %, 640 MiB, 16384 MiB, 49
2026/08/12 06:09:04.555, Tesla V100-PCIE-16GB, 69 %, 9 %, 640 MiB, 16384 MiB, 49
2026/08/12 06:09:14.556, Tesla V100-PCIE-16GB, 69 %, 9 %, 640 MiB, 16384 MiB, 49
2026/08/12 06:09:24.557, Tesla V100-PCIE-16GB, 69 %, 9 %, 640 MiB, 16384 MiB, 49
2026/08/12 06:09:34.558, Tesla V100-PCIE-16GB, 69 %, 9 %, 640 MiB, 16384 MiB, 49
2026/08/12 06:09:44.559, Tesla V100-PCIE-16GB, 70 %, 9 %, 640 MiB, 16384 MiB, 49
2026/08/12 06:09:54.560, Tesla V100-PCIE-16GB, 69 %, 9 %, 640 MiB, 16384 MiB, 49
2026/08/12 06:10:04.561, Tesla V100-PCIE-16GB, 69 %, 9 %, 640 MiB, 16384 MiB, 49
2026/08/12 06:10:14.563, Tesla V100-PCIE-16GB, 69 %, 9 %, 640 MiB, 16384 MiB, 49
2026/08/12 06:10:24.564, Tesla V100-PCIE-16GB, 69 %, 9 %, 640 MiB, 16384 MiB, 49
2026/08/12 06:10:34.565, Tesla V100-PCIE-16GB, 50 %, 15 %, 640 MiB, 16384 MiB, 48
2026/08/12 06:10:44.566, Tesla V100-PCIE-16GB, 69 %, 9 %, 640 MiB, 16384 MiB, 49
2026/08/12 06:10:54.567, Tesla V100-PCIE-16GB, 69 %, 9 %, 640 MiB, 16384 MiB, 49
2026/08/12 06:11:04.569, Tesla V100-PCIE-16GB, 69 %, 9 %, 640 MiB, 16384 MiB, 49
2026/08/12 06:11:14.570, Tesla V100-PCIE-16GB, 68 %, 9 %, 640 MiB, 16384 MiB, 49
2026/08/12 06:11:24.571, Tesla V100-PCIE-16GB, 70 %, 9 %, 640 MiB, 16384 MiB, 49
2026/08/12 06:11:34.573, Tesla V100-PCIE-16GB, 68 %, 9 %, 640 MiB, 16384 MiB, 49
2026/08/12 06:11:44.574, Tesla V100-PCIE-16GB, 69 %, 9 %, 640 MiB, 16384 MiB, 49
2026/08/12 06:11:54.575, Tesla V100-PCIE-16GB, 68 %, 8 %, 640 MiB, 16384 MiB, 49
2026/08/12 06:12:04.576, Tesla V100-PCIE-16GB, 49 %, 15 %, 640 MiB, 16384 MiB, 49
2026/08/12 06:12:14.577, Tesla V100-PCIE-16GB, 68 %, 9 %, 640 MiB, 16384 MiB, 49
2026/08/12 06:12:24.645, Tesla V100-PCIE-16GB, 68 %, 9 %, 640 MiB, 16384 MiB, 49
2026/08/12 06:12:34.646, Tesla V100-PCIE-16GB, 66 %, 8 %, 640 MiB, 16384 MiB, 49
2026/08/12 06:12:44.647, Tesla V100-PCIE-16GB, 69 %, 9 %, 640 MiB, 16384 MiB, 49
2026/08/12 06:12:54.648, Tesla V100-PCIE-16GB, 69 %, 9 %, 640 MiB, 16384 MiB, 49
2026/08/12 06:13:04.649, Tesla V100-PCIE-16GB, 70 %, 9 %, 640 MiB, 16384 MiB, 49
2026/08/12 06:13:14.650, Tesla V100-PCIE-16GB, 69 %, 9 %, 640 MiB, 16384 MiB, 49
2026/08/12 06:13:24.652, Tesla V100-PCIE-16GB, 68 %, 9 %, 640 MiB, 16384 MiB, 49
2026/08/12 06:13:34.653, Tesla V100-PCIE-16GB, 67 %, 9 %, 640 MiB, 16384 MiB, 49
2026/08/12 06:13:44.654, Tesla V100-PCIE-16GB, 68 %, 9 %, 640 MiB, 16384 MiB, 49
2026/08/12 06:13:54.655, Tesla V100-PCIE-16GB, 69 %, 9 %, 640 MiB, 16384 MiB, 49
2026/08/12 06:14:04.656, Tesla V100-PCIE-16GB, 69 %, 9 %, 640 MiB, 16384 MiB, 49
2026/08/12 06:14:14.657, Tesla V100-PCIE-16GB, 66 %, 8 %, 640 MiB, 16384 MiB, 49
2026/08/12 06:14:24.739, Tesla V100-PCIE-16GB, 69 %, 9 %, 640 MiB, 16384 MiB, 49
2026/08/12 06:14:34.740, Tesla V100-PCIE-16GB, 68 %, 8 %, 640 MiB, 16384 MiB, 49
2026/08/12 06:14:44.741, Tesla V100-PCIE-16GB, 69 %, 9 %, 640 MiB, 16384 MiB, 49
2026/08/12 06:14:54.743, Tesla V100-PCIE-16GB, 69 %, 9 %, 640 MiB, 16384 MiB, 49
2026/08/12 06:15:04.744, Tesla V100-PCIE-16GB, 69 %, 9 %, 640 MiB, 16384 MiB, 49
2026/08/12 06:15:14.745, Tesla V100-PCIE-16GB, 28 %, 15 %, 640 MiB, 16384 MiB, 48
2026/08/12 06:15:24.746, Tesla V100-PCIE-16GB, 57 %, 23 %, 1262 MiB, 16384 MiB, 49
2026/08/12 06:15:34.747, Tesla V100-PCIE-16GB, 60 %, 24 %, 1262 MiB, 16384 MiB, 50
2026/08/12 06:15:44.748, Tesla V100-PCIE-16GB, 51 %, 18 %, 1262 MiB, 16384 MiB, 49
2026/08/12 06:15:54.750, Tesla V100-PCIE-16GB, 56 %, 22 %, 1262 MiB, 16384 MiB, 49
2026/08/12 06:16:04.751, Tesla V100-PCIE-16GB, 35 %, 12 %, 1262 MiB, 16384 MiB, 49
2026/08/12 06:16:14.752, Tesla V100-PCIE-16GB, 0 %, 0 %, 16 MiB, 16384 MiB, 44
2026/08/12 06:16:24.796, Tesla V100-PCIE-16GB, 69 %, 9 %, 638 MiB, 16384 MiB, 47
2026/08/12 06:16:34.797, Tesla V100-PCIE-16GB, 68 %, 9 %, 638 MiB, 16384 MiB, 48
2026/08/12 06:16:44.798, Tesla V100-PCIE-16GB, 69 %, 9 %, 638 MiB, 16384 MiB, 48
2026/08/12 06:16:54.799, Tesla V100-PCIE-16GB, 69 %, 9 %, 638 MiB, 16384 MiB, 48
2026/08/12 06:17:04.800, Tesla V100-PCIE-16GB, 71 %, 9 %, 640 MiB, 16384 MiB, 48
2026/08/12 06:17:14.801, Tesla V100-PCIE-16GB, 69 %, 9 %, 640 MiB, 16384 MiB, 49
2026/08/12 06:17:24.803, Tesla V100-PCIE-16GB, 70 %, 9 %, 640 MiB, 16384 MiB, 49
2026/08/12 06:17:34.804, Tesla V100-PCIE-16GB, 68 %, 9 %, 640 MiB, 16384 MiB, 49
2026/08/12 06:17:44.805, Tesla V100-PCIE-16GB, 69 %, 9 %, 640 MiB, 16384 MiB, 49
2026/08/12 06:17:54.806, Tesla V100-PCIE-16GB, 69 %, 9 %, 640 MiB, 16384 MiB, 49
2026/08/12 06:18:04.807, Tesla V100-PCIE-16GB, 69 %, 9 %, 640 MiB, 16384 MiB, 49
2026/08/12 06:18:14.809, Tesla V100-PCIE-16GB, 68 %, 9 %, 640 MiB, 16384 MiB, 49
2026/08/12 06:18:24.810, Tesla V100-PCIE-16GB, 69 %, 9 %, 640 MiB, 16384 MiB, 49
2026/08/12 06:18:34.812, Tesla V100-PCIE-16GB, 67 %, 8 %, 640 MiB, 16384 MiB, 49
2026/08/12 06:18:44.813, Tesla V100-PCIE-16GB, 70 %, 9 %, 640 MiB, 16384 MiB, 49
2026/08/12 06:18:54.814, Tesla V100-PCIE-16GB, 69 %, 9 %, 640 MiB, 16384 MiB, 49
2026/08/12 06:19:04.815, Tesla V100-PCIE-16GB, 69 %, 9 %, 640 MiB, 16384 MiB, 49
2026/08/12 06:19:14.816, Tesla V100-PCIE-16GB, 70 %, 9 %, 640 MiB, 16384 MiB, 49
2026/08/12 06:19:24.818, Tesla V100-PCIE-16GB, 70 %, 9 %, 640 MiB, 16384 MiB, 49
2026/08/12 06:19:34.819, Tesla V100-PCIE-16GB, 68 %, 8 %, 640 MiB, 16384 MiB, 49
2026/08/12 06:19:44.821, Tesla V100-PCIE-16GB, 69 %, 9 %, 640 MiB, 16384 MiB, 49
2026/08/12 06:19:54.822, Tesla V100-PCIE-16GB, 69 %, 9 %, 640 MiB, 16384 MiB, 49
2026/08/12 06:20:04.823, Tesla V100-PCIE-16GB, 68 %, 9 %, 640 MiB, 16384 MiB, 49
2026/08/12 06:20:14.824, Tesla V100-PCIE-16GB, 69 %, 9 %, 640 MiB, 16384 MiB, 49
2026/08/12 06:20:24.826, Tesla V100-PCIE-16GB, 68 %, 9 %, 640 MiB, 16384 MiB, 49
2026/08/12 06:20:34.827, Tesla V100-PCIE-16GB, 68 %, 8 %, 640 MiB, 16384 MiB, 49
2026/08/12 06:20:44.828, Tesla V100-PCIE-16GB, 69 %, 9 %, 640 MiB, 16384 MiB, 49
2026/08/12 06:20:54.829, Tesla V100-PCIE-16GB, 69 %, 9 %, 640 MiB, 16384 MiB, 49
2026/08/12 06:21:04.830, Tesla V100-PCIE-16GB, 70 %, 9 %, 640 MiB, 16384 MiB, 49
2026/08/12 06:21:14.831, Tesla V100-PCIE-16GB, 69 %, 9 %, 640 MiB, 16384 MiB, 49
2026/08/12 06:21:24.832, Tesla V100-PCIE-16GB, 68 %, 9 %, 640 MiB, 16384 MiB, 49
2026/08/12 06:21:34.837, Tesla V100-PCIE-16GB, 70 %, 9 %, 640 MiB, 16384 MiB, 49
2026/08/12 06:21:44.838, Tesla V100-PCIE-16GB, 69 %, 9 %, 640 MiB, 16384 MiB, 49
2026/08/12 06:21:54.839, Tesla V100-PCIE-16GB, 68 %, 9 %, 640 MiB, 16384 MiB, 49
2026/08/12 06:22:04.840, Tesla V100-PCIE-16GB, 68 %, 9 %, 640 MiB, 16384 MiB, 49
2026/08/12 06:22:14.841, Tesla V100-PCIE-16GB, 68 %, 9 %, 640 MiB, 16384 MiB, 49
2026/08/12 06:22:24.843, Tesla V100-PCIE-16GB, 68 %, 9 %, 640 MiB, 16384 MiB, 49
2026/08/12 06:22:34.844, Tesla V100-PCIE-16GB, 68 %, 9 %, 640 MiB, 16384 MiB, 50
2026/08/12 06:22:44.845, Tesla V100-PCIE-16GB, 67 %, 9 %, 640 MiB, 16384 MiB, 50
2026/08/12 06:22:54.846, Tesla V100-PCIE-16GB, 67 %, 9 %, 640 MiB, 16384 MiB, 50
2026/08/12 06:23:04.847, Tesla V100-PCIE-16GB, 69 %, 9 %, 640 MiB, 16384 MiB, 50
2026/08/12 06:23:14.848, Tesla V100-PCIE-16GB, 69 %, 9 %, 640 MiB, 16384 MiB, 50
2026/08/12 06:23:24.849, Tesla V100-PCIE-16GB, 70 %, 9 %, 640 MiB, 16384 MiB, 50
2026/08/12 06:23:34.851, Tesla V100-PCIE-16GB, 68 %, 9 %, 640 MiB, 16384 MiB, 50
2026/08/12 06:23:44.852, Tesla V100-PCIE-16GB, 68 %, 9 %, 640 MiB, 16384 MiB, 50
2026/08/12 06:23:54.853, Tesla V100-PCIE-16GB, 70 %, 9 %, 640 MiB, 16384 MiB, 50
2026/08/12 06:24:04.854, Tesla V100-PCIE-16GB, 68 %, 9 %, 640 MiB, 16384 MiB, 50
2026/08/12 06:24:14.855, Tesla V100-PCIE-16GB, 69 %, 9 %, 640 MiB, 16384 MiB, 50
2026/08/12 06:24:24.856, Tesla V100-PCIE-16GB, 68 %, 9 %, 640 MiB, 16384 MiB, 50
2026/08/12 06:24:34.857, Tesla V100-PCIE-16GB, 69 %, 9 %, 640 MiB, 16384 MiB, 50
2026/08/12 06:24:44.859, Tesla V100-PCIE-16GB, 68 %, 9 %, 640 MiB, 16384 MiB, 50
2026/08/12 06:24:54.860, Tesla V100-PCIE-16GB, 68 %, 9 %, 640 MiB, 16384 MiB, 50
2026/08/12 06:25:04.861, Tesla V100-PCIE-16GB, 69 %, 9 %, 640 MiB, 16384 MiB, 50
2026/08/12 06:25:14.862, Tesla V100-PCIE-16GB, 69 %, 9 %, 640 MiB, 16384 MiB, 50
2026/08/12 06:25:24.863, Tesla V100-PCIE-16GB, 69 %, 9 %, 640 MiB, 16384 MiB, 50
2026/08/12 06:25:34.864, Tesla V100-PCIE-16GB, 69 %, 9 %, 640 MiB, 16384 MiB, 50
2026/08/12 06:25:44.935, Tesla V100-PCIE-16GB, 68 %, 8 %, 640 MiB, 16384 MiB, 50
2026/08/12 06:25:54.936, Tesla V100-PCIE-16GB, 68 %, 8 %, 640 MiB, 16384 MiB, 50
2026/08/12 06:26:04.938, Tesla V100-PCIE-16GB, 49 %, 15 %, 640 MiB, 16384 MiB, 50
2026/08/12 06:26:14.939, Tesla V100-PCIE-16GB, 68 %, 9 %, 640 MiB, 16384 MiB, 50
2026/08/12 06:26:24.940, Tesla V100-PCIE-16GB, 70 %, 9 %, 640 MiB, 16384 MiB, 50
2026/08/12 06:26:34.941, Tesla V100-PCIE-16GB, 68 %, 9 %, 640 MiB, 16384 MiB, 50
2026/08/12 06:26:44.942, Tesla V100-PCIE-16GB, 68 %, 9 %, 640 MiB, 16384 MiB, 50
2026/08/12 06:26:54.943, Tesla V100-PCIE-16GB, 70 %, 9 %, 640 MiB, 16384 MiB, 50
2026/08/12 06:27:04.944, Tesla V100-PCIE-16GB, 69 %, 9 %, 640 MiB, 16384 MiB, 50
2026/08/12 06:27:14.945, Tesla V100-PCIE-16GB, 68 %, 9 %, 640 MiB, 16384 MiB, 50
2026/08/12 06:27:24.946, Tesla V100-PCIE-16GB, 69 %, 9 %, 640 MiB, 16384 MiB, 50
2026/08/12 06:27:34.948, Tesla V100-PCIE-16GB, 48 %, 15 %, 640 MiB, 16384 MiB, 50
2026/08/12 06:27:44.984, Tesla V100-PCIE-16GB, 67 %, 8 %, 640 MiB, 16384 MiB, 50
2026/08/12 06:27:54.985, Tesla V100-PCIE-16GB, 70 %, 9 %, 640 MiB, 16384 MiB, 50
2026/08/12 06:28:04.986, Tesla V100-PCIE-16GB, 68 %, 9 %, 640 MiB, 16384 MiB, 50
2026/08/12 06:28:14.987, Tesla V100-PCIE-16GB, 68 %, 9 %, 640 MiB, 16384 MiB, 50
2026/08/12 06:28:24.988, Tesla V100-PCIE-16GB, 33 %, 19 %, 640 MiB, 16384 MiB, 50
2026/08/12 06:28:34.989, Tesla V100-PCIE-16GB, 52 %, 20 %, 1260 MiB, 16384 MiB, 51
2026/08/12 06:28:44.990, Tesla V100-PCIE-16GB, 49 %, 18 %, 1262 MiB, 16384 MiB, 51
2026/08/12 06:28:54.991, Tesla V100-PCIE-16GB, 54 %, 20 %, 1262 MiB, 16384 MiB, 52
2026/08/12 06:29:04.993, Tesla V100-PCIE-16GB, 33 %, 11 %, 1262 MiB, 16384 MiB, 51
2026/08/12 06:29:14.994, Tesla V100-PCIE-16GB, 41 %, 17 %, 1262 MiB, 16384 MiB, 52
2026/08/12 06:29:24.995, Tesla V100-PCIE-16GB, 53 %, 20 %, 1262 MiB, 16384 MiB, 52
2026/08/12 06:29:34.997, Tesla V100-PCIE-16GB, 0 %, 0 %, 4 MiB, 16384 MiB, 47
2026/08/12 06:29:45.059, Tesla V100-PCIE-16GB, 68 %, 9 %, 638 MiB, 16384 MiB, 50
2026/08/12 06:29:55.060, Tesla V100-PCIE-16GB, 69 %, 9 %, 638 MiB, 16384 MiB, 50
2026/08/12 06:30:05.062, Tesla V100-PCIE-16GB, 69 %, 9 %, 638 MiB, 16384 MiB, 50
2026/08/12 06:30:15.111, Tesla V100-PCIE-16GB, 69 %, 9 %, 638 MiB, 16384 MiB, 50
2026/08/12 06:30:25.112, Tesla V100-PCIE-16GB, 71 %, 9 %, 640 MiB, 16384 MiB, 51
2026/08/12 06:30:35.113, Tesla V100-PCIE-16GB, 69 %, 9 %, 640 MiB, 16384 MiB, 50
2026/08/12 06:30:45.115, Tesla V100-PCIE-16GB, 68 %, 9 %, 640 MiB, 16384 MiB, 50
2026/08/12 06:30:55.194, Tesla V100-PCIE-16GB, 69 %, 9 %, 640 MiB, 16384 MiB, 50
2026/08/12 06:31:05.195, Tesla V100-PCIE-16GB, 69 %, 9 %, 640 MiB, 16384 MiB, 50
2026/08/12 06:31:15.279, Tesla V100-PCIE-16GB, 69 %, 9 %, 640 MiB, 16384 MiB, 50
2026/08/12 06:31:25.280, Tesla V100-PCIE-16GB, 69 %, 9 %, 640 MiB, 16384 MiB, 50
2026/08/12 06:31:35.281, Tesla V100-PCIE-16GB, 69 %, 9 %, 640 MiB, 16384 MiB, 50
2026/08/12 06:31:45.282, Tesla V100-PCIE-16GB, 69 %, 9 %, 640 MiB, 16384 MiB, 50
2026/08/12 06:31:55.284, Tesla V100-PCIE-16GB, 70 %, 9 %, 640 MiB, 16384 MiB, 51
2026/08/12 06:32:05.285, Tesla V100-PCIE-16GB, 70 %, 9 %, 640 MiB, 16384 MiB, 50
2026/08/12 06:32:15.286, Tesla V100-PCIE-16GB, 69 %, 9 %, 640 MiB, 16384 MiB, 50
2026/08/12 06:32:25.288, Tesla V100-PCIE-16GB, 69 %, 9 %, 640 MiB, 16384 MiB, 51
2026/08/12 06:32:35.289, Tesla V100-PCIE-16GB, 69 %, 9 %, 640 MiB, 16384 MiB, 50
2026/08/12 06:32:45.290, Tesla V100-PCIE-16GB, 69 %, 9 %, 640 MiB, 16384 MiB, 51
2026/08/12 06:32:55.291, Tesla V100-PCIE-16GB, 70 %, 9 %, 640 MiB, 16384 MiB, 50
2026/08/12 06:33:05.384, Tesla V100-PCIE-16GB, 68 %, 9 %, 640 MiB, 16384 MiB, 51
2026/08/12 06:33:15.385, Tesla V100-PCIE-16GB, 68 %, 9 %, 640 MiB, 16384 MiB, 50
2026/08/12 06:33:25.386, Tesla V100-PCIE-16GB, 70 %, 9 %, 640 MiB, 16384 MiB, 51
2026/08/12 06:33:35.387, Tesla V100-PCIE-16GB, 66 %, 8 %, 640 MiB, 16384 MiB, 51
2026/08/12 06:33:45.389, Tesla V100-PCIE-16GB, 68 %, 9 %, 640 MiB, 16384 MiB, 51
2026/08/12 06:33:55.390, Tesla V100-PCIE-16GB, 68 %, 9 %, 640 MiB, 16384 MiB, 50
2026/08/12 06:34:05.391, Tesla V100-PCIE-16GB, 67 %, 9 %, 640 MiB, 16384 MiB, 51
2026/08/12 06:34:15.393, Tesla V100-PCIE-16GB, 69 %, 9 %, 640 MiB, 16384 MiB, 51
2026/08/12 06:34:25.394, Tesla V100-PCIE-16GB, 69 %, 9 %, 640 MiB, 16384 MiB, 50
2026/08/12 06:34:35.395, Tesla V100-PCIE-16GB, 69 %, 9 %, 640 MiB, 16384 MiB, 51
2026/08/12 06:34:45.396, Tesla V100-PCIE-16GB, 67 %, 9 %, 640 MiB, 16384 MiB, 51
2026/08/12 06:34:55.397, Tesla V100-PCIE-16GB, 70 %, 9 %, 640 MiB, 16384 MiB, 51
2026/08/12 06:35:05.553, Tesla V100-PCIE-16GB, 68 %, 8 %, 640 MiB, 16384 MiB, 51
2026/08/12 06:35:15.554, Tesla V100-PCIE-16GB, 69 %, 9 %, 640 MiB, 16384 MiB, 51
2026/08/12 06:35:25.555, Tesla V100-PCIE-16GB, 69 %, 9 %, 640 MiB, 16384 MiB, 51
2026/08/12 06:35:35.556, Tesla V100-PCIE-16GB, 69 %, 9 %, 640 MiB, 16384 MiB, 51
2026/08/12 06:35:45.557, Tesla V100-PCIE-16GB, 69 %, 9 %, 640 MiB, 16384 MiB, 51
2026/08/12 06:35:55.558, Tesla V100-PCIE-16GB, 69 %, 9 %, 640 MiB, 16384 MiB, 51
2026/08/12 06:36:05.559, Tesla V100-PCIE-16GB, 68 %, 9 %, 640 MiB, 16384 MiB, 51
2026/08/12 06:36:15.560, Tesla V100-PCIE-16GB, 68 %, 9 %, 640 MiB, 16384 MiB, 51
2026/08/12 06:36:25.562, Tesla V100-PCIE-16GB, 69 %, 9 %, 640 MiB, 16384 MiB, 51
2026/08/12 06:36:35.643, Tesla V100-PCIE-16GB, 69 %, 9 %, 640 MiB, 16384 MiB, 51
2026/08/12 06:36:45.644, Tesla V100-PCIE-16GB, 69 %, 9 %, 640 MiB, 16384 MiB, 51
2026/08/12 06:36:55.645, Tesla V100-PCIE-16GB, 70 %, 9 %, 640 MiB, 16384 MiB, 51
2026/08/12 06:37:05.680, Tesla V100-PCIE-16GB, 68 %, 9 %, 640 MiB, 16384 MiB, 51
2026/08/12 06:37:15.681, Tesla V100-PCIE-16GB, 69 %, 9 %, 640 MiB, 16384 MiB, 51
2026/08/12 06:37:25.682, Tesla V100-PCIE-16GB, 70 %, 9 %, 640 MiB, 16384 MiB, 51
2026/08/12 06:37:35.684, Tesla V100-PCIE-16GB, 69 %, 9 %, 640 MiB, 16384 MiB, 51
2026/08/12 06:37:45.685, Tesla V100-PCIE-16GB, 68 %, 9 %, 640 MiB, 16384 MiB, 51
2026/08/12 06:37:55.686, Tesla V100-PCIE-16GB, 69 %, 9 %, 640 MiB, 16384 MiB, 51
2026/08/12 06:38:05.687, Tesla V100-PCIE-16GB, 68 %, 9 %, 640 MiB, 16384 MiB, 51
2026/08/12 06:38:15.688, Tesla V100-PCIE-16GB, 70 %, 9 %, 640 MiB, 16384 MiB, 51
2026/08/12 06:38:25.689, Tesla V100-PCIE-16GB, 69 %, 9 %, 640 MiB, 16384 MiB, 51
2026/08/12 06:38:35.764, Tesla V100-PCIE-16GB, 68 %, 9 %, 640 MiB, 16384 MiB, 51
2026/08/12 06:38:45.766, Tesla V100-PCIE-16GB, 67 %, 8 %, 640 MiB, 16384 MiB, 51
2026/08/12 06:38:55.767, Tesla V100-PCIE-16GB, 69 %, 9 %, 640 MiB, 16384 MiB, 51
2026/08/12 06:39:05.767, Tesla V100-PCIE-16GB, 66 %, 8 %, 640 MiB, 16384 MiB, 51
2026/08/12 06:39:15.769, Tesla V100-PCIE-16GB, 69 %, 9 %, 640 MiB, 16384 MiB, 51
2026/08/12 06:39:25.772, Tesla V100-PCIE-16GB, 49 %, 15 %, 640 MiB, 16384 MiB, 51
2026/08/12 06:39:35.774, Tesla V100-PCIE-16GB, 69 %, 9 %, 640 MiB, 16384 MiB, 51
2026/08/12 06:39:45.775, Tesla V100-PCIE-16GB, 69 %, 9 %, 640 MiB, 16384 MiB, 51
2026/08/12 06:39:55.776, Tesla V100-PCIE-16GB, 69 %, 9 %, 640 MiB, 16384 MiB, 51
2026/08/12 06:40:05.777, Tesla V100-PCIE-16GB, 68 %, 9 %, 640 MiB, 16384 MiB, 51
2026/08/12 06:40:15.778, Tesla V100-PCIE-16GB, 69 %, 9 %, 640 MiB, 16384 MiB, 51
2026/08/12 06:40:25.779, Tesla V100-PCIE-16GB, 69 %, 9 %, 640 MiB, 16384 MiB, 51
2026/08/12 06:40:35.854, Tesla V100-PCIE-16GB, 69 %, 9 %, 640 MiB, 16384 MiB, 51
2026/08/12 06:40:45.855, Tesla V100-PCIE-16GB, 67 %, 8 %, 640 MiB, 16384 MiB, 51
2026/08/12 06:40:55.856, Tesla V100-PCIE-16GB, 50 %, 15 %, 640 MiB, 16384 MiB, 51
2026/08/12 06:41:05.857, Tesla V100-PCIE-16GB, 68 %, 9 %, 640 MiB, 16384 MiB, 51
2026/08/12 06:41:15.858, Tesla V100-PCIE-16GB, 68 %, 9 %, 640 MiB, 16384 MiB, 51
2026/08/12 06:41:25.860, Tesla V100-PCIE-16GB, 69 %, 9 %, 640 MiB, 16384 MiB, 51
2026/08/12 06:41:35.861, Tesla V100-PCIE-16GB, 68 %, 8 %, 640 MiB, 16384 MiB, 51
2026/08/12 06:41:45.862, Tesla V100-PCIE-16GB, 28 %, 14 %, 640 MiB, 16384 MiB, 51
2026/08/12 06:41:55.863, Tesla V100-PCIE-16GB, 53 %, 21 %, 1260 MiB, 16384 MiB, 51
2026/08/12 06:42:05.865, Tesla V100-PCIE-16GB, 58 %, 23 %, 1262 MiB, 16384 MiB, 52
2026/08/12 06:42:15.866, Tesla V100-PCIE-16GB, 56 %, 22 %, 1262 MiB, 16384 MiB, 52
2026/08/12 06:42:25.867, Tesla V100-PCIE-16GB, 48 %, 17 %, 1262 MiB, 16384 MiB, 52
2026/08/12 06:42:35.929, Tesla V100-PCIE-16GB, 45 %, 17 %, 1262 MiB, 16384 MiB, 51
2026/08/12 06:42:45.930, Tesla V100-PCIE-16GB, 8 %, 3 %, 1262 MiB, 16384 MiB, 51
2026/08/12 06:42:55.931, Tesla V100-PCIE-16GB, 69 %, 9 %, 638 MiB, 16384 MiB, 49
2026/08/12 06:43:06.008, Tesla V100-PCIE-16GB, 68 %, 9 %, 638 MiB, 16384 MiB, 51
2026/08/12 06:43:16.009, Tesla V100-PCIE-16GB, 68 %, 9 %, 638 MiB, 16384 MiB, 51
2026/08/12 06:43:26.010, Tesla V100-PCIE-16GB, 65 %, 8 %, 638 MiB, 16384 MiB, 51
2026/08/12 06:43:36.011, Tesla V100-PCIE-16GB, 69 %, 9 %, 638 MiB, 16384 MiB, 51
2026/08/12 06:43:46.012, Tesla V100-PCIE-16GB, 68 %, 8 %, 640 MiB, 16384 MiB, 51
2026/08/12 06:43:56.013, Tesla V100-PCIE-16GB, 68 %, 9 %, 640 MiB, 16384 MiB, 51
2026/08/12 06:44:06.015, Tesla V100-PCIE-16GB, 68 %, 9 %, 640 MiB, 16384 MiB, 51
2026/08/12 06:44:16.016, Tesla V100-PCIE-16GB, 69 %, 9 %, 640 MiB, 16384 MiB, 51
2026/08/12 06:44:26.017, Tesla V100-PCIE-16GB, 47 %, 12 %, 640 MiB, 16384 MiB, 51
2026/08/12 06:44:36.018, Tesla V100-PCIE-16GB, 68 %, 8 %, 640 MiB, 16384 MiB, 51
2026/08/12 06:44:46.019, Tesla V100-PCIE-16GB, 68 %, 8 %, 640 MiB, 16384 MiB, 51
2026/08/12 06:44:56.021, Tesla V100-PCIE-16GB, 68 %, 9 %, 640 MiB, 16384 MiB, 51
2026/08/12 06:45:06.022, Tesla V100-PCIE-16GB, 68 %, 9 %, 640 MiB, 16384 MiB, 51
2026/08/12 06:45:16.023, Tesla V100-PCIE-16GB, 68 %, 9 %, 640 MiB, 16384 MiB, 51
2026/08/12 06:45:26.024, Tesla V100-PCIE-16GB, 68 %, 9 %, 640 MiB, 16384 MiB, 51
2026/08/12 06:45:36.025, Tesla V100-PCIE-16GB, 68 %, 9 %, 640 MiB, 16384 MiB, 51
2026/08/12 06:45:46.026, Tesla V100-PCIE-16GB, 68 %, 9 %, 640 MiB, 16384 MiB, 51
2026/08/12 06:45:56.027, Tesla V100-PCIE-16GB, 68 %, 9 %, 640 MiB, 16384 MiB, 51
2026/08/12 06:46:06.029, Tesla V100-PCIE-16GB, 69 %, 9 %, 640 MiB, 16384 MiB, 51
2026/08/12 06:46:16.030, Tesla V100-PCIE-16GB, 69 %, 9 %, 640 MiB, 16384 MiB, 51
2026/08/12 06:46:26.031, Tesla V100-PCIE-16GB, 69 %, 9 %, 640 MiB, 16384 MiB, 51
2026/08/12 06:46:36.032, Tesla V100-PCIE-16GB, 68 %, 9 %, 640 MiB, 16384 MiB, 51
2026/08/12 06:46:46.034, Tesla V100-PCIE-16GB, 68 %, 9 %, 640 MiB, 16384 MiB, 51
2026/08/12 06:46:56.035, Tesla V100-PCIE-16GB, 69 %, 9 %, 640 MiB, 16384 MiB, 51
2026/08/12 06:47:06.036, Tesla V100-PCIE-16GB, 67 %, 8 %, 640 MiB, 16384 MiB, 51
2026/08/12 06:47:16.037, Tesla V100-PCIE-16GB, 68 %, 9 %, 640 MiB, 16384 MiB, 51
2026/08/12 06:47:26.038, Tesla V100-PCIE-16GB, 68 %, 9 %, 640 MiB, 16384 MiB, 51
2026/08/12 06:47:36.039, Tesla V100-PCIE-16GB, 68 %, 9 %, 640 MiB, 16384 MiB, 51
2026/08/12 06:47:46.041, Tesla V100-PCIE-16GB, 67 %, 9 %, 640 MiB, 16384 MiB, 51
2026/08/12 06:47:56.042, Tesla V100-PCIE-16GB, 68 %, 9 %, 640 MiB, 16384 MiB, 51
2026/08/12 06:48:06.043, Tesla V100-PCIE-16GB, 66 %, 8 %, 640 MiB, 16384 MiB, 51
2026/08/12 06:48:16.044, Tesla V100-PCIE-16GB, 69 %, 9 %, 640 MiB, 16384 MiB, 51
2026/08/12 06:48:26.046, Tesla V100-PCIE-16GB, 70 %, 9 %, 640 MiB, 16384 MiB, 51
2026/08/12 06:48:36.081, Tesla V100-PCIE-16GB, 67 %, 9 %, 640 MiB, 16384 MiB, 51
2026/08/12 06:48:46.082, Tesla V100-PCIE-16GB, 68 %, 9 %, 640 MiB, 16384 MiB, 51
2026/08/12 06:48:56.083, Tesla V100-PCIE-16GB, 67 %, 9 %, 640 MiB, 16384 MiB, 51
2026/08/12 06:49:06.084, Tesla V100-PCIE-16GB, 68 %, 9 %, 640 MiB, 16384 MiB, 51
2026/08/12 06:49:16.086, Tesla V100-PCIE-16GB, 69 %, 9 %, 640 MiB, 16384 MiB, 51
2026/08/12 06:49:26.087, Tesla V100-PCIE-16GB, 68 %, 9 %, 640 MiB, 16384 MiB, 51
2026/08/12 06:49:36.088, Tesla V100-PCIE-16GB, 68 %, 9 %, 640 MiB, 16384 MiB, 51
2026/08/12 06:49:46.089, Tesla V100-PCIE-16GB, 69 %, 9 %, 640 MiB, 16384 MiB, 51
2026/08/12 06:49:56.091, Tesla V100-PCIE-16GB, 69 %, 9 %, 640 MiB, 16384 MiB, 51
2026/08/12 06:50:06.093, Tesla V100-PCIE-16GB, 69 %, 9 %, 640 MiB, 16384 MiB, 51
2026/08/12 06:50:16.094, Tesla V100-PCIE-16GB, 68 %, 9 %, 640 MiB, 16384 MiB, 51
2026/08/12 06:50:26.095, Tesla V100-PCIE-16GB, 69 %, 9 %, 640 MiB, 16384 MiB, 51
2026/08/12 06:50:36.097, Tesla V100-PCIE-16GB, 68 %, 8 %, 640 MiB, 16384 MiB, 51
2026/08/12 06:50:46.098, Tesla V100-PCIE-16GB, 68 %, 9 %, 640 MiB, 16384 MiB, 51
2026/08/12 06:50:56.099, Tesla V100-PCIE-16GB, 68 %, 8 %, 640 MiB, 16384 MiB, 51
2026/08/12 06:51:06.100, Tesla V100-PCIE-16GB, 68 %, 9 %, 640 MiB, 16384 MiB, 51
2026/08/12 06:51:16.101, Tesla V100-PCIE-16GB, 50 %, 15 %, 640 MiB, 16384 MiB, 51
2026/08/12 06:51:26.102, Tesla V100-PCIE-16GB, 68 %, 9 %, 640 MiB, 16384 MiB, 51
2026/08/12 06:51:36.104, Tesla V100-PCIE-16GB, 68 %, 9 %, 640 MiB, 16384 MiB, 51
2026/08/12 06:51:46.105, Tesla V100-PCIE-16GB, 67 %, 9 %, 640 MiB, 16384 MiB, 51
2026/08/12 06:51:56.107, Tesla V100-PCIE-16GB, 68 %, 8 %, 640 MiB, 16384 MiB, 51
2026/08/12 06:52:06.108, Tesla V100-PCIE-16GB, 69 %, 9 %, 640 MiB, 16384 MiB, 51
2026/08/12 06:52:16.109, Tesla V100-PCIE-16GB, 68 %, 9 %, 640 MiB, 16384 MiB, 51
2026/08/12 06:52:26.110, Tesla V100-PCIE-16GB, 68 %, 9 %, 640 MiB, 16384 MiB, 51
2026/08/12 06:52:36.111, Tesla V100-PCIE-16GB, 65 %, 8 %, 640 MiB, 16384 MiB, 51
2026/08/12 06:52:46.112, Tesla V100-PCIE-16GB, 68 %, 8 %, 640 MiB, 16384 MiB, 51
2026/08/12 06:52:56.113, Tesla V100-PCIE-16GB, 69 %, 9 %, 640 MiB, 16384 MiB, 51
2026/08/12 06:53:06.115, Tesla V100-PCIE-16GB, 68 %, 8 %, 640 MiB, 16384 MiB, 51
2026/08/12 06:53:16.116, Tesla V100-PCIE-16GB, 68 %, 9 %, 640 MiB, 16384 MiB, 51
2026/08/12 06:53:26.118, Tesla V100-PCIE-16GB, 69 %, 9 %, 640 MiB, 16384 MiB, 51
2026/08/12 06:53:36.119, Tesla V100-PCIE-16GB, 68 %, 9 %, 640 MiB, 16384 MiB, 51
2026/08/12 06:53:46.120, Tesla V100-PCIE-16GB, 68 %, 9 %, 640 MiB, 16384 MiB, 51
2026/08/12 06:53:56.121, Tesla V100-PCIE-16GB, 68 %, 9 %, 640 MiB, 16384 MiB, 51
2026/08/12 06:54:06.123, Tesla V100-PCIE-16GB, 67 %, 8 %, 640 MiB, 16384 MiB, 51
2026/08/12 06:54:16.124, Tesla V100-PCIE-16GB, 68 %, 9 %, 640 MiB, 16384 MiB, 51
2026/08/12 06:54:26.125, Tesla V100-PCIE-16GB, 69 %, 9 %, 640 MiB, 16384 MiB, 51
2026/08/12 06:54:36.126, Tesla V100-PCIE-16GB, 67 %, 8 %, 640 MiB, 16384 MiB, 51
2026/08/12 06:54:46.128, Tesla V100-PCIE-16GB, 68 %, 8 %, 640 MiB, 16384 MiB, 51
2026/08/12 06:54:56.129, Tesla V100-PCIE-16GB, 68 %, 8 %, 640 MiB, 16384 MiB, 51
2026/08/12 06:55:06.130, Tesla V100-PCIE-16GB, 33 %, 19 %, 640 MiB, 16384 MiB, 51
2026/08/12 06:55:16.131, Tesla V100-PCIE-16GB, 49 %, 18 %, 1238 MiB, 16384 MiB, 51
2026/08/12 06:55:26.132, Tesla V100-PCIE-16GB, 48 %, 18 %, 1262 MiB, 16384 MiB, 52
2026/08/12 06:55:36.133, Tesla V100-PCIE-16GB, 55 %, 21 %, 1262 MiB, 16384 MiB, 52
2026/08/12 06:55:46.134, Tesla V100-PCIE-16GB, 34 %, 14 %, 1262 MiB, 16384 MiB, 52
2026/08/12 06:55:56.136, Tesla V100-PCIE-16GB, 56 %, 22 %, 1262 MiB, 16384 MiB, 52
2026/08/12 06:56:06.137, Tesla V100-PCIE-16GB, 47 %, 17 %, 1262 MiB, 16384 MiB, 52
2026/08/12 06:56:16.138, Tesla V100-PCIE-16GB, 0 %, 0 %, 0 MiB, 16384 MiB, 47
2026/08/12 06:56:26.139, Tesla V100-PCIE-16GB, 0 %, 0 %, 0 MiB, 16384 MiB, 46
2026/08/12 06:56:36.141, Tesla V100-PCIE-16GB, 0 %, 0 %, 0 MiB, 16384 MiB, 45
2026/08/12 06:56:46.142, Tesla V100-PCIE-16GB, 0 %, 0 %, 0 MiB, 16384 MiB, 45
2026/08/12 06:56:56.143, Tesla V100-PCIE-16GB, 0 %, 0 %, 0 MiB, 16384 MiB, 44
2026/08/12 06:57:06.144, Tesla V100-PCIE-16GB, 0 %, 0 %, 0 MiB, 16384 MiB, 44
2026/08/12 06:57:16.145, Tesla V100-PCIE-16GB, 0 %, 0 %, 0 MiB, 16384 MiB, 43
2026/08/12 06:57:26.147, Tesla V100-PCIE-16GB, 0 %, 0 %, 0 MiB, 16384 MiB, 42
2026/08/12 06:57:36.148, Tesla V100-PCIE-16GB, 0 %, 0 %, 0 MiB, 16384 MiB, 42
2026/08/12 06:57:46.149, Tesla V100-PCIE-16GB, 0 %, 0 %, 0 MiB, 16384 MiB, 41
2026/08/12 06:57:56.151, Tesla V100-PCIE-16GB, 0 %, 0 %, 0 MiB, 16384 MiB, 41
2026/08/12 06:58:06.152, Tesla V100-PCIE-16GB, 0 %, 0 %, 0 MiB, 16384 MiB, 41
4 MiB, 51
2026/08/12 06:53:34.941, Tesla V100-PCIE-16GB, 69 %, 9 %, 640 MiB, 16384 MiB, 51
2026/08/12 06:53:44.945, Tesla V100-PCIE-16GB, 69 %, 9 %, 640 MiB, 16384 MiB, 51
2026/08/12 06:53:54.946, Tesla V100-PCIE-16GB, 68 %, 9 %, 640 MiB, 16384 MiB, 51
2026/08/12 06:54:04.947, Tesla V100-PCIE-16GB, 69 %, 9 %, 640 MiB, 16384 MiB, 51
2026/08/12 06:54:14.949, Tesla V100-PCIE-16GB, 69 %, 9 %, 640 MiB, 16384 MiB, 51
2026/08/12 06:54:24.950, Tesla V100-PCIE-16GB, 68 %, 9 %, 640 MiB, 16384 MiB, 51
2026/08/12 06:54:34.951, Tesla V100-PCIE-16GB, 67 %, 9 %, 640 MiB, 16384 MiB, 51
2026/08/12 06:54:44.953, Tesla V100-PCIE-16GB, 68 %, 9 %, 640 MiB, 16384 MiB, 51
2026/08/12 06:54:54.954, Tesla V100-PCIE-16GB, 68 %, 9 %, 640 MiB, 16384 MiB, 51
2026/08/12 06:55:04.955, Tesla V100-PCIE-16GB, 28 %, 16 %, 640 MiB, 16384 MiB, 51
2026/08/12 06:55:14.956, Tesla V100-PCIE-16GB, 52 %, 21 %, 1208 MiB, 16384 MiB, 51
2026/08/12 06:55:24.957, Tesla V100-PCIE-16GB, 51 %, 19 %, 1262 MiB, 16384 MiB, 52
2026/08/12 06:55:34.959, Tesla V100-PCIE-16GB, 51 %, 18 %, 1262 MiB, 16384 MiB, 52
2026/08/12 06:55:44.960, Tesla V100-PCIE-16GB, 52 %, 20 %, 1262 MiB, 16384 MiB, 52
2026/08/12 06:55:54.961, Tesla V100-PCIE-16GB, 41 %, 16 %, 1262 MiB, 16384 MiB, 52
2026/08/12 06:56:04.962, Tesla V100-PCIE-16GB, 52 %, 19 %, 1262 MiB, 16384 MiB, 52
2026/08/12 06:56:14.964, Tesla V100-PCIE-16GB, 0 %, 0 %, 0 MiB, 16384 MiB, 47
2026/08/12 06:56:24.965, Tesla V100-PCIE-16GB, 0 %, 0 %, 0 MiB, 16384 MiB, 46
2026/08/12 06:56:34.966, Tesla V100-PCIE-16GB, 0 %, 0 %, 0 MiB, 16384 MiB, 45
2026/08/12 06:56:44.967, Tesla V100-PCIE-16GB, 0 %, 0 %, 0 MiB, 16384 MiB, 45
2026/08/12 06:56:54.969, Tesla V100-PCIE-16GB, 0 %, 0 %, 0 MiB, 16384 MiB, 44
2026/08/12 06:57:04.970, Tesla V100-PCIE-16GB, 0 %, 0 %, 0 MiB, 16384 MiB, 44
2026/08/12 06:57:14.971, Tesla V100-PCIE-16GB, 0 %, 0 %, 0 MiB, 16384 MiB, 43
2026/08/12 06:57:24.973, Tesla V100-PCIE-16GB, 0 %, 0 %, 4 MiB, 16384 MiB, 42
2026/08/12 06:57:34.974, Tesla V100-PCIE-16GB, 0 %, 0 %, 0 MiB, 16384 MiB, 42
2026/08/12 06:57:44.975, Tesla V100-PCIE-16GB, 0 %, 0 %, 0 MiB, 16384 MiB, 41
2026/08/12 06:57:54.977, Tesla V100-PCIE-16GB, 0 %, 0 %, 0 MiB, 16384 MiB, 41
2026/08/12 06:58:04.978, Tesla V100-PCIE-16GB, 0 %, 0 %, 0 MiB, 16384 MiB, 41
2026/08/12 06:58:14.979, Tesla V100-PCIE-16GB, 0 %, 0 %, 0 MiB, 16384 MiB, 40
2026/08/12 06:58:24.981, Tesla V100-PCIE-16GB, 0 %, 0 %, 0 MiB, 16384 MiB, 40
2026/08/12 06:58:34.982, Tesla V100-PCIE-16GB, 0 %, 0 %, 0 MiB, 16384 MiB, 40
2026/08/12 06:58:44.983, Tesla V100-PCIE-16GB, 0 %, 0 %, 0 MiB, 16384 MiB, 40
2026/08/12 06:58:54.984, Tesla V100-PCIE-16GB, 0 %, 0 %, 0 MiB, 16384 MiB, 39
2026/08/12 06:59:04.986, Tesla V100-PCIE-16GB, 0 %, 0 %, 0 MiB, 16384 MiB, 39
2026/08/12 06:59:14.987, Tesla V100-PCIE-16GB, 0 %, 0 %, 0 MiB, 16384 MiB, 39
2026/08/12 06:59:24.988, Tesla V100-PCIE-16GB, 0 %, 0 %, 0 MiB, 16384 MiB, 39
2026/08/12 06:59:34.989, Tesla V100-PCIE-16GB, 0 %, 0 %, 0 MiB, 16384 MiB, 39
2026/08/12 06:59:44.991, Tesla V100-PCIE-16GB, 0 %, 0 %, 0 MiB, 16384 MiB, 39
2026/08/12 06:59:54.992, Tesla V100-PCIE-16GB, 0 %, 0 %, 0 MiB, 16384 MiB, 39
2026/08/12 07:00:04.993, Tesla V100-PCIE-16GB, 0 %, 0 %, 0 MiB, 16384 MiB, 39
2026/08/12 07:00:14.995, Tesla V100-PCIE-16GB, 0 %, 0 %, 0 MiB, 16384 MiB, 38
2026/08/12 07:00:24.996, Tesla V100-PCIE-16GB, 0 %, 0 %, 0 MiB, 16384 MiB, 38
2026/08/12 07:00:34.997, Tesla V100-PCIE-16GB, 0 %, 0 %, 0 MiB, 16384 MiB, 38
2026/08/12 07:00:44.998, Tesla V100-PCIE-16GB, 0 %, 0 %, 0 MiB, 16384 MiB, 38
2026/08/12 07:00:54.999, Tesla V100-PCIE-16GB, 0 %, 0 %, 0 MiB, 16384 MiB, 38
2026/08/12 07:01:05.001, Tesla V100-PCIE-16GB, 0 %, 0 %, 0 MiB, 16384 MiB, 38
2026/08/12 07:01:15.002, Tesla V100-PCIE-16GB, 0 %, 0 %, 0 MiB, 16384 MiB, 38
2026/08/12 07:01:25.003, Tesla V100-PCIE-16GB, 0 %, 0 %, 0 MiB, 16384 MiB, 38
2026/08/12 07:01:35.004, Tesla V100-PCIE-16GB, 0 %, 0 %, 0 MiB, 16384 MiB, 38
2026/08/12 07:01:45.006, Tesla V100-PCIE-16GB, 0 %, 0 %, 0 MiB, 16384 MiB, 38
2026/08/12 07:01:55.007, Tesla V100-PCIE-16GB, 0 %, 0 %, 0 MiB, 16384 MiB, 38
2026/08/12 07:02:05.008, Tesla V100-PCIE-16GB, 0 %, 0 %, 0 MiB, 16384 MiB, 38
2026/08/12 07:02:15.009, Tesla V100-PCIE-16GB, 0 %, 0 %, 0 MiB, 16384 MiB, 38
2026/08/12 07:02:25.011, Tesla V100-PCIE-16GB, 0 %, 0 %, 0 MiB, 16384 MiB, 38
