timestamp, name, utilization.gpu [%], utilization.memory [%], memory.used [MiB], memory.total [MiB], temperature.gpu
2026/08/13 08:30:21.728, Tesla V100-PCIE-16GB, 0 %, 0 %, 0 MiB, 16384 MiB, 40
2026/08/13 08:30:31.729, Tesla V100-PCIE-16GB, 58 %, 4 %, 548 MiB, 16384 MiB, 42
2026/08/13 08:30:41.731, Tesla V100-PCIE-16GB, 57 %, 4 %, 548 MiB, 16384 MiB, 43
2026/08/13 08:30:51.732, Tesla V100-PCIE-16GB, 58 %, 4 %, 548 MiB, 16384 MiB, 44
2026/08/13 08:31:01.733, Tesla V100-PCIE-16GB, 58 %, 4 %, 548 MiB, 16384 MiB, 44
2026/08/13 08:31:11.758, Tesla V100-PCIE-16GB, 57 %, 4 %, 548 MiB, 16384 MiB, 45
2026/08/13 08:31:21.759, Tesla V100-PCIE-16GB, 58 %, 4 %, 548 MiB, 16384 MiB, 45
2026/08/13 08:31:31.760, Tesla V100-PCIE-16GB, 56 %, 4 %, 548 MiB, 16384 MiB, 46
2026/08/13 08:31:41.762, Tesla V100-PCIE-16GB, 58 %, 4 %, 548 MiB, 16384 MiB, 46
2026/08/13 08:31:51.763, Tesla V100-PCIE-16GB, 58 %, 4 %, 548 MiB, 16384 MiB, 46
2026/08/13 08:32:01.764, Tesla V100-PCIE-16GB, 58 %, 4 %, 548 MiB, 16384 MiB, 46
2026/08/13 08:32:11.765, Tesla V100-PCIE-16GB, 58 %, 4 %, 548 MiB, 16384 MiB, 46
2026/08/13 08:32:21.766, Tesla V100-PCIE-16GB, 25 %, 5 %, 548 MiB, 16384 MiB, 47
2026/08/13 08:32:31.767, Tesla V100-PCIE-16GB, 58 %, 4 %, 548 MiB, 16384 MiB, 47
2026/08/13 08:32:41.768, Tesla V100-PCIE-16GB, 57 %, 4 %, 548 MiB, 16384 MiB, 47
2026/08/13 08:32:51.769, Tesla V100-PCIE-16GB, 57 %, 4 %, 548 MiB, 16384 MiB, 47
2026/08/13 08:33:01.771, Tesla V100-PCIE-16GB, 58 %, 4 %, 548 MiB, 16384 MiB, 47
2026/08/13 08:33:11.774, Tesla V100-PCIE-16GB, 58 %, 4 %, 548 MiB, 16384 MiB, 47
2026/08/13 08:33:21.775, Tesla V100-PCIE-16GB, 58 %, 4 %, 548 MiB, 16384 MiB, 47
2026/08/13 08:33:31.776, Tesla V100-PCIE-16GB, 59 %, 4 %, 548 MiB, 16384 MiB, 47
2026/08/13 08:33:41.777, Tesla V100-PCIE-16GB, 58 %, 4 %, 548 MiB, 16384 MiB, 47
2026/08/13 08:33:51.778, Tesla V100-PCIE-16GB, 58 %, 4 %, 548 MiB, 16384 MiB, 48
2026/08/13 08:34:01.779, Tesla V100-PCIE-16GB, 57 %, 4 %, 548 MiB, 16384 MiB, 48
2026/08/13 08:34:11.781, Tesla V100-PCIE-16GB, 52 %, 4 %, 548 MiB, 16384 MiB, 48
2026/08/13 08:34:21.782, Tesla V100-PCIE-16GB, 58 %, 4 %, 548 MiB, 16384 MiB, 48
2026/08/13 08:34:31.783, Tesla V100-PCIE-16GB, 57 %, 4 %, 548 MiB, 16384 MiB, 48
2026/08/13 08:34:41.784, Tesla V100-PCIE-16GB, 58 %, 4 %, 548 MiB, 16384 MiB, 48
2026/08/13 08:34:51.785, Tesla V100-PCIE-16GB, 58 %, 4 %, 548 MiB, 16384 MiB, 48
2026/08/13 08:35:01.786, Tesla V100-PCIE-16GB, 58 %, 4 %, 548 MiB, 16384 MiB, 48
2026/08/13 08:35:11.787, Tesla V100-PCIE-16GB, 58 %, 4 %, 548 MiB, 16384 MiB, 48
2026/08/13 08:35:21.788, Tesla V100-PCIE-16GB, 58 %, 4 %, 548 MiB, 16384 MiB, 48
2026/08/13 08:35:31.790, Tesla V100-PCIE-16GB, 58 %, 4 %, 548 MiB, 16384 MiB, 48
2026/08/13 08:35:41.791, Tesla V100-PCIE-16GB, 58 %, 4 %, 548 MiB, 16384 MiB, 48
2026/08/13 08:35:51.792, Tesla V100-PCIE-16GB, 57 %, 4 %, 548 MiB, 16384 MiB, 48
2026/08/13 08:36:01.793, Tesla V100-PCIE-16GB, 55 %, 4 %, 548 MiB, 16384 MiB, 48
2026/08/13 08:36:11.795, Tesla V100-PCIE-16GB, 58 %, 4 %, 548 MiB, 16384 MiB, 48
2026/08/13 08:36:21.796, Tesla V100-PCIE-16GB, 58 %, 4 %, 548 MiB, 16384 MiB, 48
2026/08/13 08:36:31.797, Tesla V100-PCIE-16GB, 22 %, 3 %, 548 MiB, 16384 MiB, 48
2026/08/13 08:36:41.856, Tesla V100-PCIE-16GB, 58 %, 4 %, 548 MiB, 16384 MiB, 48
2026/08/13 08:36:51.857, Tesla V100-PCIE-16GB, 57 %, 4 %, 548 MiB, 16384 MiB, 48
2026/08/13 08:37:01.858, Tesla V100-PCIE-16GB, 58 %, 4 %, 548 MiB, 16384 MiB, 48
2026/08/13 08:37:11.860, Tesla V100-PCIE-16GB, 58 %, 4 %, 548 MiB, 16384 MiB, 48
2026/08/13 08:37:21.861, Tesla V100-PCIE-16GB, 59 %, 4 %, 548 MiB, 16384 MiB, 48
2026/08/13 08:37:31.862, Tesla V100-PCIE-16GB, 58 %, 4 %, 548 MiB, 16384 MiB, 48
2026/08/13 08:37:41.863, Tesla V100-PCIE-16GB, 59 %, 4 %, 548 MiB, 16384 MiB, 48
2026/08/13 08:37:51.864, Tesla V100-PCIE-16GB, 58 %, 4 %, 548 MiB, 16384 MiB, 48
2026/08/13 08:38:01.865, Tesla V100-PCIE-16GB, 58 %, 4 %, 548 MiB, 16384 MiB, 48
2026/08/13 08:38:11.866, Tesla V100-PCIE-16GB, 55 %, 4 %, 548 MiB, 16384 MiB, 48
2026/08/13 08:38:21.868, Tesla V100-PCIE-16GB, 57 %, 4 %, 548 MiB, 16384 MiB, 48
2026/08/13 08:38:31.869, Tesla V100-PCIE-16GB, 58 %, 4 %, 548 MiB, 16384 MiB, 48
2026/08/13 08:38:41.870, Tesla V100-PCIE-16GB, 58 %, 4 %, 548 MiB, 16384 MiB, 48
2026/08/13 08:38:51.871, Tesla V100-PCIE-16GB, 58 %, 4 %, 548 MiB, 16384 MiB, 48
2026/08/13 08:39:01.872, Tesla V100-PCIE-16GB, 58 %, 4 %, 548 MiB, 16384 MiB, 48
2026/08/13 08:39:11.873, Tesla V100-PCIE-16GB, 58 %, 4 %, 548 MiB, 16384 MiB, 48
2026/08/13 08:39:21.875, Tesla V100-PCIE-16GB, 58 %, 4 %, 548 MiB, 16384 MiB, 48
2026/08/13 08:39:31.876, Tesla V100-PCIE-16GB, 58 %, 4 %, 548 MiB, 16384 MiB, 48
2026/08/13 08:39:41.878, Tesla V100-PCIE-16GB, 58 %, 4 %, 548 MiB, 16384 MiB, 48
2026/08/13 08:39:51.879, Tesla V100-PCIE-16GB, 58 %, 4 %, 548 MiB, 16384 MiB, 48
2026/08/13 08:40:01.880, Tesla V100-PCIE-16GB, 57 %, 4 %, 548 MiB, 16384 MiB, 48
2026/08/13 08:40:11.881, Tesla V100-PCIE-16GB, 58 %, 4 %, 548 MiB, 16384 MiB, 48
2026/08/13 08:40:21.883, Tesla V100-PCIE-16GB, 58 %, 4 %, 548 MiB, 16384 MiB, 48
2026/08/13 08:40:31.884, Tesla V100-PCIE-16GB, 58 %, 4 %, 548 MiB, 16384 MiB, 48
2026/08/13 08:40:41.885, Tesla V100-PCIE-16GB, 57 %, 4 %, 548 MiB, 16384 MiB, 48
2026/08/13 08:40:51.887, Tesla V100-PCIE-16GB, 57 %, 4 %, 548 MiB, 16384 MiB, 48
2026/08/13 08:41:01.888, Tesla V100-PCIE-16GB, 58 %, 4 %, 548 MiB, 16384 MiB, 48
2026/08/13 08:41:11.889, Tesla V100-PCIE-16GB, 57 %, 4 %, 548 MiB, 16384 MiB, 48
2026/08/13 08:41:21.890, Tesla V100-PCIE-16GB, 58 %, 4 %, 548 MiB, 16384 MiB, 48
2026/08/13 08:41:31.891, Tesla V100-PCIE-16GB, 58 %, 4 %, 548 MiB, 16384 MiB, 48
2026/08/13 08:41:41.892, Tesla V100-PCIE-16GB, 58 %, 4 %, 548 MiB, 16384 MiB, 48
2026/08/13 08:41:51.893, Tesla V100-PCIE-16GB, 58 %, 4 %, 548 MiB, 16384 MiB, 48
2026/08/13 08:42:01.979, Tesla V100-PCIE-16GB, 57 %, 4 %, 548 MiB, 16384 MiB, 48
2026/08/13 08:42:11.980, Tesla V100-PCIE-16GB, 57 %, 4 %, 548 MiB, 16384 MiB, 48
2026/08/13 08:42:21.983, Tesla V100-PCIE-16GB, 57 %, 4 %, 548 MiB, 16384 MiB, 48
2026/08/13 08:42:31.985, Tesla V100-PCIE-16GB, 58 %, 4 %, 548 MiB, 16384 MiB, 48
2026/08/13 08:42:41.986, Tesla V100-PCIE-16GB, 59 %, 4 %, 548 MiB, 16384 MiB, 48
2026/08/13 08:42:51.987, Tesla V100-PCIE-16GB, 58 %, 4 %, 548 MiB, 16384 MiB, 48
2026/08/13 08:43:01.988, Tesla V100-PCIE-16GB, 59 %, 4 %, 548 MiB, 16384 MiB, 48
2026/08/13 08:43:11.989, Tesla V100-PCIE-16GB, 56 %, 4 %, 548 MiB, 16384 MiB, 48
2026/08/13 08:43:21.990, Tesla V100-PCIE-16GB, 59 %, 4 %, 548 MiB, 16384 MiB, 48
2026/08/13 08:43:31.992, Tesla V100-PCIE-16GB, 57 %, 4 %, 548 MiB, 16384 MiB, 48
2026/08/13 08:43:41.993, Tesla V100-PCIE-16GB, 57 %, 4 %, 548 MiB, 16384 MiB, 48
2026/08/13 08:43:51.994, Tesla V100-PCIE-16GB, 58 %, 4 %, 548 MiB, 16384 MiB, 48
2026/08/13 08:44:01.995, Tesla V100-PCIE-16GB, 57 %, 4 %, 548 MiB, 16384 MiB, 48
2026/08/13 08:44:11.996, Tesla V100-PCIE-16GB, 58 %, 4 %, 548 MiB, 16384 MiB, 48
2026/08/13 08:44:22.092, Tesla V100-PCIE-16GB, 56 %, 4 %, 548 MiB, 16384 MiB, 48
2026/08/13 08:44:32.093, Tesla V100-PCIE-16GB, 58 %, 4 %, 548 MiB, 16384 MiB, 48
2026/08/13 08:44:42.094, Tesla V100-PCIE-16GB, 58 %, 4 %, 548 MiB, 16384 MiB, 48
2026/08/13 08:44:52.095, Tesla V100-PCIE-16GB, 57 %, 4 %, 548 MiB, 16384 MiB, 48
2026/08/13 08:45:02.096, Tesla V100-PCIE-16GB, 58 %, 4 %, 548 MiB, 16384 MiB, 48
2026/08/13 08:45:12.097, Tesla V100-PCIE-16GB, 58 %, 4 %, 548 MiB, 16384 MiB, 48
2026/08/13 08:45:22.099, Tesla V100-PCIE-16GB, 58 %, 4 %, 548 MiB, 16384 MiB, 48
2026/08/13 08:45:32.100, Tesla V100-PCIE-16GB, 58 %, 4 %, 548 MiB, 16384 MiB, 48
2026/08/13 08:45:42.101, Tesla V100-PCIE-16GB, 58 %, 4 %, 548 MiB, 16384 MiB, 48
2026/08/13 08:45:52.102, Tesla V100-PCIE-16GB, 56 %, 4 %, 548 MiB, 16384 MiB, 48
2026/08/13 08:46:02.103, Tesla V100-PCIE-16GB, 60 %, 4 %, 548 MiB, 16384 MiB, 48
2026/08/13 08:46:12.104, Tesla V100-PCIE-16GB, 57 %, 4 %, 548 MiB, 16384 MiB, 48
2026/08/13 08:46:22.167, Tesla V100-PCIE-16GB, 58 %, 4 %, 548 MiB, 16384 MiB, 48
2026/08/13 08:46:32.168, Tesla V100-PCIE-16GB, 58 %, 4 %, 548 MiB, 16384 MiB, 48
2026/08/13 08:46:42.170, Tesla V100-PCIE-16GB, 57 %, 4 %, 548 MiB, 16384 MiB, 48
2026/08/13 08:46:52.171, Tesla V100-PCIE-16GB, 58 %, 4 %, 548 MiB, 16384 MiB, 48
2026/08/13 08:47:02.172, Tesla V100-PCIE-16GB, 58 %, 4 %, 548 MiB, 16384 MiB, 48
2026/08/13 08:47:12.173, Tesla V100-PCIE-16GB, 57 %, 4 %, 548 MiB, 16384 MiB, 48
2026/08/13 08:47:22.174, Tesla V100-PCIE-16GB, 57 %, 4 %, 548 MiB, 16384 MiB, 48
2026/08/13 08:47:32.175, Tesla V100-PCIE-16GB, 58 %, 4 %, 548 MiB, 16384 MiB, 48
2026/08/13 08:47:42.176, Tesla V100-PCIE-16GB, 58 %, 4 %, 548 MiB, 16384 MiB, 48
2026/08/13 08:47:52.177, Tesla V100-PCIE-16GB, 48 %, 3 %, 548 MiB, 16384 MiB, 47
2026/08/13 08:48:02.179, Tesla V100-PCIE-16GB, 56 %, 4 %, 548 MiB, 16384 MiB, 47
2026/08/13 08:48:12.180, Tesla V100-PCIE-16GB, 58 %, 4 %, 548 MiB, 16384 MiB, 47
2026/08/13 08:48:22.297, Tesla V100-PCIE-16GB, 58 %, 4 %, 548 MiB, 16384 MiB, 46
2026/08/13 08:48:32.298, Tesla V100-PCIE-16GB, 58 %, 4 %, 550 MiB, 16384 MiB, 46
2026/08/13 08:48:42.299, Tesla V100-PCIE-16GB, 58 %, 4 %, 550 MiB, 16384 MiB, 46
2026/08/13 08:48:52.303, Tesla V100-PCIE-16GB, 46 %, 3 %, 550 MiB, 16384 MiB, 45
2026/08/13 08:49:02.304, Tesla V100-PCIE-16GB, 58 %, 4 %, 550 MiB, 16384 MiB, 45
2026/08/13 08:49:12.306, Tesla V100-PCIE-16GB, 59 %, 4 %, 550 MiB, 16384 MiB, 45
2026/08/13 08:49:22.307, Tesla V100-PCIE-16GB, 58 %, 4 %, 550 MiB, 16384 MiB, 45
2026/08/13 08:49:32.309, Tesla V100-PCIE-16GB, 57 %, 4 %, 550 MiB, 16384 MiB, 44
2026/08/13 08:49:42.311, Tesla V100-PCIE-16GB, 57 %, 4 %, 550 MiB, 16384 MiB, 44
2026/08/13 08:49:52.312, Tesla V100-PCIE-16GB, 58 %, 4 %, 550 MiB, 16384 MiB, 44
2026/08/13 08:50:02.313, Tesla V100-PCIE-16GB, 59 %, 4 %, 550 MiB, 16384 MiB, 44
2026/08/13 08:50:12.315, Tesla V100-PCIE-16GB, 54 %, 4 %, 550 MiB, 16384 MiB, 44
2026/08/13 08:50:22.317, Tesla V100-PCIE-16GB, 49 %, 3 %, 550 MiB, 16384 MiB, 44
2026/08/13 08:50:32.318, Tesla V100-PCIE-16GB, 58 %, 4 %, 550 MiB, 16384 MiB, 44
2026/08/13 08:50:42.319, Tesla V100-PCIE-16GB, 58 %, 4 %, 550 MiB, 16384 MiB, 44
2026/08/13 08:50:52.320, Tesla V100-PCIE-16GB, 58 %, 4 %, 550 MiB, 16384 MiB, 44
2026/08/13 08:51:02.322, Tesla V100-PCIE-16GB, 58 %, 4 %, 550 MiB, 16384 MiB, 43
2026/08/13 08:51:12.323, Tesla V100-PCIE-16GB, 58 %, 4 %, 550 MiB, 16384 MiB, 43
2026/08/13 08:51:22.334, Tesla V100-PCIE-16GB, 58 %, 4 %, 550 MiB, 16384 MiB, 44
2026/08/13 08:51:32.335, Tesla V100-PCIE-16GB, 58 %, 4 %, 550 MiB, 16384 MiB, 44
2026/08/13 08:51:42.336, Tesla V100-PCIE-16GB, 58 %, 4 %, 550 MiB, 16384 MiB, 44
2026/08/13 08:51:52.337, Tesla V100-PCIE-16GB, 58 %, 4 %, 550 MiB, 16384 MiB, 45
2026/08/13 08:52:02.338, Tesla V100-PCIE-16GB, 59 %, 4 %, 550 MiB, 16384 MiB, 45
2026/08/13 08:52:12.339, Tesla V100-PCIE-16GB, 56 %, 4 %, 550 MiB, 16384 MiB, 46
2026/08/13 08:52:22.341, Tesla V100-PCIE-16GB, 58 %, 4 %, 550 MiB, 16384 MiB, 46
2026/08/13 08:52:32.342, Tesla V100-PCIE-16GB, 57 %, 4 %, 550 MiB, 16384 MiB, 47
2026/08/13 08:52:42.343, Tesla V100-PCIE-16GB, 58 %, 4 %, 550 MiB, 16384 MiB, 47
2026/08/13 08:52:52.353, Tesla V100-PCIE-16GB, 56 %, 4 %, 550 MiB, 16384 MiB, 47
2026/08/13 08:53:02.354, Tesla V100-PCIE-16GB, 35 %, 4 %, 550 MiB, 16384 MiB, 47
2026/08/13 08:53:12.355, Tesla V100-PCIE-16GB, 51 %, 3 %, 550 MiB, 16384 MiB, 47
2026/08/13 08:53:22.398, Tesla V100-PCIE-16GB, 56 %, 4 %, 550 MiB, 16384 MiB, 47
2026/08/13 08:53:32.399, Tesla V100-PCIE-16GB, 58 %, 4 %, 550 MiB, 16384 MiB, 47
2026/08/13 08:53:42.400, Tesla V100-PCIE-16GB, 58 %, 4 %, 550 MiB, 16384 MiB, 47
2026/08/13 08:53:52.401, Tesla V100-PCIE-16GB, 58 %, 4 %, 550 MiB, 16384 MiB, 48
2026/08/13 08:54:02.402, Tesla V100-PCIE-16GB, 58 %, 4 %, 550 MiB, 16384 MiB, 47
2026/08/13 08:54:12.404, Tesla V100-PCIE-16GB, 59 %, 4 %, 550 MiB, 16384 MiB, 47
2026/08/13 08:54:22.405, Tesla V100-PCIE-16GB, 46 %, 3 %, 550 MiB, 16384 MiB, 47
2026/08/13 08:54:32.408, Tesla V100-PCIE-16GB, 57 %, 4 %, 550 MiB, 16384 MiB, 47
2026/08/13 08:54:42.409, Tesla V100-PCIE-16GB, 58 %, 4 %, 550 MiB, 16384 MiB, 47
2026/08/13 08:54:52.410, Tesla V100-PCIE-16GB, 59 %, 4 %, 550 MiB, 16384 MiB, 46
2026/08/13 08:55:02.464, Tesla V100-PCIE-16GB, 59 %, 4 %, 550 MiB, 16384 MiB, 46
2026/08/13 08:55:12.466, Tesla V100-PCIE-16GB, 58 %, 4 %, 550 MiB, 16384 MiB, 45
2026/08/13 08:55:22.467, Tesla V100-PCIE-16GB, 46 %, 3 %, 550 MiB, 16384 MiB, 45
2026/08/13 08:55:32.468, Tesla V100-PCIE-16GB, 57 %, 4 %, 550 MiB, 16384 MiB, 45
2026/08/13 08:55:42.469, Tesla V100-PCIE-16GB, 55 %, 4 %, 550 MiB, 16384 MiB, 45
2026/08/13 08:55:52.471, Tesla V100-PCIE-16GB, 58 %, 4 %, 550 MiB, 16384 MiB, 44
2026/08/13 08:56:02.473, Tesla V100-PCIE-16GB, 58 %, 4 %, 550 MiB, 16384 MiB, 44
2026/08/13 08:56:12.474, Tesla V100-PCIE-16GB, 58 %, 4 %, 550 MiB, 16384 MiB, 44
2026/08/13 08:56:22.475, Tesla V100-PCIE-16GB, 40 %, 3 %, 550 MiB, 16384 MiB, 44
2026/08/13 08:56:32.476, Tesla V100-PCIE-16GB, 55 %, 4 %, 550 MiB, 16384 MiB, 44
2026/08/13 08:56:42.479, Tesla V100-PCIE-16GB, 49 %, 3 %, 550 MiB, 16384 MiB, 44
2026/08/13 08:56:52.524, Tesla V100-PCIE-16GB, 57 %, 4 %, 550 MiB, 16384 MiB, 44
2026/08/13 08:57:02.525, Tesla V100-PCIE-16GB, 58 %, 4 %, 550 MiB, 16384 MiB, 44
2026/08/13 08:57:12.526, Tesla V100-PCIE-16GB, 58 %, 4 %, 550 MiB, 16384 MiB, 44
2026/08/13 08:57:22.533, Tesla V100-PCIE-16GB, 56 %, 4 %, 550 MiB, 16384 MiB, 43
2026/08/13 08:57:32.535, Tesla V100-PCIE-16GB, 58 %, 4 %, 550 MiB, 16384 MiB, 43
2026/08/13 08:57:42.536, Tesla V100-PCIE-16GB, 46 %, 3 %, 550 MiB, 16384 MiB, 43
2026/08/13 08:57:52.537, Tesla V100-PCIE-16GB, 57 %, 4 %, 550 MiB, 16384 MiB, 43
2026/08/13 08:58:02.539, Tesla V100-PCIE-16GB, 57 %, 4 %, 550 MiB, 16384 MiB, 43
2026/08/13 08:58:12.540, Tesla V100-PCIE-16GB, 60 %, 4 %, 550 MiB, 16384 MiB, 43
2026/08/13 08:58:22.541, Tesla V100-PCIE-16GB, 59 %, 4 %, 550 MiB, 16384 MiB, 43
2026/08/13 08:58:32.542, Tesla V100-PCIE-16GB, 58 %, 4 %, 550 MiB, 16384 MiB, 43
2026/08/13 08:58:42.546, Tesla V100-PCIE-16GB, 50 %, 3 %, 550 MiB, 16384 MiB, 43
2026/08/13 08:58:52.547, Tesla V100-PCIE-16GB, 58 %, 4 %, 550 MiB, 16384 MiB, 43
2026/08/13 08:59:02.548, Tesla V100-PCIE-16GB, 59 %, 4 %, 550 MiB, 16384 MiB, 43
2026/08/13 08:59:12.549, Tesla V100-PCIE-16GB, 57 %, 4 %, 550 MiB, 16384 MiB, 43
2026/08/13 08:59:22.551, Tesla V100-PCIE-16GB, 25 %, 5 %, 550 MiB, 16384 MiB, 43
2026/08/13 08:59:32.552, Tesla V100-PCIE-16GB, 55 %, 4 %, 550 MiB, 16384 MiB, 43
2026/08/13 08:59:42.553, Tesla V100-PCIE-16GB, 48 %, 3 %, 550 MiB, 16384 MiB, 43
2026/08/13 08:59:52.554, Tesla V100-PCIE-16GB, 49 %, 3 %, 550 MiB, 16384 MiB, 43
2026/08/13 09:00:02.555, Tesla V100-PCIE-16GB, 59 %, 4 %, 550 MiB, 16384 MiB, 43
2026/08/13 09:00:12.557, Tesla V100-PCIE-16GB, 57 %, 4 %, 550 MiB, 16384 MiB, 43
2026/08/13 09:00:22.558, Tesla V100-PCIE-16GB, 57 %, 4 %, 550 MiB, 16384 MiB, 43
2026/08/13 09:00:32.559, Tesla V100-PCIE-16GB, 49 %, 3 %, 550 MiB, 16384 MiB, 43
2026/08/13 09:00:42.560, Tesla V100-PCIE-16GB, 58 %, 4 %, 550 MiB, 16384 MiB, 43
2026/08/13 09:00:52.561, Tesla V100-PCIE-16GB, 56 %, 4 %, 550 MiB, 16384 MiB, 43
2026/08/13 09:01:02.563, Tesla V100-PCIE-16GB, 59 %, 4 %, 550 MiB, 16384 MiB, 43
2026/08/13 09:01:12.564, Tesla V100-PCIE-16GB, 58 %, 4 %, 550 MiB, 16384 MiB, 43
2026/08/13 09:01:22.569, Tesla V100-PCIE-16GB, 25 %, 4 %, 550 MiB, 16384 MiB, 43
2026/08/13 09:01:32.570, Tesla V100-PCIE-16GB, 47 %, 3 %, 550 MiB, 16384 MiB, 43
2026/08/13 09:01:42.571, Tesla V100-PCIE-16GB, 57 %, 4 %, 550 MiB, 16384 MiB, 43
2026/08/13 09:01:52.572, Tesla V100-PCIE-16GB, 57 %, 4 %, 550 MiB, 16384 MiB, 43
2026/08/13 09:02:02.574, Tesla V100-PCIE-16GB, 58 %, 4 %, 550 MiB, 16384 MiB, 43
2026/08/13 09:02:12.575, Tesla V100-PCIE-16GB, 58 %, 4 %, 550 MiB, 16384 MiB, 43
2026/08/13 09:02:22.576, Tesla V100-PCIE-16GB, 58 %, 4 %, 550 MiB, 16384 MiB, 43
2026/08/13 09:02:32.579, Tesla V100-PCIE-16GB, 47 %, 3 %, 550 MiB, 16384 MiB, 43
2026/08/13 09:02:42.580, Tesla V100-PCIE-16GB, 47 %, 3 %, 550 MiB, 16384 MiB, 43
2026/08/13 09:02:52.581, Tesla V100-PCIE-16GB, 57 %, 4 %, 550 MiB, 16384 MiB, 43
2026/08/13 09:03:02.582, Tesla V100-PCIE-16GB, 59 %, 4 %, 550 MiB, 16384 MiB, 43
2026/08/13 09:03:12.583, Tesla V100-PCIE-16GB, 57 %, 4 %, 550 MiB, 16384 MiB, 43
2026/08/13 09:03:22.585, Tesla V100-PCIE-16GB, 59 %, 4 %, 550 MiB, 16384 MiB, 43
2026/08/13 09:03:32.592, Tesla V100-PCIE-16GB, 48 %, 3 %, 550 MiB, 16384 MiB, 43
2026/08/13 09:03:42.594, Tesla V100-PCIE-16GB, 46 %, 3 %, 550 MiB, 16384 MiB, 43
2026/08/13 09:03:52.595, Tesla V100-PCIE-16GB, 59 %, 4 %, 550 MiB, 16384 MiB, 43
2026/08/13 09:04:02.596, Tesla V100-PCIE-16GB, 59 %, 4 %, 550 MiB, 16384 MiB, 43
2026/08/13 09:04:12.597, Tesla V100-PCIE-16GB, 59 %, 4 %, 550 MiB, 16384 MiB, 43
2026/08/13 09:04:22.598, Tesla V100-PCIE-16GB, 57 %, 4 %, 550 MiB, 16384 MiB, 43
2026/08/13 09:04:32.599, Tesla V100-PCIE-16GB, 58 %, 4 %, 550 MiB, 16384 MiB, 43
2026/08/13 09:04:42.600, Tesla V100-PCIE-16GB, 45 %, 3 %, 550 MiB, 16384 MiB, 43
2026/08/13 09:04:52.601, Tesla V100-PCIE-16GB, 56 %, 4 %, 550 MiB, 16384 MiB, 43
2026/08/13 09:05:02.603, Tesla V100-PCIE-16GB, 57 %, 4 %, 550 MiB, 16384 MiB, 43
2026/08/13 09:05:12.604, Tesla V100-PCIE-16GB, 57 %, 4 %, 550 MiB, 16384 MiB, 43
2026/08/13 09:05:22.605, Tesla V100-PCIE-16GB, 59 %, 4 %, 550 MiB, 16384 MiB, 43
2026/08/13 09:05:32.607, Tesla V100-PCIE-16GB, 56 %, 4 %, 550 MiB, 16384 MiB, 43
2026/08/13 09:05:42.608, Tesla V100-PCIE-16GB, 45 %, 3 %, 550 MiB, 16384 MiB, 43
2026/08/13 09:05:52.609, Tesla V100-PCIE-16GB, 57 %, 4 %, 550 MiB, 16384 MiB, 43
2026/08/13 09:06:02.610, Tesla V100-PCIE-16GB, 58 %, 4 %, 550 MiB, 16384 MiB, 43
2026/08/13 09:06:12.612, Tesla V100-PCIE-16GB, 57 %, 4 %, 550 MiB, 16384 MiB, 43
2026/08/13 09:06:22.613, Tesla V100-PCIE-16GB, 59 %, 4 %, 550 MiB, 16384 MiB, 43
2026/08/13 09:06:32.615, Tesla V100-PCIE-16GB, 58 %, 4 %, 550 MiB, 16384 MiB, 43
2026/08/13 09:06:42.616, Tesla V100-PCIE-16GB, 43 %, 3 %, 550 MiB, 16384 MiB, 43
2026/08/13 09:06:52.617, Tesla V100-PCIE-16GB, 58 %, 4 %, 550 MiB, 16384 MiB, 43
2026/08/13 09:07:02.619, Tesla V100-PCIE-16GB, 58 %, 4 %, 550 MiB, 16384 MiB, 43
2026/08/13 09:07:12.620, Tesla V100-PCIE-16GB, 58 %, 4 %, 550 MiB, 16384 MiB, 43
2026/08/13 09:07:22.621, Tesla V100-PCIE-16GB, 57 %, 4 %, 550 MiB, 16384 MiB, 43
2026/08/13 09:07:32.635, Tesla V100-PCIE-16GB, 58 %, 4 %, 550 MiB, 16384 MiB, 43
2026/08/13 09:07:42.637, Tesla V100-PCIE-16GB, 51 %, 3 %, 550 MiB, 16384 MiB, 43
2026/08/13 09:07:52.638, Tesla V100-PCIE-16GB, 46 %, 3 %, 550 MiB, 16384 MiB, 43
2026/08/13 09:08:02.639, Tesla V100-PCIE-16GB, 58 %, 4 %, 550 MiB, 16384 MiB, 43
2026/08/13 09:08:12.640, Tesla V100-PCIE-16GB, 58 %, 4 %, 550 MiB, 16384 MiB, 43
2026/08/13 09:08:22.641, Tesla V100-PCIE-16GB, 57 %, 4 %, 550 MiB, 16384 MiB, 43
2026/08/13 09:08:32.642, Tesla V100-PCIE-16GB, 25 %, 5 %, 550 MiB, 16384 MiB, 43
2026/08/13 09:08:42.644, Tesla V100-PCIE-16GB, 50 %, 3 %, 550 MiB, 16384 MiB, 43
2026/08/13 09:08:52.645, Tesla V100-PCIE-16GB, 58 %, 4 %, 550 MiB, 16384 MiB, 43
2026/08/13 09:09:02.646, Tesla V100-PCIE-16GB, 59 %, 4 %, 550 MiB, 16384 MiB, 43
2026/08/13 09:09:12.647, Tesla V100-PCIE-16GB, 58 %, 4 %, 550 MiB, 16384 MiB, 43
2026/08/13 09:09:22.648, Tesla V100-PCIE-16GB, 57 %, 4 %, 550 MiB, 16384 MiB, 43
2026/08/13 09:09:32.649, Tesla V100-PCIE-16GB, 58 %, 4 %, 550 MiB, 16384 MiB, 43
2026/08/13 09:09:42.651, Tesla V100-PCIE-16GB, 46 %, 3 %, 550 MiB, 16384 MiB, 43
2026/08/13 09:09:52.652, Tesla V100-PCIE-16GB, 55 %, 4 %, 550 MiB, 16384 MiB, 43
2026/08/13 09:10:02.653, Tesla V100-PCIE-16GB, 56 %, 4 %, 550 MiB, 16384 MiB, 43
2026/08/13 09:10:12.654, Tesla V100-PCIE-16GB, 59 %, 4 %, 550 MiB, 16384 MiB, 43
2026/08/13 09:10:22.655, Tesla V100-PCIE-16GB, 58 %, 4 %, 550 MiB, 16384 MiB, 43
2026/08/13 09:10:32.657, Tesla V100-PCIE-16GB, 58 %, 4 %, 550 MiB, 16384 MiB, 43
2026/08/13 09:10:42.659, Tesla V100-PCIE-16GB, 46 %, 3 %, 550 MiB, 16384 MiB, 43
2026/08/13 09:10:52.660, Tesla V100-PCIE-16GB, 57 %, 4 %, 550 MiB, 16384 MiB, 43
2026/08/13 09:11:02.661, Tesla V100-PCIE-16GB, 57 %, 4 %, 550 MiB, 16384 MiB, 43
2026/08/13 09:11:12.663, Tesla V100-PCIE-16GB, 57 %, 4 %, 550 MiB, 16384 MiB, 43
2026/08/13 09:11:22.664, Tesla V100-PCIE-16GB, 60 %, 4 %, 550 MiB, 16384 MiB, 43
2026/08/13 09:11:32.665, Tesla V100-PCIE-16GB, 52 %, 4 %, 550 MiB, 16384 MiB, 43
2026/08/13 09:11:42.666, Tesla V100-PCIE-16GB, 46 %, 3 %, 550 MiB, 16384 MiB, 43
2026/08/13 09:11:52.668, Tesla V100-PCIE-16GB, 59 %, 4 %, 550 MiB, 16384 MiB, 43
2026/08/13 09:12:02.669, Tesla V100-PCIE-16GB, 56 %, 4 %, 550 MiB, 16384 MiB, 43
2026/08/13 09:12:12.671, Tesla V100-PCIE-16GB, 57 %, 4 %, 550 MiB, 16384 MiB, 43
2026/08/13 09:12:22.672, Tesla V100-PCIE-16GB, 58 %, 4 %, 550 MiB, 16384 MiB, 43
2026/08/13 09:12:32.673, Tesla V100-PCIE-16GB, 49 %, 3 %, 550 MiB, 16384 MiB, 43
2026/08/13 09:12:42.674, Tesla V100-PCIE-16GB, 57 %, 4 %, 550 MiB, 16384 MiB, 43
2026/08/13 09:12:52.676, Tesla V100-PCIE-16GB, 58 %, 4 %, 550 MiB, 16384 MiB, 43
2026/08/13 09:13:02.677, Tesla V100-PCIE-16GB, 59 %, 4 %, 550 MiB, 16384 MiB, 43
2026/08/13 09:13:12.679, Tesla V100-PCIE-16GB, 58 %, 4 %, 550 MiB, 16384 MiB, 43
2026/08/13 09:13:22.727, Tesla V100-PCIE-16GB, 59 %, 4 %, 550 MiB, 16384 MiB, 43
2026/08/13 09:13:32.728, Tesla V100-PCIE-16GB, 58 %, 4 %, 550 MiB, 16384 MiB, 43
2026/08/13 09:13:42.729, Tesla V100-PCIE-16GB, 37 %, 2 %, 550 MiB, 16384 MiB, 43
2026/08/13 09:13:52.731, Tesla V100-PCIE-16GB, 57 %, 4 %, 550 MiB, 16384 MiB, 43
2026/08/13 09:14:02.732, Tesla V100-PCIE-16GB, 57 %, 4 %, 550 MiB, 16384 MiB, 43
2026/08/13 09:14:12.733, Tesla V100-PCIE-16GB, 59 %, 4 %, 550 MiB, 16384 MiB, 43
2026/08/13 09:14:22.735, Tesla V100-PCIE-16GB, 54 %, 4 %, 550 MiB, 16384 MiB, 43
2026/08/13 09:14:32.736, Tesla V100-PCIE-16GB, 48 %, 3 %, 550 MiB, 16384 MiB, 43
2026/08/13 09:14:42.737, Tesla V100-PCIE-16GB, 46 %, 3 %, 550 MiB, 16384 MiB, 43
2026/08/13 09:14:52.739, Tesla V100-PCIE-16GB, 58 %, 4 %, 550 MiB, 16384 MiB, 43
2026/08/13 09:15:02.740, Tesla V100-PCIE-16GB, 57 %, 4 %, 550 MiB, 16384 MiB, 43
2026/08/13 09:15:12.741, Tesla V100-PCIE-16GB, 55 %, 4 %, 550 MiB, 16384 MiB, 43
2026/08/13 09:15:22.742, Tesla V100-PCIE-16GB, 57 %, 4 %, 550 MiB, 16384 MiB, 43
2026/08/13 09:15:32.743, Tesla V100-PCIE-16GB, 58 %, 4 %, 550 MiB, 16384 MiB, 43
2026/08/13 09:15:42.745, Tesla V100-PCIE-16GB, 49 %, 3 %, 550 MiB, 16384 MiB, 43
2026/08/13 09:15:52.746, Tesla V100-PCIE-16GB, 57 %, 4 %, 550 MiB, 16384 MiB, 43
2026/08/13 09:16:02.747, Tesla V100-PCIE-16GB, 58 %, 4 %, 550 MiB, 16384 MiB, 43
2026/08/13 09:16:12.748, Tesla V100-PCIE-16GB, 58 %, 4 %, 550 MiB, 16384 MiB, 43
2026/08/13 09:16:22.752, Tesla V100-PCIE-16GB, 58 %, 4 %, 550 MiB, 16384 MiB, 43
2026/08/13 09:16:32.753, Tesla V100-PCIE-16GB, 59 %, 4 %, 550 MiB, 16384 MiB, 43
2026/08/13 09:16:42.754, Tesla V100-PCIE-16GB, 37 %, 2 %, 550 MiB, 16384 MiB, 43
2026/08/13 09:16:52.755, Tesla V100-PCIE-16GB, 25 %, 5 %, 550 MiB, 16384 MiB, 43
2026/08/13 09:17:02.757, Tesla V100-PCIE-16GB, 58 %, 4 %, 550 MiB, 16384 MiB, 43
2026/08/13 09:17:12.758, Tesla V100-PCIE-16GB, 57 %, 4 %, 550 MiB, 16384 MiB, 43
2026/08/13 09:17:22.759, Tesla V100-PCIE-16GB, 56 %, 4 %, 550 MiB, 16384 MiB, 43
2026/08/13 09:17:32.760, Tesla V100-PCIE-16GB, 58 %, 4 %, 550 MiB, 16384 MiB, 43
2026/08/13 09:17:42.761, Tesla V100-PCIE-16GB, 45 %, 3 %, 550 MiB, 16384 MiB, 43
2026/08/13 09:17:52.762, Tesla V100-PCIE-16GB, 57 %, 4 %, 550 MiB, 16384 MiB, 43
2026/08/13 09:18:02.764, Tesla V100-PCIE-16GB, 58 %, 4 %, 550 MiB, 16384 MiB, 43
2026/08/13 09:18:12.765, Tesla V100-PCIE-16GB, 56 %, 4 %, 550 MiB, 16384 MiB, 43
2026/08/13 09:18:22.766, Tesla V100-PCIE-16GB, 56 %, 4 %, 550 MiB, 16384 MiB, 43
2026/08/13 09:18:32.767, Tesla V100-PCIE-16GB, 59 %, 4 %, 550 MiB, 16384 MiB, 43
2026/08/13 09:18:42.768, Tesla V100-PCIE-16GB, 46 %, 3 %, 550 MiB, 16384 MiB, 43
2026/08/13 09:18:52.769, Tesla V100-PCIE-16GB, 49 %, 3 %, 550 MiB, 16384 MiB, 43
2026/08/13 09:19:02.771, Tesla V100-PCIE-16GB, 59 %, 4 %, 550 MiB, 16384 MiB, 43
2026/08/13 09:19:12.772, Tesla V100-PCIE-16GB, 56 %, 4 %, 550 MiB, 16384 MiB, 43
2026/08/13 09:19:22.774, Tesla V100-PCIE-16GB, 58 %, 4 %, 550 MiB, 16384 MiB, 43
2026/08/13 09:19:32.775, Tesla V100-PCIE-16GB, 58 %, 4 %, 550 MiB, 16384 MiB, 43
2026/08/13 09:19:42.776, Tesla V100-PCIE-16GB, 50 %, 3 %, 550 MiB, 16384 MiB, 43
2026/08/13 09:19:52.778, Tesla V100-PCIE-16GB, 55 %, 4 %, 550 MiB, 16384 MiB, 43
2026/08/13 09:20:02.779, Tesla V100-PCIE-16GB, 58 %, 4 %, 550 MiB, 16384 MiB, 43
2026/08/13 09:20:12.780, Tesla V100-PCIE-16GB, 58 %, 4 %, 550 MiB, 16384 MiB, 43
2026/08/13 09:20:22.876, Tesla V100-PCIE-16GB, 57 %, 4 %, 550 MiB, 16384 MiB, 43
2026/08/13 09:20:32.878, Tesla V100-PCIE-16GB, 59 %, 4 %, 550 MiB, 16384 MiB, 43
2026/08/13 09:20:42.880, Tesla V100-PCIE-16GB, 58 %, 4 %, 550 MiB, 16384 MiB, 43
2026/08/13 09:20:52.881, Tesla V100-PCIE-16GB, 59 %, 4 %, 550 MiB, 16384 MiB, 43
2026/08/13 09:21:02.882, Tesla V100-PCIE-16GB, 58 %, 4 %, 550 MiB, 16384 MiB, 43
2026/08/13 09:21:12.883, Tesla V100-PCIE-16GB, 58 %, 4 %, 550 MiB, 16384 MiB, 43
2026/08/13 09:21:22.884, Tesla V100-PCIE-16GB, 57 %, 4 %, 550 MiB, 16384 MiB, 43
2026/08/13 09:21:32.976, Tesla V100-PCIE-16GB, 59 %, 4 %, 550 MiB, 16384 MiB, 43
2026/08/13 09:21:42.977, Tesla V100-PCIE-16GB, 47 %, 3 %, 550 MiB, 16384 MiB, 43
2026/08/13 09:21:52.979, Tesla V100-PCIE-16GB, 55 %, 4 %, 550 MiB, 16384 MiB, 43
2026/08/13 09:22:02.980, Tesla V100-PCIE-16GB, 26 %, 5 %, 550 MiB, 16384 MiB, 43
2026/08/13 09:22:12.981, Tesla V100-PCIE-16GB, 56 %, 4 %, 550 MiB, 16384 MiB, 43
2026/08/13 09:22:22.983, Tesla V100-PCIE-16GB, 58 %, 4 %, 550 MiB, 16384 MiB, 43
2026/08/13 09:22:32.984, Tesla V100-PCIE-16GB, 58 %, 4 %, 550 MiB, 16384 MiB, 43
2026/08/13 09:22:42.985, Tesla V100-PCIE-16GB, 35 %, 2 %, 550 MiB, 16384 MiB, 43
2026/08/13 09:22:52.987, Tesla V100-PCIE-16GB, 56 %, 4 %, 550 MiB, 16384 MiB, 43
2026/08/13 09:23:02.988, Tesla V100-PCIE-16GB, 58 %, 4 %, 550 MiB, 16384 MiB, 43
2026/08/13 09:23:12.989, Tesla V100-PCIE-16GB, 58 %, 4 %, 550 MiB, 16384 MiB, 43
2026/08/13 09:23:22.990, Tesla V100-PCIE-16GB, 58 %, 4 %, 550 MiB, 16384 MiB, 43
2026/08/13 09:23:32.991, Tesla V100-PCIE-16GB, 52 %, 4 %, 550 MiB, 16384 MiB, 43
2026/08/13 09:23:42.993, Tesla V100-PCIE-16GB, 46 %, 3 %, 550 MiB, 16384 MiB, 43
2026/08/13 09:23:52.994, Tesla V100-PCIE-16GB, 58 %, 4 %, 550 MiB, 16384 MiB, 43
2026/08/13 09:24:03.024, Tesla V100-PCIE-16GB, 60 %, 4 %, 550 MiB, 16384 MiB, 43
2026/08/13 09:24:13.026, Tesla V100-PCIE-16GB, 58 %, 4 %, 550 MiB, 16384 MiB, 43
2026/08/13 09:24:23.027, Tesla V100-PCIE-16GB, 56 %, 4 %, 550 MiB, 16384 MiB, 43
2026/08/13 09:24:33.029, Tesla V100-PCIE-16GB, 46 %, 3 %, 550 MiB, 16384 MiB, 43
2026/08/13 09:24:43.031, Tesla V100-PCIE-16GB, 47 %, 3 %, 550 MiB, 16384 MiB, 43
2026/08/13 09:24:53.032, Tesla V100-PCIE-16GB, 58 %, 4 %, 550 MiB, 16384 MiB, 43
2026/08/13 09:25:03.033, Tesla V100-PCIE-16GB, 58 %, 4 %, 550 MiB, 16384 MiB, 43
2026/08/13 09:25:13.034, Tesla V100-PCIE-16GB, 57 %, 4 %, 550 MiB, 16384 MiB, 43
2026/08/13 09:25:23.036, Tesla V100-PCIE-16GB, 58 %, 4 %, 550 MiB, 16384 MiB, 43
2026/08/13 09:25:33.046, Tesla V100-PCIE-16GB, 46 %, 3 %, 550 MiB, 16384 MiB, 43
2026/08/13 09:25:43.047, Tesla V100-PCIE-16GB, 58 %, 4 %, 550 MiB, 16384 MiB, 43
2026/08/13 09:25:53.048, Tesla V100-PCIE-16GB, 57 %, 4 %, 550 MiB, 16384 MiB, 43
2026/08/13 09:26:03.049, Tesla V100-PCIE-16GB, 58 %, 4 %, 550 MiB, 16384 MiB, 43
2026/08/13 09:26:13.051, Tesla V100-PCIE-16GB, 57 %, 4 %, 550 MiB, 16384 MiB, 43
2026/08/13 09:26:23.052, Tesla V100-PCIE-16GB, 58 %, 4 %, 550 MiB, 16384 MiB, 43
2026/08/13 09:26:33.053, Tesla V100-PCIE-16GB, 47 %, 3 %, 550 MiB, 16384 MiB, 43
2026/08/13 09:26:43.054, Tesla V100-PCIE-16GB, 55 %, 4 %, 550 MiB, 16384 MiB, 43
2026/08/13 09:26:53.055, Tesla V100-PCIE-16GB, 59 %, 4 %, 550 MiB, 16384 MiB, 43
2026/08/13 09:27:03.056, Tesla V100-PCIE-16GB, 58 %, 4 %, 550 MiB, 16384 MiB, 43
2026/08/13 09:27:13.057, Tesla V100-PCIE-16GB, 25 %, 4 %, 550 MiB, 16384 MiB, 43
2026/08/13 09:27:23.059, Tesla V100-PCIE-16GB, 58 %, 4 %, 550 MiB, 16384 MiB, 43
2026/08/13 09:27:33.060, Tesla V100-PCIE-16GB, 47 %, 3 %, 550 MiB, 16384 MiB, 43
2026/08/13 09:27:43.061, Tesla V100-PCIE-16GB, 49 %, 3 %, 550 MiB, 16384 MiB, 43
2026/08/13 09:27:53.158, Tesla V100-PCIE-16GB, 57 %, 4 %, 550 MiB, 16384 MiB, 43
2026/08/13 09:28:03.159, Tesla V100-PCIE-16GB, 58 %, 4 %, 550 MiB, 16384 MiB, 43
2026/08/13 09:28:13.160, Tesla V100-PCIE-16GB, 58 %, 4 %, 550 MiB, 16384 MiB, 43
2026/08/13 09:28:23.161, Tesla V100-PCIE-16GB, 59 %, 4 %, 550 MiB, 16384 MiB, 43
2026/08/13 09:28:33.162, Tesla V100-PCIE-16GB, 47 %, 3 %, 550 MiB, 16384 MiB, 43
2026/08/13 09:28:43.164, Tesla V100-PCIE-16GB, 56 %, 4 %, 550 MiB, 16384 MiB, 43
2026/08/13 09:28:53.165, Tesla V100-PCIE-16GB, 56 %, 4 %, 550 MiB, 16384 MiB, 43
2026/08/13 09:29:03.166, Tesla V100-PCIE-16GB, 56 %, 4 %, 550 MiB, 16384 MiB, 43
2026/08/13 09:29:13.168, Tesla V100-PCIE-16GB, 59 %, 4 %, 550 MiB, 16384 MiB, 43
2026/08/13 09:29:23.170, Tesla V100-PCIE-16GB, 57 %, 4 %, 550 MiB, 16384 MiB, 43
2026/08/13 09:29:33.171, Tesla V100-PCIE-16GB, 43 %, 3 %, 550 MiB, 16384 MiB, 43
2026/08/13 09:29:43.172, Tesla V100-PCIE-16GB, 58 %, 4 %, 550 MiB, 16384 MiB, 43
2026/08/13 09:29:53.173, Tesla V100-PCIE-16GB, 57 %, 4 %, 550 MiB, 16384 MiB, 43
2026/08/13 09:30:03.176, Tesla V100-PCIE-16GB, 59 %, 4 %, 550 MiB, 16384 MiB, 43
2026/08/13 09:30:13.177, Tesla V100-PCIE-16GB, 57 %, 4 %, 550 MiB, 16384 MiB, 43
2026/08/13 09:30:23.239, Tesla V100-PCIE-16GB, 57 %, 4 %, 550 MiB, 16384 MiB, 43
2026/08/13 09:30:33.240, Tesla V100-PCIE-16GB, 43 %, 3 %, 550 MiB, 16384 MiB, 43
2026/08/13 09:30:43.241, Tesla V100-PCIE-16GB, 56 %, 4 %, 550 MiB, 16384 MiB, 43
2026/08/13 09:30:53.242, Tesla V100-PCIE-16GB, 58 %, 4 %, 550 MiB, 16384 MiB, 43
2026/08/13 09:31:03.243, Tesla V100-PCIE-16GB, 58 %, 4 %, 550 MiB, 16384 MiB, 43
2026/08/13 09:31:13.244, Tesla V100-PCIE-16GB, 58 %, 4 %, 550 MiB, 16384 MiB, 43
2026/08/13 09:31:23.246, Tesla V100-PCIE-16GB, 56 %, 4 %, 550 MiB, 16384 MiB, 43
2026/08/13 09:31:33.247, Tesla V100-PCIE-16GB, 57 %, 4 %, 550 MiB, 16384 MiB, 43
2026/08/13 09:31:43.248, Tesla V100-PCIE-16GB, 49 %, 3 %, 550 MiB, 16384 MiB, 43
2026/08/13 09:31:53.249, Tesla V100-PCIE-16GB, 58 %, 4 %, 550 MiB, 16384 MiB, 43
2026/08/13 09:32:03.250, Tesla V100-PCIE-16GB, 58 %, 4 %, 550 MiB, 16384 MiB, 43
2026/08/13 09:32:13.251, Tesla V100-PCIE-16GB, 58 %, 4 %, 550 MiB, 16384 MiB, 43
2026/08/13 09:32:23.252, Tesla V100-PCIE-16GB, 24 %, 5 %, 550 MiB, 16384 MiB, 43
2026/08/13 09:32:33.253, Tesla V100-PCIE-16GB, 40 %, 3 %, 550 MiB, 16384 MiB, 43
2026/08/13 09:32:43.255, Tesla V100-PCIE-16GB, 55 %, 4 %, 550 MiB, 16384 MiB, 43
2026/08/13 09:32:53.256, Tesla V100-PCIE-16GB, 59 %, 4 %, 550 MiB, 16384 MiB, 43
2026/08/13 09:33:03.257, Tesla V100-PCIE-16GB, 48 %, 3 %, 550 MiB, 16384 MiB, 43
2026/08/13 09:33:13.357, Tesla V100-PCIE-16GB, 58 %, 4 %, 550 MiB, 16384 MiB, 43
2026/08/13 09:33:23.358, Tesla V100-PCIE-16GB, 58 %, 4 %, 550 MiB, 16384 MiB, 43
2026/08/13 09:33:33.362, Tesla V100-PCIE-16GB, 42 %, 3 %, 550 MiB, 16384 MiB, 43
2026/08/13 09:33:43.363, Tesla V100-PCIE-16GB, 57 %, 4 %, 550 MiB, 16384 MiB, 43
2026/08/13 09:33:53.364, Tesla V100-PCIE-16GB, 57 %, 4 %, 550 MiB, 16384 MiB, 43
2026/08/13 09:34:03.366, Tesla V100-PCIE-16GB, 58 %, 4 %, 550 MiB, 16384 MiB, 43
2026/08/13 09:34:13.369, Tesla V100-PCIE-16GB, 58 %, 4 %, 550 MiB, 16384 MiB, 43
2026/08/13 09:34:23.370, Tesla V100-PCIE-16GB, 58 %, 4 %, 550 MiB, 16384 MiB, 43
2026/08/13 09:34:33.371, Tesla V100-PCIE-16GB, 58 %, 4 %, 550 MiB, 16384 MiB, 43
2026/08/13 09:34:43.373, Tesla V100-PCIE-16GB, 47 %, 3 %, 550 MiB, 16384 MiB, 43
2026/08/13 09:34:53.375, Tesla V100-PCIE-16GB, 56 %, 4 %, 550 MiB, 16384 MiB, 43
2026/08/13 09:35:03.376, Tesla V100-PCIE-16GB, 57 %, 4 %, 550 MiB, 16384 MiB, 43
2026/08/13 09:35:13.469, Tesla V100-PCIE-16GB, 59 %, 4 %, 550 MiB, 16384 MiB, 43
2026/08/13 09:35:23.470, Tesla V100-PCIE-16GB, 57 %, 4 %, 550 MiB, 16384 MiB, 43
2026/08/13 09:35:33.472, Tesla V100-PCIE-16GB, 45 %, 3 %, 550 MiB, 16384 MiB, 43
2026/08/13 09:35:43.473, Tesla V100-PCIE-16GB, 57 %, 4 %, 550 MiB, 16384 MiB, 43
2026/08/13 09:35:53.517, Tesla V100-PCIE-16GB, 19 %, 1 %, 550 MiB, 16384 MiB, 43
2026/08/13 09:36:03.519, Tesla V100-PCIE-16GB, 58 %, 4 %, 550 MiB, 16384 MiB, 43
2026/08/13 09:36:13.520, Tesla V100-PCIE-16GB, 58 %, 4 %, 550 MiB, 16384 MiB, 43
2026/08/13 09:36:23.521, Tesla V100-PCIE-16GB, 59 %, 4 %, 550 MiB, 16384 MiB, 43
2026/08/13 09:36:33.522, Tesla V100-PCIE-16GB, 48 %, 3 %, 550 MiB, 16384 MiB, 43
2026/08/13 09:36:43.524, Tesla V100-PCIE-16GB, 48 %, 3 %, 550 MiB, 16384 MiB, 43
2026/08/13 09:36:53.525, Tesla V100-PCIE-16GB, 58 %, 4 %, 550 MiB, 16384 MiB, 43
2026/08/13 09:37:03.526, Tesla V100-PCIE-16GB, 56 %, 4 %, 550 MiB, 16384 MiB, 43
2026/08/13 09:37:13.527, Tesla V100-PCIE-16GB, 58 %, 4 %, 550 MiB, 16384 MiB, 43
2026/08/13 09:37:23.528, Tesla V100-PCIE-16GB, 58 %, 4 %, 550 MiB, 16384 MiB, 43
2026/08/13 09:37:33.530, Tesla V100-PCIE-16GB, 59 %, 4 %, 550 MiB, 16384 MiB, 44
2026/08/13 09:37:43.531, Tesla V100-PCIE-16GB, 57 %, 4 %, 550 MiB, 16384 MiB, 44
2026/08/13 09:37:53.532, Tesla V100-PCIE-16GB, 57 %, 4 %, 550 MiB, 16384 MiB, 45
2026/08/13 09:38:03.533, Tesla V100-PCIE-16GB, 58 %, 4 %, 550 MiB, 16384 MiB, 45
2026/08/13 09:38:13.605, Tesla V100-PCIE-16GB, 58 %, 4 %, 550 MiB, 16384 MiB, 46
2026/08/13 09:38:23.606, Tesla V100-PCIE-16GB, 58 %, 4 %, 550 MiB, 16384 MiB, 46
2026/08/13 09:38:33.607, Tesla V100-PCIE-16GB, 55 %, 4 %, 550 MiB, 16384 MiB, 47
2026/08/13 09:38:43.608, Tesla V100-PCIE-16GB, 58 %, 4 %, 550 MiB, 16384 MiB, 47
2026/08/13 09:38:53.610, Tesla V100-PCIE-16GB, 58 %, 4 %, 550 MiB, 16384 MiB, 47
2026/08/13 09:39:03.611, Tesla V100-PCIE-16GB, 59 %, 4 %, 550 MiB, 16384 MiB, 47
2026/08/13 09:39:13.612, Tesla V100-PCIE-16GB, 58 %, 4 %, 550 MiB, 16384 MiB, 47
2026/08/13 09:39:23.613, Tesla V100-PCIE-16GB, 58 %, 4 %, 550 MiB, 16384 MiB, 47
2026/08/13 09:39:33.614, Tesla V100-PCIE-16GB, 58 %, 4 %, 550 MiB, 16384 MiB, 47
2026/08/13 09:39:43.616, Tesla V100-PCIE-16GB, 57 %, 4 %, 550 MiB, 16384 MiB, 47
2026/08/13 09:39:53.617, Tesla V100-PCIE-16GB, 58 %, 4 %, 550 MiB, 16384 MiB, 47
2026/08/13 09:40:03.618, Tesla V100-PCIE-16GB, 57 %, 4 %, 550 MiB, 16384 MiB, 47
2026/08/13 09:40:13.678, Tesla V100-PCIE-16GB, 58 %, 4 %, 550 MiB, 16384 MiB, 47
2026/08/13 09:40:23.679, Tesla V100-PCIE-16GB, 58 %, 4 %, 550 MiB, 16384 MiB, 47
2026/08/13 09:40:33.680, Tesla V100-PCIE-16GB, 56 %, 4 %, 550 MiB, 16384 MiB, 47
2026/08/13 09:40:43.681, Tesla V100-PCIE-16GB, 56 %, 4 %, 550 MiB, 16384 MiB, 47
2026/08/13 09:40:53.682, Tesla V100-PCIE-16GB, 58 %, 4 %, 550 MiB, 16384 MiB, 47
2026/08/13 09:41:03.683, Tesla V100-PCIE-16GB, 57 %, 4 %, 550 MiB, 16384 MiB, 47
2026/08/13 09:41:13.685, Tesla V100-PCIE-16GB, 58 %, 4 %, 550 MiB, 16384 MiB, 47
2026/08/13 09:41:23.686, Tesla V100-PCIE-16GB, 58 %, 4 %, 550 MiB, 16384 MiB, 47
2026/08/13 09:41:33.688, Tesla V100-PCIE-16GB, 58 %, 4 %, 550 MiB, 16384 MiB, 47
2026/08/13 09:41:43.689, Tesla V100-PCIE-16GB, 58 %, 4 %, 550 MiB, 16384 MiB, 47
2026/08/13 09:41:53.690, Tesla V100-PCIE-16GB, 58 %, 4 %, 550 MiB, 16384 MiB, 47
2026/08/13 09:42:03.692, Tesla V100-PCIE-16GB, 58 %, 4 %, 550 MiB, 16384 MiB, 47
2026/08/13 09:42:13.727, Tesla V100-PCIE-16GB, 57 %, 4 %, 550 MiB, 16384 MiB, 47
2026/08/13 09:42:23.728, Tesla V100-PCIE-16GB, 58 %, 4 %, 550 MiB, 16384 MiB, 47
2026/08/13 09:42:33.729, Tesla V100-PCIE-16GB, 58 %, 4 %, 550 MiB, 16384 MiB, 47
2026/08/13 09:42:43.730, Tesla V100-PCIE-16GB, 58 %, 4 %, 550 MiB, 16384 MiB, 47
2026/08/13 09:42:53.731, Tesla V100-PCIE-16GB, 58 %, 4 %, 550 MiB, 16384 MiB, 47
2026/08/13 09:43:03.733, Tesla V100-PCIE-16GB, 58 %, 4 %, 550 MiB, 16384 MiB, 47
2026/08/13 09:43:13.734, Tesla V100-PCIE-16GB, 30 %, 4 %, 550 MiB, 16384 MiB, 48
2026/08/13 09:43:23.735, Tesla V100-PCIE-16GB, 58 %, 4 %, 550 MiB, 16384 MiB, 47
2026/08/13 09:43:33.736, Tesla V100-PCIE-16GB, 58 %, 4 %, 550 MiB, 16384 MiB, 47
2026/08/13 09:43:43.737, Tesla V100-PCIE-16GB, 58 %, 4 %, 550 MiB, 16384 MiB, 47
2026/08/13 09:43:53.738, Tesla V100-PCIE-16GB, 58 %, 4 %, 550 MiB, 16384 MiB, 47
2026/08/13 09:44:03.739, Tesla V100-PCIE-16GB, 55 %, 4 %, 550 MiB, 16384 MiB, 47
2026/08/13 09:44:13.740, Tesla V100-PCIE-16GB, 57 %, 4 %, 550 MiB, 16384 MiB, 47
2026/08/13 09:44:23.742, Tesla V100-PCIE-16GB, 57 %, 4 %, 550 MiB, 16384 MiB, 47
2026/08/13 09:44:33.743, Tesla V100-PCIE-16GB, 58 %, 4 %, 550 MiB, 16384 MiB, 47
2026/08/13 09:44:43.744, Tesla V100-PCIE-16GB, 57 %, 4 %, 550 MiB, 16384 MiB, 48
2026/08/13 09:44:53.745, Tesla V100-PCIE-16GB, 58 %, 4 %, 550 MiB, 16384 MiB, 48
2026/08/13 09:45:03.746, Tesla V100-PCIE-16GB, 56 %, 4 %, 550 MiB, 16384 MiB, 47
2026/08/13 09:45:13.747, Tesla V100-PCIE-16GB, 57 %, 4 %, 550 MiB, 16384 MiB, 47
2026/08/13 09:45:23.748, Tesla V100-PCIE-16GB, 58 %, 4 %, 550 MiB, 16384 MiB, 48
2026/08/13 09:45:33.751, Tesla V100-PCIE-16GB, 59 %, 4 %, 550 MiB, 16384 MiB, 47
2026/08/13 09:45:43.752, Tesla V100-PCIE-16GB, 58 %, 4 %, 550 MiB, 16384 MiB, 47
2026/08/13 09:45:53.753, Tesla V100-PCIE-16GB, 24 %, 5 %, 550 MiB, 16384 MiB, 48
2026/08/13 09:46:03.754, Tesla V100-PCIE-16GB, 57 %, 4 %, 550 MiB, 16384 MiB, 47
2026/08/13 09:46:13.755, Tesla V100-PCIE-16GB, 52 %, 4 %, 550 MiB, 16384 MiB, 47
2026/08/13 09:46:23.756, Tesla V100-PCIE-16GB, 58 %, 4 %, 550 MiB, 16384 MiB, 47
2026/08/13 09:46:33.758, Tesla V100-PCIE-16GB, 57 %, 4 %, 550 MiB, 16384 MiB, 47
2026/08/13 09:46:43.759, Tesla V100-PCIE-16GB, 58 %, 4 %, 550 MiB, 16384 MiB, 47
2026/08/13 09:46:53.760, Tesla V100-PCIE-16GB, 56 %, 4 %, 550 MiB, 16384 MiB, 47
2026/08/13 09:47:03.761, Tesla V100-PCIE-16GB, 58 %, 4 %, 550 MiB, 16384 MiB, 47
2026/08/13 09:47:13.762, Tesla V100-PCIE-16GB, 58 %, 4 %, 550 MiB, 16384 MiB, 47
2026/08/13 09:47:23.764, Tesla V100-PCIE-16GB, 57 %, 4 %, 550 MiB, 16384 MiB, 47
2026/08/13 09:47:33.765, Tesla V100-PCIE-16GB, 58 %, 4 %, 550 MiB, 16384 MiB, 47
2026/08/13 09:47:43.766, Tesla V100-PCIE-16GB, 57 %, 4 %, 550 MiB, 16384 MiB, 47
2026/08/13 09:47:53.767, Tesla V100-PCIE-16GB, 58 %, 4 %, 550 MiB, 16384 MiB, 48
2026/08/13 09:48:03.768, Tesla V100-PCIE-16GB, 56 %, 4 %, 550 MiB, 16384 MiB, 48
2026/08/13 09:48:13.777, Tesla V100-PCIE-16GB, 57 %, 4 %, 550 MiB, 16384 MiB, 47
2026/08/13 09:48:23.778, Tesla V100-PCIE-16GB, 56 %, 4 %, 550 MiB, 16384 MiB, 48
2026/08/13 09:48:33.779, Tesla V100-PCIE-16GB, 47 %, 4 %, 550 MiB, 16384 MiB, 48
2026/08/13 09:48:43.780, Tesla V100-PCIE-16GB, 57 %, 4 %, 550 MiB, 16384 MiB, 48
2026/08/13 09:48:53.781, Tesla V100-PCIE-16GB, 57 %, 4 %, 550 MiB, 16384 MiB, 48
2026/08/13 09:49:03.782, Tesla V100-PCIE-16GB, 58 %, 4 %, 550 MiB, 16384 MiB, 48
2026/08/13 09:49:13.784, Tesla V100-PCIE-16GB, 57 %, 4 %, 550 MiB, 16384 MiB, 48
2026/08/13 09:49:23.785, Tesla V100-PCIE-16GB, 58 %, 4 %, 550 MiB, 16384 MiB, 48
2026/08/13 09:49:33.835, Tesla V100-PCIE-16GB, 57 %, 4 %, 550 MiB, 16384 MiB, 48
2026/08/13 09:49:43.836, Tesla V100-PCIE-16GB, 58 %, 4 %, 550 MiB, 16384 MiB, 48
2026/08/13 09:49:53.837, Tesla V100-PCIE-16GB, 57 %, 4 %, 550 MiB, 16384 MiB, 47
2026/08/13 09:50:03.838, Tesla V100-PCIE-16GB, 55 %, 4 %, 550 MiB, 16384 MiB, 48
2026/08/13 09:50:13.839, Tesla V100-PCIE-16GB, 58 %, 4 %, 550 MiB, 16384 MiB, 48
2026/08/13 09:50:23.840, Tesla V100-PCIE-16GB, 57 %, 4 %, 550 MiB, 16384 MiB, 48
2026/08/13 09:50:33.841, Tesla V100-PCIE-16GB, 57 %, 4 %, 550 MiB, 16384 MiB, 48
2026/08/13 09:50:43.842, Tesla V100-PCIE-16GB, 58 %, 4 %, 550 MiB, 16384 MiB, 48
2026/08/13 09:50:53.844, Tesla V100-PCIE-16GB, 58 %, 4 %, 550 MiB, 16384 MiB, 48
2026/08/13 09:51:03.846, Tesla V100-PCIE-16GB, 58 %, 4 %, 550 MiB, 16384 MiB, 47
2026/08/13 09:51:13.847, Tesla V100-PCIE-16GB, 60 %, 4 %, 550 MiB, 16384 MiB, 48
2026/08/13 09:51:23.848, Tesla V100-PCIE-16GB, 58 %, 4 %, 550 MiB, 16384 MiB, 47
2026/08/13 09:51:33.902, Tesla V100-PCIE-16GB, 57 %, 4 %, 550 MiB, 16384 MiB, 48
2026/08/13 09:51:43.903, Tesla V100-PCIE-16GB, 58 %, 4 %, 550 MiB, 16384 MiB, 48
2026/08/13 09:51:53.905, Tesla V100-PCIE-16GB, 58 %, 4 %, 550 MiB, 16384 MiB, 48
2026/08/13 09:52:03.906, Tesla V100-PCIE-16GB, 58 %, 4 %, 550 MiB, 16384 MiB, 48
2026/08/13 09:52:13.907, Tesla V100-PCIE-16GB, 57 %, 4 %, 550 MiB, 16384 MiB, 48
2026/08/13 09:52:23.909, Tesla V100-PCIE-16GB, 58 %, 4 %, 550 MiB, 16384 MiB, 48
2026/08/13 09:52:33.910, Tesla V100-PCIE-16GB, 57 %, 4 %, 550 MiB, 16384 MiB, 48
2026/08/13 09:52:43.911, Tesla V100-PCIE-16GB, 25 %, 5 %, 550 MiB, 16384 MiB, 48
2026/08/13 09:52:53.913, Tesla V100-PCIE-16GB, 57 %, 4 %, 550 MiB, 16384 MiB, 48
2026/08/13 09:53:03.914, Tesla V100-PCIE-16GB, 57 %, 4 %, 550 MiB, 16384 MiB, 48
2026/08/13 09:53:13.915, Tesla V100-PCIE-16GB, 57 %, 4 %, 550 MiB, 16384 MiB, 47
2026/08/13 09:53:23.916, Tesla V100-PCIE-16GB, 58 %, 4 %, 550 MiB, 16384 MiB, 47
2026/08/13 09:53:33.988, Tesla V100-PCIE-16GB, 58 %, 4 %, 550 MiB, 16384 MiB, 47
2026/08/13 09:53:43.989, Tesla V100-PCIE-16GB, 58 %, 4 %, 550 MiB, 16384 MiB, 47
2026/08/13 09:53:53.990, Tesla V100-PCIE-16GB, 58 %, 4 %, 550 MiB, 16384 MiB, 48
2026/08/13 09:54:03.991, Tesla V100-PCIE-16GB, 58 %, 4 %, 550 MiB, 16384 MiB, 48
2026/08/13 09:54:13.992, Tesla V100-PCIE-16GB, 55 %, 4 %, 550 MiB, 16384 MiB, 48
2026/08/13 09:54:23.994, Tesla V100-PCIE-16GB, 57 %, 4 %, 550 MiB, 16384 MiB, 47
2026/08/13 09:54:33.995, Tesla V100-PCIE-16GB, 56 %, 4 %, 550 MiB, 16384 MiB, 47
2026/08/13 09:54:43.996, Tesla V100-PCIE-16GB, 58 %, 4 %, 550 MiB, 16384 MiB, 48
2026/08/13 09:54:53.997, Tesla V100-PCIE-16GB, 55 %, 4 %, 550 MiB, 16384 MiB, 48
2026/08/13 09:55:03.999, Tesla V100-PCIE-16GB, 58 %, 4 %, 550 MiB, 16384 MiB, 48
2026/08/13 09:55:14.000, Tesla V100-PCIE-16GB, 57 %, 4 %, 550 MiB, 16384 MiB, 48
2026/08/13 09:55:24.001, Tesla V100-PCIE-16GB, 20 %, 4 %, 550 MiB, 16384 MiB, 48
2026/08/13 09:55:34.049, Tesla V100-PCIE-16GB, 58 %, 4 %, 550 MiB, 16384 MiB, 48
2026/08/13 09:55:44.050, Tesla V100-PCIE-16GB, 58 %, 4 %, 550 MiB, 16384 MiB, 48
2026/08/13 09:55:54.051, Tesla V100-PCIE-16GB, 58 %, 4 %, 550 MiB, 16384 MiB, 48
2026/08/13 09:56:04.053, Tesla V100-PCIE-16GB, 58 %, 4 %, 550 MiB, 16384 MiB, 48
2026/08/13 09:56:14.054, Tesla V100-PCIE-16GB, 59 %, 4 %, 550 MiB, 16384 MiB, 48
2026/08/13 09:56:24.056, Tesla V100-PCIE-16GB, 57 %, 4 %, 550 MiB, 16384 MiB, 48
2026/08/13 09:56:34.058, Tesla V100-PCIE-16GB, 59 %, 4 %, 550 MiB, 16384 MiB, 48
2026/08/13 09:56:44.059, Tesla V100-PCIE-16GB, 58 %, 4 %, 550 MiB, 16384 MiB, 48
2026/08/13 09:56:54.060, Tesla V100-PCIE-16GB, 58 %, 4 %, 550 MiB, 16384 MiB, 48
2026/08/13 09:57:04.062, Tesla V100-PCIE-16GB, 58 %, 4 %, 550 MiB, 16384 MiB, 48
2026/08/13 09:57:14.063, Tesla V100-PCIE-16GB, 58 %, 4 %, 550 MiB, 16384 MiB, 48
2026/08/13 09:57:24.064, Tesla V100-PCIE-16GB, 58 %, 4 %, 550 MiB, 16384 MiB, 47
2026/08/13 09:57:34.072, Tesla V100-PCIE-16GB, 57 %, 4 %, 550 MiB, 16384 MiB, 47
2026/08/13 09:57:44.073, Tesla V100-PCIE-16GB, 58 %, 4 %, 550 MiB, 16384 MiB, 48
2026/08/13 09:57:54.074, Tesla V100-PCIE-16GB, 57 %, 4 %, 550 MiB, 16384 MiB, 48
2026/08/13 09:58:04.075, Tesla V100-PCIE-16GB, 58 %, 4 %, 550 MiB, 16384 MiB, 48
2026/08/13 09:58:14.077, Tesla V100-PCIE-16GB, 57 %, 4 %, 550 MiB, 16384 MiB, 47
2026/08/13 09:58:24.078, Tesla V100-PCIE-16GB, 58 %, 4 %, 550 MiB, 16384 MiB, 47
2026/08/13 09:58:34.079, Tesla V100-PCIE-16GB, 58 %, 4 %, 550 MiB, 16384 MiB, 48
2026/08/13 09:58:44.080, Tesla V100-PCIE-16GB, 58 %, 4 %, 550 MiB, 16384 MiB, 48
2026/08/13 09:58:54.082, Tesla V100-PCIE-16GB, 58 %, 4 %, 550 MiB, 16384 MiB, 48
2026/08/13 09:59:04.083, Tesla V100-PCIE-16GB, 57 %, 4 %, 550 MiB, 16384 MiB, 48
2026/08/13 09:59:14.084, Tesla V100-PCIE-16GB, 59 %, 4 %, 550 MiB, 16384 MiB, 48
2026/08/13 09:59:24.086, Tesla V100-PCIE-16GB, 58 %, 4 %, 550 MiB, 16384 MiB, 48
2026/08/13 09:59:34.088, Tesla V100-PCIE-16GB, 57 %, 4 %, 550 MiB, 16384 MiB, 48
2026/08/13 09:59:44.089, Tesla V100-PCIE-16GB, 58 %, 4 %, 550 MiB, 16384 MiB, 48
2026/08/13 09:59:54.090, Tesla V100-PCIE-16GB, 58 %, 4 %, 550 MiB, 16384 MiB, 48
2026/08/13 10:00:04.092, Tesla V100-PCIE-16GB, 58 %, 4 %, 550 MiB, 16384 MiB, 48
2026/08/13 10:00:14.093, Tesla V100-PCIE-16GB, 57 %, 4 %, 550 MiB, 16384 MiB, 47
2026/08/13 10:00:24.094, Tesla V100-PCIE-16GB, 59 %, 4 %, 550 MiB, 16384 MiB, 48
2026/08/13 10:00:34.095, Tesla V100-PCIE-16GB, 57 %, 4 %, 550 MiB, 16384 MiB, 48
2026/08/13 10:00:44.096, Tesla V100-PCIE-16GB, 59 %, 4 %, 550 MiB, 16384 MiB, 48
2026/08/13 10:00:54.097, Tesla V100-PCIE-16GB, 57 %, 4 %, 550 MiB, 16384 MiB, 48
2026/08/13 10:01:04.098, Tesla V100-PCIE-16GB, 57 %, 4 %, 550 MiB, 16384 MiB, 48
2026/08/13 10:01:14.100, Tesla V100-PCIE-16GB, 58 %, 4 %, 550 MiB, 16384 MiB, 48
2026/08/13 10:01:24.101, Tesla V100-PCIE-16GB, 57 %, 4 %, 550 MiB, 16384 MiB, 48
2026/08/13 10:01:34.164, Tesla V100-PCIE-16GB, 58 %, 4 %, 550 MiB, 16384 MiB, 48
2026/08/13 10:01:44.165, Tesla V100-PCIE-16GB, 58 %, 4 %, 550 MiB, 16384 MiB, 48
2026/08/13 10:01:54.166, Tesla V100-PCIE-16GB, 59 %, 4 %, 550 MiB, 16384 MiB, 48
2026/08/13 10:02:04.167, Tesla V100-PCIE-16GB, 57 %, 4 %, 550 MiB, 16384 MiB, 48
2026/08/13 10:02:14.168, Tesla V100-PCIE-16GB, 17 %, 3 %, 550 MiB, 16384 MiB, 47
2026/08/13 10:02:24.170, Tesla V100-PCIE-16GB, 57 %, 4 %, 550 MiB, 16384 MiB, 48
2026/08/13 10:02:34.171, Tesla V100-PCIE-16GB, 57 %, 4 %, 550 MiB, 16384 MiB, 48
2026/08/13 10:02:44.172, Tesla V100-PCIE-16GB, 58 %, 4 %, 550 MiB, 16384 MiB, 47
2026/08/13 10:02:54.173, Tesla V100-PCIE-16GB, 58 %, 4 %, 550 MiB, 16384 MiB, 47
2026/08/13 10:03:04.175, Tesla V100-PCIE-16GB, 55 %, 4 %, 550 MiB, 16384 MiB, 47
2026/08/13 10:03:14.177, Tesla V100-PCIE-16GB, 58 %, 4 %, 550 MiB, 16384 MiB, 47
2026/08/13 10:03:24.178, Tesla V100-PCIE-16GB, 58 %, 4 %, 550 MiB, 16384 MiB, 47
2026/08/13 10:03:34.179, Tesla V100-PCIE-16GB, 57 %, 4 %, 550 MiB, 16384 MiB, 47
2026/08/13 10:03:44.181, Tesla V100-PCIE-16GB, 58 %, 4 %, 550 MiB, 16384 MiB, 47
2026/08/13 10:03:54.182, Tesla V100-PCIE-16GB, 58 %, 4 %, 550 MiB, 16384 MiB, 47
2026/08/13 10:04:04.184, Tesla V100-PCIE-16GB, 58 %, 4 %, 550 MiB, 16384 MiB, 47
2026/08/13 10:04:14.185, Tesla V100-PCIE-16GB, 58 %, 4 %, 550 MiB, 16384 MiB, 47
2026/08/13 10:04:24.186, Tesla V100-PCIE-16GB, 58 %, 4 %, 550 MiB, 16384 MiB, 47
2026/08/13 10:04:34.187, Tesla V100-PCIE-16GB, 58 %, 4 %, 550 MiB, 16384 MiB, 47
2026/08/13 10:04:44.188, Tesla V100-PCIE-16GB, 58 %, 4 %, 550 MiB, 16384 MiB, 47
2026/08/13 10:04:54.189, Tesla V100-PCIE-16GB, 25 %, 5 %, 550 MiB, 16384 MiB, 47
2026/08/13 10:05:04.191, Tesla V100-PCIE-16GB, 57 %, 4 %, 550 MiB, 16384 MiB, 47
2026/08/13 10:05:14.192, Tesla V100-PCIE-16GB, 58 %, 4 %, 550 MiB, 16384 MiB, 47
2026/08/13 10:05:24.193, Tesla V100-PCIE-16GB, 58 %, 4 %, 550 MiB, 16384 MiB, 47
2026/08/13 10:05:34.201, Tesla V100-PCIE-16GB, 57 %, 4 %, 550 MiB, 16384 MiB, 47
2026/08/13 10:05:44.202, Tesla V100-PCIE-16GB, 58 %, 4 %, 550 MiB, 16384 MiB, 47
2026/08/13 10:05:54.203, Tesla V100-PCIE-16GB, 58 %, 4 %, 550 MiB, 16384 MiB, 48
2026/08/13 10:06:04.204, Tesla V100-PCIE-16GB, 60 %, 4 %, 550 MiB, 16384 MiB, 48
2026/08/13 10:06:14.205, Tesla V100-PCIE-16GB, 58 %, 4 %, 550 MiB, 16384 MiB, 48
2026/08/13 10:06:24.207, Tesla V100-PCIE-16GB, 57 %, 4 %, 550 MiB, 16384 MiB, 47
2026/08/13 10:06:34.208, Tesla V100-PCIE-16GB, 57 %, 4 %, 550 MiB, 16384 MiB, 47
2026/08/13 10:06:44.209, Tesla V100-PCIE-16GB, 58 %, 4 %, 550 MiB, 16384 MiB, 48
2026/08/13 10:06:54.210, Tesla V100-PCIE-16GB, 58 %, 4 %, 550 MiB, 16384 MiB, 47
2026/08/13 10:07:04.211, Tesla V100-PCIE-16GB, 56 %, 4 %, 550 MiB, 16384 MiB, 47
2026/08/13 10:07:14.213, Tesla V100-PCIE-16GB, 58 %, 4 %, 550 MiB, 16384 MiB, 48
2026/08/13 10:07:24.214, Tesla V100-PCIE-16GB, 57 %, 4 %, 550 MiB, 16384 MiB, 47
2026/08/13 10:07:34.216, Tesla V100-PCIE-16GB, 58 %, 4 %, 550 MiB, 16384 MiB, 48
2026/08/13 10:07:44.217, Tesla V100-PCIE-16GB, 57 %, 4 %, 550 MiB, 16384 MiB, 47
2026/08/13 10:07:54.218, Tesla V100-PCIE-16GB, 58 %, 4 %, 550 MiB, 16384 MiB, 48
2026/08/13 10:08:04.219, Tesla V100-PCIE-16GB, 58 %, 4 %, 550 MiB, 16384 MiB, 48
2026/08/13 10:08:14.220, Tesla V100-PCIE-16GB, 58 %, 4 %, 550 MiB, 16384 MiB, 48
2026/08/13 10:08:24.221, Tesla V100-PCIE-16GB, 58 %, 4 %, 550 MiB, 16384 MiB, 48
2026/08/13 10:08:34.223, Tesla V100-PCIE-16GB, 58 %, 4 %, 550 MiB, 16384 MiB, 48
2026/08/13 10:08:44.224, Tesla V100-PCIE-16GB, 58 %, 4 %, 550 MiB, 16384 MiB, 48
2026/08/13 10:08:54.225, Tesla V100-PCIE-16GB, 59 %, 4 %, 550 MiB, 16384 MiB, 48
2026/08/13 10:09:04.227, Tesla V100-PCIE-16GB, 57 %, 4 %, 550 MiB, 16384 MiB, 48
2026/08/13 10:09:14.229, Tesla V100-PCIE-16GB, 58 %, 4 %, 550 MiB, 16384 MiB, 48
2026/08/13 10:09:24.230, Tesla V100-PCIE-16GB, 57 %, 4 %, 550 MiB, 16384 MiB, 48
2026/08/13 10:09:34.232, Tesla V100-PCIE-16GB, 58 %, 4 %, 550 MiB, 16384 MiB, 48
2026/08/13 10:09:44.233, Tesla V100-PCIE-16GB, 58 %, 4 %, 550 MiB, 16384 MiB, 48
2026/08/13 10:09:54.234, Tesla V100-PCIE-16GB, 58 %, 4 %, 550 MiB, 16384 MiB, 48
2026/08/13 10:10:04.236, Tesla V100-PCIE-16GB, 57 %, 4 %, 550 MiB, 16384 MiB, 47
2026/08/13 10:10:14.237, Tesla V100-PCIE-16GB, 58 %, 4 %, 550 MiB, 16384 MiB, 48
2026/08/13 10:10:24.238, Tesla V100-PCIE-16GB, 58 %, 4 %, 550 MiB, 16384 MiB, 48
2026/08/13 10:10:34.239, Tesla V100-PCIE-16GB, 58 %, 4 %, 550 MiB, 16384 MiB, 48
2026/08/13 10:10:44.240, Tesla V100-PCIE-16GB, 58 %, 4 %, 550 MiB, 16384 MiB, 48
2026/08/13 10:10:54.241, Tesla V100-PCIE-16GB, 57 %, 4 %, 550 MiB, 16384 MiB, 48
2026/08/13 10:11:04.243, Tesla V100-PCIE-16GB, 57 %, 4 %, 550 MiB, 16384 MiB, 48
2026/08/13 10:11:14.244, Tesla V100-PCIE-16GB, 57 %, 4 %, 550 MiB, 16384 MiB, 48
2026/08/13 10:11:24.245, Tesla V100-PCIE-16GB, 58 %, 4 %, 550 MiB, 16384 MiB, 48
2026/08/13 10:11:34.246, Tesla V100-PCIE-16GB, 57 %, 4 %, 550 MiB, 16384 MiB, 48
2026/08/13 10:11:44.248, Tesla V100-PCIE-16GB, 42 %, 3 %, 550 MiB, 16384 MiB, 48
2026/08/13 10:11:54.249, Tesla V100-PCIE-16GB, 58 %, 4 %, 550 MiB, 16384 MiB, 48
2026/08/13 10:12:04.250, Tesla V100-PCIE-16GB, 56 %, 4 %, 550 MiB, 16384 MiB, 47
2026/08/13 10:12:14.251, Tesla V100-PCIE-16GB, 58 %, 4 %, 550 MiB, 16384 MiB, 47
2026/08/13 10:12:24.252, Tesla V100-PCIE-16GB, 57 %, 4 %, 550 MiB, 16384 MiB, 48
2026/08/13 10:12:34.254, Tesla V100-PCIE-16GB, 58 %, 4 %, 550 MiB, 16384 MiB, 48
2026/08/13 10:12:44.255, Tesla V100-PCIE-16GB, 57 %, 4 %, 550 MiB, 16384 MiB, 48
2026/08/13 10:12:54.257, Tesla V100-PCIE-16GB, 59 %, 4 %, 550 MiB, 16384 MiB, 48
2026/08/13 10:13:04.258, Tesla V100-PCIE-16GB, 58 %, 4 %, 550 MiB, 16384 MiB, 47
2026/08/13 10:13:14.259, Tesla V100-PCIE-16GB, 57 %, 4 %, 550 MiB, 16384 MiB, 48
2026/08/13 10:13:24.260, Tesla V100-PCIE-16GB, 58 %, 4 %, 550 MiB, 16384 MiB, 47
2026/08/13 10:13:34.261, Tesla V100-PCIE-16GB, 58 %, 4 %, 550 MiB, 16384 MiB, 48
2026/08/13 10:13:44.262, Tesla V100-PCIE-16GB, 58 %, 4 %, 550 MiB, 16384 MiB, 48
2026/08/13 10:13:54.264, Tesla V100-PCIE-16GB, 58 %, 4 %, 550 MiB, 16384 MiB, 47
2026/08/13 10:14:04.265, Tesla V100-PCIE-16GB, 59 %, 4 %, 550 MiB, 16384 MiB, 47
2026/08/13 10:14:14.266, Tesla V100-PCIE-16GB, 58 %, 4 %, 550 MiB, 16384 MiB, 47
2026/08/13 10:14:24.267, Tesla V100-PCIE-16GB, 24 %, 4 %, 550 MiB, 16384 MiB, 47
2026/08/13 10:14:34.268, Tesla V100-PCIE-16GB, 57 %, 4 %, 550 MiB, 16384 MiB, 48
2026/08/13 10:14:44.270, Tesla V100-PCIE-16GB, 58 %, 4 %, 550 MiB, 16384 MiB, 47
2026/08/13 10:14:54.271, Tesla V100-PCIE-16GB, 58 %, 4 %, 550 MiB, 16384 MiB, 47
2026/08/13 10:15:04.272, Tesla V100-PCIE-16GB, 58 %, 4 %, 550 MiB, 16384 MiB, 47
2026/08/13 10:15:14.273, Tesla V100-PCIE-16GB, 58 %, 4 %, 550 MiB, 16384 MiB, 48
2026/08/13 10:15:24.274, Tesla V100-PCIE-16GB, 57 %, 4 %, 550 MiB, 16384 MiB, 47
2026/08/13 10:15:34.276, Tesla V100-PCIE-16GB, 58 %, 4 %, 550 MiB, 16384 MiB, 47
2026/08/13 10:15:44.278, Tesla V100-PCIE-16GB, 57 %, 4 %, 550 MiB, 16384 MiB, 47
2026/08/13 10:15:54.279, Tesla V100-PCIE-16GB, 57 %, 4 %, 550 MiB, 16384 MiB, 47
2026/08/13 10:16:04.280, Tesla V100-PCIE-16GB, 56 %, 4 %, 550 MiB, 16384 MiB, 47
2026/08/13 10:16:14.282, Tesla V100-PCIE-16GB, 58 %, 4 %, 550 MiB, 16384 MiB, 47
2026/08/13 10:16:24.283, Tesla V100-PCIE-16GB, 58 %, 4 %, 550 MiB, 16384 MiB, 47
2026/08/13 10:16:34.284, Tesla V100-PCIE-16GB, 57 %, 4 %, 550 MiB, 16384 MiB, 47
2026/08/13 10:16:44.285, Tesla V100-PCIE-16GB, 59 %, 4 %, 550 MiB, 16384 MiB, 47
2026/08/13 10:16:54.287, Tesla V100-PCIE-16GB, 57 %, 4 %, 550 MiB, 16384 MiB, 47
2026/08/13 10:17:04.288, Tesla V100-PCIE-16GB, 59 %, 4 %, 550 MiB, 16384 MiB, 47
2026/08/13 10:17:14.289, Tesla V100-PCIE-16GB, 57 %, 4 %, 550 MiB, 16384 MiB, 47
2026/08/13 10:17:24.291, Tesla V100-PCIE-16GB, 57 %, 4 %, 550 MiB, 16384 MiB, 47
2026/08/13 10:17:34.303, Tesla V100-PCIE-16GB, 57 %, 4 %, 550 MiB, 16384 MiB, 47
2026/08/13 10:17:44.304, Tesla V100-PCIE-16GB, 58 %, 4 %, 550 MiB, 16384 MiB, 47
2026/08/13 10:17:54.306, Tesla V100-PCIE-16GB, 58 %, 4 %, 550 MiB, 16384 MiB, 47
2026/08/13 10:18:04.307, Tesla V100-PCIE-16GB, 58 %, 4 %, 550 MiB, 16384 MiB, 47
2026/08/13 10:18:14.308, Tesla V100-PCIE-16GB, 59 %, 4 %, 550 MiB, 16384 MiB, 47
2026/08/13 10:18:24.310, Tesla V100-PCIE-16GB, 58 %, 4 %, 550 MiB, 16384 MiB, 47
2026/08/13 10:18:34.311, Tesla V100-PCIE-16GB, 56 %, 4 %, 550 MiB, 16384 MiB, 47
2026/08/13 10:18:44.312, Tesla V100-PCIE-16GB, 58 %, 4 %, 550 MiB, 16384 MiB, 47
2026/08/13 10:18:54.313, Tesla V100-PCIE-16GB, 57 %, 4 %, 550 MiB, 16384 MiB, 47
2026/08/13 10:19:04.314, Tesla V100-PCIE-16GB, 58 %, 4 %, 550 MiB, 16384 MiB, 47
2026/08/13 10:19:14.315, Tesla V100-PCIE-16GB, 57 %, 4 %, 550 MiB, 16384 MiB, 47
2026/08/13 10:19:24.317, Tesla V100-PCIE-16GB, 58 %, 4 %, 550 MiB, 16384 MiB, 47
2026/08/13 10:19:34.366, Tesla V100-PCIE-16GB, 57 %, 4 %, 550 MiB, 16384 MiB, 47
2026/08/13 10:19:44.368, Tesla V100-PCIE-16GB, 59 %, 4 %, 550 MiB, 16384 MiB, 47
2026/08/13 10:19:54.369, Tesla V100-PCIE-16GB, 56 %, 4 %, 550 MiB, 16384 MiB, 47
2026/08/13 10:20:04.370, Tesla V100-PCIE-16GB, 57 %, 4 %, 550 MiB, 16384 MiB, 47
2026/08/13 10:20:14.371, Tesla V100-PCIE-16GB, 58 %, 4 %, 550 MiB, 16384 MiB, 47
2026/08/13 10:20:24.373, Tesla V100-PCIE-16GB, 57 %, 4 %, 550 MiB, 16384 MiB, 47
2026/08/13 10:20:34.374, Tesla V100-PCIE-16GB, 58 %, 4 %, 550 MiB, 16384 MiB, 47
2026/08/13 10:20:44.375, Tesla V100-PCIE-16GB, 58 %, 4 %, 550 MiB, 16384 MiB, 47
2026/08/13 10:20:54.377, Tesla V100-PCIE-16GB, 59 %, 4 %, 550 MiB, 16384 MiB, 47
2026/08/13 10:21:04.378, Tesla V100-PCIE-16GB, 56 %, 4 %, 550 MiB, 16384 MiB, 47
2026/08/13 10:21:14.379, Tesla V100-PCIE-16GB, 54 %, 4 %, 550 MiB, 16384 MiB, 47
2026/08/13 10:21:24.380, Tesla V100-PCIE-16GB, 57 %, 4 %, 550 MiB, 16384 MiB, 47
2026/08/13 10:21:34.381, Tesla V100-PCIE-16GB, 57 %, 4 %, 550 MiB, 16384 MiB, 47
2026/08/13 10:21:44.382, Tesla V100-PCIE-16GB, 56 %, 4 %, 550 MiB, 16384 MiB, 47
2026/08/13 10:21:54.383, Tesla V100-PCIE-16GB, 57 %, 4 %, 550 MiB, 16384 MiB, 47
2026/08/13 10:22:04.385, Tesla V100-PCIE-16GB, 56 %, 4 %, 550 MiB, 16384 MiB, 47
2026/08/13 10:22:14.386, Tesla V100-PCIE-16GB, 58 %, 4 %, 550 MiB, 16384 MiB, 47
2026/08/13 10:22:24.387, Tesla V100-PCIE-16GB, 58 %, 4 %, 550 MiB, 16384 MiB, 47
2026/08/13 10:22:34.388, Tesla V100-PCIE-16GB, 57 %, 4 %, 550 MiB, 16384 MiB, 47
2026/08/13 10:22:44.390, Tesla V100-PCIE-16GB, 58 %, 4 %, 550 MiB, 16384 MiB, 47
2026/08/13 10:22:54.391, Tesla V100-PCIE-16GB, 58 %, 4 %, 550 MiB, 16384 MiB, 47
2026/08/13 10:23:04.392, Tesla V100-PCIE-16GB, 58 %, 4 %, 550 MiB, 16384 MiB, 47
2026/08/13 10:23:14.393, Tesla V100-PCIE-16GB, 58 %, 4 %, 550 MiB, 16384 MiB, 47
2026/08/13 10:23:24.394, Tesla V100-PCIE-16GB, 57 %, 4 %, 550 MiB, 16384 MiB, 47
2026/08/13 10:23:34.439, Tesla V100-PCIE-16GB, 58 %, 4 %, 550 MiB, 16384 MiB, 47
2026/08/13 10:23:44.440, Tesla V100-PCIE-16GB, 57 %, 4 %, 550 MiB, 16384 MiB, 47
2026/08/13 10:23:54.442, Tesla V100-PCIE-16GB, 25 %, 4 %, 550 MiB, 16384 MiB, 47
2026/08/13 10:24:04.443, Tesla V100-PCIE-16GB, 58 %, 4 %, 550 MiB, 16384 MiB, 47
2026/08/13 10:24:14.444, Tesla V100-PCIE-16GB, 58 %, 4 %, 550 MiB, 16384 MiB, 47
2026/08/13 10:24:24.445, Tesla V100-PCIE-16GB, 57 %, 4 %, 550 MiB, 16384 MiB, 47
2026/08/13 10:24:34.446, Tesla V100-PCIE-16GB, 56 %, 4 %, 550 MiB, 16384 MiB, 47
2026/08/13 10:24:44.447, Tesla V100-PCIE-16GB, 58 %, 4 %, 550 MiB, 16384 MiB, 47
2026/08/13 10:24:54.448, Tesla V100-PCIE-16GB, 57 %, 4 %, 550 MiB, 16384 MiB, 47
2026/08/13 10:25:04.450, Tesla V100-PCIE-16GB, 59 %, 4 %, 550 MiB, 16384 MiB, 47
2026/08/13 10:25:14.451, Tesla V100-PCIE-16GB, 58 %, 4 %, 550 MiB, 16384 MiB, 47
2026/08/13 10:25:24.452, Tesla V100-PCIE-16GB, 57 %, 4 %, 550 MiB, 16384 MiB, 47
2026/08/13 10:25:34.454, Tesla V100-PCIE-16GB, 57 %, 4 %, 550 MiB, 16384 MiB, 47
2026/08/13 10:25:44.455, Tesla V100-PCIE-16GB, 58 %, 4 %, 550 MiB, 16384 MiB, 47
2026/08/13 10:25:54.456, Tesla V100-PCIE-16GB, 57 %, 4 %, 550 MiB, 16384 MiB, 47
2026/08/13 10:26:04.457, Tesla V100-PCIE-16GB, 57 %, 4 %, 550 MiB, 16384 MiB, 47
2026/08/13 10:26:14.458, Tesla V100-PCIE-16GB, 59 %, 4 %, 550 MiB, 16384 MiB, 47
2026/08/13 10:26:24.459, Tesla V100-PCIE-16GB, 58 %, 4 %, 550 MiB, 16384 MiB, 47
2026/08/13 10:26:34.460, Tesla V100-PCIE-16GB, 22 %, 4 %, 550 MiB, 16384 MiB, 47
2026/08/13 10:26:44.462, Tesla V100-PCIE-16GB, 57 %, 4 %, 550 MiB, 16384 MiB, 47
2026/08/13 10:26:54.463, Tesla V100-PCIE-16GB, 58 %, 4 %, 550 MiB, 16384 MiB, 47
2026/08/13 10:27:04.464, Tesla V100-PCIE-16GB, 58 %, 4 %, 550 MiB, 16384 MiB, 47
2026/08/13 10:27:14.465, Tesla V100-PCIE-16GB, 58 %, 4 %, 550 MiB, 16384 MiB, 47
2026/08/13 10:27:24.466, Tesla V100-PCIE-16GB, 58 %, 4 %, 550 MiB, 16384 MiB, 47
2026/08/13 10:27:34.477, Tesla V100-PCIE-16GB, 58 %, 4 %, 550 MiB, 16384 MiB, 47
2026/08/13 10:27:44.478, Tesla V100-PCIE-16GB, 57 %, 4 %, 550 MiB, 16384 MiB, 47
2026/08/13 10:27:54.479, Tesla V100-PCIE-16GB, 57 %, 4 %, 550 MiB, 16384 MiB, 47
2026/08/13 10:28:04.480, Tesla V100-PCIE-16GB, 57 %, 4 %, 550 MiB, 16384 MiB, 47
2026/08/13 10:28:14.481, Tesla V100-PCIE-16GB, 58 %, 4 %, 550 MiB, 16384 MiB, 47
2026/08/13 10:28:24.482, Tesla V100-PCIE-16GB, 58 %, 4 %, 550 MiB, 16384 MiB, 47
2026/08/13 10:28:34.484, Tesla V100-PCIE-16GB, 58 %, 4 %, 550 MiB, 16384 MiB, 47
2026/08/13 10:28:44.485, Tesla V100-PCIE-16GB, 58 %, 4 %, 550 MiB, 16384 MiB, 47
2026/08/13 10:28:54.486, Tesla V100-PCIE-16GB, 58 %, 4 %, 550 MiB, 16384 MiB, 47
2026/08/13 10:29:04.487, Tesla V100-PCIE-16GB, 58 %, 4 %, 550 MiB, 16384 MiB, 47
2026/08/13 10:29:14.488, Tesla V100-PCIE-16GB, 59 %, 4 %, 550 MiB, 16384 MiB, 47
2026/08/13 10:29:24.489, Tesla V100-PCIE-16GB, 58 %, 4 %, 550 MiB, 16384 MiB, 47
2026/08/13 10:29:34.491, Tesla V100-PCIE-16GB, 55 %, 4 %, 550 MiB, 16384 MiB, 47
2026/08/13 10:29:44.495, Tesla V100-PCIE-16GB, 59 %, 4 %, 550 MiB, 16384 MiB, 47
2026/08/13 10:29:54.496, Tesla V100-PCIE-16GB, 58 %, 4 %, 550 MiB, 16384 MiB, 47
2026/08/13 10:30:04.497, Tesla V100-PCIE-16GB, 58 %, 4 %, 550 MiB, 16384 MiB, 47
2026/08/13 10:30:14.498, Tesla V100-PCIE-16GB, 58 %, 4 %, 550 MiB, 16384 MiB, 47
2026/08/13 10:30:24.499, Tesla V100-PCIE-16GB, 59 %, 4 %, 550 MiB, 16384 MiB, 47
2026/08/13 10:30:34.501, Tesla V100-PCIE-16GB, 58 %, 4 %, 550 MiB, 16384 MiB, 47
2026/08/13 10:30:44.502, Tesla V100-PCIE-16GB, 57 %, 4 %, 550 MiB, 16384 MiB, 47
2026/08/13 10:30:54.503, Tesla V100-PCIE-16GB, 58 %, 4 %, 550 MiB, 16384 MiB, 47
2026/08/13 10:31:04.504, Tesla V100-PCIE-16GB, 58 %, 4 %, 550 MiB, 16384 MiB, 47
2026/08/13 10:31:14.505, Tesla V100-PCIE-16GB, 58 %, 4 %, 550 MiB, 16384 MiB, 47
2026/08/13 10:31:24.507, Tesla V100-PCIE-16GB, 58 %, 4 %, 550 MiB, 16384 MiB, 47
2026/08/13 10:31:34.509, Tesla V100-PCIE-16GB, 58 %, 4 %, 550 MiB, 16384 MiB, 47
2026/08/13 10:31:44.511, Tesla V100-PCIE-16GB, 57 %, 4 %, 550 MiB, 16384 MiB, 47
2026/08/13 10:31:54.512, Tesla V100-PCIE-16GB, 59 %, 4 %, 550 MiB, 16384 MiB, 47
2026/08/13 10:32:04.514, Tesla V100-PCIE-16GB, 57 %, 4 %, 550 MiB, 16384 MiB, 47
2026/08/13 10:32:14.515, Tesla V100-PCIE-16GB, 58 %, 4 %, 550 MiB, 16384 MiB, 47
2026/08/13 10:32:24.516, Tesla V100-PCIE-16GB, 59 %, 4 %, 550 MiB, 16384 MiB, 47
2026/08/13 10:32:34.517, Tesla V100-PCIE-16GB, 57 %, 4 %, 550 MiB, 16384 MiB, 47
2026/08/13 10:32:44.519, Tesla V100-PCIE-16GB, 58 %, 4 %, 550 MiB, 16384 MiB, 47
2026/08/13 10:32:54.520, Tesla V100-PCIE-16GB, 58 %, 4 %, 550 MiB, 16384 MiB, 47
2026/08/13 10:33:04.521, Tesla V100-PCIE-16GB, 58 %, 4 %, 550 MiB, 16384 MiB, 47
2026/08/13 10:33:14.522, Tesla V100-PCIE-16GB, 58 %, 4 %, 550 MiB, 16384 MiB, 47
2026/08/13 10:33:24.524, Tesla V100-PCIE-16GB, 58 %, 4 %, 550 MiB, 16384 MiB, 47
2026/08/13 10:33:34.525, Tesla V100-PCIE-16GB, 58 %, 4 %, 550 MiB, 16384 MiB, 47
2026/08/13 10:33:44.526, Tesla V100-PCIE-16GB, 58 %, 4 %, 550 MiB, 16384 MiB, 47
2026/08/13 10:33:54.527, Tesla V100-PCIE-16GB, 58 %, 4 %, 550 MiB, 16384 MiB, 47
2026/08/13 10:34:04.528, Tesla V100-PCIE-16GB, 57 %, 4 %, 550 MiB, 16384 MiB, 47
2026/08/13 10:34:14.530, Tesla V100-PCIE-16GB, 59 %, 4 %, 550 MiB, 16384 MiB, 47
2026/08/13 10:34:24.531, Tesla V100-PCIE-16GB, 58 %, 4 %, 550 MiB, 16384 MiB, 47
2026/08/13 10:34:34.532, Tesla V100-PCIE-16GB, 59 %, 4 %, 550 MiB, 16384 MiB, 47
2026/08/13 10:34:44.533, Tesla V100-PCIE-16GB, 58 %, 4 %, 550 MiB, 16384 MiB, 47
2026/08/13 10:34:54.534, Tesla V100-PCIE-16GB, 57 %, 4 %, 550 MiB, 16384 MiB, 47
2026/08/13 10:35:04.535, Tesla V100-PCIE-16GB, 58 %, 4 %, 550 MiB, 16384 MiB, 47
2026/08/13 10:35:14.536, Tesla V100-PCIE-16GB, 58 %, 4 %, 550 MiB, 16384 MiB, 47
2026/08/13 10:35:24.537, Tesla V100-PCIE-16GB, 57 %, 4 %, 550 MiB, 16384 MiB, 47
2026/08/13 10:35:34.539, Tesla V100-PCIE-16GB, 58 %, 4 %, 550 MiB, 16384 MiB, 47
2026/08/13 10:35:44.540, Tesla V100-PCIE-16GB, 58 %, 4 %, 550 MiB, 16384 MiB, 47
2026/08/13 10:35:54.541, Tesla V100-PCIE-16GB, 57 %, 4 %, 550 MiB, 16384 MiB, 47
2026/08/13 10:36:04.542, Tesla V100-PCIE-16GB, 24 %, 4 %, 550 MiB, 16384 MiB, 47
2026/08/13 10:36:14.543, Tesla V100-PCIE-16GB, 58 %, 4 %, 550 MiB, 16384 MiB, 47
2026/08/13 10:36:24.545, Tesla V100-PCIE-16GB, 57 %, 4 %, 550 MiB, 16384 MiB, 47
2026/08/13 10:36:34.546, Tesla V100-PCIE-16GB, 57 %, 4 %, 550 MiB, 16384 MiB, 47
2026/08/13 10:36:44.547, Tesla V100-PCIE-16GB, 58 %, 4 %, 550 MiB, 16384 MiB, 47
2026/08/13 10:36:54.548, Tesla V100-PCIE-16GB, 58 %, 4 %, 550 MiB, 16384 MiB, 47
2026/08/13 10:37:04.550, Tesla V100-PCIE-16GB, 58 %, 4 %, 550 MiB, 16384 MiB, 47
2026/08/13 10:37:14.551, Tesla V100-PCIE-16GB, 58 %, 4 %, 550 MiB, 16384 MiB, 47
2026/08/13 10:37:24.552, Tesla V100-PCIE-16GB, 58 %, 4 %, 550 MiB, 16384 MiB, 47
2026/08/13 10:37:34.553, Tesla V100-PCIE-16GB, 55 %, 4 %, 550 MiB, 16384 MiB, 47
2026/08/13 10:37:44.554, Tesla V100-PCIE-16GB, 58 %, 4 %, 550 MiB, 16384 MiB, 47
2026/08/13 10:37:54.555, Tesla V100-PCIE-16GB, 58 %, 4 %, 550 MiB, 16384 MiB, 47
2026/08/13 10:38:04.556, Tesla V100-PCIE-16GB, 58 %, 4 %, 550 MiB, 16384 MiB, 47
2026/08/13 10:38:14.557, Tesla V100-PCIE-16GB, 53 %, 4 %, 550 MiB, 16384 MiB, 47
2026/08/13 10:38:24.559, Tesla V100-PCIE-16GB, 59 %, 4 %, 550 MiB, 16384 MiB, 47
2026/08/13 10:38:34.560, Tesla V100-PCIE-16GB, 58 %, 4 %, 550 MiB, 16384 MiB, 47
2026/08/13 10:38:44.561, Tesla V100-PCIE-16GB, 58 %, 4 %, 550 MiB, 16384 MiB, 47
2026/08/13 10:38:54.562, Tesla V100-PCIE-16GB, 58 %, 4 %, 550 MiB, 16384 MiB, 47
2026/08/13 10:39:04.563, Tesla V100-PCIE-16GB, 57 %, 4 %, 550 MiB, 16384 MiB, 47
2026/08/13 10:39:14.564, Tesla V100-PCIE-16GB, 58 %, 4 %, 550 MiB, 16384 MiB, 47
2026/08/13 10:39:24.565, Tesla V100-PCIE-16GB, 57 %, 4 %, 550 MiB, 16384 MiB, 47
2026/08/13 10:39:34.566, Tesla V100-PCIE-16GB, 58 %, 4 %, 550 MiB, 16384 MiB, 47
2026/08/13 10:39:44.568, Tesla V100-PCIE-16GB, 58 %, 4 %, 550 MiB, 16384 MiB, 47
2026/08/13 10:39:54.569, Tesla V100-PCIE-16GB, 58 %, 4 %, 550 MiB, 16384 MiB, 47
2026/08/13 10:40:04.570, Tesla V100-PCIE-16GB, 57 %, 4 %, 550 MiB, 16384 MiB, 47
2026/08/13 10:40:14.571, Tesla V100-PCIE-16GB, 58 %, 4 %, 550 MiB, 16384 MiB, 47
2026/08/13 10:40:24.572, Tesla V100-PCIE-16GB, 58 %, 4 %, 550 MiB, 16384 MiB, 47
2026/08/13 10:40:34.573, Tesla V100-PCIE-16GB, 58 %, 4 %, 550 MiB, 16384 MiB, 47
2026/08/13 10:40:44.574, Tesla V100-PCIE-16GB, 59 %, 4 %, 550 MiB, 16384 MiB, 47
2026/08/13 10:40:54.576, Tesla V100-PCIE-16GB, 58 %, 4 %, 550 MiB, 16384 MiB, 47
2026/08/13 10:41:04.577, Tesla V100-PCIE-16GB, 58 %, 4 %, 550 MiB, 16384 MiB, 47
2026/08/13 10:41:14.578, Tesla V100-PCIE-16GB, 57 %, 4 %, 550 MiB, 16384 MiB, 47
2026/08/13 10:41:24.579, Tesla V100-PCIE-16GB, 59 %, 4 %, 550 MiB, 16384 MiB, 47
2026/08/13 10:41:34.580, Tesla V100-PCIE-16GB, 56 %, 4 %, 550 MiB, 16384 MiB, 47
2026/08/13 10:41:44.581, Tesla V100-PCIE-16GB, 58 %, 4 %, 550 MiB, 16384 MiB, 47
2026/08/13 10:41:54.582, Tesla V100-PCIE-16GB, 59 %, 4 %, 550 MiB, 16384 MiB, 47
2026/08/13 10:42:04.584, Tesla V100-PCIE-16GB, 57 %, 4 %, 550 MiB, 16384 MiB, 47
2026/08/13 10:42:14.585, Tesla V100-PCIE-16GB, 58 %, 4 %, 550 MiB, 16384 MiB, 47
2026/08/13 10:42:24.586, Tesla V100-PCIE-16GB, 58 %, 4 %, 550 MiB, 16384 MiB, 47
2026/08/13 10:42:34.588, Tesla V100-PCIE-16GB, 59 %, 4 %, 550 MiB, 16384 MiB, 47
2026/08/13 10:42:44.589, Tesla V100-PCIE-16GB, 57 %, 4 %, 550 MiB, 16384 MiB, 47
2026/08/13 10:42:54.590, Tesla V100-PCIE-16GB, 57 %, 4 %, 550 MiB, 16384 MiB, 47
2026/08/13 10:43:04.591, Tesla V100-PCIE-16GB, 57 %, 4 %, 550 MiB, 16384 MiB, 47
2026/08/13 10:43:14.592, Tesla V100-PCIE-16GB, 58 %, 4 %, 550 MiB, 16384 MiB, 47
2026/08/13 10:43:24.593, Tesla V100-PCIE-16GB, 57 %, 4 %, 550 MiB, 16384 MiB, 47
2026/08/13 10:43:34.595, Tesla V100-PCIE-16GB, 58 %, 4 %, 550 MiB, 16384 MiB, 47
2026/08/13 10:43:44.596, Tesla V100-PCIE-16GB, 58 %, 4 %, 550 MiB, 16384 MiB, 47
2026/08/13 10:43:54.597, Tesla V100-PCIE-16GB, 57 %, 4 %, 550 MiB, 16384 MiB, 47
2026/08/13 10:44:04.598, Tesla V100-PCIE-16GB, 59 %, 4 %, 550 MiB, 16384 MiB, 47
2026/08/13 10:44:14.599, Tesla V100-PCIE-16GB, 58 %, 4 %, 550 MiB, 16384 MiB, 47
2026/08/13 10:44:24.600, Tesla V100-PCIE-16GB, 58 %, 4 %, 550 MiB, 16384 MiB, 47
2026/08/13 10:44:34.602, Tesla V100-PCIE-16GB, 58 %, 4 %, 550 MiB, 16384 MiB, 47
2026/08/13 10:44:44.603, Tesla V100-PCIE-16GB, 58 %, 4 %, 550 MiB, 16384 MiB, 47
timestamp, name, utilization.gpu [%], utilization.memory [%], memory.used [MiB], memory.total [MiB], temperature.gpu
2026/08/13 10:48:07.244, Tesla V100-PCIE-16GB, 0 %, 0 %, 0 MiB, 16384 MiB, 40
2026/08/13 10:48:17.245, Tesla V100-PCIE-16GB, 57 %, 4 %, 548 MiB, 16384 MiB, 42
2026/08/13 10:48:27.246, Tesla V100-PCIE-16GB, 57 %, 4 %, 548 MiB, 16384 MiB, 43
2026/08/13 10:48:37.247, Tesla V100-PCIE-16GB, 54 %, 4 %, 548 MiB, 16384 MiB, 44
2026/08/13 10:48:47.248, Tesla V100-PCIE-16GB, 57 %, 4 %, 548 MiB, 16384 MiB, 44
2026/08/13 10:48:57.250, Tesla V100-PCIE-16GB, 56 %, 4 %, 548 MiB, 16384 MiB, 45
2026/08/13 10:49:07.251, Tesla V100-PCIE-16GB, 57 %, 4 %, 548 MiB, 16384 MiB, 45
2026/08/13 10:49:17.299, Tesla V100-PCIE-16GB, 55 %, 4 %, 548 MiB, 16384 MiB, 45
2026/08/13 10:49:27.300, Tesla V100-PCIE-16GB, 58 %, 4 %, 548 MiB, 16384 MiB, 45
2026/08/13 10:49:37.301, Tesla V100-PCIE-16GB, 56 %, 4 %, 548 MiB, 16384 MiB, 46
2026/08/13 10:49:47.302, Tesla V100-PCIE-16GB, 32 %, 4 %, 548 MiB, 16384 MiB, 46
2026/08/13 10:49:57.303, Tesla V100-PCIE-16GB, 57 %, 4 %, 548 MiB, 16384 MiB, 46
2026/08/13 10:50:07.304, Tesla V100-PCIE-16GB, 56 %, 4 %, 548 MiB, 16384 MiB, 46
2026/08/13 10:50:17.306, Tesla V100-PCIE-16GB, 53 %, 4 %, 548 MiB, 16384 MiB, 46
2026/08/13 10:50:27.307, Tesla V100-PCIE-16GB, 56 %, 4 %, 548 MiB, 16384 MiB, 46
2026/08/13 10:50:37.308, Tesla V100-PCIE-16GB, 58 %, 4 %, 548 MiB, 16384 MiB, 46
2026/08/13 10:50:47.309, Tesla V100-PCIE-16GB, 56 %, 4 %, 548 MiB, 16384 MiB, 46
2026/08/13 10:50:57.310, Tesla V100-PCIE-16GB, 24 %, 4 %, 548 MiB, 16384 MiB, 46
2026/08/13 10:51:07.311, Tesla V100-PCIE-16GB, 57 %, 4 %, 548 MiB, 16384 MiB, 47
2026/08/13 10:51:17.313, Tesla V100-PCIE-16GB, 57 %, 4 %, 548 MiB, 16384 MiB, 47
2026/08/13 10:51:27.314, Tesla V100-PCIE-16GB, 53 %, 4 %, 548 MiB, 16384 MiB, 47
2026/08/13 10:51:37.315, Tesla V100-PCIE-16GB, 57 %, 4 %, 548 MiB, 16384 MiB, 47
2026/08/13 10:51:47.316, Tesla V100-PCIE-16GB, 58 %, 4 %, 548 MiB, 16384 MiB, 47
2026/08/13 10:51:57.317, Tesla V100-PCIE-16GB, 56 %, 4 %, 548 MiB, 16384 MiB, 47
2026/08/13 10:52:07.318, Tesla V100-PCIE-16GB, 28 %, 4 %, 548 MiB, 16384 MiB, 47
2026/08/13 10:52:17.320, Tesla V100-PCIE-16GB, 57 %, 4 %, 548 MiB, 16384 MiB, 47
2026/08/13 10:52:27.322, Tesla V100-PCIE-16GB, 56 %, 4 %, 548 MiB, 16384 MiB, 47
2026/08/13 10:52:37.323, Tesla V100-PCIE-16GB, 56 %, 4 %, 548 MiB, 16384 MiB, 47
2026/08/13 10:52:47.324, Tesla V100-PCIE-16GB, 56 %, 4 %, 548 MiB, 16384 MiB, 47
2026/08/13 10:52:57.325, Tesla V100-PCIE-16GB, 58 %, 4 %, 548 MiB, 16384 MiB, 47
2026/08/13 10:53:07.326, Tesla V100-PCIE-16GB, 55 %, 4 %, 548 MiB, 16384 MiB, 47
2026/08/13 10:53:17.327, Tesla V100-PCIE-16GB, 55 %, 4 %, 548 MiB, 16384 MiB, 47
2026/08/13 10:53:27.328, Tesla V100-PCIE-16GB, 58 %, 4 %, 548 MiB, 16384 MiB, 47
2026/08/13 10:53:37.330, Tesla V100-PCIE-16GB, 55 %, 4 %, 548 MiB, 16384 MiB, 47
2026/08/13 10:53:47.331, Tesla V100-PCIE-16GB, 58 %, 4 %, 550 MiB, 16384 MiB, 47
2026/08/13 10:53:57.332, Tesla V100-PCIE-16GB, 57 %, 4 %, 550 MiB, 16384 MiB, 47
2026/08/13 10:54:07.334, Tesla V100-PCIE-16GB, 58 %, 4 %, 550 MiB, 16384 MiB, 47
2026/08/13 10:54:17.425, Tesla V100-PCIE-16GB, 57 %, 4 %, 550 MiB, 16384 MiB, 47
2026/08/13 10:54:27.427, Tesla V100-PCIE-16GB, 25 %, 5 %, 550 MiB, 16384 MiB, 47
2026/08/13 10:54:37.428, Tesla V100-PCIE-16GB, 57 %, 4 %, 550 MiB, 16384 MiB, 47
2026/08/13 10:54:47.429, Tesla V100-PCIE-16GB, 58 %, 4 %, 550 MiB, 16384 MiB, 47
2026/08/13 10:54:57.430, Tesla V100-PCIE-16GB, 57 %, 4 %, 550 MiB, 16384 MiB, 47
2026/08/13 10:55:07.431, Tesla V100-PCIE-16GB, 58 %, 4 %, 550 MiB, 16384 MiB, 47
2026/08/13 10:55:17.433, Tesla V100-PCIE-16GB, 58 %, 4 %, 550 MiB, 16384 MiB, 47
2026/08/13 10:55:27.434, Tesla V100-PCIE-16GB, 57 %, 4 %, 550 MiB, 16384 MiB, 47
2026/08/13 10:55:37.435, Tesla V100-PCIE-16GB, 59 %, 4 %, 550 MiB, 16384 MiB, 47
2026/08/13 10:55:47.523, Tesla V100-PCIE-16GB, 59 %, 4 %, 550 MiB, 16384 MiB, 47
2026/08/13 10:55:57.524, Tesla V100-PCIE-16GB, 58 %, 4 %, 550 MiB, 16384 MiB, 47
2026/08/13 10:56:07.525, Tesla V100-PCIE-16GB, 58 %, 4 %, 550 MiB, 16384 MiB, 47
2026/08/13 10:56:17.526, Tesla V100-PCIE-16GB, 58 %, 4 %, 550 MiB, 16384 MiB, 47
2026/08/13 10:56:27.528, Tesla V100-PCIE-16GB, 58 %, 4 %, 550 MiB, 16384 MiB, 47
2026/08/13 10:56:37.529, Tesla V100-PCIE-16GB, 56 %, 4 %, 550 MiB, 16384 MiB, 47
2026/08/13 10:56:47.530, Tesla V100-PCIE-16GB, 58 %, 4 %, 550 MiB, 16384 MiB, 47
2026/08/13 10:56:57.531, Tesla V100-PCIE-16GB, 57 %, 4 %, 550 MiB, 16384 MiB, 47
2026/08/13 10:57:07.532, Tesla V100-PCIE-16GB, 58 %, 4 %, 550 MiB, 16384 MiB, 47
2026/08/13 10:57:17.533, Tesla V100-PCIE-16GB, 58 %, 4 %, 550 MiB, 16384 MiB, 47
2026/08/13 10:57:27.534, Tesla V100-PCIE-16GB, 57 %, 4 %, 550 MiB, 16384 MiB, 47
2026/08/13 10:57:37.536, Tesla V100-PCIE-16GB, 58 %, 4 %, 550 MiB, 16384 MiB, 47
2026/08/13 10:57:47.624, Tesla V100-PCIE-16GB, 58 %, 4 %, 550 MiB, 16384 MiB, 47
2026/08/13 10:57:57.626, Tesla V100-PCIE-16GB, 58 %, 4 %, 550 MiB, 16384 MiB, 47
2026/08/13 10:58:07.627, Tesla V100-PCIE-16GB, 58 %, 4 %, 550 MiB, 16384 MiB, 47
2026/08/13 10:58:17.628, Tesla V100-PCIE-16GB, 24 %, 5 %, 550 MiB, 16384 MiB, 47
2026/08/13 10:58:27.629, Tesla V100-PCIE-16GB, 58 %, 4 %, 550 MiB, 16384 MiB, 47
2026/08/13 10:58:37.630, Tesla V100-PCIE-16GB, 57 %, 4 %, 550 MiB, 16384 MiB, 47
2026/08/13 10:58:47.631, Tesla V100-PCIE-16GB, 57 %, 4 %, 550 MiB, 16384 MiB, 47
2026/08/13 10:58:57.632, Tesla V100-PCIE-16GB, 58 %, 4 %, 550 MiB, 16384 MiB, 47
2026/08/13 10:59:07.633, Tesla V100-PCIE-16GB, 58 %, 4 %, 550 MiB, 16384 MiB, 47
2026/08/13 10:59:17.635, Tesla V100-PCIE-16GB, 58 %, 4 %, 550 MiB, 16384 MiB, 47
2026/08/13 10:59:27.636, Tesla V100-PCIE-16GB, 55 %, 4 %, 550 MiB, 16384 MiB, 47
2026/08/13 10:59:37.637, Tesla V100-PCIE-16GB, 58 %, 4 %, 550 MiB, 16384 MiB, 47
2026/08/13 10:59:47.638, Tesla V100-PCIE-16GB, 58 %, 4 %, 550 MiB, 16384 MiB, 47
2026/08/13 10:59:57.639, Tesla V100-PCIE-16GB, 57 %, 4 %, 550 MiB, 16384 MiB, 47
2026/08/13 11:00:07.641, Tesla V100-PCIE-16GB, 58 %, 4 %, 550 MiB, 16384 MiB, 47
2026/08/13 11:00:17.710, Tesla V100-PCIE-16GB, 58 %, 4 %, 550 MiB, 16384 MiB, 47
2026/08/13 11:00:27.711, Tesla V100-PCIE-16GB, 58 %, 4 %, 550 MiB, 16384 MiB, 47
2026/08/13 11:00:37.712, Tesla V100-PCIE-16GB, 59 %, 4 %, 550 MiB, 16384 MiB, 47
2026/08/13 11:00:47.713, Tesla V100-PCIE-16GB, 57 %, 4 %, 550 MiB, 16384 MiB, 47
2026/08/13 11:00:57.714, Tesla V100-PCIE-16GB, 57 %, 4 %, 550 MiB, 16384 MiB, 47
2026/08/13 11:01:07.716, Tesla V100-PCIE-16GB, 58 %, 4 %, 550 MiB, 16384 MiB, 47
2026/08/13 11:01:17.717, Tesla V100-PCIE-16GB, 57 %, 4 %, 550 MiB, 16384 MiB, 47
2026/08/13 11:01:27.718, Tesla V100-PCIE-16GB, 58 %, 4 %, 550 MiB, 16384 MiB, 47
2026/08/13 11:01:37.720, Tesla V100-PCIE-16GB, 56 %, 4 %, 550 MiB, 16384 MiB, 47
2026/08/13 11:01:47.785, Tesla V100-PCIE-16GB, 58 %, 4 %, 550 MiB, 16384 MiB, 47
2026/08/13 11:01:57.786, Tesla V100-PCIE-16GB, 57 %, 4 %, 550 MiB, 16384 MiB, 47
2026/08/13 11:02:07.787, Tesla V100-PCIE-16GB, 23 %, 4 %, 550 MiB, 16384 MiB, 47
2026/08/13 11:02:17.788, Tesla V100-PCIE-16GB, 58 %, 4 %, 550 MiB, 16384 MiB, 47
2026/08/13 11:02:27.789, Tesla V100-PCIE-16GB, 55 %, 4 %, 550 MiB, 16384 MiB, 47
2026/08/13 11:02:37.790, Tesla V100-PCIE-16GB, 58 %, 4 %, 550 MiB, 16384 MiB, 47
2026/08/13 11:02:47.792, Tesla V100-PCIE-16GB, 57 %, 4 %, 550 MiB, 16384 MiB, 47
2026/08/13 11:02:57.793, Tesla V100-PCIE-16GB, 59 %, 4 %, 550 MiB, 16384 MiB, 47
2026/08/13 11:03:07.794, Tesla V100-PCIE-16GB, 56 %, 4 %, 550 MiB, 16384 MiB, 47
2026/08/13 11:03:17.795, Tesla V100-PCIE-16GB, 59 %, 4 %, 550 MiB, 16384 MiB, 47
2026/08/13 11:03:27.796, Tesla V100-PCIE-16GB, 57 %, 4 %, 550 MiB, 16384 MiB, 47
2026/08/13 11:03:37.798, Tesla V100-PCIE-16GB, 57 %, 4 %, 550 MiB, 16384 MiB, 47
2026/08/13 11:03:47.799, Tesla V100-PCIE-16GB, 56 %, 4 %, 550 MiB, 16384 MiB, 47
2026/08/13 11:03:57.800, Tesla V100-PCIE-16GB, 44 %, 3 %, 550 MiB, 16384 MiB, 47
2026/08/13 11:04:07.801, Tesla V100-PCIE-16GB, 58 %, 4 %, 550 MiB, 16384 MiB, 47
2026/08/13 11:04:17.802, Tesla V100-PCIE-16GB, 58 %, 4 %, 550 MiB, 16384 MiB, 47
2026/08/13 11:04:27.804, Tesla V100-PCIE-16GB, 36 %, 4 %, 550 MiB, 16384 MiB, 47
2026/08/13 11:04:37.805, Tesla V100-PCIE-16GB, 58 %, 4 %, 550 MiB, 16384 MiB, 46
2026/08/13 11:04:47.806, Tesla V100-PCIE-16GB, 57 %, 4 %, 550 MiB, 16384 MiB, 46
2026/08/13 11:04:57.807, Tesla V100-PCIE-16GB, 48 %, 3 %, 550 MiB, 16384 MiB, 46
2026/08/13 11:05:07.808, Tesla V100-PCIE-16GB, 57 %, 4 %, 550 MiB, 16384 MiB, 45
2026/08/13 11:05:17.809, Tesla V100-PCIE-16GB, 58 %, 4 %, 550 MiB, 16384 MiB, 45
2026/08/13 11:05:27.811, Tesla V100-PCIE-16GB, 57 %, 4 %, 550 MiB, 16384 MiB, 45
2026/08/13 11:05:37.812, Tesla V100-PCIE-16GB, 58 %, 4 %, 550 MiB, 16384 MiB, 45
2026/08/13 11:05:47.813, Tesla V100-PCIE-16GB, 57 %, 4 %, 550 MiB, 16384 MiB, 44
2026/08/13 11:05:57.814, Tesla V100-PCIE-16GB, 57 %, 4 %, 550 MiB, 16384 MiB, 44
2026/08/13 11:06:07.815, Tesla V100-PCIE-16GB, 48 %, 3 %, 550 MiB, 16384 MiB, 44
2026/08/13 11:06:17.816, Tesla V100-PCIE-16GB, 55 %, 4 %, 550 MiB, 16384 MiB, 44
2026/08/13 11:06:27.817, Tesla V100-PCIE-16GB, 25 %, 4 %, 550 MiB, 16384 MiB, 44
2026/08/13 11:06:37.819, Tesla V100-PCIE-16GB, 58 %, 4 %, 550 MiB, 16384 MiB, 43
2026/08/13 11:06:47.820, Tesla V100-PCIE-16GB, 56 %, 4 %, 550 MiB, 16384 MiB, 43
2026/08/13 11:06:57.821, Tesla V100-PCIE-16GB, 58 %, 4 %, 550 MiB, 16384 MiB, 43
2026/08/13 11:07:07.822, Tesla V100-PCIE-16GB, 44 %, 3 %, 550 MiB, 16384 MiB, 43
2026/08/13 11:07:17.824, Tesla V100-PCIE-16GB, 48 %, 3 %, 550 MiB, 16384 MiB, 43
2026/08/13 11:07:27.825, Tesla V100-PCIE-16GB, 57 %, 4 %, 550 MiB, 16384 MiB, 43
2026/08/13 11:07:37.826, Tesla V100-PCIE-16GB, 56 %, 4 %, 550 MiB, 16384 MiB, 43
2026/08/13 11:07:47.827, Tesla V100-PCIE-16GB, 57 %, 4 %, 550 MiB, 16384 MiB, 43
2026/08/13 11:07:57.829, Tesla V100-PCIE-16GB, 56 %, 4 %, 550 MiB, 16384 MiB, 43
2026/08/13 11:08:07.830, Tesla V100-PCIE-16GB, 48 %, 3 %, 550 MiB, 16384 MiB, 43
2026/08/13 11:08:17.831, Tesla V100-PCIE-16GB, 47 %, 3 %, 550 MiB, 16384 MiB, 43
2026/08/13 11:08:27.833, Tesla V100-PCIE-16GB, 24 %, 4 %, 550 MiB, 16384 MiB, 43
2026/08/13 11:08:37.834, Tesla V100-PCIE-16GB, 55 %, 4 %, 550 MiB, 16384 MiB, 43
2026/08/13 11:08:47.835, Tesla V100-PCIE-16GB, 58 %, 4 %, 550 MiB, 16384 MiB, 43
2026/08/13 11:08:57.836, Tesla V100-PCIE-16GB, 58 %, 4 %, 550 MiB, 16384 MiB, 43
2026/08/13 11:09:07.838, Tesla V100-PCIE-16GB, 57 %, 4 %, 550 MiB, 16384 MiB, 43
2026/08/13 11:09:17.840, Tesla V100-PCIE-16GB, 51 %, 3 %, 550 MiB, 16384 MiB, 42
2026/08/13 11:09:27.841, Tesla V100-PCIE-16GB, 57 %, 4 %, 550 MiB, 16384 MiB, 42
2026/08/13 11:09:37.842, Tesla V100-PCIE-16GB, 57 %, 4 %, 550 MiB, 16384 MiB, 42
2026/08/13 11:09:47.844, Tesla V100-PCIE-16GB, 56 %, 4 %, 550 MiB, 16384 MiB, 42
2026/08/13 11:09:57.845, Tesla V100-PCIE-16GB, 58 %, 4 %, 550 MiB, 16384 MiB, 42
2026/08/13 11:10:07.846, Tesla V100-PCIE-16GB, 51 %, 4 %, 550 MiB, 16384 MiB, 42
2026/08/13 11:10:17.847, Tesla V100-PCIE-16GB, 48 %, 3 %, 550 MiB, 16384 MiB, 42
2026/08/13 11:10:27.849, Tesla V100-PCIE-16GB, 41 %, 4 %, 550 MiB, 16384 MiB, 42
2026/08/13 11:10:37.850, Tesla V100-PCIE-16GB, 57 %, 4 %, 550 MiB, 16384 MiB, 42
2026/08/13 11:10:47.851, Tesla V100-PCIE-16GB, 58 %, 4 %, 550 MiB, 16384 MiB, 42
2026/08/13 11:10:57.853, Tesla V100-PCIE-16GB, 59 %, 4 %, 550 MiB, 16384 MiB, 42
2026/08/13 11:11:07.914, Tesla V100-PCIE-16GB, 57 %, 4 %, 550 MiB, 16384 MiB, 42
2026/08/13 11:11:17.915, Tesla V100-PCIE-16GB, 57 %, 4 %, 550 MiB, 16384 MiB, 42
2026/08/13 11:11:27.916, Tesla V100-PCIE-16GB, 48 %, 3 %, 550 MiB, 16384 MiB, 42
2026/08/13 11:11:37.918, Tesla V100-PCIE-16GB, 58 %, 4 %, 550 MiB, 16384 MiB, 43
2026/08/13 11:11:47.919, Tesla V100-PCIE-16GB, 57 %, 4 %, 550 MiB, 16384 MiB, 42
2026/08/13 11:11:57.920, Tesla V100-PCIE-16GB, 56 %, 4 %, 550 MiB, 16384 MiB, 42
2026/08/13 11:12:07.922, Tesla V100-PCIE-16GB, 58 %, 4 %, 550 MiB, 16384 MiB, 42
2026/08/13 11:12:17.923, Tesla V100-PCIE-16GB, 56 %, 4 %, 550 MiB, 16384 MiB, 42
2026/08/13 11:12:27.924, Tesla V100-PCIE-16GB, 52 %, 4 %, 550 MiB, 16384 MiB, 42
2026/08/13 11:12:37.925, Tesla V100-PCIE-16GB, 56 %, 4 %, 550 MiB, 16384 MiB, 42
2026/08/13 11:12:47.926, Tesla V100-PCIE-16GB, 58 %, 4 %, 550 MiB, 16384 MiB, 42
2026/08/13 11:12:57.930, Tesla V100-PCIE-16GB, 58 %, 4 %, 550 MiB, 16384 MiB, 42
2026/08/13 11:13:07.941, Tesla V100-PCIE-16GB, 56 %, 4 %, 550 MiB, 16384 MiB, 42
2026/08/13 11:13:17.942, Tesla V100-PCIE-16GB, 57 %, 4 %, 550 MiB, 16384 MiB, 42
2026/08/13 11:13:27.943, Tesla V100-PCIE-16GB, 56 %, 4 %, 550 MiB, 16384 MiB, 42
2026/08/13 11:13:37.944, Tesla V100-PCIE-16GB, 46 %, 3 %, 550 MiB, 16384 MiB, 42
2026/08/13 11:13:47.945, Tesla V100-PCIE-16GB, 56 %, 4 %, 550 MiB, 16384 MiB, 42
2026/08/13 11:13:57.951, Tesla V100-PCIE-16GB, 57 %, 4 %, 550 MiB, 16384 MiB, 42
2026/08/13 11:14:07.955, Tesla V100-PCIE-16GB, 56 %, 4 %, 550 MiB, 16384 MiB, 43
2026/08/13 11:14:17.957, Tesla V100-PCIE-16GB, 57 %, 4 %, 550 MiB, 16384 MiB, 43
2026/08/13 11:14:27.958, Tesla V100-PCIE-16GB, 57 %, 4 %, 550 MiB, 16384 MiB, 44
2026/08/13 11:14:37.959, Tesla V100-PCIE-16GB, 58 %, 4 %, 550 MiB, 16384 MiB, 44
2026/08/13 11:14:47.960, Tesla V100-PCIE-16GB, 57 %, 4 %, 550 MiB, 16384 MiB, 45
2026/08/13 11:14:57.961, Tesla V100-PCIE-16GB, 57 %, 4 %, 550 MiB, 16384 MiB, 45
2026/08/13 11:15:07.962, Tesla V100-PCIE-16GB, 58 %, 4 %, 550 MiB, 16384 MiB, 46
2026/08/13 11:15:17.964, Tesla V100-PCIE-16GB, 58 %, 4 %, 550 MiB, 16384 MiB, 46
2026/08/13 11:15:27.965, Tesla V100-PCIE-16GB, 57 %, 4 %, 550 MiB, 16384 MiB, 47
2026/08/13 11:15:37.966, Tesla V100-PCIE-16GB, 55 %, 4 %, 550 MiB, 16384 MiB, 47
2026/08/13 11:15:47.967, Tesla V100-PCIE-16GB, 58 %, 4 %, 550 MiB, 16384 MiB, 47
2026/08/13 11:15:57.968, Tesla V100-PCIE-16GB, 58 %, 4 %, 550 MiB, 16384 MiB, 47
2026/08/13 11:16:07.970, Tesla V100-PCIE-16GB, 58 %, 4 %, 550 MiB, 16384 MiB, 47
2026/08/13 11:16:17.972, Tesla V100-PCIE-16GB, 56 %, 4 %, 550 MiB, 16384 MiB, 47
2026/08/13 11:16:27.973, Tesla V100-PCIE-16GB, 58 %, 4 %, 550 MiB, 16384 MiB, 47
2026/08/13 11:16:37.974, Tesla V100-PCIE-16GB, 57 %, 4 %, 550 MiB, 16384 MiB, 47
2026/08/13 11:16:47.975, Tesla V100-PCIE-16GB, 57 %, 4 %, 550 MiB, 16384 MiB, 47
2026/08/13 11:16:57.976, Tesla V100-PCIE-16GB, 57 %, 4 %, 550 MiB, 16384 MiB, 47
2026/08/13 11:17:07.977, Tesla V100-PCIE-16GB, 57 %, 4 %, 550 MiB, 16384 MiB, 47
2026/08/13 11:17:17.979, Tesla V100-PCIE-16GB, 58 %, 4 %, 550 MiB, 16384 MiB, 47
2026/08/13 11:17:27.980, Tesla V100-PCIE-16GB, 58 %, 4 %, 550 MiB, 16384 MiB, 47
2026/08/13 11:17:37.981, Tesla V100-PCIE-16GB, 57 %, 4 %, 550 MiB, 16384 MiB, 47
2026/08/13 11:17:47.982, Tesla V100-PCIE-16GB, 57 %, 4 %, 550 MiB, 16384 MiB, 47
2026/08/13 11:17:57.983, Tesla V100-PCIE-16GB, 58 %, 4 %, 550 MiB, 16384 MiB, 47
2026/08/13 11:18:07.984, Tesla V100-PCIE-16GB, 57 %, 4 %, 550 MiB, 16384 MiB, 47
2026/08/13 11:18:17.985, Tesla V100-PCIE-16GB, 59 %, 4 %, 550 MiB, 16384 MiB, 47
2026/08/13 11:18:27.986, Tesla V100-PCIE-16GB, 57 %, 4 %, 550 MiB, 16384 MiB, 47
2026/08/13 11:18:37.988, Tesla V100-PCIE-16GB, 55 %, 4 %, 550 MiB, 16384 MiB, 47
2026/08/13 11:18:47.989, Tesla V100-PCIE-16GB, 58 %, 4 %, 550 MiB, 16384 MiB, 47
2026/08/13 11:18:57.990, Tesla V100-PCIE-16GB, 58 %, 4 %, 550 MiB, 16384 MiB, 47
2026/08/13 11:19:07.991, Tesla V100-PCIE-16GB, 58 %, 4 %, 550 MiB, 16384 MiB, 47
2026/08/13 11:19:17.992, Tesla V100-PCIE-16GB, 57 %, 4 %, 550 MiB, 16384 MiB, 47
2026/08/13 11:19:27.994, Tesla V100-PCIE-16GB, 58 %, 4 %, 550 MiB, 16384 MiB, 47
2026/08/13 11:19:37.995, Tesla V100-PCIE-16GB, 57 %, 4 %, 550 MiB, 16384 MiB, 47
2026/08/13 11:19:47.996, Tesla V100-PCIE-16GB, 59 %, 4 %, 550 MiB, 16384 MiB, 47
2026/08/13 11:19:57.997, Tesla V100-PCIE-16GB, 58 %, 4 %, 550 MiB, 16384 MiB, 47
2026/08/13 11:20:07.998, Tesla V100-PCIE-16GB, 58 %, 4 %, 550 MiB, 16384 MiB, 47
2026/08/13 11:20:17.999, Tesla V100-PCIE-16GB, 57 %, 4 %, 550 MiB, 16384 MiB, 47
2026/08/13 11:20:28.001, Tesla V100-PCIE-16GB, 56 %, 4 %, 550 MiB, 16384 MiB, 47
2026/08/13 11:20:38.002, Tesla V100-PCIE-16GB, 58 %, 4 %, 550 MiB, 16384 MiB, 47
2026/08/13 11:20:48.003, Tesla V100-PCIE-16GB, 57 %, 4 %, 550 MiB, 16384 MiB, 47
2026/08/13 11:20:58.005, Tesla V100-PCIE-16GB, 59 %, 4 %, 550 MiB, 16384 MiB, 47
2026/08/13 11:21:08.006, Tesla V100-PCIE-16GB, 56 %, 4 %, 550 MiB, 16384 MiB, 47
2026/08/13 11:21:18.007, Tesla V100-PCIE-16GB, 58 %, 4 %, 550 MiB, 16384 MiB, 47
2026/08/13 11:21:28.008, Tesla V100-PCIE-16GB, 50 %, 3 %, 550 MiB, 16384 MiB, 47
2026/08/13 11:21:38.009, Tesla V100-PCIE-16GB, 56 %, 4 %, 550 MiB, 16384 MiB, 47
2026/08/13 11:21:48.010, Tesla V100-PCIE-16GB, 57 %, 4 %, 550 MiB, 16384 MiB, 47
2026/08/13 11:21:58.012, Tesla V100-PCIE-16GB, 57 %, 4 %, 550 MiB, 16384 MiB, 47
2026/08/13 11:22:08.013, Tesla V100-PCIE-16GB, 58 %, 4 %, 550 MiB, 16384 MiB, 47
2026/08/13 11:22:18.015, Tesla V100-PCIE-16GB, 56 %, 4 %, 550 MiB, 16384 MiB, 47
2026/08/13 11:22:28.016, Tesla V100-PCIE-16GB, 30 %, 4 %, 550 MiB, 16384 MiB, 47
2026/08/13 11:22:38.017, Tesla V100-PCIE-16GB, 57 %, 4 %, 550 MiB, 16384 MiB, 47
2026/08/13 11:22:48.018, Tesla V100-PCIE-16GB, 57 %, 4 %, 550 MiB, 16384 MiB, 47
2026/08/13 11:22:58.019, Tesla V100-PCIE-16GB, 58 %, 4 %, 550 MiB, 16384 MiB, 47
2026/08/13 11:23:08.020, Tesla V100-PCIE-16GB, 57 %, 4 %, 550 MiB, 16384 MiB, 47
2026/08/13 11:23:18.021, Tesla V100-PCIE-16GB, 58 %, 4 %, 550 MiB, 16384 MiB, 47
2026/08/13 11:23:28.023, Tesla V100-PCIE-16GB, 57 %, 4 %, 550 MiB, 16384 MiB, 47
2026/08/13 11:23:38.024, Tesla V100-PCIE-16GB, 57 %, 4 %, 550 MiB, 16384 MiB, 47
2026/08/13 11:23:48.025, Tesla V100-PCIE-16GB, 56 %, 4 %, 550 MiB, 16384 MiB, 47
2026/08/13 11:23:58.027, Tesla V100-PCIE-16GB, 55 %, 4 %, 550 MiB, 16384 MiB, 47
2026/08/13 11:24:08.028, Tesla V100-PCIE-16GB, 57 %, 4 %, 550 MiB, 16384 MiB, 47
2026/08/13 11:24:18.029, Tesla V100-PCIE-16GB, 58 %, 4 %, 550 MiB, 16384 MiB, 47
2026/08/13 11:24:28.030, Tesla V100-PCIE-16GB, 58 %, 4 %, 550 MiB, 16384 MiB, 47
2026/08/13 11:24:38.031, Tesla V100-PCIE-16GB, 57 %, 4 %, 550 MiB, 16384 MiB, 47
2026/08/13 11:24:48.032, Tesla V100-PCIE-16GB, 59 %, 4 %, 550 MiB, 16384 MiB, 47
2026/08/13 11:24:58.034, Tesla V100-PCIE-16GB, 58 %, 4 %, 550 MiB, 16384 MiB, 47
2026/08/13 11:25:08.035, Tesla V100-PCIE-16GB, 57 %, 4 %, 550 MiB, 16384 MiB, 47
2026/08/13 11:25:18.036, Tesla V100-PCIE-16GB, 47 %, 22 %, 610 MiB, 16384 MiB, 49
2026/08/13 11:25:28.037, Tesla V100-PCIE-16GB, 56 %, 27 %, 610 MiB, 16384 MiB, 50
2026/08/13 11:25:38.038, Tesla V100-PCIE-16GB, 76 %, 2 %, 808 MiB, 16384 MiB, 48
2026/08/13 11:25:48.040, Tesla V100-PCIE-16GB, 70 %, 2 %, 808 MiB, 16384 MiB, 48
2026/08/13 11:25:58.041, Tesla V100-PCIE-16GB, 74 %, 2 %, 810 MiB, 16384 MiB, 47
2026/08/13 11:26:08.109, Tesla V100-PCIE-16GB, 71 %, 2 %, 810 MiB, 16384 MiB, 47
2026/08/13 11:26:18.110, Tesla V100-PCIE-16GB, 0 %, 0 %, 4 MiB, 16384 MiB, 45
2026/08/13 11:26:28.112, Tesla V100-PCIE-16GB, 34 %, 13 %, 1214 MiB, 16384 MiB, 49
2026/08/13 11:26:38.113, Tesla V100-PCIE-16GB, 56 %, 21 %, 1214 MiB, 16384 MiB, 50
2026/08/13 11:26:48.114, Tesla V100-PCIE-16GB, 52 %, 19 %, 1214 MiB, 16384 MiB, 51
2026/08/13 11:26:58.115, Tesla V100-PCIE-16GB, 47 %, 16 %, 1214 MiB, 16384 MiB, 52
2026/08/13 11:27:08.117, Tesla V100-PCIE-16GB, 52 %, 19 %, 1214 MiB, 16384 MiB, 52
2026/08/13 11:27:18.118, Tesla V100-PCIE-16GB, 44 %, 17 %, 1214 MiB, 16384 MiB, 52
2026/08/13 11:27:28.119, Tesla V100-PCIE-16GB, 47 %, 17 %, 1214 MiB, 16384 MiB, 53
2026/08/13 11:27:38.120, Tesla V100-PCIE-16GB, 0 %, 0 %, 0 MiB, 16384 MiB, 51
2026/08/13 11:27:48.122, Tesla V100-PCIE-16GB, 69 %, 9 %, 638 MiB, 16384 MiB, 51
2026/08/13 11:27:58.123, Tesla V100-PCIE-16GB, 67 %, 9 %, 638 MiB, 16384 MiB, 51
2026/08/13 11:28:08.124, Tesla V100-PCIE-16GB, 68 %, 9 %, 638 MiB, 16384 MiB, 51
2026/08/13 11:28:18.125, Tesla V100-PCIE-16GB, 68 %, 9 %, 638 MiB, 16384 MiB, 51
2026/08/13 11:28:28.126, Tesla V100-PCIE-16GB, 67 %, 8 %, 638 MiB, 16384 MiB, 52
2026/08/13 11:28:38.186, Tesla V100-PCIE-16GB, 70 %, 9 %, 640 MiB, 16384 MiB, 52
2026/08/13 11:28:48.187, Tesla V100-PCIE-16GB, 69 %, 9 %, 640 MiB, 16384 MiB, 52
2026/08/13 11:28:58.188, Tesla V100-PCIE-16GB, 68 %, 9 %, 640 MiB, 16384 MiB, 52
2026/08/13 11:29:08.190, Tesla V100-PCIE-16GB, 67 %, 9 %, 640 MiB, 16384 MiB, 52
2026/08/13 11:29:18.191, Tesla V100-PCIE-16GB, 67 %, 8 %, 640 MiB, 16384 MiB, 52
2026/08/13 11:29:28.192, Tesla V100-PCIE-16GB, 69 %, 9 %, 640 MiB, 16384 MiB, 52
2026/08/13 11:29:38.193, Tesla V100-PCIE-16GB, 68 %, 9 %, 640 MiB, 16384 MiB, 52
2026/08/13 11:29:48.194, Tesla V100-PCIE-16GB, 68 %, 9 %, 640 MiB, 16384 MiB, 52
2026/08/13 11:29:58.195, Tesla V100-PCIE-16GB, 69 %, 9 %, 640 MiB, 16384 MiB, 52
2026/08/13 11:30:08.196, Tesla V100-PCIE-16GB, 68 %, 9 %, 640 MiB, 16384 MiB, 52
2026/08/13 11:30:18.198, Tesla V100-PCIE-16GB, 69 %, 9 %, 640 MiB, 16384 MiB, 52
2026/08/13 11:30:28.199, Tesla V100-PCIE-16GB, 68 %, 9 %, 640 MiB, 16384 MiB, 52
2026/08/13 11:30:38.200, Tesla V100-PCIE-16GB, 68 %, 9 %, 640 MiB, 16384 MiB, 52
2026/08/13 11:30:48.202, Tesla V100-PCIE-16GB, 69 %, 9 %, 640 MiB, 16384 MiB, 52
2026/08/13 11:30:58.203, Tesla V100-PCIE-16GB, 65 %, 8 %, 640 MiB, 16384 MiB, 52
2026/08/13 11:31:08.226, Tesla V100-PCIE-16GB, 69 %, 9 %, 640 MiB, 16384 MiB, 52
2026/08/13 11:31:18.227, Tesla V100-PCIE-16GB, 69 %, 9 %, 640 MiB, 16384 MiB, 52
2026/08/13 11:31:28.228, Tesla V100-PCIE-16GB, 69 %, 9 %, 640 MiB, 16384 MiB, 52
2026/08/13 11:31:38.229, Tesla V100-PCIE-16GB, 67 %, 8 %, 640 MiB, 16384 MiB, 52
2026/08/13 11:31:48.230, Tesla V100-PCIE-16GB, 69 %, 9 %, 640 MiB, 16384 MiB, 52
2026/08/13 11:31:58.232, Tesla V100-PCIE-16GB, 69 %, 9 %, 640 MiB, 16384 MiB, 52
2026/08/13 11:32:08.233, Tesla V100-PCIE-16GB, 68 %, 8 %, 640 MiB, 16384 MiB, 52
2026/08/13 11:32:18.234, Tesla V100-PCIE-16GB, 68 %, 9 %, 640 MiB, 16384 MiB, 52
2026/08/13 11:32:28.235, Tesla V100-PCIE-16GB, 69 %, 9 %, 640 MiB, 16384 MiB, 52
2026/08/13 11:32:38.236, Tesla V100-PCIE-16GB, 69 %, 9 %, 640 MiB, 16384 MiB, 52
2026/08/13 11:32:48.237, Tesla V100-PCIE-16GB, 68 %, 9 %, 640 MiB, 16384 MiB, 52
2026/08/13 11:32:58.238, Tesla V100-PCIE-16GB, 69 %, 9 %, 640 MiB, 16384 MiB, 52
2026/08/13 11:33:08.239, Tesla V100-PCIE-16GB, 66 %, 8 %, 640 MiB, 16384 MiB, 52
2026/08/13 11:33:18.241, Tesla V100-PCIE-16GB, 68 %, 9 %, 640 MiB, 16384 MiB, 52
2026/08/13 11:33:28.242, Tesla V100-PCIE-16GB, 68 %, 9 %, 640 MiB, 16384 MiB, 52
2026/08/13 11:33:38.243, Tesla V100-PCIE-16GB, 69 %, 9 %, 640 MiB, 16384 MiB, 52
2026/08/13 11:33:48.244, Tesla V100-PCIE-16GB, 69 %, 9 %, 640 MiB, 16384 MiB, 52
2026/08/13 11:33:58.245, Tesla V100-PCIE-16GB, 68 %, 9 %, 640 MiB, 16384 MiB, 52
2026/08/13 11:34:08.246, Tesla V100-PCIE-16GB, 49 %, 15 %, 640 MiB, 16384 MiB, 52
2026/08/13 11:34:18.247, Tesla V100-PCIE-16GB, 69 %, 9 %, 640 MiB, 16384 MiB, 52
2026/08/13 11:34:28.251, Tesla V100-PCIE-16GB, 68 %, 9 %, 640 MiB, 16384 MiB, 52
2026/08/13 11:34:38.253, Tesla V100-PCIE-16GB, 69 %, 9 %, 640 MiB, 16384 MiB, 52
2026/08/13 11:34:48.254, Tesla V100-PCIE-16GB, 69 %, 9 %, 640 MiB, 16384 MiB, 52
2026/08/13 11:34:58.255, Tesla V100-PCIE-16GB, 67 %, 9 %, 640 MiB, 16384 MiB, 52
2026/08/13 11:35:08.288, Tesla V100-PCIE-16GB, 68 %, 9 %, 640 MiB, 16384 MiB, 52
2026/08/13 11:35:18.290, Tesla V100-PCIE-16GB, 69 %, 9 %, 640 MiB, 16384 MiB, 52
2026/08/13 11:35:28.291, Tesla V100-PCIE-16GB, 68 %, 9 %, 640 MiB, 16384 MiB, 52
2026/08/13 11:35:38.292, Tesla V100-PCIE-16GB, 68 %, 9 %, 640 MiB, 16384 MiB, 52
2026/08/13 11:35:48.293, Tesla V100-PCIE-16GB, 69 %, 9 %, 640 MiB, 16384 MiB, 52
2026/08/13 11:35:58.294, Tesla V100-PCIE-16GB, 67 %, 8 %, 640 MiB, 16384 MiB, 52
2026/08/13 11:36:08.295, Tesla V100-PCIE-16GB, 68 %, 9 %, 640 MiB, 16384 MiB, 52
2026/08/13 11:36:18.297, Tesla V100-PCIE-16GB, 67 %, 8 %, 640 MiB, 16384 MiB, 52
2026/08/13 11:36:28.389, Tesla V100-PCIE-16GB, 68 %, 9 %, 640 MiB, 16384 MiB, 52
2026/08/13 11:36:38.390, Tesla V100-PCIE-16GB, 69 %, 9 %, 640 MiB, 16384 MiB, 52
2026/08/13 11:36:48.391, Tesla V100-PCIE-16GB, 65 %, 8 %, 640 MiB, 16384 MiB, 52
2026/08/13 11:36:58.392, Tesla V100-PCIE-16GB, 68 %, 9 %, 640 MiB, 16384 MiB, 52
2026/08/13 11:37:08.393, Tesla V100-PCIE-16GB, 67 %, 8 %, 640 MiB, 16384 MiB, 52
2026/08/13 11:37:18.394, Tesla V100-PCIE-16GB, 70 %, 9 %, 640 MiB, 16384 MiB, 52
2026/08/13 11:37:28.395, Tesla V100-PCIE-16GB, 66 %, 8 %, 640 MiB, 16384 MiB, 52
2026/08/13 11:37:38.397, Tesla V100-PCIE-16GB, 69 %, 9 %, 640 MiB, 16384 MiB, 52
2026/08/13 11:37:48.398, Tesla V100-PCIE-16GB, 69 %, 9 %, 640 MiB, 16384 MiB, 52
2026/08/13 11:37:58.399, Tesla V100-PCIE-16GB, 69 %, 9 %, 640 MiB, 16384 MiB, 52
2026/08/13 11:38:08.401, Tesla V100-PCIE-16GB, 69 %, 9 %, 640 MiB, 16384 MiB, 52
2026/08/13 11:38:18.402, Tesla V100-PCIE-16GB, 71 %, 9 %, 640 MiB, 16384 MiB, 52
2026/08/13 11:38:28.457, Tesla V100-PCIE-16GB, 68 %, 9 %, 640 MiB, 16384 MiB, 52
2026/08/13 11:38:38.458, Tesla V100-PCIE-16GB, 68 %, 9 %, 640 MiB, 16384 MiB, 52
2026/08/13 11:38:48.459, Tesla V100-PCIE-16GB, 68 %, 8 %, 640 MiB, 16384 MiB, 52
2026/08/13 11:38:58.460, Tesla V100-PCIE-16GB, 69 %, 9 %, 640 MiB, 16384 MiB, 52
2026/08/13 11:39:08.461, Tesla V100-PCIE-16GB, 69 %, 9 %, 640 MiB, 16384 MiB, 52
2026/08/13 11:39:18.463, Tesla V100-PCIE-16GB, 68 %, 9 %, 640 MiB, 16384 MiB, 52
2026/08/13 11:39:28.464, Tesla V100-PCIE-16GB, 69 %, 9 %, 640 MiB, 16384 MiB, 52
2026/08/13 11:39:38.465, Tesla V100-PCIE-16GB, 65 %, 8 %, 640 MiB, 16384 MiB, 52
2026/08/13 11:39:48.466, Tesla V100-PCIE-16GB, 25 %, 13 %, 640 MiB, 16384 MiB, 52
2026/08/13 11:39:58.467, Tesla V100-PCIE-16GB, 56 %, 22 %, 1220 MiB, 16384 MiB, 53
2026/08/13 11:40:08.468, Tesla V100-PCIE-16GB, 56 %, 22 %, 1220 MiB, 16384 MiB, 53
2026/08/13 11:40:18.470, Tesla V100-PCIE-16GB, 52 %, 19 %, 1220 MiB, 16384 MiB, 53
2026/08/13 11:40:28.525, Tesla V100-PCIE-16GB, 46 %, 17 %, 1220 MiB, 16384 MiB, 53
2026/08/13 11:40:38.526, Tesla V100-PCIE-16GB, 48 %, 17 %, 1220 MiB, 16384 MiB, 53
2026/08/13 11:40:48.527, Tesla V100-PCIE-16GB, 52 %, 19 %, 1220 MiB, 16384 MiB, 53
2026/08/13 11:40:58.528, Tesla V100-PCIE-16GB, 32 %, 12 %, 1220 MiB, 16384 MiB, 54
2026/08/13 11:41:08.596, Tesla V100-PCIE-16GB, 0 %, 0 %, 1217 MiB, 16384 MiB, 51
2026/08/13 11:41:18.597, Tesla V100-PCIE-16GB, 69 %, 9 %, 638 MiB, 16384 MiB, 51
2026/08/13 11:41:28.598, Tesla V100-PCIE-16GB, 66 %, 8 %, 638 MiB, 16384 MiB, 51
2026/08/13 11:41:38.599, Tesla V100-PCIE-16GB, 68 %, 9 %, 638 MiB, 16384 MiB, 52
2026/08/13 11:41:48.600, Tesla V100-PCIE-16GB, 69 %, 9 %, 638 MiB, 16384 MiB, 52
2026/08/13 11:41:58.601, Tesla V100-PCIE-16GB, 65 %, 8 %, 638 MiB, 16384 MiB, 52
2026/08/13 11:42:08.603, Tesla V100-PCIE-16GB, 69 %, 9 %, 640 MiB, 16384 MiB, 52
2026/08/13 11:42:18.604, Tesla V100-PCIE-16GB, 68 %, 9 %, 640 MiB, 16384 MiB, 52
2026/08/13 11:42:28.605, Tesla V100-PCIE-16GB, 68 %, 9 %, 640 MiB, 16384 MiB, 52
2026/08/13 11:42:38.606, Tesla V100-PCIE-16GB, 69 %, 9 %, 640 MiB, 16384 MiB, 52
2026/08/13 11:42:48.607, Tesla V100-PCIE-16GB, 69 %, 9 %, 640 MiB, 16384 MiB, 52
2026/08/13 11:42:58.672, Tesla V100-PCIE-16GB, 69 %, 9 %, 640 MiB, 16384 MiB, 52
2026/08/13 11:43:08.674, Tesla V100-PCIE-16GB, 69 %, 9 %, 640 MiB, 16384 MiB, 52
2026/08/13 11:43:18.675, Tesla V100-PCIE-16GB, 69 %, 9 %, 640 MiB, 16384 MiB, 52
2026/08/13 11:43:28.757, Tesla V100-PCIE-16GB, 69 %, 9 %, 640 MiB, 16384 MiB, 52
2026/08/13 11:43:38.758, Tesla V100-PCIE-16GB, 69 %, 9 %, 640 MiB, 16384 MiB, 52
2026/08/13 11:43:48.759, Tesla V100-PCIE-16GB, 67 %, 8 %, 640 MiB, 16384 MiB, 52
2026/08/13 11:43:58.761, Tesla V100-PCIE-16GB, 69 %, 9 %, 640 MiB, 16384 MiB, 52
2026/08/13 11:44:08.762, Tesla V100-PCIE-16GB, 69 %, 9 %, 640 MiB, 16384 MiB, 52
2026/08/13 11:44:18.763, Tesla V100-PCIE-16GB, 67 %, 9 %, 640 MiB, 16384 MiB, 52
2026/08/13 11:44:28.764, Tesla V100-PCIE-16GB, 49 %, 15 %, 640 MiB, 16384 MiB, 52
2026/08/13 11:44:38.765, Tesla V100-PCIE-16GB, 67 %, 9 %, 640 MiB, 16384 MiB, 52
2026/08/13 11:44:48.767, Tesla V100-PCIE-16GB, 69 %, 9 %, 640 MiB, 16384 MiB, 52
2026/08/13 11:44:58.817, Tesla V100-PCIE-16GB, 67 %, 9 %, 640 MiB, 16384 MiB, 52
2026/08/13 11:45:08.818, Tesla V100-PCIE-16GB, 66 %, 8 %, 640 MiB, 16384 MiB, 52
2026/08/13 11:45:18.819, Tesla V100-PCIE-16GB, 69 %, 9 %, 640 MiB, 16384 MiB, 52
2026/08/13 11:45:28.820, Tesla V100-PCIE-16GB, 68 %, 9 %, 640 MiB, 16384 MiB, 52
2026/08/13 11:45:38.822, Tesla V100-PCIE-16GB, 68 %, 9 %, 640 MiB, 16384 MiB, 52
2026/08/13 11:45:48.823, Tesla V100-PCIE-16GB, 69 %, 9 %, 640 MiB, 16384 MiB, 52
2026/08/13 11:45:58.824, Tesla V100-PCIE-16GB, 69 %, 9 %, 640 MiB, 16384 MiB, 52
2026/08/13 11:46:08.825, Tesla V100-PCIE-16GB, 68 %, 9 %, 640 MiB, 16384 MiB, 52
2026/08/13 11:46:18.826, Tesla V100-PCIE-16GB, 69 %, 9 %, 640 MiB, 16384 MiB, 52
2026/08/13 11:46:28.827, Tesla V100-PCIE-16GB, 69 %, 9 %, 640 MiB, 16384 MiB, 52
2026/08/13 11:46:38.828, Tesla V100-PCIE-16GB, 66 %, 8 %, 640 MiB, 16384 MiB, 52
2026/08/13 11:46:48.830, Tesla V100-PCIE-16GB, 68 %, 8 %, 640 MiB, 16384 MiB, 52
2026/08/13 11:46:58.901, Tesla V100-PCIE-16GB, 70 %, 9 %, 640 MiB, 16384 MiB, 52
2026/08/13 11:47:08.902, Tesla V100-PCIE-16GB, 69 %, 9 %, 640 MiB, 16384 MiB, 52
2026/08/13 11:47:18.904, Tesla V100-PCIE-16GB, 68 %, 9 %, 640 MiB, 16384 MiB, 52
2026/08/13 11:47:28.905, Tesla V100-PCIE-16GB, 68 %, 9 %, 640 MiB, 16384 MiB, 52
2026/08/13 11:47:38.906, Tesla V100-PCIE-16GB, 69 %, 9 %, 640 MiB, 16384 MiB, 52
2026/08/13 11:47:48.908, Tesla V100-PCIE-16GB, 69 %, 9 %, 640 MiB, 16384 MiB, 52
2026/08/13 11:47:58.909, Tesla V100-PCIE-16GB, 69 %, 9 %, 640 MiB, 16384 MiB, 52
2026/08/13 11:48:08.910, Tesla V100-PCIE-16GB, 68 %, 9 %, 640 MiB, 16384 MiB, 52
2026/08/13 11:48:18.912, Tesla V100-PCIE-16GB, 69 %, 9 %, 640 MiB, 16384 MiB, 52
2026/08/13 11:48:28.913, Tesla V100-PCIE-16GB, 67 %, 9 %, 640 MiB, 16384 MiB, 52
2026/08/13 11:48:38.914, Tesla V100-PCIE-16GB, 68 %, 9 %, 640 MiB, 16384 MiB, 52
2026/08/13 11:48:48.916, Tesla V100-PCIE-16GB, 69 %, 9 %, 640 MiB, 16384 MiB, 52
2026/08/13 11:48:58.959, Tesla V100-PCIE-16GB, 68 %, 9 %, 640 MiB, 16384 MiB, 52
2026/08/13 11:49:08.960, Tesla V100-PCIE-16GB, 67 %, 9 %, 640 MiB, 16384 MiB, 52
2026/08/13 11:49:18.961, Tesla V100-PCIE-16GB, 69 %, 9 %, 640 MiB, 16384 MiB, 52
2026/08/13 11:49:28.963, Tesla V100-PCIE-16GB, 68 %, 9 %, 640 MiB, 16384 MiB, 52
2026/08/13 11:49:38.965, Tesla V100-PCIE-16GB, 68 %, 9 %, 640 MiB, 16384 MiB, 52
2026/08/13 11:49:48.966, Tesla V100-PCIE-16GB, 69 %, 9 %, 640 MiB, 16384 MiB, 52
2026/08/13 11:49:58.967, Tesla V100-PCIE-16GB, 68 %, 9 %, 640 MiB, 16384 MiB, 52
2026/08/13 11:50:08.968, Tesla V100-PCIE-16GB, 70 %, 9 %, 640 MiB, 16384 MiB, 52
2026/08/13 11:50:18.969, Tesla V100-PCIE-16GB, 65 %, 8 %, 640 MiB, 16384 MiB, 52
2026/08/13 11:50:28.971, Tesla V100-PCIE-16GB, 68 %, 8 %, 640 MiB, 16384 MiB, 52
2026/08/13 11:50:38.972, Tesla V100-PCIE-16GB, 68 %, 9 %, 640 MiB, 16384 MiB, 52
2026/08/13 11:50:48.973, Tesla V100-PCIE-16GB, 69 %, 9 %, 640 MiB, 16384 MiB, 52
2026/08/13 11:50:59.038, Tesla V100-PCIE-16GB, 68 %, 9 %, 640 MiB, 16384 MiB, 52
2026/08/13 11:51:09.039, Tesla V100-PCIE-16GB, 68 %, 9 %, 640 MiB, 16384 MiB, 52
2026/08/13 11:51:19.040, Tesla V100-PCIE-16GB, 68 %, 8 %, 640 MiB, 16384 MiB, 52
2026/08/13 11:51:29.041, Tesla V100-PCIE-16GB, 68 %, 9 %, 640 MiB, 16384 MiB, 52
2026/08/13 11:51:39.042, Tesla V100-PCIE-16GB, 69 %, 9 %, 640 MiB, 16384 MiB, 52
2026/08/13 11:51:49.043, Tesla V100-PCIE-16GB, 69 %, 9 %, 640 MiB, 16384 MiB, 52
2026/08/13 11:51:59.045, Tesla V100-PCIE-16GB, 69 %, 9 %, 640 MiB, 16384 MiB, 52
2026/08/13 11:52:09.046, Tesla V100-PCIE-16GB, 69 %, 9 %, 640 MiB, 16384 MiB, 52
2026/08/13 11:52:19.047, Tesla V100-PCIE-16GB, 69 %, 9 %, 640 MiB, 16384 MiB, 52
2026/08/13 11:52:29.048, Tesla V100-PCIE-16GB, 64 %, 8 %, 640 MiB, 16384 MiB, 52
2026/08/13 11:52:39.049, Tesla V100-PCIE-16GB, 70 %, 9 %, 640 MiB, 16384 MiB, 52
2026/08/13 11:52:49.050, Tesla V100-PCIE-16GB, 65 %, 8 %, 640 MiB, 16384 MiB, 52
2026/08/13 11:52:59.052, Tesla V100-PCIE-16GB, 69 %, 9 %, 640 MiB, 16384 MiB, 52
2026/08/13 11:53:09.053, Tesla V100-PCIE-16GB, 68 %, 9 %, 640 MiB, 16384 MiB, 52
2026/08/13 11:53:19.054, Tesla V100-PCIE-16GB, 26 %, 14 %, 640 MiB, 16384 MiB, 51
2026/08/13 11:53:29.055, Tesla V100-PCIE-16GB, 60 %, 24 %, 1220 MiB, 16384 MiB, 52
2026/08/13 11:53:39.056, Tesla V100-PCIE-16GB, 52 %, 19 %, 1220 MiB, 16384 MiB, 53
2026/08/13 11:53:49.057, Tesla V100-PCIE-16GB, 50 %, 19 %, 1220 MiB, 16384 MiB, 53
2026/08/13 11:53:59.058, Tesla V100-PCIE-16GB, 49 %, 18 %, 1220 MiB, 16384 MiB, 53
2026/08/13 11:54:09.060, Tesla V100-PCIE-16GB, 52 %, 21 %, 1220 MiB, 16384 MiB, 53
2026/08/13 11:54:19.061, Tesla V100-PCIE-16GB, 53 %, 21 %, 1220 MiB, 16384 MiB, 53
2026/08/13 11:54:29.062, Tesla V100-PCIE-16GB, 55 %, 21 %, 1220 MiB, 16384 MiB, 53
2026/08/13 11:54:39.064, Tesla V100-PCIE-16GB, 0 %, 0 %, 4 MiB, 16384 MiB, 48
2026/08/13 11:54:49.065, Tesla V100-PCIE-16GB, 69 %, 9 %, 638 MiB, 16384 MiB, 52
2026/08/13 11:54:59.066, Tesla V100-PCIE-16GB, 67 %, 8 %, 638 MiB, 16384 MiB, 52
2026/08/13 11:55:09.067, Tesla V100-PCIE-16GB, 69 %, 9 %, 638 MiB, 16384 MiB, 52
2026/08/13 11:55:19.069, Tesla V100-PCIE-16GB, 69 %, 9 %, 638 MiB, 16384 MiB, 52
2026/08/13 11:55:29.070, Tesla V100-PCIE-16GB, 22 %, 4 %, 640 MiB, 16384 MiB, 52
2026/08/13 11:55:39.071, Tesla V100-PCIE-16GB, 69 %, 9 %, 640 MiB, 16384 MiB, 52
2026/08/13 11:55:49.073, Tesla V100-PCIE-16GB, 68 %, 9 %, 640 MiB, 16384 MiB, 52
2026/08/13 11:55:59.074, Tesla V100-PCIE-16GB, 69 %, 9 %, 640 MiB, 16384 MiB, 52
2026/08/13 11:56:09.075, Tesla V100-PCIE-16GB, 67 %, 9 %, 640 MiB, 16384 MiB, 52
2026/08/13 11:56:19.150, Tesla V100-PCIE-16GB, 68 %, 8 %, 640 MiB, 16384 MiB, 52
2026/08/13 11:56:29.151, Tesla V100-PCIE-16GB, 69 %, 9 %, 640 MiB, 16384 MiB, 52
2026/08/13 11:56:39.153, Tesla V100-PCIE-16GB, 67 %, 8 %, 640 MiB, 16384 MiB, 52
2026/08/13 11:56:49.154, Tesla V100-PCIE-16GB, 67 %, 9 %, 640 MiB, 16384 MiB, 52
2026/08/13 11:56:59.155, Tesla V100-PCIE-16GB, 67 %, 8 %, 640 MiB, 16384 MiB, 52
2026/08/13 11:57:09.156, Tesla V100-PCIE-16GB, 69 %, 9 %, 640 MiB, 16384 MiB, 52
2026/08/13 11:57:19.157, Tesla V100-PCIE-16GB, 67 %, 9 %, 640 MiB, 16384 MiB, 52
2026/08/13 11:57:29.158, Tesla V100-PCIE-16GB, 69 %, 9 %, 640 MiB, 16384 MiB, 52
2026/08/13 11:57:39.160, Tesla V100-PCIE-16GB, 68 %, 9 %, 640 MiB, 16384 MiB, 52
2026/08/13 11:57:49.161, Tesla V100-PCIE-16GB, 68 %, 9 %, 640 MiB, 16384 MiB, 52
2026/08/13 11:57:59.162, Tesla V100-PCIE-16GB, 68 %, 9 %, 640 MiB, 16384 MiB, 52
2026/08/13 11:58:09.163, Tesla V100-PCIE-16GB, 67 %, 8 %, 640 MiB, 16384 MiB, 52
2026/08/13 11:58:19.164, Tesla V100-PCIE-16GB, 67 %, 8 %, 640 MiB, 16384 MiB, 52
2026/08/13 11:58:29.166, Tesla V100-PCIE-16GB, 68 %, 9 %, 640 MiB, 16384 MiB, 52
2026/08/13 11:58:39.167, Tesla V100-PCIE-16GB, 67 %, 8 %, 640 MiB, 16384 MiB, 52
2026/08/13 11:58:49.168, Tesla V100-PCIE-16GB, 68 %, 9 %, 640 MiB, 16384 MiB, 52
2026/08/13 11:58:59.169, Tesla V100-PCIE-16GB, 70 %, 9 %, 640 MiB, 16384 MiB, 52
2026/08/13 11:59:09.170, Tesla V100-PCIE-16GB, 68 %, 9 %, 640 MiB, 16384 MiB, 52
2026/08/13 11:59:19.172, Tesla V100-PCIE-16GB, 68 %, 8 %, 640 MiB, 16384 MiB, 52
2026/08/13 11:59:29.173, Tesla V100-PCIE-16GB, 68 %, 9 %, 640 MiB, 16384 MiB, 52
2026/08/13 11:59:39.174, Tesla V100-PCIE-16GB, 69 %, 9 %, 640 MiB, 16384 MiB, 52
2026/08/13 11:59:49.175, Tesla V100-PCIE-16GB, 64 %, 8 %, 640 MiB, 16384 MiB, 52
2026/08/13 11:59:59.176, Tesla V100-PCIE-16GB, 67 %, 8 %, 640 MiB, 16384 MiB, 52
2026/08/13 12:00:09.177, Tesla V100-PCIE-16GB, 65 %, 8 %, 640 MiB, 16384 MiB, 52
2026/08/13 12:00:19.263, Tesla V100-PCIE-16GB, 67 %, 8 %, 640 MiB, 16384 MiB, 52
2026/08/13 12:00:29.265, Tesla V100-PCIE-16GB, 67 %, 8 %, 640 MiB, 16384 MiB, 52
2026/08/13 12:00:39.266, Tesla V100-PCIE-16GB, 69 %, 9 %, 640 MiB, 16384 MiB, 52
2026/08/13 12:00:49.267, Tesla V100-PCIE-16GB, 69 %, 9 %, 640 MiB, 16384 MiB, 52
2026/08/13 12:00:59.268, Tesla V100-PCIE-16GB, 67 %, 9 %, 640 MiB, 16384 MiB, 52
2026/08/13 12:01:09.269, Tesla V100-PCIE-16GB, 69 %, 9 %, 640 MiB, 16384 MiB, 52
2026/08/13 12:01:19.270, Tesla V100-PCIE-16GB, 68 %, 9 %, 640 MiB, 16384 MiB, 52
2026/08/13 12:01:29.271, Tesla V100-PCIE-16GB, 69 %, 9 %, 640 MiB, 16384 MiB, 52
2026/08/13 12:01:39.272, Tesla V100-PCIE-16GB, 68 %, 9 %, 640 MiB, 16384 MiB, 52
2026/08/13 12:01:49.274, Tesla V100-PCIE-16GB, 68 %, 9 %, 640 MiB, 16384 MiB, 52
2026/08/13 12:01:59.275, Tesla V100-PCIE-16GB, 54 %, 7 %, 640 MiB, 16384 MiB, 52
2026/08/13 12:02:09.276, Tesla V100-PCIE-16GB, 68 %, 9 %, 640 MiB, 16384 MiB, 52
2026/08/13 12:02:19.278, Tesla V100-PCIE-16GB, 66 %, 8 %, 640 MiB, 16384 MiB, 52
2026/08/13 12:02:29.280, Tesla V100-PCIE-16GB, 68 %, 9 %, 640 MiB, 16384 MiB, 52
2026/08/13 12:02:39.282, Tesla V100-PCIE-16GB, 49 %, 15 %, 640 MiB, 16384 MiB, 52
2026/08/13 12:02:49.284, Tesla V100-PCIE-16GB, 70 %, 9 %, 640 MiB, 16384 MiB, 52
2026/08/13 12:02:59.285, Tesla V100-PCIE-16GB, 68 %, 8 %, 640 MiB, 16384 MiB, 52
2026/08/13 12:03:09.286, Tesla V100-PCIE-16GB, 68 %, 8 %, 640 MiB, 16384 MiB, 52
2026/08/13 12:03:19.287, Tesla V100-PCIE-16GB, 68 %, 9 %, 640 MiB, 16384 MiB, 52
2026/08/13 12:03:29.288, Tesla V100-PCIE-16GB, 68 %, 8 %, 640 MiB, 16384 MiB, 52
2026/08/13 12:03:39.289, Tesla V100-PCIE-16GB, 69 %, 9 %, 640 MiB, 16384 MiB, 52
2026/08/13 12:03:49.290, Tesla V100-PCIE-16GB, 68 %, 8 %, 640 MiB, 16384 MiB, 52
2026/08/13 12:03:59.291, Tesla V100-PCIE-16GB, 67 %, 8 %, 640 MiB, 16384 MiB, 52
2026/08/13 12:04:09.293, Tesla V100-PCIE-16GB, 68 %, 8 %, 640 MiB, 16384 MiB, 52
2026/08/13 12:04:19.356, Tesla V100-PCIE-16GB, 69 %, 9 %, 640 MiB, 16384 MiB, 52
2026/08/13 12:04:29.358, Tesla V100-PCIE-16GB, 67 %, 8 %, 640 MiB, 16384 MiB, 52
2026/08/13 12:04:39.359, Tesla V100-PCIE-16GB, 69 %, 9 %, 640 MiB, 16384 MiB, 52
2026/08/13 12:04:49.360, Tesla V100-PCIE-16GB, 69 %, 9 %, 640 MiB, 16384 MiB, 52
2026/08/13 12:04:59.361, Tesla V100-PCIE-16GB, 67 %, 8 %, 640 MiB, 16384 MiB, 52
2026/08/13 12:05:09.362, Tesla V100-PCIE-16GB, 69 %, 9 %, 640 MiB, 16384 MiB, 52
2026/08/13 12:05:19.363, Tesla V100-PCIE-16GB, 69 %, 9 %, 640 MiB, 16384 MiB, 52
2026/08/13 12:05:29.365, Tesla V100-PCIE-16GB, 69 %, 9 %, 640 MiB, 16384 MiB, 52
2026/08/13 12:05:39.366, Tesla V100-PCIE-16GB, 67 %, 8 %, 640 MiB, 16384 MiB, 52
2026/08/13 12:05:49.367, Tesla V100-PCIE-16GB, 68 %, 9 %, 640 MiB, 16384 MiB, 52
2026/08/13 12:05:59.368, Tesla V100-PCIE-16GB, 68 %, 9 %, 640 MiB, 16384 MiB, 52
2026/08/13 12:06:09.369, Tesla V100-PCIE-16GB, 68 %, 9 %, 640 MiB, 16384 MiB, 52
2026/08/13 12:06:19.370, Tesla V100-PCIE-16GB, 66 %, 8 %, 640 MiB, 16384 MiB, 52
2026/08/13 12:06:29.371, Tesla V100-PCIE-16GB, 68 %, 9 %, 640 MiB, 16384 MiB, 52
2026/08/13 12:06:39.372, Tesla V100-PCIE-16GB, 28 %, 16 %, 640 MiB, 16384 MiB, 52
2026/08/13 12:06:49.374, Tesla V100-PCIE-16GB, 20 %, 11 %, 640 MiB, 16384 MiB, 51
2026/08/13 12:06:59.375, Tesla V100-PCIE-16GB, 55 %, 22 %, 1220 MiB, 16384 MiB, 53
2026/08/13 12:07:09.376, Tesla V100-PCIE-16GB, 55 %, 21 %, 1220 MiB, 16384 MiB, 53
2026/08/13 12:07:19.377, Tesla V100-PCIE-16GB, 43 %, 15 %, 1220 MiB, 16384 MiB, 53
2026/08/13 12:07:29.378, Tesla V100-PCIE-16GB, 40 %, 14 %, 1220 MiB, 16384 MiB, 53
2026/08/13 12:07:39.379, Tesla V100-PCIE-16GB, 44 %, 15 %, 1220 MiB, 16384 MiB, 53
2026/08/13 12:07:49.380, Tesla V100-PCIE-16GB, 58 %, 23 %, 1220 MiB, 16384 MiB, 53
2026/08/13 12:07:59.382, Tesla V100-PCIE-16GB, 0 %, 0 %, 0 MiB, 16384 MiB, 50
2026/08/13 12:08:09.383, Tesla V100-PCIE-16GB, 69 %, 9 %, 638 MiB, 16384 MiB, 51
2026/08/13 12:08:19.384, Tesla V100-PCIE-16GB, 69 %, 9 %, 638 MiB, 16384 MiB, 51
2026/08/13 12:08:29.386, Tesla V100-PCIE-16GB, 65 %, 8 %, 638 MiB, 16384 MiB, 51
2026/08/13 12:08:39.387, Tesla V100-PCIE-16GB, 69 %, 9 %, 638 MiB, 16384 MiB, 52
2026/08/13 12:08:49.388, Tesla V100-PCIE-16GB, 68 %, 9 %, 638 MiB, 16384 MiB, 52
2026/08/13 12:08:59.389, Tesla V100-PCIE-16GB, 68 %, 9 %, 640 MiB, 16384 MiB, 52
2026/08/13 12:09:09.451, Tesla V100-PCIE-16GB, 69 %, 9 %, 640 MiB, 16384 MiB, 52
2026/08/13 12:09:19.452, Tesla V100-PCIE-16GB, 68 %, 9 %, 640 MiB, 16384 MiB, 52
2026/08/13 12:09:29.454, Tesla V100-PCIE-16GB, 68 %, 9 %, 640 MiB, 16384 MiB, 52
2026/08/13 12:09:39.455, Tesla V100-PCIE-16GB, 66 %, 8 %, 640 MiB, 16384 MiB, 52
2026/08/13 12:09:49.456, Tesla V100-PCIE-16GB, 69 %, 9 %, 640 MiB, 16384 MiB, 52
2026/08/13 12:09:59.457, Tesla V100-PCIE-16GB, 66 %, 8 %, 640 MiB, 16384 MiB, 52
2026/08/13 12:10:09.458, Tesla V100-PCIE-16GB, 67 %, 9 %, 640 MiB, 16384 MiB, 52
2026/08/13 12:10:19.462, Tesla V100-PCIE-16GB, 67 %, 8 %, 640 MiB, 16384 MiB, 52
2026/08/13 12:10:29.463, Tesla V100-PCIE-16GB, 49 %, 15 %, 640 MiB, 16384 MiB, 52
2026/08/13 12:10:39.464, Tesla V100-PCIE-16GB, 69 %, 9 %, 640 MiB, 16384 MiB, 52
2026/08/13 12:10:49.465, Tesla V100-PCIE-16GB, 67 %, 9 %, 640 MiB, 16384 MiB, 52
2026/08/13 12:10:59.466, Tesla V100-PCIE-16GB, 69 %, 9 %, 640 MiB, 16384 MiB, 52
2026/08/13 12:11:09.468, Tesla V100-PCIE-16GB, 68 %, 9 %, 640 MiB, 16384 MiB, 52
2026/08/13 12:11:19.469, Tesla V100-PCIE-16GB, 70 %, 9 %, 640 MiB, 16384 MiB, 52
2026/08/13 12:11:29.470, Tesla V100-PCIE-16GB, 68 %, 9 %, 640 MiB, 16384 MiB, 52
2026/08/13 12:11:39.543, Tesla V100-PCIE-16GB, 68 %, 8 %, 640 MiB, 16384 MiB, 52
2026/08/13 12:11:49.544, Tesla V100-PCIE-16GB, 69 %, 9 %, 640 MiB, 16384 MiB, 52
2026/08/13 12:11:59.546, Tesla V100-PCIE-16GB, 68 %, 8 %, 640 MiB, 16384 MiB, 52
2026/08/13 12:12:09.547, Tesla V100-PCIE-16GB, 66 %, 8 %, 640 MiB, 16384 MiB, 52
2026/08/13 12:12:19.548, Tesla V100-PCIE-16GB, 67 %, 8 %, 640 MiB, 16384 MiB, 52
2026/08/13 12:12:29.549, Tesla V100-PCIE-16GB, 69 %, 9 %, 640 MiB, 16384 MiB, 52
2026/08/13 12:12:39.550, Tesla V100-PCIE-16GB, 69 %, 9 %, 640 MiB, 16384 MiB, 52
2026/08/13 12:12:49.551, Tesla V100-PCIE-16GB, 68 %, 9 %, 640 MiB, 16384 MiB, 52
2026/08/13 12:12:59.553, Tesla V100-PCIE-16GB, 69 %, 9 %, 640 MiB, 16384 MiB, 52
2026/08/13 12:13:09.554, Tesla V100-PCIE-16GB, 70 %, 9 %, 640 MiB, 16384 MiB, 52
2026/08/13 12:13:19.555, Tesla V100-PCIE-16GB, 67 %, 9 %, 640 MiB, 16384 MiB, 52
2026/08/13 12:13:29.556, Tesla V100-PCIE-16GB, 69 %, 9 %, 640 MiB, 16384 MiB, 52
2026/08/13 12:13:39.564, Tesla V100-PCIE-16GB, 69 %, 9 %, 640 MiB, 16384 MiB, 52
2026/08/13 12:13:49.565, Tesla V100-PCIE-16GB, 68 %, 9 %, 640 MiB, 16384 MiB, 52
2026/08/13 12:13:59.566, Tesla V100-PCIE-16GB, 68 %, 9 %, 640 MiB, 16384 MiB, 52
2026/08/13 12:14:09.567, Tesla V100-PCIE-16GB, 69 %, 9 %, 640 MiB, 16384 MiB, 52
2026/08/13 12:14:19.569, Tesla V100-PCIE-16GB, 68 %, 9 %, 640 MiB, 16384 MiB, 52
2026/08/13 12:14:29.570, Tesla V100-PCIE-16GB, 69 %, 9 %, 640 MiB, 16384 MiB, 52
2026/08/13 12:14:39.571, Tesla V100-PCIE-16GB, 70 %, 9 %, 640 MiB, 16384 MiB, 52
2026/08/13 12:14:49.572, Tesla V100-PCIE-16GB, 68 %, 9 %, 640 MiB, 16384 MiB, 52
2026/08/13 12:14:59.573, Tesla V100-PCIE-16GB, 68 %, 9 %, 640 MiB, 16384 MiB, 52
2026/08/13 12:15:09.574, Tesla V100-PCIE-16GB, 67 %, 8 %, 640 MiB, 16384 MiB, 52
2026/08/13 12:15:19.575, Tesla V100-PCIE-16GB, 69 %, 9 %, 640 MiB, 16384 MiB, 52
2026/08/13 12:15:29.577, Tesla V100-PCIE-16GB, 68 %, 9 %, 640 MiB, 16384 MiB, 52
2026/08/13 12:15:39.648, Tesla V100-PCIE-16GB, 68 %, 9 %, 640 MiB, 16384 MiB, 52
2026/08/13 12:15:49.649, Tesla V100-PCIE-16GB, 67 %, 9 %, 640 MiB, 16384 MiB, 52
2026/08/13 12:15:59.650, Tesla V100-PCIE-16GB, 69 %, 9 %, 640 MiB, 16384 MiB, 52
2026/08/13 12:16:09.651, Tesla V100-PCIE-16GB, 69 %, 9 %, 640 MiB, 16384 MiB, 52
2026/08/13 12:16:19.652, Tesla V100-PCIE-16GB, 67 %, 9 %, 640 MiB, 16384 MiB, 52
2026/08/13 12:16:29.654, Tesla V100-PCIE-16GB, 69 %, 9 %, 640 MiB, 16384 MiB, 52
2026/08/13 12:16:39.655, Tesla V100-PCIE-16GB, 68 %, 9 %, 640 MiB, 16384 MiB, 52
2026/08/13 12:16:49.656, Tesla V100-PCIE-16GB, 69 %, 9 %, 640 MiB, 16384 MiB, 52
2026/08/13 12:16:59.657, Tesla V100-PCIE-16GB, 67 %, 8 %, 640 MiB, 16384 MiB, 52
2026/08/13 12:17:09.658, Tesla V100-PCIE-16GB, 69 %, 9 %, 640 MiB, 16384 MiB, 52
2026/08/13 12:17:19.659, Tesla V100-PCIE-16GB, 69 %, 9 %, 640 MiB, 16384 MiB, 52
2026/08/13 12:17:29.660, Tesla V100-PCIE-16GB, 68 %, 9 %, 640 MiB, 16384 MiB, 52
2026/08/13 12:17:39.662, Tesla V100-PCIE-16GB, 44 %, 12 %, 640 MiB, 16384 MiB, 52
2026/08/13 12:17:49.663, Tesla V100-PCIE-16GB, 69 %, 9 %, 640 MiB, 16384 MiB, 52
2026/08/13 12:17:59.664, Tesla V100-PCIE-16GB, 68 %, 9 %, 640 MiB, 16384 MiB, 52
2026/08/13 12:18:09.665, Tesla V100-PCIE-16GB, 69 %, 9 %, 640 MiB, 16384 MiB, 52
2026/08/13 12:18:19.666, Tesla V100-PCIE-16GB, 66 %, 8 %, 640 MiB, 16384 MiB, 52
2026/08/13 12:18:29.667, Tesla V100-PCIE-16GB, 69 %, 9 %, 640 MiB, 16384 MiB, 52
2026/08/13 12:18:39.668, Tesla V100-PCIE-16GB, 65 %, 8 %, 640 MiB, 16384 MiB, 52
2026/08/13 12:18:49.670, Tesla V100-PCIE-16GB, 69 %, 9 %, 640 MiB, 16384 MiB, 52
2026/08/13 12:18:59.671, Tesla V100-PCIE-16GB, 68 %, 9 %, 640 MiB, 16384 MiB, 52
2026/08/13 12:19:09.672, Tesla V100-PCIE-16GB, 67 %, 9 %, 640 MiB, 16384 MiB, 52
2026/08/13 12:19:19.673, Tesla V100-PCIE-16GB, 68 %, 9 %, 640 MiB, 16384 MiB, 52
2026/08/13 12:19:29.674, Tesla V100-PCIE-16GB, 68 %, 8 %, 640 MiB, 16384 MiB, 52
2026/08/13 12:19:39.675, Tesla V100-PCIE-16GB, 68 %, 9 %, 640 MiB, 16384 MiB, 52
2026/08/13 12:19:49.677, Tesla V100-PCIE-16GB, 69 %, 9 %, 640 MiB, 16384 MiB, 52
2026/08/13 12:19:59.678, Tesla V100-PCIE-16GB, 69 %, 9 %, 640 MiB, 16384 MiB, 52
2026/08/13 12:20:09.679, Tesla V100-PCIE-16GB, 28 %, 15 %, 640 MiB, 16384 MiB, 51
2026/08/13 12:20:19.680, Tesla V100-PCIE-16GB, 28 %, 10 %, 1220 MiB, 16384 MiB, 52
2026/08/13 12:20:29.681, Tesla V100-PCIE-16GB, 55 %, 21 %, 1220 MiB, 16384 MiB, 53
2026/08/13 12:20:39.682, Tesla V100-PCIE-16GB, 62 %, 25 %, 1220 MiB, 16384 MiB, 53
2026/08/13 12:20:49.684, Tesla V100-PCIE-16GB, 57 %, 22 %, 1220 MiB, 16384 MiB, 53
2026/08/13 12:20:59.685, Tesla V100-PCIE-16GB, 50 %, 18 %, 1220 MiB, 16384 MiB, 53
2026/08/13 12:21:09.686, Tesla V100-PCIE-16GB, 53 %, 20 %, 1220 MiB, 16384 MiB, 53
2026/08/13 12:21:19.687, Tesla V100-PCIE-16GB, 7 %, 1 %, 1220 MiB, 16384 MiB, 52
