timestamp, name, utilization.gpu [%], utilization.memory [%], memory.used [MiB], memory.total [MiB], temperature.gpu
2026/08/13 04:33:10.706, Tesla V100-PCIE-16GB, 0 %, 0 %, 0 MiB, 16384 MiB, 42
2026/08/13 04:33:20.707, Tesla V100-PCIE-16GB, 59 %, 4 %, 548 MiB, 16384 MiB, 44
2026/08/13 04:33:30.708, Tesla V100-PCIE-16GB, 58 %, 4 %, 548 MiB, 16384 MiB, 45
2026/08/13 04:33:40.709, Tesla V100-PCIE-16GB, 60 %, 4 %, 548 MiB, 16384 MiB, 46
2026/08/13 04:33:50.808, Tesla V100-PCIE-16GB, 58 %, 4 %, 548 MiB, 16384 MiB, 46
2026/08/13 04:34:00.810, Tesla V100-PCIE-16GB, 28 %, 3 %, 548 MiB, 16384 MiB, 47
2026/08/13 04:34:10.811, Tesla V100-PCIE-16GB, 58 %, 4 %, 548 MiB, 16384 MiB, 47
2026/08/13 04:34:20.812, Tesla V100-PCIE-16GB, 58 %, 4 %, 548 MiB, 16384 MiB, 48
2026/08/13 04:34:30.813, Tesla V100-PCIE-16GB, 58 %, 4 %, 548 MiB, 16384 MiB, 48
2026/08/13 04:34:40.814, Tesla V100-PCIE-16GB, 58 %, 4 %, 548 MiB, 16384 MiB, 48
2026/08/13 04:34:50.815, Tesla V100-PCIE-16GB, 59 %, 4 %, 548 MiB, 16384 MiB, 48
2026/08/13 04:35:00.816, Tesla V100-PCIE-16GB, 58 %, 4 %, 548 MiB, 16384 MiB, 49
2026/08/13 04:35:10.817, Tesla V100-PCIE-16GB, 58 %, 4 %, 548 MiB, 16384 MiB, 49
2026/08/13 04:35:20.819, Tesla V100-PCIE-16GB, 58 %, 4 %, 548 MiB, 16384 MiB, 49
2026/08/13 04:35:30.820, Tesla V100-PCIE-16GB, 59 %, 4 %, 548 MiB, 16384 MiB, 49
2026/08/13 04:35:40.821, Tesla V100-PCIE-16GB, 58 %, 4 %, 548 MiB, 16384 MiB, 49
2026/08/13 04:35:50.895, Tesla V100-PCIE-16GB, 57 %, 4 %, 548 MiB, 16384 MiB, 49
2026/08/13 04:36:00.896, Tesla V100-PCIE-16GB, 59 %, 4 %, 548 MiB, 16384 MiB, 49
2026/08/13 04:36:10.897, Tesla V100-PCIE-16GB, 58 %, 4 %, 548 MiB, 16384 MiB, 49
2026/08/13 04:36:20.898, Tesla V100-PCIE-16GB, 59 %, 4 %, 548 MiB, 16384 MiB, 49
2026/08/13 04:36:30.899, Tesla V100-PCIE-16GB, 57 %, 4 %, 548 MiB, 16384 MiB, 50
2026/08/13 04:36:40.900, Tesla V100-PCIE-16GB, 58 %, 4 %, 548 MiB, 16384 MiB, 50
2026/08/13 04:36:50.901, Tesla V100-PCIE-16GB, 58 %, 4 %, 548 MiB, 16384 MiB, 50
2026/08/13 04:37:00.903, Tesla V100-PCIE-16GB, 59 %, 4 %, 548 MiB, 16384 MiB, 50
2026/08/13 04:37:10.904, Tesla V100-PCIE-16GB, 59 %, 4 %, 548 MiB, 16384 MiB, 50
2026/08/13 04:37:20.905, Tesla V100-PCIE-16GB, 60 %, 4 %, 548 MiB, 16384 MiB, 50
2026/08/13 04:37:30.906, Tesla V100-PCIE-16GB, 58 %, 4 %, 548 MiB, 16384 MiB, 50
2026/08/13 04:37:40.907, Tesla V100-PCIE-16GB, 58 %, 4 %, 548 MiB, 16384 MiB, 50
2026/08/13 04:37:50.971, Tesla V100-PCIE-16GB, 57 %, 4 %, 548 MiB, 16384 MiB, 50
2026/08/13 04:38:00.972, Tesla V100-PCIE-16GB, 56 %, 4 %, 548 MiB, 16384 MiB, 50
2026/08/13 04:38:10.973, Tesla V100-PCIE-16GB, 59 %, 4 %, 548 MiB, 16384 MiB, 50
2026/08/13 04:38:20.974, Tesla V100-PCIE-16GB, 58 %, 4 %, 548 MiB, 16384 MiB, 50
2026/08/13 04:38:30.976, Tesla V100-PCIE-16GB, 57 %, 4 %, 548 MiB, 16384 MiB, 50
2026/08/13 04:38:40.977, Tesla V100-PCIE-16GB, 57 %, 4 %, 548 MiB, 16384 MiB, 50
2026/08/13 04:38:50.978, Tesla V100-PCIE-16GB, 59 %, 4 %, 548 MiB, 16384 MiB, 50
2026/08/13 04:39:00.979, Tesla V100-PCIE-16GB, 58 %, 4 %, 548 MiB, 16384 MiB, 50
2026/08/13 04:39:10.980, Tesla V100-PCIE-16GB, 24 %, 5 %, 548 MiB, 16384 MiB, 50
2026/08/13 04:39:20.981, Tesla V100-PCIE-16GB, 58 %, 4 %, 548 MiB, 16384 MiB, 50
2026/08/13 04:39:30.982, Tesla V100-PCIE-16GB, 58 %, 4 %, 548 MiB, 16384 MiB, 50
2026/08/13 04:39:40.984, Tesla V100-PCIE-16GB, 58 %, 4 %, 548 MiB, 16384 MiB, 50
2026/08/13 04:39:51.045, Tesla V100-PCIE-16GB, 57 %, 4 %, 548 MiB, 16384 MiB, 50
2026/08/13 04:40:01.046, Tesla V100-PCIE-16GB, 58 %, 4 %, 548 MiB, 16384 MiB, 50
2026/08/13 04:40:11.047, Tesla V100-PCIE-16GB, 58 %, 4 %, 548 MiB, 16384 MiB, 50
2026/08/13 04:40:21.049, Tesla V100-PCIE-16GB, 59 %, 4 %, 548 MiB, 16384 MiB, 50
2026/08/13 04:40:31.050, Tesla V100-PCIE-16GB, 58 %, 4 %, 548 MiB, 16384 MiB, 50
2026/08/13 04:40:41.052, Tesla V100-PCIE-16GB, 59 %, 4 %, 548 MiB, 16384 MiB, 50
2026/08/13 04:40:51.053, Tesla V100-PCIE-16GB, 57 %, 4 %, 548 MiB, 16384 MiB, 50
2026/08/13 04:41:01.054, Tesla V100-PCIE-16GB, 58 %, 4 %, 548 MiB, 16384 MiB, 50
2026/08/13 04:41:11.055, Tesla V100-PCIE-16GB, 58 %, 4 %, 548 MiB, 16384 MiB, 50
2026/08/13 04:41:21.056, Tesla V100-PCIE-16GB, 58 %, 4 %, 548 MiB, 16384 MiB, 50
2026/08/13 04:41:31.058, Tesla V100-PCIE-16GB, 59 %, 4 %, 548 MiB, 16384 MiB, 50
2026/08/13 04:41:41.059, Tesla V100-PCIE-16GB, 58 %, 4 %, 548 MiB, 16384 MiB, 50
2026/08/13 04:41:51.105, Tesla V100-PCIE-16GB, 58 %, 4 %, 548 MiB, 16384 MiB, 50
2026/08/13 04:42:01.106, Tesla V100-PCIE-16GB, 58 %, 4 %, 548 MiB, 16384 MiB, 50
2026/08/13 04:42:11.107, Tesla V100-PCIE-16GB, 58 %, 4 %, 548 MiB, 16384 MiB, 50
2026/08/13 04:42:21.109, Tesla V100-PCIE-16GB, 58 %, 4 %, 548 MiB, 16384 MiB, 50
2026/08/13 04:42:31.110, Tesla V100-PCIE-16GB, 60 %, 4 %, 548 MiB, 16384 MiB, 50
2026/08/13 04:42:41.111, Tesla V100-PCIE-16GB, 58 %, 4 %, 548 MiB, 16384 MiB, 50
2026/08/13 04:42:51.113, Tesla V100-PCIE-16GB, 58 %, 4 %, 548 MiB, 16384 MiB, 50
2026/08/13 04:43:01.114, Tesla V100-PCIE-16GB, 59 %, 4 %, 548 MiB, 16384 MiB, 50
2026/08/13 04:43:11.115, Tesla V100-PCIE-16GB, 58 %, 4 %, 548 MiB, 16384 MiB, 50
2026/08/13 04:43:21.116, Tesla V100-PCIE-16GB, 58 %, 4 %, 548 MiB, 16384 MiB, 50
2026/08/13 04:43:31.118, Tesla V100-PCIE-16GB, 58 %, 4 %, 548 MiB, 16384 MiB, 50
2026/08/13 04:43:41.119, Tesla V100-PCIE-16GB, 59 %, 4 %, 548 MiB, 16384 MiB, 50
2026/08/13 04:43:51.120, Tesla V100-PCIE-16GB, 58 %, 4 %, 548 MiB, 16384 MiB, 50
2026/08/13 04:44:01.121, Tesla V100-PCIE-16GB, 59 %, 4 %, 548 MiB, 16384 MiB, 50
2026/08/13 04:44:11.122, Tesla V100-PCIE-16GB, 58 %, 4 %, 548 MiB, 16384 MiB, 50
2026/08/13 04:44:21.124, Tesla V100-PCIE-16GB, 54 %, 4 %, 548 MiB, 16384 MiB, 50
2026/08/13 04:44:31.125, Tesla V100-PCIE-16GB, 58 %, 4 %, 548 MiB, 16384 MiB, 50
2026/08/13 04:44:41.126, Tesla V100-PCIE-16GB, 58 %, 4 %, 548 MiB, 16384 MiB, 50
2026/08/13 04:44:51.127, Tesla V100-PCIE-16GB, 59 %, 4 %, 548 MiB, 16384 MiB, 50
2026/08/13 04:45:01.128, Tesla V100-PCIE-16GB, 58 %, 4 %, 548 MiB, 16384 MiB, 50
2026/08/13 04:45:11.129, Tesla V100-PCIE-16GB, 59 %, 4 %, 548 MiB, 16384 MiB, 50
2026/08/13 04:45:21.131, Tesla V100-PCIE-16GB, 57 %, 4 %, 548 MiB, 16384 MiB, 50
2026/08/13 04:45:31.132, Tesla V100-PCIE-16GB, 59 %, 4 %, 548 MiB, 16384 MiB, 50
2026/08/13 04:45:41.133, Tesla V100-PCIE-16GB, 58 %, 4 %, 548 MiB, 16384 MiB, 50
2026/08/13 04:45:51.224, Tesla V100-PCIE-16GB, 58 %, 4 %, 548 MiB, 16384 MiB, 50
2026/08/13 04:46:01.225, Tesla V100-PCIE-16GB, 54 %, 4 %, 548 MiB, 16384 MiB, 50
2026/08/13 04:46:11.226, Tesla V100-PCIE-16GB, 58 %, 4 %, 548 MiB, 16384 MiB, 50
2026/08/13 04:46:21.227, Tesla V100-PCIE-16GB, 58 %, 4 %, 548 MiB, 16384 MiB, 50
2026/08/13 04:46:31.228, Tesla V100-PCIE-16GB, 58 %, 4 %, 548 MiB, 16384 MiB, 50
2026/08/13 04:46:41.229, Tesla V100-PCIE-16GB, 58 %, 4 %, 548 MiB, 16384 MiB, 50
2026/08/13 04:46:51.231, Tesla V100-PCIE-16GB, 56 %, 4 %, 548 MiB, 16384 MiB, 50
2026/08/13 04:47:01.232, Tesla V100-PCIE-16GB, 54 %, 4 %, 548 MiB, 16384 MiB, 50
2026/08/13 04:47:11.233, Tesla V100-PCIE-16GB, 58 %, 4 %, 548 MiB, 16384 MiB, 50
2026/08/13 04:47:21.235, Tesla V100-PCIE-16GB, 59 %, 4 %, 548 MiB, 16384 MiB, 50
2026/08/13 04:47:31.236, Tesla V100-PCIE-16GB, 57 %, 4 %, 548 MiB, 16384 MiB, 50
2026/08/13 04:47:41.237, Tesla V100-PCIE-16GB, 25 %, 5 %, 548 MiB, 16384 MiB, 50
2026/08/13 04:47:51.238, Tesla V100-PCIE-16GB, 57 %, 4 %, 548 MiB, 16384 MiB, 50
2026/08/13 04:48:01.239, Tesla V100-PCIE-16GB, 53 %, 4 %, 548 MiB, 16384 MiB, 50
2026/08/13 04:48:11.240, Tesla V100-PCIE-16GB, 58 %, 4 %, 548 MiB, 16384 MiB, 50
2026/08/13 04:48:21.241, Tesla V100-PCIE-16GB, 58 %, 4 %, 548 MiB, 16384 MiB, 50
2026/08/13 04:48:31.243, Tesla V100-PCIE-16GB, 57 %, 4 %, 548 MiB, 16384 MiB, 50
2026/08/13 04:48:41.244, Tesla V100-PCIE-16GB, 58 %, 4 %, 548 MiB, 16384 MiB, 50
2026/08/13 04:48:51.245, Tesla V100-PCIE-16GB, 58 %, 4 %, 548 MiB, 16384 MiB, 50
2026/08/13 04:49:01.246, Tesla V100-PCIE-16GB, 55 %, 4 %, 548 MiB, 16384 MiB, 50
2026/08/13 04:49:11.247, Tesla V100-PCIE-16GB, 58 %, 4 %, 548 MiB, 16384 MiB, 50
2026/08/13 04:49:21.248, Tesla V100-PCIE-16GB, 59 %, 4 %, 548 MiB, 16384 MiB, 50
2026/08/13 04:49:31.250, Tesla V100-PCIE-16GB, 57 %, 4 %, 548 MiB, 16384 MiB, 50
2026/08/13 04:49:41.251, Tesla V100-PCIE-16GB, 58 %, 4 %, 548 MiB, 16384 MiB, 50
2026/08/13 04:49:51.307, Tesla V100-PCIE-16GB, 56 %, 4 %, 548 MiB, 16384 MiB, 50
2026/08/13 04:50:01.308, Tesla V100-PCIE-16GB, 52 %, 4 %, 548 MiB, 16384 MiB, 50
2026/08/13 04:50:11.309, Tesla V100-PCIE-16GB, 57 %, 4 %, 548 MiB, 16384 MiB, 50
2026/08/13 04:50:21.310, Tesla V100-PCIE-16GB, 58 %, 4 %, 548 MiB, 16384 MiB, 50
2026/08/13 04:50:31.311, Tesla V100-PCIE-16GB, 58 %, 4 %, 548 MiB, 16384 MiB, 50
2026/08/13 04:50:41.313, Tesla V100-PCIE-16GB, 58 %, 4 %, 548 MiB, 16384 MiB, 50
2026/08/13 04:50:51.314, Tesla V100-PCIE-16GB, 57 %, 4 %, 548 MiB, 16384 MiB, 50
2026/08/13 04:51:01.315, Tesla V100-PCIE-16GB, 59 %, 4 %, 548 MiB, 16384 MiB, 50
2026/08/13 04:51:11.316, Tesla V100-PCIE-16GB, 57 %, 4 %, 548 MiB, 16384 MiB, 50
2026/08/13 04:51:21.317, Tesla V100-PCIE-16GB, 57 %, 4 %, 548 MiB, 16384 MiB, 50
2026/08/13 04:51:31.318, Tesla V100-PCIE-16GB, 58 %, 4 %, 548 MiB, 16384 MiB, 50
2026/08/13 04:51:41.319, Tesla V100-PCIE-16GB, 58 %, 4 %, 548 MiB, 16384 MiB, 50
2026/08/13 04:51:51.320, Tesla V100-PCIE-16GB, 58 %, 4 %, 548 MiB, 16384 MiB, 50
2026/08/13 04:52:01.322, Tesla V100-PCIE-16GB, 57 %, 4 %, 548 MiB, 16384 MiB, 50
2026/08/13 04:52:11.323, Tesla V100-PCIE-16GB, 58 %, 4 %, 548 MiB, 16384 MiB, 50
2026/08/13 04:52:21.324, Tesla V100-PCIE-16GB, 58 %, 4 %, 548 MiB, 16384 MiB, 50
2026/08/13 04:52:31.325, Tesla V100-PCIE-16GB, 59 %, 4 %, 548 MiB, 16384 MiB, 50
2026/08/13 04:52:41.326, Tesla V100-PCIE-16GB, 58 %, 4 %, 548 MiB, 16384 MiB, 50
2026/08/13 04:52:51.327, Tesla V100-PCIE-16GB, 25 %, 5 %, 548 MiB, 16384 MiB, 50
2026/08/13 04:53:01.329, Tesla V100-PCIE-16GB, 57 %, 4 %, 548 MiB, 16384 MiB, 50
2026/08/13 04:53:11.330, Tesla V100-PCIE-16GB, 58 %, 4 %, 548 MiB, 16384 MiB, 50
2026/08/13 04:53:21.331, Tesla V100-PCIE-16GB, 58 %, 4 %, 548 MiB, 16384 MiB, 50
2026/08/13 04:53:31.332, Tesla V100-PCIE-16GB, 58 %, 4 %, 548 MiB, 16384 MiB, 50
2026/08/13 04:53:41.333, Tesla V100-PCIE-16GB, 56 %, 4 %, 548 MiB, 16384 MiB, 50
2026/08/13 04:53:51.334, Tesla V100-PCIE-16GB, 58 %, 4 %, 548 MiB, 16384 MiB, 50
2026/08/13 04:54:01.412, Tesla V100-PCIE-16GB, 58 %, 4 %, 548 MiB, 16384 MiB, 50
2026/08/13 04:54:11.413, Tesla V100-PCIE-16GB, 58 %, 4 %, 548 MiB, 16384 MiB, 50
2026/08/13 04:54:21.414, Tesla V100-PCIE-16GB, 57 %, 4 %, 548 MiB, 16384 MiB, 50
2026/08/13 04:54:31.415, Tesla V100-PCIE-16GB, 58 %, 4 %, 548 MiB, 16384 MiB, 50
2026/08/13 04:54:41.416, Tesla V100-PCIE-16GB, 58 %, 4 %, 548 MiB, 16384 MiB, 50
2026/08/13 04:54:51.418, Tesla V100-PCIE-16GB, 58 %, 4 %, 548 MiB, 16384 MiB, 50
2026/08/13 04:55:01.419, Tesla V100-PCIE-16GB, 57 %, 4 %, 548 MiB, 16384 MiB, 50
2026/08/13 04:55:11.420, Tesla V100-PCIE-16GB, 59 %, 4 %, 548 MiB, 16384 MiB, 50
2026/08/13 04:55:21.421, Tesla V100-PCIE-16GB, 58 %, 4 %, 548 MiB, 16384 MiB, 50
2026/08/13 04:55:31.422, Tesla V100-PCIE-16GB, 58 %, 4 %, 548 MiB, 16384 MiB, 50
2026/08/13 04:55:41.423, Tesla V100-PCIE-16GB, 58 %, 4 %, 548 MiB, 16384 MiB, 50
2026/08/13 04:55:51.424, Tesla V100-PCIE-16GB, 56 %, 4 %, 548 MiB, 16384 MiB, 50
2026/08/13 04:56:01.495, Tesla V100-PCIE-16GB, 58 %, 4 %, 548 MiB, 16384 MiB, 50
2026/08/13 04:56:11.496, Tesla V100-PCIE-16GB, 58 %, 4 %, 548 MiB, 16384 MiB, 50
2026/08/13 04:56:21.498, Tesla V100-PCIE-16GB, 58 %, 4 %, 548 MiB, 16384 MiB, 50
2026/08/13 04:56:31.499, Tesla V100-PCIE-16GB, 58 %, 4 %, 548 MiB, 16384 MiB, 50
2026/08/13 04:56:41.500, Tesla V100-PCIE-16GB, 58 %, 4 %, 548 MiB, 16384 MiB, 50
2026/08/13 04:56:51.501, Tesla V100-PCIE-16GB, 57 %, 4 %, 548 MiB, 16384 MiB, 50
2026/08/13 04:57:01.502, Tesla V100-PCIE-16GB, 58 %, 4 %, 548 MiB, 16384 MiB, 50
2026/08/13 04:57:11.503, Tesla V100-PCIE-16GB, 57 %, 4 %, 548 MiB, 16384 MiB, 50
2026/08/13 04:57:21.505, Tesla V100-PCIE-16GB, 58 %, 4 %, 548 MiB, 16384 MiB, 50
2026/08/13 04:57:31.506, Tesla V100-PCIE-16GB, 58 %, 4 %, 548 MiB, 16384 MiB, 50
2026/08/13 04:57:41.508, Tesla V100-PCIE-16GB, 57 %, 4 %, 548 MiB, 16384 MiB, 50
2026/08/13 04:57:51.509, Tesla V100-PCIE-16GB, 57 %, 4 %, 548 MiB, 16384 MiB, 50
2026/08/13 04:58:01.554, Tesla V100-PCIE-16GB, 42 %, 3 %, 548 MiB, 16384 MiB, 50
2026/08/13 04:58:11.555, Tesla V100-PCIE-16GB, 58 %, 4 %, 548 MiB, 16384 MiB, 50
2026/08/13 04:58:21.556, Tesla V100-PCIE-16GB, 58 %, 4 %, 548 MiB, 16384 MiB, 50
2026/08/13 04:58:31.558, Tesla V100-PCIE-16GB, 59 %, 4 %, 548 MiB, 16384 MiB, 50
2026/08/13 04:58:41.559, Tesla V100-PCIE-16GB, 57 %, 4 %, 548 MiB, 16384 MiB, 50
2026/08/13 04:58:51.560, Tesla V100-PCIE-16GB, 58 %, 4 %, 548 MiB, 16384 MiB, 50
2026/08/13 04:59:01.561, Tesla V100-PCIE-16GB, 57 %, 4 %, 548 MiB, 16384 MiB, 50
2026/08/13 04:59:11.562, Tesla V100-PCIE-16GB, 59 %, 4 %, 548 MiB, 16384 MiB, 50
2026/08/13 04:59:21.563, Tesla V100-PCIE-16GB, 58 %, 4 %, 548 MiB, 16384 MiB, 50
2026/08/13 04:59:31.564, Tesla V100-PCIE-16GB, 59 %, 4 %, 548 MiB, 16384 MiB, 50
2026/08/13 04:59:41.565, Tesla V100-PCIE-16GB, 57 %, 4 %, 548 MiB, 16384 MiB, 50
2026/08/13 04:59:51.566, Tesla V100-PCIE-16GB, 55 %, 4 %, 548 MiB, 16384 MiB, 50
2026/08/13 05:00:01.580, Tesla V100-PCIE-16GB, 58 %, 4 %, 548 MiB, 16384 MiB, 50
2026/08/13 05:00:11.581, Tesla V100-PCIE-16GB, 57 %, 4 %, 548 MiB, 16384 MiB, 50
2026/08/13 05:00:21.582, Tesla V100-PCIE-16GB, 58 %, 4 %, 548 MiB, 16384 MiB, 50
2026/08/13 05:00:31.583, Tesla V100-PCIE-16GB, 57 %, 4 %, 548 MiB, 16384 MiB, 50
2026/08/13 05:00:41.584, Tesla V100-PCIE-16GB, 58 %, 4 %, 548 MiB, 16384 MiB, 50
2026/08/13 05:00:51.586, Tesla V100-PCIE-16GB, 58 %, 4 %, 548 MiB, 16384 MiB, 50
2026/08/13 05:01:01.587, Tesla V100-PCIE-16GB, 58 %, 4 %, 548 MiB, 16384 MiB, 50
2026/08/13 05:01:11.588, Tesla V100-PCIE-16GB, 58 %, 4 %, 548 MiB, 16384 MiB, 50
2026/08/13 05:01:21.589, Tesla V100-PCIE-16GB, 41 %, 4 %, 548 MiB, 16384 MiB, 50
2026/08/13 05:01:31.590, Tesla V100-PCIE-16GB, 57 %, 4 %, 548 MiB, 16384 MiB, 50
2026/08/13 05:01:41.591, Tesla V100-PCIE-16GB, 58 %, 4 %, 548 MiB, 16384 MiB, 50
2026/08/13 05:01:51.592, Tesla V100-PCIE-16GB, 59 %, 4 %, 548 MiB, 16384 MiB, 50
2026/08/13 05:02:01.653, Tesla V100-PCIE-16GB, 57 %, 4 %, 548 MiB, 16384 MiB, 50
2026/08/13 05:02:11.654, Tesla V100-PCIE-16GB, 58 %, 4 %, 548 MiB, 16384 MiB, 50
2026/08/13 05:02:21.655, Tesla V100-PCIE-16GB, 58 %, 4 %, 548 MiB, 16384 MiB, 50
2026/08/13 05:02:31.656, Tesla V100-PCIE-16GB, 58 %, 4 %, 548 MiB, 16384 MiB, 50
2026/08/13 05:02:41.657, Tesla V100-PCIE-16GB, 58 %, 4 %, 548 MiB, 16384 MiB, 50
2026/08/13 05:02:51.659, Tesla V100-PCIE-16GB, 58 %, 4 %, 548 MiB, 16384 MiB, 50
2026/08/13 05:03:01.660, Tesla V100-PCIE-16GB, 58 %, 4 %, 548 MiB, 16384 MiB, 50
2026/08/13 05:03:11.661, Tesla V100-PCIE-16GB, 58 %, 4 %, 548 MiB, 16384 MiB, 50
2026/08/13 05:03:21.662, Tesla V100-PCIE-16GB, 55 %, 4 %, 548 MiB, 16384 MiB, 50
2026/08/13 05:03:31.663, Tesla V100-PCIE-16GB, 58 %, 4 %, 548 MiB, 16384 MiB, 50
2026/08/13 05:03:41.664, Tesla V100-PCIE-16GB, 58 %, 4 %, 548 MiB, 16384 MiB, 50
2026/08/13 05:03:51.665, Tesla V100-PCIE-16GB, 57 %, 4 %, 548 MiB, 16384 MiB, 50
2026/08/13 05:04:01.743, Tesla V100-PCIE-16GB, 58 %, 4 %, 548 MiB, 16384 MiB, 50
2026/08/13 05:04:11.744, Tesla V100-PCIE-16GB, 58 %, 4 %, 548 MiB, 16384 MiB, 50
2026/08/13 05:04:21.745, Tesla V100-PCIE-16GB, 58 %, 4 %, 548 MiB, 16384 MiB, 50
2026/08/13 05:04:31.746, Tesla V100-PCIE-16GB, 58 %, 4 %, 548 MiB, 16384 MiB, 50
2026/08/13 05:04:41.747, Tesla V100-PCIE-16GB, 59 %, 4 %, 548 MiB, 16384 MiB, 50
2026/08/13 05:04:51.748, Tesla V100-PCIE-16GB, 58 %, 4 %, 548 MiB, 16384 MiB, 50
2026/08/13 05:05:01.749, Tesla V100-PCIE-16GB, 58 %, 4 %, 548 MiB, 16384 MiB, 50
2026/08/13 05:05:11.751, Tesla V100-PCIE-16GB, 58 %, 4 %, 548 MiB, 16384 MiB, 50
2026/08/13 05:05:21.752, Tesla V100-PCIE-16GB, 54 %, 4 %, 548 MiB, 16384 MiB, 50
2026/08/13 05:05:31.753, Tesla V100-PCIE-16GB, 58 %, 4 %, 548 MiB, 16384 MiB, 50
2026/08/13 05:05:41.754, Tesla V100-PCIE-16GB, 56 %, 4 %, 548 MiB, 16384 MiB, 50
2026/08/13 05:05:51.756, Tesla V100-PCIE-16GB, 59 %, 4 %, 548 MiB, 16384 MiB, 50
2026/08/13 05:06:01.814, Tesla V100-PCIE-16GB, 58 %, 4 %, 548 MiB, 16384 MiB, 50
2026/08/13 05:06:11.815, Tesla V100-PCIE-16GB, 58 %, 4 %, 548 MiB, 16384 MiB, 50
2026/08/13 05:06:21.817, Tesla V100-PCIE-16GB, 58 %, 4 %, 548 MiB, 16384 MiB, 50
2026/08/13 05:06:31.818, Tesla V100-PCIE-16GB, 25 %, 5 %, 548 MiB, 16384 MiB, 50
2026/08/13 05:06:41.819, Tesla V100-PCIE-16GB, 58 %, 4 %, 548 MiB, 16384 MiB, 50
2026/08/13 05:06:51.821, Tesla V100-PCIE-16GB, 57 %, 4 %, 548 MiB, 16384 MiB, 50
2026/08/13 05:07:01.822, Tesla V100-PCIE-16GB, 58 %, 4 %, 548 MiB, 16384 MiB, 50
2026/08/13 05:07:11.823, Tesla V100-PCIE-16GB, 57 %, 4 %, 548 MiB, 16384 MiB, 50
2026/08/13 05:07:21.824, Tesla V100-PCIE-16GB, 59 %, 4 %, 548 MiB, 16384 MiB, 50
2026/08/13 05:07:31.825, Tesla V100-PCIE-16GB, 55 %, 4 %, 548 MiB, 16384 MiB, 50
2026/08/13 05:07:41.826, Tesla V100-PCIE-16GB, 58 %, 4 %, 548 MiB, 16384 MiB, 50
2026/08/13 05:07:51.827, Tesla V100-PCIE-16GB, 58 %, 4 %, 548 MiB, 16384 MiB, 50
2026/08/13 05:08:01.915, Tesla V100-PCIE-16GB, 59 %, 4 %, 548 MiB, 16384 MiB, 50
2026/08/13 05:08:11.916, Tesla V100-PCIE-16GB, 58 %, 4 %, 548 MiB, 16384 MiB, 50
2026/08/13 05:08:21.917, Tesla V100-PCIE-16GB, 58 %, 4 %, 548 MiB, 16384 MiB, 50
2026/08/13 05:08:31.918, Tesla V100-PCIE-16GB, 58 %, 4 %, 548 MiB, 16384 MiB, 50
2026/08/13 05:08:41.919, Tesla V100-PCIE-16GB, 57 %, 4 %, 548 MiB, 16384 MiB, 50
2026/08/13 05:08:51.920, Tesla V100-PCIE-16GB, 58 %, 4 %, 548 MiB, 16384 MiB, 50
2026/08/13 05:09:01.921, Tesla V100-PCIE-16GB, 58 %, 4 %, 548 MiB, 16384 MiB, 50
2026/08/13 05:09:11.922, Tesla V100-PCIE-16GB, 59 %, 4 %, 548 MiB, 16384 MiB, 50
2026/08/13 05:09:21.924, Tesla V100-PCIE-16GB, 57 %, 4 %, 548 MiB, 16384 MiB, 50
2026/08/13 05:09:31.925, Tesla V100-PCIE-16GB, 58 %, 4 %, 548 MiB, 16384 MiB, 50
2026/08/13 05:09:41.926, Tesla V100-PCIE-16GB, 57 %, 4 %, 548 MiB, 16384 MiB, 50
2026/08/13 05:09:51.927, Tesla V100-PCIE-16GB, 59 %, 4 %, 548 MiB, 16384 MiB, 50
2026/08/13 05:10:01.928, Tesla V100-PCIE-16GB, 58 %, 4 %, 548 MiB, 16384 MiB, 50
2026/08/13 05:10:11.930, Tesla V100-PCIE-16GB, 57 %, 4 %, 548 MiB, 16384 MiB, 50
2026/08/13 05:10:21.931, Tesla V100-PCIE-16GB, 58 %, 4 %, 548 MiB, 16384 MiB, 50
2026/08/13 05:10:31.932, Tesla V100-PCIE-16GB, 58 %, 4 %, 548 MiB, 16384 MiB, 50
2026/08/13 05:10:41.933, Tesla V100-PCIE-16GB, 59 %, 4 %, 548 MiB, 16384 MiB, 50
2026/08/13 05:10:51.934, Tesla V100-PCIE-16GB, 58 %, 4 %, 548 MiB, 16384 MiB, 50
2026/08/13 05:11:01.935, Tesla V100-PCIE-16GB, 59 %, 4 %, 548 MiB, 16384 MiB, 50
2026/08/13 05:11:11.937, Tesla V100-PCIE-16GB, 58 %, 4 %, 548 MiB, 16384 MiB, 50
2026/08/13 05:11:21.939, Tesla V100-PCIE-16GB, 59 %, 4 %, 548 MiB, 16384 MiB, 50
2026/08/13 05:11:31.940, Tesla V100-PCIE-16GB, 58 %, 4 %, 548 MiB, 16384 MiB, 50
2026/08/13 05:11:41.942, Tesla V100-PCIE-16GB, 25 %, 5 %, 548 MiB, 16384 MiB, 50
2026/08/13 05:11:51.943, Tesla V100-PCIE-16GB, 58 %, 4 %, 548 MiB, 16384 MiB, 50
2026/08/13 05:12:01.944, Tesla V100-PCIE-16GB, 56 %, 4 %, 548 MiB, 16384 MiB, 50
2026/08/13 05:12:11.945, Tesla V100-PCIE-16GB, 58 %, 4 %, 548 MiB, 16384 MiB, 50
2026/08/13 05:12:21.946, Tesla V100-PCIE-16GB, 58 %, 4 %, 548 MiB, 16384 MiB, 50
2026/08/13 05:12:31.947, Tesla V100-PCIE-16GB, 58 %, 4 %, 548 MiB, 16384 MiB, 50
2026/08/13 05:12:41.949, Tesla V100-PCIE-16GB, 58 %, 4 %, 548 MiB, 16384 MiB, 50
2026/08/13 05:12:51.950, Tesla V100-PCIE-16GB, 59 %, 4 %, 548 MiB, 16384 MiB, 50
2026/08/13 05:13:01.951, Tesla V100-PCIE-16GB, 58 %, 4 %, 548 MiB, 16384 MiB, 50
2026/08/13 05:13:11.952, Tesla V100-PCIE-16GB, 59 %, 4 %, 548 MiB, 16384 MiB, 50
2026/08/13 05:13:21.957, Tesla V100-PCIE-16GB, 57 %, 4 %, 548 MiB, 16384 MiB, 50
2026/08/13 05:13:31.958, Tesla V100-PCIE-16GB, 58 %, 4 %, 548 MiB, 16384 MiB, 50
2026/08/13 05:13:41.959, Tesla V100-PCIE-16GB, 57 %, 4 %, 548 MiB, 16384 MiB, 50
2026/08/13 05:13:51.961, Tesla V100-PCIE-16GB, 57 %, 4 %, 548 MiB, 16384 MiB, 50
2026/08/13 05:14:01.962, Tesla V100-PCIE-16GB, 57 %, 4 %, 548 MiB, 16384 MiB, 50
2026/08/13 05:14:11.963, Tesla V100-PCIE-16GB, 57 %, 4 %, 548 MiB, 16384 MiB, 50
2026/08/13 05:14:21.964, Tesla V100-PCIE-16GB, 58 %, 4 %, 548 MiB, 16384 MiB, 50
2026/08/13 05:14:31.965, Tesla V100-PCIE-16GB, 58 %, 4 %, 548 MiB, 16384 MiB, 50
2026/08/13 05:14:41.966, Tesla V100-PCIE-16GB, 60 %, 4 %, 548 MiB, 16384 MiB, 50
2026/08/13 05:14:51.968, Tesla V100-PCIE-16GB, 58 %, 4 %, 548 MiB, 16384 MiB, 50
2026/08/13 05:15:01.969, Tesla V100-PCIE-16GB, 25 %, 5 %, 548 MiB, 16384 MiB, 50
2026/08/13 05:15:11.970, Tesla V100-PCIE-16GB, 57 %, 4 %, 548 MiB, 16384 MiB, 50
2026/08/13 05:15:21.971, Tesla V100-PCIE-16GB, 58 %, 4 %, 548 MiB, 16384 MiB, 50
2026/08/13 05:15:31.972, Tesla V100-PCIE-16GB, 58 %, 4 %, 548 MiB, 16384 MiB, 50
2026/08/13 05:15:41.973, Tesla V100-PCIE-16GB, 58 %, 4 %, 548 MiB, 16384 MiB, 50
2026/08/13 05:15:51.974, Tesla V100-PCIE-16GB, 58 %, 4 %, 548 MiB, 16384 MiB, 50
2026/08/13 05:16:01.976, Tesla V100-PCIE-16GB, 56 %, 4 %, 548 MiB, 16384 MiB, 50
2026/08/13 05:16:11.977, Tesla V100-PCIE-16GB, 59 %, 4 %, 548 MiB, 16384 MiB, 50
2026/08/13 05:16:21.978, Tesla V100-PCIE-16GB, 58 %, 4 %, 548 MiB, 16384 MiB, 50
2026/08/13 05:16:31.979, Tesla V100-PCIE-16GB, 59 %, 4 %, 548 MiB, 16384 MiB, 50
2026/08/13 05:16:41.980, Tesla V100-PCIE-16GB, 58 %, 4 %, 548 MiB, 16384 MiB, 50
2026/08/13 05:16:51.981, Tesla V100-PCIE-16GB, 58 %, 4 %, 548 MiB, 16384 MiB, 50
2026/08/13 05:17:01.982, Tesla V100-PCIE-16GB, 58 %, 4 %, 548 MiB, 16384 MiB, 50
2026/08/13 05:17:11.984, Tesla V100-PCIE-16GB, 58 %, 4 %, 548 MiB, 16384 MiB, 50
2026/08/13 05:17:21.985, Tesla V100-PCIE-16GB, 58 %, 4 %, 548 MiB, 16384 MiB, 50
2026/08/13 05:17:31.986, Tesla V100-PCIE-16GB, 58 %, 4 %, 548 MiB, 16384 MiB, 50
2026/08/13 05:17:41.987, Tesla V100-PCIE-16GB, 58 %, 4 %, 548 MiB, 16384 MiB, 50
2026/08/13 05:17:51.988, Tesla V100-PCIE-16GB, 55 %, 4 %, 548 MiB, 16384 MiB, 50
2026/08/13 05:18:01.989, Tesla V100-PCIE-16GB, 56 %, 4 %, 548 MiB, 16384 MiB, 50
2026/08/13 05:18:11.990, Tesla V100-PCIE-16GB, 57 %, 4 %, 548 MiB, 16384 MiB, 50
2026/08/13 05:18:21.991, Tesla V100-PCIE-16GB, 38 %, 4 %, 548 MiB, 16384 MiB, 50
2026/08/13 05:18:31.993, Tesla V100-PCIE-16GB, 58 %, 4 %, 548 MiB, 16384 MiB, 50
2026/08/13 05:18:41.994, Tesla V100-PCIE-16GB, 58 %, 4 %, 548 MiB, 16384 MiB, 50
2026/08/13 05:18:51.995, Tesla V100-PCIE-16GB, 58 %, 4 %, 548 MiB, 16384 MiB, 50
2026/08/13 05:19:01.996, Tesla V100-PCIE-16GB, 58 %, 4 %, 548 MiB, 16384 MiB, 50
2026/08/13 05:19:11.997, Tesla V100-PCIE-16GB, 58 %, 4 %, 548 MiB, 16384 MiB, 50
2026/08/13 05:19:21.998, Tesla V100-PCIE-16GB, 58 %, 4 %, 548 MiB, 16384 MiB, 50
2026/08/13 05:19:32.058, Tesla V100-PCIE-16GB, 60 %, 4 %, 548 MiB, 16384 MiB, 50
2026/08/13 05:19:42.059, Tesla V100-PCIE-16GB, 57 %, 4 %, 548 MiB, 16384 MiB, 50
2026/08/13 05:19:52.060, Tesla V100-PCIE-16GB, 59 %, 4 %, 548 MiB, 16384 MiB, 50
2026/08/13 05:20:02.061, Tesla V100-PCIE-16GB, 58 %, 4 %, 548 MiB, 16384 MiB, 50
2026/08/13 05:20:12.062, Tesla V100-PCIE-16GB, 28 %, 3 %, 548 MiB, 16384 MiB, 50
2026/08/13 05:20:22.064, Tesla V100-PCIE-16GB, 56 %, 4 %, 548 MiB, 16384 MiB, 50
2026/08/13 05:20:32.065, Tesla V100-PCIE-16GB, 58 %, 4 %, 548 MiB, 16384 MiB, 50
2026/08/13 05:20:42.066, Tesla V100-PCIE-16GB, 58 %, 4 %, 548 MiB, 16384 MiB, 50
2026/08/13 05:20:52.067, Tesla V100-PCIE-16GB, 58 %, 4 %, 548 MiB, 16384 MiB, 50
2026/08/13 05:21:02.069, Tesla V100-PCIE-16GB, 59 %, 4 %, 548 MiB, 16384 MiB, 50
2026/08/13 05:21:12.071, Tesla V100-PCIE-16GB, 57 %, 4 %, 548 MiB, 16384 MiB, 50
2026/08/13 05:21:22.072, Tesla V100-PCIE-16GB, 57 %, 4 %, 548 MiB, 16384 MiB, 50
2026/08/13 05:21:32.073, Tesla V100-PCIE-16GB, 58 %, 4 %, 548 MiB, 16384 MiB, 50
2026/08/13 05:21:42.074, Tesla V100-PCIE-16GB, 59 %, 4 %, 548 MiB, 16384 MiB, 50
2026/08/13 05:21:52.075, Tesla V100-PCIE-16GB, 57 %, 4 %, 548 MiB, 16384 MiB, 50
2026/08/13 05:22:02.076, Tesla V100-PCIE-16GB, 58 %, 4 %, 548 MiB, 16384 MiB, 50
2026/08/13 05:22:12.077, Tesla V100-PCIE-16GB, 58 %, 4 %, 548 MiB, 16384 MiB, 50
2026/08/13 05:22:22.078, Tesla V100-PCIE-16GB, 58 %, 4 %, 548 MiB, 16384 MiB, 50
2026/08/13 05:22:32.138, Tesla V100-PCIE-16GB, 58 %, 4 %, 548 MiB, 16384 MiB, 50
2026/08/13 05:22:42.139, Tesla V100-PCIE-16GB, 57 %, 4 %, 548 MiB, 16384 MiB, 50
2026/08/13 05:22:52.140, Tesla V100-PCIE-16GB, 59 %, 4 %, 548 MiB, 16384 MiB, 50
2026/08/13 05:23:02.141, Tesla V100-PCIE-16GB, 57 %, 4 %, 548 MiB, 16384 MiB, 50
2026/08/13 05:23:12.143, Tesla V100-PCIE-16GB, 58 %, 4 %, 548 MiB, 16384 MiB, 50
2026/08/13 05:23:22.144, Tesla V100-PCIE-16GB, 58 %, 4 %, 548 MiB, 16384 MiB, 50
2026/08/13 05:23:32.145, Tesla V100-PCIE-16GB, 19 %, 3 %, 548 MiB, 16384 MiB, 50
2026/08/13 05:23:42.146, Tesla V100-PCIE-16GB, 58 %, 4 %, 548 MiB, 16384 MiB, 50
2026/08/13 05:23:52.147, Tesla V100-PCIE-16GB, 58 %, 4 %, 548 MiB, 16384 MiB, 50
2026/08/13 05:24:02.148, Tesla V100-PCIE-16GB, 58 %, 4 %, 548 MiB, 16384 MiB, 50
2026/08/13 05:24:12.149, Tesla V100-PCIE-16GB, 57 %, 4 %, 548 MiB, 16384 MiB, 50
2026/08/13 05:24:22.211, Tesla V100-PCIE-16GB, 59 %, 4 %, 548 MiB, 16384 MiB, 50
2026/08/13 05:24:32.213, Tesla V100-PCIE-16GB, 57 %, 4 %, 548 MiB, 16384 MiB, 50
2026/08/13 05:24:42.214, Tesla V100-PCIE-16GB, 59 %, 4 %, 548 MiB, 16384 MiB, 50
2026/08/13 05:24:52.215, Tesla V100-PCIE-16GB, 58 %, 4 %, 548 MiB, 16384 MiB, 50
2026/08/13 05:25:02.216, Tesla V100-PCIE-16GB, 59 %, 4 %, 548 MiB, 16384 MiB, 50
2026/08/13 05:25:12.217, Tesla V100-PCIE-16GB, 58 %, 4 %, 548 MiB, 16384 MiB, 50
2026/08/13 05:25:22.218, Tesla V100-PCIE-16GB, 57 %, 4 %, 548 MiB, 16384 MiB, 50
2026/08/13 05:25:32.219, Tesla V100-PCIE-16GB, 57 %, 4 %, 548 MiB, 16384 MiB, 50
2026/08/13 05:25:42.220, Tesla V100-PCIE-16GB, 57 %, 4 %, 548 MiB, 16384 MiB, 50
2026/08/13 05:25:52.222, Tesla V100-PCIE-16GB, 58 %, 4 %, 548 MiB, 16384 MiB, 50
2026/08/13 05:26:02.224, Tesla V100-PCIE-16GB, 58 %, 4 %, 548 MiB, 16384 MiB, 50
2026/08/13 05:26:12.225, Tesla V100-PCIE-16GB, 58 %, 4 %, 548 MiB, 16384 MiB, 50
2026/08/13 05:26:22.230, Tesla V100-PCIE-16GB, 57 %, 4 %, 548 MiB, 16384 MiB, 50
2026/08/13 05:26:32.232, Tesla V100-PCIE-16GB, 60 %, 4 %, 548 MiB, 16384 MiB, 50
2026/08/13 05:26:42.233, Tesla V100-PCIE-16GB, 58 %, 4 %, 548 MiB, 16384 MiB, 50
2026/08/13 05:26:52.234, Tesla V100-PCIE-16GB, 59 %, 4 %, 548 MiB, 16384 MiB, 50
2026/08/13 05:27:02.235, Tesla V100-PCIE-16GB, 58 %, 4 %, 548 MiB, 16384 MiB, 50
2026/08/13 05:27:12.236, Tesla V100-PCIE-16GB, 57 %, 4 %, 548 MiB, 16384 MiB, 50
2026/08/13 05:27:22.237, Tesla V100-PCIE-16GB, 58 %, 4 %, 548 MiB, 16384 MiB, 50
2026/08/13 05:27:32.238, Tesla V100-PCIE-16GB, 56 %, 4 %, 548 MiB, 16384 MiB, 50
2026/08/13 05:27:42.240, Tesla V100-PCIE-16GB, 58 %, 4 %, 548 MiB, 16384 MiB, 50
2026/08/13 05:27:52.241, Tesla V100-PCIE-16GB, 57 %, 4 %, 548 MiB, 16384 MiB, 50
2026/08/13 05:28:02.242, Tesla V100-PCIE-16GB, 59 %, 4 %, 548 MiB, 16384 MiB, 50
2026/08/13 05:28:12.243, Tesla V100-PCIE-16GB, 57 %, 4 %, 548 MiB, 16384 MiB, 49
2026/08/13 05:28:22.244, Tesla V100-PCIE-16GB, 57 %, 4 %, 548 MiB, 16384 MiB, 50
2026/08/13 05:28:32.245, Tesla V100-PCIE-16GB, 58 %, 4 %, 548 MiB, 16384 MiB, 50
2026/08/13 05:28:42.247, Tesla V100-PCIE-16GB, 57 %, 4 %, 548 MiB, 16384 MiB, 50
2026/08/13 05:28:52.248, Tesla V100-PCIE-16GB, 58 %, 4 %, 548 MiB, 16384 MiB, 50
2026/08/13 05:29:02.249, Tesla V100-PCIE-16GB, 57 %, 4 %, 548 MiB, 16384 MiB, 50
2026/08/13 05:29:12.250, Tesla V100-PCIE-16GB, 58 %, 4 %, 548 MiB, 16384 MiB, 50
2026/08/13 05:29:22.251, Tesla V100-PCIE-16GB, 57 %, 4 %, 548 MiB, 16384 MiB, 50
2026/08/13 05:29:32.252, Tesla V100-PCIE-16GB, 59 %, 4 %, 548 MiB, 16384 MiB, 50
2026/08/13 05:29:42.254, Tesla V100-PCIE-16GB, 58 %, 4 %, 548 MiB, 16384 MiB, 50
2026/08/13 05:29:52.255, Tesla V100-PCIE-16GB, 58 %, 4 %, 548 MiB, 16384 MiB, 50
2026/08/13 05:30:02.256, Tesla V100-PCIE-16GB, 58 %, 4 %, 548 MiB, 16384 MiB, 50
2026/08/13 05:30:12.257, Tesla V100-PCIE-16GB, 57 %, 4 %, 548 MiB, 16384 MiB, 50
2026/08/13 05:30:22.258, Tesla V100-PCIE-16GB, 58 %, 4 %, 548 MiB, 16384 MiB, 50
2026/08/13 05:30:32.259, Tesla V100-PCIE-16GB, 57 %, 4 %, 548 MiB, 16384 MiB, 50
2026/08/13 05:30:42.260, Tesla V100-PCIE-16GB, 58 %, 4 %, 548 MiB, 16384 MiB, 50
2026/08/13 05:30:52.261, Tesla V100-PCIE-16GB, 57 %, 4 %, 548 MiB, 16384 MiB, 50
2026/08/13 05:31:02.346, Tesla V100-PCIE-16GB, 58 %, 4 %, 548 MiB, 16384 MiB, 50
2026/08/13 05:31:12.347, Tesla V100-PCIE-16GB, 57 %, 4 %, 548 MiB, 16384 MiB, 50
2026/08/13 05:31:22.348, Tesla V100-PCIE-16GB, 58 %, 4 %, 548 MiB, 16384 MiB, 50
2026/08/13 05:31:32.349, Tesla V100-PCIE-16GB, 58 %, 4 %, 548 MiB, 16384 MiB, 50
2026/08/13 05:31:42.350, Tesla V100-PCIE-16GB, 59 %, 4 %, 548 MiB, 16384 MiB, 50
2026/08/13 05:31:52.351, Tesla V100-PCIE-16GB, 57 %, 4 %, 548 MiB, 16384 MiB, 50
2026/08/13 05:32:02.353, Tesla V100-PCIE-16GB, 23 %, 4 %, 548 MiB, 16384 MiB, 50
2026/08/13 05:32:12.354, Tesla V100-PCIE-16GB, 58 %, 4 %, 548 MiB, 16384 MiB, 50
2026/08/13 05:32:22.355, Tesla V100-PCIE-16GB, 58 %, 4 %, 548 MiB, 16384 MiB, 49
2026/08/13 05:32:32.356, Tesla V100-PCIE-16GB, 58 %, 4 %, 548 MiB, 16384 MiB, 50
2026/08/13 05:32:42.357, Tesla V100-PCIE-16GB, 57 %, 4 %, 548 MiB, 16384 MiB, 50
2026/08/13 05:32:52.358, Tesla V100-PCIE-16GB, 58 %, 4 %, 548 MiB, 16384 MiB, 50
2026/08/13 05:33:02.360, Tesla V100-PCIE-16GB, 57 %, 4 %, 548 MiB, 16384 MiB, 50
2026/08/13 05:33:12.361, Tesla V100-PCIE-16GB, 58 %, 4 %, 548 MiB, 16384 MiB, 50
2026/08/13 05:33:22.416, Tesla V100-PCIE-16GB, 53 %, 4 %, 548 MiB, 16384 MiB, 49
2026/08/13 05:33:32.417, Tesla V100-PCIE-16GB, 59 %, 4 %, 548 MiB, 16384 MiB, 50
2026/08/13 05:33:42.418, Tesla V100-PCIE-16GB, 58 %, 4 %, 548 MiB, 16384 MiB, 50
2026/08/13 05:33:52.419, Tesla V100-PCIE-16GB, 58 %, 4 %, 548 MiB, 16384 MiB, 50
2026/08/13 05:34:02.420, Tesla V100-PCIE-16GB, 57 %, 4 %, 548 MiB, 16384 MiB, 50
2026/08/13 05:34:12.422, Tesla V100-PCIE-16GB, 56 %, 4 %, 548 MiB, 16384 MiB, 50
2026/08/13 05:34:22.424, Tesla V100-PCIE-16GB, 58 %, 4 %, 548 MiB, 16384 MiB, 50
2026/08/13 05:34:32.425, Tesla V100-PCIE-16GB, 58 %, 4 %, 548 MiB, 16384 MiB, 50
2026/08/13 05:34:42.426, Tesla V100-PCIE-16GB, 59 %, 4 %, 548 MiB, 16384 MiB, 50
2026/08/13 05:34:52.427, Tesla V100-PCIE-16GB, 58 %, 4 %, 548 MiB, 16384 MiB, 50
2026/08/13 05:35:02.428, Tesla V100-PCIE-16GB, 58 %, 4 %, 548 MiB, 16384 MiB, 50
2026/08/13 05:35:12.430, Tesla V100-PCIE-16GB, 55 %, 4 %, 548 MiB, 16384 MiB, 50
2026/08/13 05:35:22.487, Tesla V100-PCIE-16GB, 46 %, 3 %, 548 MiB, 16384 MiB, 50
2026/08/13 05:35:32.488, Tesla V100-PCIE-16GB, 57 %, 4 %, 548 MiB, 16384 MiB, 50
2026/08/13 05:35:42.489, Tesla V100-PCIE-16GB, 58 %, 4 %, 548 MiB, 16384 MiB, 50
2026/08/13 05:35:52.490, Tesla V100-PCIE-16GB, 58 %, 4 %, 548 MiB, 16384 MiB, 49
2026/08/13 05:36:02.491, Tesla V100-PCIE-16GB, 58 %, 4 %, 548 MiB, 16384 MiB, 49
2026/08/13 05:36:12.492, Tesla V100-PCIE-16GB, 58 %, 4 %, 548 MiB, 16384 MiB, 49
2026/08/13 05:36:22.494, Tesla V100-PCIE-16GB, 59 %, 4 %, 548 MiB, 16384 MiB, 49
2026/08/13 05:36:32.495, Tesla V100-PCIE-16GB, 59 %, 4 %, 548 MiB, 16384 MiB, 49
2026/08/13 05:36:42.496, Tesla V100-PCIE-16GB, 58 %, 4 %, 548 MiB, 16384 MiB, 49
2026/08/13 05:36:52.497, Tesla V100-PCIE-16GB, 59 %, 4 %, 548 MiB, 16384 MiB, 50
2026/08/13 05:37:02.498, Tesla V100-PCIE-16GB, 58 %, 4 %, 548 MiB, 16384 MiB, 50
2026/08/13 05:37:12.499, Tesla V100-PCIE-16GB, 57 %, 4 %, 548 MiB, 16384 MiB, 49
2026/08/13 05:37:22.586, Tesla V100-PCIE-16GB, 50 %, 3 %, 548 MiB, 16384 MiB, 49
2026/08/13 05:37:32.587, Tesla V100-PCIE-16GB, 57 %, 4 %, 548 MiB, 16384 MiB, 49
2026/08/13 05:37:42.588, Tesla V100-PCIE-16GB, 58 %, 4 %, 548 MiB, 16384 MiB, 49
2026/08/13 05:37:52.589, Tesla V100-PCIE-16GB, 58 %, 4 %, 548 MiB, 16384 MiB, 49
2026/08/13 05:38:02.591, Tesla V100-PCIE-16GB, 58 %, 4 %, 548 MiB, 16384 MiB, 50
2026/08/13 05:38:12.592, Tesla V100-PCIE-16GB, 58 %, 4 %, 548 MiB, 16384 MiB, 49
2026/08/13 05:38:22.593, Tesla V100-PCIE-16GB, 58 %, 4 %, 548 MiB, 16384 MiB, 50
2026/08/13 05:38:32.594, Tesla V100-PCIE-16GB, 57 %, 4 %, 548 MiB, 16384 MiB, 50
2026/08/13 05:38:42.595, Tesla V100-PCIE-16GB, 58 %, 4 %, 548 MiB, 16384 MiB, 49
2026/08/13 05:38:52.596, Tesla V100-PCIE-16GB, 57 %, 4 %, 548 MiB, 16384 MiB, 50
2026/08/13 05:39:02.598, Tesla V100-PCIE-16GB, 57 %, 4 %, 548 MiB, 16384 MiB, 50
2026/08/13 05:39:12.599, Tesla V100-PCIE-16GB, 57 %, 4 %, 548 MiB, 16384 MiB, 50
2026/08/13 05:39:22.703, Tesla V100-PCIE-16GB, 57 %, 4 %, 548 MiB, 16384 MiB, 49
2026/08/13 05:39:32.704, Tesla V100-PCIE-16GB, 58 %, 4 %, 548 MiB, 16384 MiB, 49
2026/08/13 05:39:42.705, Tesla V100-PCIE-16GB, 57 %, 4 %, 548 MiB, 16384 MiB, 50
2026/08/13 05:39:52.706, Tesla V100-PCIE-16GB, 58 %, 4 %, 548 MiB, 16384 MiB, 50
2026/08/13 05:40:02.707, Tesla V100-PCIE-16GB, 58 %, 4 %, 548 MiB, 16384 MiB, 49
2026/08/13 05:40:12.709, Tesla V100-PCIE-16GB, 58 %, 4 %, 548 MiB, 16384 MiB, 49
2026/08/13 05:40:22.710, Tesla V100-PCIE-16GB, 57 %, 4 %, 548 MiB, 16384 MiB, 50
2026/08/13 05:40:32.711, Tesla V100-PCIE-16GB, 24 %, 4 %, 548 MiB, 16384 MiB, 49
2026/08/13 05:40:42.712, Tesla V100-PCIE-16GB, 58 %, 4 %, 548 MiB, 16384 MiB, 49
2026/08/13 05:40:52.714, Tesla V100-PCIE-16GB, 58 %, 4 %, 548 MiB, 16384 MiB, 49
2026/08/13 05:41:02.715, Tesla V100-PCIE-16GB, 58 %, 4 %, 548 MiB, 16384 MiB, 49
2026/08/13 05:41:12.716, Tesla V100-PCIE-16GB, 58 %, 4 %, 548 MiB, 16384 MiB, 49
2026/08/13 05:41:22.779, Tesla V100-PCIE-16GB, 57 %, 4 %, 548 MiB, 16384 MiB, 49
2026/08/13 05:41:32.780, Tesla V100-PCIE-16GB, 58 %, 4 %, 548 MiB, 16384 MiB, 49
2026/08/13 05:41:42.781, Tesla V100-PCIE-16GB, 58 %, 4 %, 548 MiB, 16384 MiB, 49
2026/08/13 05:41:52.782, Tesla V100-PCIE-16GB, 57 %, 4 %, 548 MiB, 16384 MiB, 49
2026/08/13 05:42:02.783, Tesla V100-PCIE-16GB, 58 %, 4 %, 548 MiB, 16384 MiB, 49
2026/08/13 05:42:12.784, Tesla V100-PCIE-16GB, 58 %, 4 %, 548 MiB, 16384 MiB, 49
2026/08/13 05:42:22.786, Tesla V100-PCIE-16GB, 58 %, 4 %, 548 MiB, 16384 MiB, 49
2026/08/13 05:42:32.787, Tesla V100-PCIE-16GB, 58 %, 4 %, 548 MiB, 16384 MiB, 49
2026/08/13 05:42:42.788, Tesla V100-PCIE-16GB, 57 %, 4 %, 548 MiB, 16384 MiB, 49
2026/08/13 05:42:52.865, Tesla V100-PCIE-16GB, 58 %, 4 %, 548 MiB, 16384 MiB, 49
2026/08/13 05:43:02.866, Tesla V100-PCIE-16GB, 58 %, 4 %, 548 MiB, 16384 MiB, 49
2026/08/13 05:43:12.867, Tesla V100-PCIE-16GB, 58 %, 4 %, 548 MiB, 16384 MiB, 49
2026/08/13 05:43:22.868, Tesla V100-PCIE-16GB, 58 %, 4 %, 548 MiB, 16384 MiB, 49
2026/08/13 05:43:32.870, Tesla V100-PCIE-16GB, 59 %, 4 %, 548 MiB, 16384 MiB, 49
2026/08/13 05:43:42.871, Tesla V100-PCIE-16GB, 57 %, 4 %, 548 MiB, 16384 MiB, 49
2026/08/13 05:43:52.872, Tesla V100-PCIE-16GB, 59 %, 4 %, 548 MiB, 16384 MiB, 49
2026/08/13 05:44:02.873, Tesla V100-PCIE-16GB, 58 %, 4 %, 548 MiB, 16384 MiB, 49
2026/08/13 05:44:12.874, Tesla V100-PCIE-16GB, 56 %, 4 %, 548 MiB, 16384 MiB, 49
2026/08/13 05:44:22.875, Tesla V100-PCIE-16GB, 56 %, 4 %, 548 MiB, 16384 MiB, 49
2026/08/13 05:44:32.876, Tesla V100-PCIE-16GB, 57 %, 4 %, 548 MiB, 16384 MiB, 49
2026/08/13 05:44:42.877, Tesla V100-PCIE-16GB, 58 %, 4 %, 548 MiB, 16384 MiB, 49
2026/08/13 05:44:52.924, Tesla V100-PCIE-16GB, 58 %, 4 %, 548 MiB, 16384 MiB, 49
2026/08/13 05:45:02.926, Tesla V100-PCIE-16GB, 58 %, 4 %, 548 MiB, 16384 MiB, 49
2026/08/13 05:45:12.927, Tesla V100-PCIE-16GB, 58 %, 4 %, 548 MiB, 16384 MiB, 49
2026/08/13 05:45:22.928, Tesla V100-PCIE-16GB, 59 %, 4 %, 548 MiB, 16384 MiB, 49
2026/08/13 05:45:32.929, Tesla V100-PCIE-16GB, 58 %, 4 %, 548 MiB, 16384 MiB, 49
2026/08/13 05:45:42.930, Tesla V100-PCIE-16GB, 31 %, 3 %, 548 MiB, 16384 MiB, 49
2026/08/13 05:45:52.931, Tesla V100-PCIE-16GB, 58 %, 4 %, 548 MiB, 16384 MiB, 49
2026/08/13 05:46:02.933, Tesla V100-PCIE-16GB, 55 %, 4 %, 548 MiB, 16384 MiB, 49
2026/08/13 05:46:12.934, Tesla V100-PCIE-16GB, 57 %, 4 %, 548 MiB, 16384 MiB, 49
2026/08/13 05:46:22.935, Tesla V100-PCIE-16GB, 57 %, 4 %, 548 MiB, 16384 MiB, 49
2026/08/13 05:46:32.936, Tesla V100-PCIE-16GB, 58 %, 4 %, 548 MiB, 16384 MiB, 49
2026/08/13 05:46:42.937, Tesla V100-PCIE-16GB, 55 %, 4 %, 548 MiB, 16384 MiB, 49
2026/08/13 05:46:53.027, Tesla V100-PCIE-16GB, 58 %, 4 %, 548 MiB, 16384 MiB, 49
2026/08/13 05:47:03.028, Tesla V100-PCIE-16GB, 58 %, 4 %, 548 MiB, 16384 MiB, 49
2026/08/13 05:47:13.029, Tesla V100-PCIE-16GB, 58 %, 4 %, 548 MiB, 16384 MiB, 49
2026/08/13 05:47:23.031, Tesla V100-PCIE-16GB, 56 %, 4 %, 548 MiB, 16384 MiB, 49
2026/08/13 05:47:33.032, Tesla V100-PCIE-16GB, 58 %, 4 %, 548 MiB, 16384 MiB, 49
2026/08/13 05:47:43.033, Tesla V100-PCIE-16GB, 58 %, 4 %, 548 MiB, 16384 MiB, 49
2026/08/13 05:47:53.034, Tesla V100-PCIE-16GB, 57 %, 4 %, 548 MiB, 16384 MiB, 49
2026/08/13 05:48:03.035, Tesla V100-PCIE-16GB, 58 %, 4 %, 548 MiB, 16384 MiB, 49
2026/08/13 05:48:13.036, Tesla V100-PCIE-16GB, 58 %, 4 %, 548 MiB, 16384 MiB, 49
2026/08/13 05:48:23.037, Tesla V100-PCIE-16GB, 58 %, 4 %, 548 MiB, 16384 MiB, 49
2026/08/13 05:48:33.038, Tesla V100-PCIE-16GB, 58 %, 4 %, 548 MiB, 16384 MiB, 49
2026/08/13 05:48:43.040, Tesla V100-PCIE-16GB, 59 %, 4 %, 550 MiB, 16384 MiB, 49
2026/08/13 05:48:53.041, Tesla V100-PCIE-16GB, 58 %, 4 %, 550 MiB, 16384 MiB, 49
2026/08/13 05:49:03.042, Tesla V100-PCIE-16GB, 24 %, 5 %, 550 MiB, 16384 MiB, 49
2026/08/13 05:49:13.043, Tesla V100-PCIE-16GB, 57 %, 4 %, 550 MiB, 16384 MiB, 49
2026/08/13 05:49:23.044, Tesla V100-PCIE-16GB, 57 %, 4 %, 550 MiB, 16384 MiB, 49
2026/08/13 05:49:33.045, Tesla V100-PCIE-16GB, 58 %, 4 %, 550 MiB, 16384 MiB, 49
2026/08/13 05:49:43.046, Tesla V100-PCIE-16GB, 56 %, 4 %, 550 MiB, 16384 MiB, 49
2026/08/13 05:49:53.048, Tesla V100-PCIE-16GB, 58 %, 4 %, 550 MiB, 16384 MiB, 49
2026/08/13 05:50:03.049, Tesla V100-PCIE-16GB, 56 %, 4 %, 550 MiB, 16384 MiB, 49
2026/08/13 05:50:13.050, Tesla V100-PCIE-16GB, 59 %, 4 %, 550 MiB, 16384 MiB, 49
2026/08/13 05:50:23.100, Tesla V100-PCIE-16GB, 57 %, 4 %, 550 MiB, 16384 MiB, 49
2026/08/13 05:50:33.102, Tesla V100-PCIE-16GB, 59 %, 4 %, 550 MiB, 16384 MiB, 49
2026/08/13 05:50:43.103, Tesla V100-PCIE-16GB, 55 %, 4 %, 550 MiB, 16384 MiB, 49
2026/08/13 05:50:53.104, Tesla V100-PCIE-16GB, 57 %, 4 %, 550 MiB, 16384 MiB, 49
2026/08/13 05:51:03.105, Tesla V100-PCIE-16GB, 58 %, 4 %, 550 MiB, 16384 MiB, 49
2026/08/13 05:51:13.112, Tesla V100-PCIE-16GB, 55 %, 4 %, 550 MiB, 16384 MiB, 49
2026/08/13 05:51:23.113, Tesla V100-PCIE-16GB, 58 %, 4 %, 550 MiB, 16384 MiB, 49
2026/08/13 05:51:33.114, Tesla V100-PCIE-16GB, 57 %, 4 %, 550 MiB, 16384 MiB, 50
2026/08/13 05:51:43.115, Tesla V100-PCIE-16GB, 55 %, 4 %, 550 MiB, 16384 MiB, 49
2026/08/13 05:51:53.175, Tesla V100-PCIE-16GB, 57 %, 4 %, 550 MiB, 16384 MiB, 49
2026/08/13 05:52:03.176, Tesla V100-PCIE-16GB, 59 %, 4 %, 550 MiB, 16384 MiB, 49
2026/08/13 05:52:13.177, Tesla V100-PCIE-16GB, 58 %, 4 %, 550 MiB, 16384 MiB, 49
2026/08/13 05:52:23.178, Tesla V100-PCIE-16GB, 24 %, 4 %, 550 MiB, 16384 MiB, 49
2026/08/13 05:52:33.179, Tesla V100-PCIE-16GB, 58 %, 4 %, 550 MiB, 16384 MiB, 49
2026/08/13 05:52:43.180, Tesla V100-PCIE-16GB, 58 %, 4 %, 550 MiB, 16384 MiB, 49
2026/08/13 05:52:53.182, Tesla V100-PCIE-16GB, 57 %, 4 %, 550 MiB, 16384 MiB, 49
2026/08/13 05:53:03.184, Tesla V100-PCIE-16GB, 57 %, 4 %, 550 MiB, 16384 MiB, 49
2026/08/13 05:53:13.186, Tesla V100-PCIE-16GB, 58 %, 4 %, 550 MiB, 16384 MiB, 49
2026/08/13 05:53:23.187, Tesla V100-PCIE-16GB, 57 %, 4 %, 550 MiB, 16384 MiB, 49
2026/08/13 05:53:33.188, Tesla V100-PCIE-16GB, 58 %, 4 %, 550 MiB, 16384 MiB, 49
2026/08/13 05:53:43.189, Tesla V100-PCIE-16GB, 57 %, 4 %, 550 MiB, 16384 MiB, 49
2026/08/13 05:53:53.251, Tesla V100-PCIE-16GB, 58 %, 4 %, 550 MiB, 16384 MiB, 49
2026/08/13 05:54:03.252, Tesla V100-PCIE-16GB, 58 %, 4 %, 550 MiB, 16384 MiB, 49
2026/08/13 05:54:13.253, Tesla V100-PCIE-16GB, 58 %, 4 %, 550 MiB, 16384 MiB, 49
2026/08/13 05:54:23.255, Tesla V100-PCIE-16GB, 58 %, 4 %, 550 MiB, 16384 MiB, 49
2026/08/13 05:54:33.256, Tesla V100-PCIE-16GB, 58 %, 4 %, 550 MiB, 16384 MiB, 49
2026/08/13 05:54:43.257, Tesla V100-PCIE-16GB, 56 %, 4 %, 550 MiB, 16384 MiB, 49
2026/08/13 05:54:53.258, Tesla V100-PCIE-16GB, 57 %, 4 %, 550 MiB, 16384 MiB, 49
2026/08/13 05:55:03.259, Tesla V100-PCIE-16GB, 58 %, 4 %, 550 MiB, 16384 MiB, 49
2026/08/13 05:55:13.326, Tesla V100-PCIE-16GB, 57 %, 4 %, 550 MiB, 16384 MiB, 49
2026/08/13 05:55:23.327, Tesla V100-PCIE-16GB, 60 %, 4 %, 550 MiB, 16384 MiB, 49
2026/08/13 05:55:33.328, Tesla V100-PCIE-16GB, 58 %, 4 %, 550 MiB, 16384 MiB, 49
2026/08/13 05:55:43.329, Tesla V100-PCIE-16GB, 60 %, 4 %, 550 MiB, 16384 MiB, 49
2026/08/13 05:55:53.330, Tesla V100-PCIE-16GB, 58 %, 4 %, 550 MiB, 16384 MiB, 49
2026/08/13 05:56:03.332, Tesla V100-PCIE-16GB, 58 %, 4 %, 550 MiB, 16384 MiB, 49
2026/08/13 05:56:13.333, Tesla V100-PCIE-16GB, 58 %, 4 %, 550 MiB, 16384 MiB, 49
2026/08/13 05:56:23.334, Tesla V100-PCIE-16GB, 58 %, 4 %, 550 MiB, 16384 MiB, 49
2026/08/13 05:56:33.335, Tesla V100-PCIE-16GB, 58 %, 4 %, 550 MiB, 16384 MiB, 49
2026/08/13 05:56:43.336, Tesla V100-PCIE-16GB, 58 %, 4 %, 550 MiB, 16384 MiB, 49
2026/08/13 05:56:53.337, Tesla V100-PCIE-16GB, 58 %, 4 %, 550 MiB, 16384 MiB, 49
2026/08/13 05:57:03.339, Tesla V100-PCIE-16GB, 58 %, 4 %, 550 MiB, 16384 MiB, 49
2026/08/13 05:57:13.466, Tesla V100-PCIE-16GB, 58 %, 4 %, 550 MiB, 16384 MiB, 50
2026/08/13 05:57:23.467, Tesla V100-PCIE-16GB, 58 %, 4 %, 550 MiB, 16384 MiB, 49
2026/08/13 05:57:33.468, Tesla V100-PCIE-16GB, 25 %, 5 %, 550 MiB, 16384 MiB, 50
2026/08/13 05:57:43.469, Tesla V100-PCIE-16GB, 58 %, 4 %, 550 MiB, 16384 MiB, 49
2026/08/13 05:57:53.471, Tesla V100-PCIE-16GB, 57 %, 4 %, 550 MiB, 16384 MiB, 49
2026/08/13 05:58:03.472, Tesla V100-PCIE-16GB, 58 %, 4 %, 550 MiB, 16384 MiB, 50
2026/08/13 05:58:13.473, Tesla V100-PCIE-16GB, 56 %, 4 %, 550 MiB, 16384 MiB, 49
2026/08/13 05:58:23.474, Tesla V100-PCIE-16GB, 59 %, 4 %, 550 MiB, 16384 MiB, 49
2026/08/13 05:58:33.475, Tesla V100-PCIE-16GB, 58 %, 4 %, 550 MiB, 16384 MiB, 49
2026/08/13 05:58:43.476, Tesla V100-PCIE-16GB, 58 %, 4 %, 550 MiB, 16384 MiB, 49
2026/08/13 05:58:53.477, Tesla V100-PCIE-16GB, 58 %, 4 %, 550 MiB, 16384 MiB, 49
2026/08/13 05:59:03.479, Tesla V100-PCIE-16GB, 59 %, 4 %, 550 MiB, 16384 MiB, 49
2026/08/13 05:59:13.546, Tesla V100-PCIE-16GB, 55 %, 4 %, 550 MiB, 16384 MiB, 49
2026/08/13 05:59:23.548, Tesla V100-PCIE-16GB, 58 %, 4 %, 550 MiB, 16384 MiB, 49
2026/08/13 05:59:33.549, Tesla V100-PCIE-16GB, 57 %, 4 %, 550 MiB, 16384 MiB, 49
2026/08/13 05:59:43.550, Tesla V100-PCIE-16GB, 57 %, 4 %, 550 MiB, 16384 MiB, 49
2026/08/13 05:59:53.551, Tesla V100-PCIE-16GB, 58 %, 4 %, 550 MiB, 16384 MiB, 49
2026/08/13 06:00:03.552, Tesla V100-PCIE-16GB, 57 %, 4 %, 550 MiB, 16384 MiB, 49
2026/08/13 06:00:13.553, Tesla V100-PCIE-16GB, 58 %, 4 %, 550 MiB, 16384 MiB, 49
2026/08/13 06:00:23.555, Tesla V100-PCIE-16GB, 58 %, 4 %, 550 MiB, 16384 MiB, 49
2026/08/13 06:00:33.556, Tesla V100-PCIE-16GB, 58 %, 4 %, 550 MiB, 16384 MiB, 49
2026/08/13 06:00:43.557, Tesla V100-PCIE-16GB, 58 %, 4 %, 550 MiB, 16384 MiB, 49
2026/08/13 06:00:53.558, Tesla V100-PCIE-16GB, 60 %, 4 %, 550 MiB, 16384 MiB, 49
2026/08/13 06:01:03.559, Tesla V100-PCIE-16GB, 57 %, 4 %, 550 MiB, 16384 MiB, 49
2026/08/13 06:01:13.560, Tesla V100-PCIE-16GB, 57 %, 4 %, 550 MiB, 16384 MiB, 49
2026/08/13 06:01:23.561, Tesla V100-PCIE-16GB, 56 %, 4 %, 550 MiB, 16384 MiB, 49
2026/08/13 06:01:33.562, Tesla V100-PCIE-16GB, 57 %, 4 %, 550 MiB, 16384 MiB, 49
2026/08/13 06:01:43.564, Tesla V100-PCIE-16GB, 58 %, 4 %, 550 MiB, 16384 MiB, 49
2026/08/13 06:01:53.565, Tesla V100-PCIE-16GB, 56 %, 4 %, 550 MiB, 16384 MiB, 49
2026/08/13 06:02:03.566, Tesla V100-PCIE-16GB, 58 %, 4 %, 550 MiB, 16384 MiB, 49
2026/08/13 06:02:13.567, Tesla V100-PCIE-16GB, 58 %, 4 %, 550 MiB, 16384 MiB, 49
2026/08/13 06:02:23.568, Tesla V100-PCIE-16GB, 59 %, 4 %, 550 MiB, 16384 MiB, 49
2026/08/13 06:02:33.569, Tesla V100-PCIE-16GB, 57 %, 4 %, 550 MiB, 16384 MiB, 49
2026/08/13 06:02:43.570, Tesla V100-PCIE-16GB, 45 %, 3 %, 550 MiB, 16384 MiB, 49
2026/08/13 06:02:53.571, Tesla V100-PCIE-16GB, 57 %, 4 %, 550 MiB, 16384 MiB, 49
2026/08/13 06:03:03.573, Tesla V100-PCIE-16GB, 57 %, 4 %, 550 MiB, 16384 MiB, 49
2026/08/13 06:03:13.633, Tesla V100-PCIE-16GB, 56 %, 4 %, 550 MiB, 16384 MiB, 49
2026/08/13 06:03:23.634, Tesla V100-PCIE-16GB, 58 %, 4 %, 550 MiB, 16384 MiB, 49
2026/08/13 06:03:33.636, Tesla V100-PCIE-16GB, 59 %, 4 %, 550 MiB, 16384 MiB, 49
2026/08/13 06:03:43.637, Tesla V100-PCIE-16GB, 57 %, 4 %, 550 MiB, 16384 MiB, 49
2026/08/13 06:03:53.638, Tesla V100-PCIE-16GB, 59 %, 4 %, 550 MiB, 16384 MiB, 49
2026/08/13 06:04:03.639, Tesla V100-PCIE-16GB, 55 %, 4 %, 550 MiB, 16384 MiB, 49
2026/08/13 06:04:13.640, Tesla V100-PCIE-16GB, 59 %, 4 %, 550 MiB, 16384 MiB, 49
2026/08/13 06:04:23.642, Tesla V100-PCIE-16GB, 58 %, 4 %, 550 MiB, 16384 MiB, 49
2026/08/13 06:04:33.643, Tesla V100-PCIE-16GB, 58 %, 4 %, 550 MiB, 16384 MiB, 49
2026/08/13 06:04:43.645, Tesla V100-PCIE-16GB, 58 %, 4 %, 550 MiB, 16384 MiB, 49
2026/08/13 06:04:53.646, Tesla V100-PCIE-16GB, 58 %, 4 %, 550 MiB, 16384 MiB, 49
2026/08/13 06:05:03.647, Tesla V100-PCIE-16GB, 57 %, 4 %, 550 MiB, 16384 MiB, 49
2026/08/13 06:05:13.699, Tesla V100-PCIE-16GB, 57 %, 4 %, 550 MiB, 16384 MiB, 49
2026/08/13 06:05:23.700, Tesla V100-PCIE-16GB, 58 %, 4 %, 550 MiB, 16384 MiB, 49
2026/08/13 06:05:33.701, Tesla V100-PCIE-16GB, 57 %, 4 %, 550 MiB, 16384 MiB, 49
2026/08/13 06:05:43.703, Tesla V100-PCIE-16GB, 60 %, 4 %, 550 MiB, 16384 MiB, 49
2026/08/13 06:05:53.704, Tesla V100-PCIE-16GB, 58 %, 4 %, 550 MiB, 16384 MiB, 49
2026/08/13 06:06:03.705, Tesla V100-PCIE-16GB, 24 %, 4 %, 550 MiB, 16384 MiB, 49
2026/08/13 06:06:13.706, Tesla V100-PCIE-16GB, 58 %, 4 %, 550 MiB, 16384 MiB, 49
2026/08/13 06:06:23.707, Tesla V100-PCIE-16GB, 56 %, 4 %, 550 MiB, 16384 MiB, 49
2026/08/13 06:06:33.708, Tesla V100-PCIE-16GB, 58 %, 4 %, 550 MiB, 16384 MiB, 49
2026/08/13 06:06:43.710, Tesla V100-PCIE-16GB, 58 %, 4 %, 550 MiB, 16384 MiB, 49
2026/08/13 06:06:53.711, Tesla V100-PCIE-16GB, 57 %, 4 %, 550 MiB, 16384 MiB, 49
2026/08/13 06:07:03.712, Tesla V100-PCIE-16GB, 58 %, 4 %, 550 MiB, 16384 MiB, 49
2026/08/13 06:07:13.735, Tesla V100-PCIE-16GB, 59 %, 4 %, 550 MiB, 16384 MiB, 49
2026/08/13 06:07:23.736, Tesla V100-PCIE-16GB, 57 %, 4 %, 550 MiB, 16384 MiB, 49
2026/08/13 06:07:33.737, Tesla V100-PCIE-16GB, 59 %, 4 %, 550 MiB, 16384 MiB, 49
2026/08/13 06:07:43.738, Tesla V100-PCIE-16GB, 58 %, 4 %, 550 MiB, 16384 MiB, 49
2026/08/13 06:07:53.739, Tesla V100-PCIE-16GB, 58 %, 4 %, 550 MiB, 16384 MiB, 49
2026/08/13 06:08:03.741, Tesla V100-PCIE-16GB, 57 %, 4 %, 550 MiB, 16384 MiB, 49
2026/08/13 06:08:13.742, Tesla V100-PCIE-16GB, 58 %, 4 %, 550 MiB, 16384 MiB, 49
2026/08/13 06:08:23.743, Tesla V100-PCIE-16GB, 58 %, 4 %, 550 MiB, 16384 MiB, 49
2026/08/13 06:08:33.744, Tesla V100-PCIE-16GB, 57 %, 4 %, 550 MiB, 16384 MiB, 49
2026/08/13 06:08:43.746, Tesla V100-PCIE-16GB, 58 %, 4 %, 550 MiB, 16384 MiB, 49
2026/08/13 06:08:53.747, Tesla V100-PCIE-16GB, 57 %, 4 %, 550 MiB, 16384 MiB, 49
2026/08/13 06:09:03.748, Tesla V100-PCIE-16GB, 59 %, 4 %, 550 MiB, 16384 MiB, 49
2026/08/13 06:09:13.757, Tesla V100-PCIE-16GB, 58 %, 4 %, 550 MiB, 16384 MiB, 49
2026/08/13 06:09:23.758, Tesla V100-PCIE-16GB, 25 %, 5 %, 550 MiB, 16384 MiB, 49
2026/08/13 06:09:33.760, Tesla V100-PCIE-16GB, 57 %, 4 %, 550 MiB, 16384 MiB, 49
2026/08/13 06:09:43.761, Tesla V100-PCIE-16GB, 58 %, 4 %, 550 MiB, 16384 MiB, 49
2026/08/13 06:09:53.762, Tesla V100-PCIE-16GB, 58 %, 4 %, 550 MiB, 16384 MiB, 49
2026/08/13 06:10:03.763, Tesla V100-PCIE-16GB, 57 %, 4 %, 550 MiB, 16384 MiB, 49
2026/08/13 06:10:13.764, Tesla V100-PCIE-16GB, 58 %, 4 %, 550 MiB, 16384 MiB, 49
2026/08/13 06:10:23.766, Tesla V100-PCIE-16GB, 57 %, 4 %, 550 MiB, 16384 MiB, 49
2026/08/13 06:10:33.767, Tesla V100-PCIE-16GB, 58 %, 4 %, 550 MiB, 16384 MiB, 49
2026/08/13 06:10:43.768, Tesla V100-PCIE-16GB, 57 %, 4 %, 550 MiB, 16384 MiB, 49
2026/08/13 06:10:53.769, Tesla V100-PCIE-16GB, 59 %, 4 %, 550 MiB, 16384 MiB, 49
2026/08/13 06:11:03.770, Tesla V100-PCIE-16GB, 58 %, 4 %, 550 MiB, 16384 MiB, 49
2026/08/13 06:11:13.779, Tesla V100-PCIE-16GB, 58 %, 4 %, 550 MiB, 16384 MiB, 49
2026/08/13 06:11:23.781, Tesla V100-PCIE-16GB, 51 %, 3 %, 550 MiB, 16384 MiB, 49
2026/08/13 06:11:33.782, Tesla V100-PCIE-16GB, 58 %, 4 %, 550 MiB, 16384 MiB, 49
2026/08/13 06:11:43.783, Tesla V100-PCIE-16GB, 58 %, 4 %, 550 MiB, 16384 MiB, 49
2026/08/13 06:11:53.784, Tesla V100-PCIE-16GB, 58 %, 4 %, 550 MiB, 16384 MiB, 49
2026/08/13 06:12:03.785, Tesla V100-PCIE-16GB, 58 %, 4 %, 550 MiB, 16384 MiB, 49
2026/08/13 06:12:13.786, Tesla V100-PCIE-16GB, 58 %, 4 %, 550 MiB, 16384 MiB, 49
2026/08/13 06:12:23.787, Tesla V100-PCIE-16GB, 58 %, 4 %, 550 MiB, 16384 MiB, 49
2026/08/13 06:12:33.788, Tesla V100-PCIE-16GB, 58 %, 4 %, 550 MiB, 16384 MiB, 49
2026/08/13 06:12:43.790, Tesla V100-PCIE-16GB, 25 %, 5 %, 550 MiB, 16384 MiB, 49
2026/08/13 06:12:53.791, Tesla V100-PCIE-16GB, 58 %, 4 %, 550 MiB, 16384 MiB, 49
2026/08/13 06:13:03.792, Tesla V100-PCIE-16GB, 58 %, 4 %, 550 MiB, 16384 MiB, 49
2026/08/13 06:13:13.799, Tesla V100-PCIE-16GB, 56 %, 4 %, 550 MiB, 16384 MiB, 49
2026/08/13 06:13:23.800, Tesla V100-PCIE-16GB, 57 %, 4 %, 550 MiB, 16384 MiB, 49
2026/08/13 06:13:33.802, Tesla V100-PCIE-16GB, 58 %, 4 %, 550 MiB, 16384 MiB, 49
2026/08/13 06:13:43.803, Tesla V100-PCIE-16GB, 58 %, 4 %, 550 MiB, 16384 MiB, 49
2026/08/13 06:13:53.804, Tesla V100-PCIE-16GB, 59 %, 4 %, 550 MiB, 16384 MiB, 49
2026/08/13 06:14:03.805, Tesla V100-PCIE-16GB, 58 %, 4 %, 550 MiB, 16384 MiB, 49
2026/08/13 06:14:13.806, Tesla V100-PCIE-16GB, 58 %, 4 %, 550 MiB, 16384 MiB, 49
2026/08/13 06:14:23.807, Tesla V100-PCIE-16GB, 57 %, 4 %, 550 MiB, 16384 MiB, 49
2026/08/13 06:14:33.808, Tesla V100-PCIE-16GB, 57 %, 4 %, 550 MiB, 16384 MiB, 49
2026/08/13 06:14:43.810, Tesla V100-PCIE-16GB, 57 %, 4 %, 550 MiB, 16384 MiB, 49
2026/08/13 06:14:53.811, Tesla V100-PCIE-16GB, 58 %, 4 %, 550 MiB, 16384 MiB, 49
2026/08/13 06:15:03.812, Tesla V100-PCIE-16GB, 58 %, 4 %, 550 MiB, 16384 MiB, 49
2026/08/13 06:15:13.839, Tesla V100-PCIE-16GB, 56 %, 4 %, 550 MiB, 16384 MiB, 49
2026/08/13 06:15:23.840, Tesla V100-PCIE-16GB, 56 %, 4 %, 550 MiB, 16384 MiB, 49
2026/08/13 06:15:33.841, Tesla V100-PCIE-16GB, 58 %, 4 %, 550 MiB, 16384 MiB, 49
2026/08/13 06:15:43.842, Tesla V100-PCIE-16GB, 58 %, 4 %, 550 MiB, 16384 MiB, 49
2026/08/13 06:15:53.844, Tesla V100-PCIE-16GB, 58 %, 4 %, 550 MiB, 16384 MiB, 49
2026/08/13 06:16:03.845, Tesla V100-PCIE-16GB, 58 %, 4 %, 550 MiB, 16384 MiB, 49
2026/08/13 06:16:13.846, Tesla V100-PCIE-16GB, 58 %, 4 %, 550 MiB, 16384 MiB, 49
2026/08/13 06:16:23.847, Tesla V100-PCIE-16GB, 56 %, 4 %, 550 MiB, 16384 MiB, 49
2026/08/13 06:16:33.848, Tesla V100-PCIE-16GB, 59 %, 4 %, 550 MiB, 16384 MiB, 49
2026/08/13 06:16:43.849, Tesla V100-PCIE-16GB, 58 %, 4 %, 550 MiB, 16384 MiB, 49
2026/08/13 06:16:53.850, Tesla V100-PCIE-16GB, 58 %, 4 %, 550 MiB, 16384 MiB, 49
2026/08/13 06:17:03.852, Tesla V100-PCIE-16GB, 58 %, 4 %, 550 MiB, 16384 MiB, 49
2026/08/13 06:17:13.853, Tesla V100-PCIE-16GB, 56 %, 4 %, 550 MiB, 16384 MiB, 49
2026/08/13 06:17:23.854, Tesla V100-PCIE-16GB, 57 %, 4 %, 550 MiB, 16384 MiB, 49
2026/08/13 06:17:33.855, Tesla V100-PCIE-16GB, 59 %, 4 %, 550 MiB, 16384 MiB, 49
2026/08/13 06:17:43.857, Tesla V100-PCIE-16GB, 57 %, 4 %, 550 MiB, 16384 MiB, 49
2026/08/13 06:17:53.858, Tesla V100-PCIE-16GB, 57 %, 4 %, 550 MiB, 16384 MiB, 49
2026/08/13 06:18:03.859, Tesla V100-PCIE-16GB, 58 %, 4 %, 550 MiB, 16384 MiB, 49
2026/08/13 06:18:13.860, Tesla V100-PCIE-16GB, 57 %, 4 %, 550 MiB, 16384 MiB, 49
2026/08/13 06:18:23.861, Tesla V100-PCIE-16GB, 58 %, 4 %, 550 MiB, 16384 MiB, 49
2026/08/13 06:18:33.862, Tesla V100-PCIE-16GB, 58 %, 4 %, 550 MiB, 16384 MiB, 49
2026/08/13 06:18:43.864, Tesla V100-PCIE-16GB, 59 %, 4 %, 550 MiB, 16384 MiB, 49
2026/08/13 06:18:53.865, Tesla V100-PCIE-16GB, 57 %, 4 %, 550 MiB, 16384 MiB, 49
2026/08/13 06:19:03.866, Tesla V100-PCIE-16GB, 58 %, 4 %, 550 MiB, 16384 MiB, 49
2026/08/13 06:19:13.867, Tesla V100-PCIE-16GB, 57 %, 4 %, 550 MiB, 16384 MiB, 49
2026/08/13 06:19:23.868, Tesla V100-PCIE-16GB, 58 %, 4 %, 550 MiB, 16384 MiB, 49
2026/08/13 06:19:33.869, Tesla V100-PCIE-16GB, 58 %, 4 %, 550 MiB, 16384 MiB, 49
2026/08/13 06:19:43.870, Tesla V100-PCIE-16GB, 57 %, 4 %, 550 MiB, 16384 MiB, 49
2026/08/13 06:19:53.871, Tesla V100-PCIE-16GB, 58 %, 4 %, 550 MiB, 16384 MiB, 49
2026/08/13 06:20:03.872, Tesla V100-PCIE-16GB, 58 %, 4 %, 550 MiB, 16384 MiB, 49
2026/08/13 06:20:13.874, Tesla V100-PCIE-16GB, 58 %, 4 %, 550 MiB, 16384 MiB, 49
2026/08/13 06:20:23.875, Tesla V100-PCIE-16GB, 58 %, 4 %, 550 MiB, 16384 MiB, 49
2026/08/13 06:20:33.876, Tesla V100-PCIE-16GB, 58 %, 4 %, 550 MiB, 16384 MiB, 49
2026/08/13 06:20:43.877, Tesla V100-PCIE-16GB, 58 %, 4 %, 550 MiB, 16384 MiB, 49
2026/08/13 06:20:53.879, Tesla V100-PCIE-16GB, 59 %, 4 %, 550 MiB, 16384 MiB, 49
2026/08/13 06:21:03.880, Tesla V100-PCIE-16GB, 57 %, 4 %, 550 MiB, 16384 MiB, 49
2026/08/13 06:21:13.881, Tesla V100-PCIE-16GB, 23 %, 4 %, 550 MiB, 16384 MiB, 49
2026/08/13 06:21:23.882, Tesla V100-PCIE-16GB, 56 %, 4 %, 550 MiB, 16384 MiB, 49
2026/08/13 06:21:33.883, Tesla V100-PCIE-16GB, 57 %, 4 %, 550 MiB, 16384 MiB, 49
2026/08/13 06:21:43.884, Tesla V100-PCIE-16GB, 58 %, 4 %, 550 MiB, 16384 MiB, 49
2026/08/13 06:21:53.886, Tesla V100-PCIE-16GB, 58 %, 4 %, 550 MiB, 16384 MiB, 49
2026/08/13 06:22:03.887, Tesla V100-PCIE-16GB, 58 %, 4 %, 550 MiB, 16384 MiB, 49
2026/08/13 06:22:13.888, Tesla V100-PCIE-16GB, 58 %, 4 %, 550 MiB, 16384 MiB, 49
2026/08/13 06:22:23.889, Tesla V100-PCIE-16GB, 58 %, 4 %, 550 MiB, 16384 MiB, 49
2026/08/13 06:22:33.890, Tesla V100-PCIE-16GB, 58 %, 4 %, 550 MiB, 16384 MiB, 49
2026/08/13 06:22:43.891, Tesla V100-PCIE-16GB, 59 %, 4 %, 550 MiB, 16384 MiB, 49
2026/08/13 06:22:53.892, Tesla V100-PCIE-16GB, 55 %, 4 %, 550 MiB, 16384 MiB, 49
2026/08/13 06:23:03.894, Tesla V100-PCIE-16GB, 57 %, 4 %, 550 MiB, 16384 MiB, 49
2026/08/13 06:23:13.895, Tesla V100-PCIE-16GB, 58 %, 4 %, 550 MiB, 16384 MiB, 49
2026/08/13 06:23:23.896, Tesla V100-PCIE-16GB, 58 %, 4 %, 550 MiB, 16384 MiB, 49
2026/08/13 06:23:33.899, Tesla V100-PCIE-16GB, 58 %, 4 %, 550 MiB, 16384 MiB, 49
2026/08/13 06:23:43.900, Tesla V100-PCIE-16GB, 58 %, 4 %, 550 MiB, 16384 MiB, 49
2026/08/13 06:23:53.901, Tesla V100-PCIE-16GB, 58 %, 4 %, 550 MiB, 16384 MiB, 49
2026/08/13 06:24:03.902, Tesla V100-PCIE-16GB, 57 %, 4 %, 550 MiB, 16384 MiB, 49
2026/08/13 06:24:13.903, Tesla V100-PCIE-16GB, 59 %, 4 %, 550 MiB, 16384 MiB, 49
2026/08/13 06:24:23.904, Tesla V100-PCIE-16GB, 57 %, 4 %, 550 MiB, 16384 MiB, 49
2026/08/13 06:24:33.906, Tesla V100-PCIE-16GB, 39 %, 4 %, 550 MiB, 16384 MiB, 49
2026/08/13 06:24:43.907, Tesla V100-PCIE-16GB, 58 %, 4 %, 550 MiB, 16384 MiB, 49
2026/08/13 06:24:53.908, Tesla V100-PCIE-16GB, 57 %, 4 %, 550 MiB, 16384 MiB, 49
2026/08/13 06:25:03.909, Tesla V100-PCIE-16GB, 57 %, 4 %, 550 MiB, 16384 MiB, 49
2026/08/13 06:25:13.910, Tesla V100-PCIE-16GB, 58 %, 4 %, 550 MiB, 16384 MiB, 49
2026/08/13 06:25:23.911, Tesla V100-PCIE-16GB, 58 %, 4 %, 550 MiB, 16384 MiB, 49
2026/08/13 06:25:33.912, Tesla V100-PCIE-16GB, 58 %, 4 %, 550 MiB, 16384 MiB, 49
2026/08/13 06:25:43.914, Tesla V100-PCIE-16GB, 58 %, 4 %, 550 MiB, 16384 MiB, 49
2026/08/13 06:25:53.915, Tesla V100-PCIE-16GB, 58 %, 4 %, 550 MiB, 16384 MiB, 49
2026/08/13 06:26:03.916, Tesla V100-PCIE-16GB, 58 %, 4 %, 550 MiB, 16384 MiB, 49
2026/08/13 06:26:13.917, Tesla V100-PCIE-16GB, 58 %, 4 %, 550 MiB, 16384 MiB, 49
2026/08/13 06:26:23.918, Tesla V100-PCIE-16GB, 57 %, 4 %, 550 MiB, 16384 MiB, 49
2026/08/13 06:26:33.919, Tesla V100-PCIE-16GB, 55 %, 4 %, 550 MiB, 16384 MiB, 49
2026/08/13 06:26:43.920, Tesla V100-PCIE-16GB, 58 %, 4 %, 550 MiB, 16384 MiB, 49
2026/08/13 06:26:53.921, Tesla V100-PCIE-16GB, 58 %, 4 %, 550 MiB, 16384 MiB, 49
2026/08/13 06:27:03.922, Tesla V100-PCIE-16GB, 56 %, 4 %, 550 MiB, 16384 MiB, 49
2026/08/13 06:27:13.924, Tesla V100-PCIE-16GB, 59 %, 4 %, 550 MiB, 16384 MiB, 49
2026/08/13 06:27:23.925, Tesla V100-PCIE-16GB, 58 %, 4 %, 550 MiB, 16384 MiB, 49
2026/08/13 06:27:33.926, Tesla V100-PCIE-16GB, 58 %, 4 %, 550 MiB, 16384 MiB, 49
2026/08/13 06:27:43.927, Tesla V100-PCIE-16GB, 57 %, 4 %, 550 MiB, 16384 MiB, 49
2026/08/13 06:27:53.929, Tesla V100-PCIE-16GB, 58 %, 4 %, 550 MiB, 16384 MiB, 49
2026/08/13 06:28:03.930, Tesla V100-PCIE-16GB, 55 %, 4 %, 550 MiB, 16384 MiB, 49
2026/08/13 06:28:13.931, Tesla V100-PCIE-16GB, 56 %, 4 %, 550 MiB, 16384 MiB, 49
2026/08/13 06:28:23.933, Tesla V100-PCIE-16GB, 57 %, 4 %, 550 MiB, 16384 MiB, 49
2026/08/13 06:28:33.934, Tesla V100-PCIE-16GB, 58 %, 4 %, 550 MiB, 16384 MiB, 49
2026/08/13 06:28:43.935, Tesla V100-PCIE-16GB, 58 %, 4 %, 550 MiB, 16384 MiB, 49
2026/08/13 06:28:53.936, Tesla V100-PCIE-16GB, 57 %, 4 %, 550 MiB, 16384 MiB, 49
2026/08/13 06:29:03.937, Tesla V100-PCIE-16GB, 59 %, 4 %, 550 MiB, 16384 MiB, 49
2026/08/13 06:29:13.938, Tesla V100-PCIE-16GB, 58 %, 4 %, 550 MiB, 16384 MiB, 49
2026/08/13 06:29:23.940, Tesla V100-PCIE-16GB, 58 %, 4 %, 550 MiB, 16384 MiB, 49
2026/08/13 06:29:33.941, Tesla V100-PCIE-16GB, 58 %, 4 %, 550 MiB, 16384 MiB, 49
2026/08/13 06:29:43.943, Tesla V100-PCIE-16GB, 58 %, 4 %, 550 MiB, 16384 MiB, 49
2026/08/13 06:29:53.944, Tesla V100-PCIE-16GB, 57 %, 4 %, 550 MiB, 16384 MiB, 49
2026/08/13 06:30:03.945, Tesla V100-PCIE-16GB, 56 %, 4 %, 550 MiB, 16384 MiB, 49
2026/08/13 06:30:13.947, Tesla V100-PCIE-16GB, 58 %, 4 %, 550 MiB, 16384 MiB, 49
2026/08/13 06:30:23.948, Tesla V100-PCIE-16GB, 58 %, 4 %, 550 MiB, 16384 MiB, 49
2026/08/13 06:30:33.950, Tesla V100-PCIE-16GB, 58 %, 4 %, 550 MiB, 16384 MiB, 49
2026/08/13 06:30:43.951, Tesla V100-PCIE-16GB, 58 %, 4 %, 550 MiB, 16384 MiB, 49
2026/08/13 06:30:53.953, Tesla V100-PCIE-16GB, 60 %, 4 %, 550 MiB, 16384 MiB, 49
2026/08/13 06:31:03.954, Tesla V100-PCIE-16GB, 57 %, 4 %, 550 MiB, 16384 MiB, 49
2026/08/13 06:31:13.955, Tesla V100-PCIE-16GB, 24 %, 4 %, 550 MiB, 16384 MiB, 49
2026/08/13 06:31:23.956, Tesla V100-PCIE-16GB, 58 %, 4 %, 550 MiB, 16384 MiB, 49
2026/08/13 06:31:33.960, Tesla V100-PCIE-16GB, 58 %, 4 %, 550 MiB, 16384 MiB, 49
2026/08/13 06:31:43.961, Tesla V100-PCIE-16GB, 58 %, 4 %, 550 MiB, 16384 MiB, 49
2026/08/13 06:31:53.962, Tesla V100-PCIE-16GB, 57 %, 4 %, 550 MiB, 16384 MiB, 49
2026/08/13 06:32:03.963, Tesla V100-PCIE-16GB, 57 %, 4 %, 550 MiB, 16384 MiB, 49
2026/08/13 06:32:13.965, Tesla V100-PCIE-16GB, 58 %, 4 %, 550 MiB, 16384 MiB, 49
2026/08/13 06:32:23.966, Tesla V100-PCIE-16GB, 58 %, 4 %, 550 MiB, 16384 MiB, 49
2026/08/13 06:32:33.967, Tesla V100-PCIE-16GB, 58 %, 4 %, 550 MiB, 16384 MiB, 49
2026/08/13 06:32:43.968, Tesla V100-PCIE-16GB, 59 %, 4 %, 550 MiB, 16384 MiB, 49
2026/08/13 06:32:53.969, Tesla V100-PCIE-16GB, 57 %, 4 %, 550 MiB, 16384 MiB, 49
2026/08/13 06:33:03.970, Tesla V100-PCIE-16GB, 58 %, 4 %, 550 MiB, 16384 MiB, 49
2026/08/13 06:33:13.971, Tesla V100-PCIE-16GB, 58 %, 4 %, 550 MiB, 16384 MiB, 49
2026/08/13 06:33:23.973, Tesla V100-PCIE-16GB, 58 %, 4 %, 550 MiB, 16384 MiB, 49
2026/08/13 06:33:33.975, Tesla V100-PCIE-16GB, 58 %, 4 %, 550 MiB, 16384 MiB, 49
2026/08/13 06:33:43.976, Tesla V100-PCIE-16GB, 58 %, 4 %, 550 MiB, 16384 MiB, 49
2026/08/13 06:33:53.977, Tesla V100-PCIE-16GB, 59 %, 4 %, 550 MiB, 16384 MiB, 49
2026/08/13 06:34:03.978, Tesla V100-PCIE-16GB, 57 %, 4 %, 550 MiB, 16384 MiB, 49
2026/08/13 06:34:13.979, Tesla V100-PCIE-16GB, 58 %, 4 %, 550 MiB, 16384 MiB, 49
2026/08/13 06:34:23.980, Tesla V100-PCIE-16GB, 57 %, 4 %, 550 MiB, 16384 MiB, 49
2026/08/13 06:34:33.982, Tesla V100-PCIE-16GB, 35 %, 3 %, 550 MiB, 16384 MiB, 49
2026/08/13 06:34:43.983, Tesla V100-PCIE-16GB, 56 %, 4 %, 550 MiB, 16384 MiB, 49
2026/08/13 06:34:53.984, Tesla V100-PCIE-16GB, 57 %, 4 %, 550 MiB, 16384 MiB, 49
2026/08/13 06:35:03.985, Tesla V100-PCIE-16GB, 58 %, 4 %, 550 MiB, 16384 MiB, 49
2026/08/13 06:35:13.986, Tesla V100-PCIE-16GB, 56 %, 4 %, 550 MiB, 16384 MiB, 49
2026/08/13 06:35:23.987, Tesla V100-PCIE-16GB, 56 %, 4 %, 550 MiB, 16384 MiB, 49
2026/08/13 06:35:33.989, Tesla V100-PCIE-16GB, 57 %, 4 %, 550 MiB, 16384 MiB, 49
2026/08/13 06:35:43.990, Tesla V100-PCIE-16GB, 59 %, 4 %, 550 MiB, 16384 MiB, 49
2026/08/13 06:35:53.991, Tesla V100-PCIE-16GB, 58 %, 4 %, 550 MiB, 16384 MiB, 49
2026/08/13 06:36:03.993, Tesla V100-PCIE-16GB, 59 %, 4 %, 550 MiB, 16384 MiB, 49
2026/08/13 06:36:13.994, Tesla V100-PCIE-16GB, 56 %, 4 %, 550 MiB, 16384 MiB, 49
2026/08/13 06:36:23.995, Tesla V100-PCIE-16GB, 55 %, 4 %, 550 MiB, 16384 MiB, 49
2026/08/13 06:36:33.996, Tesla V100-PCIE-16GB, 58 %, 4 %, 550 MiB, 16384 MiB, 49
2026/08/13 06:36:43.997, Tesla V100-PCIE-16GB, 58 %, 4 %, 550 MiB, 16384 MiB, 49
2026/08/13 06:36:53.998, Tesla V100-PCIE-16GB, 58 %, 4 %, 550 MiB, 16384 MiB, 49
2026/08/13 06:37:03.999, Tesla V100-PCIE-16GB, 58 %, 4 %, 550 MiB, 16384 MiB, 49
2026/08/13 06:37:14.001, Tesla V100-PCIE-16GB, 59 %, 4 %, 550 MiB, 16384 MiB, 49
2026/08/13 06:37:24.002, Tesla V100-PCIE-16GB, 57 %, 4 %, 550 MiB, 16384 MiB, 49
2026/08/13 06:37:34.060, Tesla V100-PCIE-16GB, 58 %, 4 %, 550 MiB, 16384 MiB, 49
2026/08/13 06:37:44.061, Tesla V100-PCIE-16GB, 58 %, 4 %, 550 MiB, 16384 MiB, 49
2026/08/13 06:37:54.063, Tesla V100-PCIE-16GB, 59 %, 4 %, 550 MiB, 16384 MiB, 49
2026/08/13 06:38:04.064, Tesla V100-PCIE-16GB, 55 %, 4 %, 550 MiB, 16384 MiB, 49
2026/08/13 06:38:14.065, Tesla V100-PCIE-16GB, 56 %, 4 %, 550 MiB, 16384 MiB, 49
2026/08/13 06:38:24.066, Tesla V100-PCIE-16GB, 57 %, 4 %, 550 MiB, 16384 MiB, 49
2026/08/13 06:38:34.067, Tesla V100-PCIE-16GB, 58 %, 4 %, 550 MiB, 16384 MiB, 49
2026/08/13 06:38:44.068, Tesla V100-PCIE-16GB, 58 %, 4 %, 550 MiB, 16384 MiB, 49
2026/08/13 06:38:54.069, Tesla V100-PCIE-16GB, 57 %, 4 %, 550 MiB, 16384 MiB, 49
2026/08/13 06:39:04.071, Tesla V100-PCIE-16GB, 58 %, 4 %, 550 MiB, 16384 MiB, 49
2026/08/13 06:39:14.072, Tesla V100-PCIE-16GB, 58 %, 4 %, 550 MiB, 16384 MiB, 49
2026/08/13 06:39:24.073, Tesla V100-PCIE-16GB, 59 %, 4 %, 550 MiB, 16384 MiB, 49
2026/08/13 06:39:34.153, Tesla V100-PCIE-16GB, 57 %, 4 %, 550 MiB, 16384 MiB, 49
2026/08/13 06:39:44.154, Tesla V100-PCIE-16GB, 23 %, 4 %, 550 MiB, 16384 MiB, 49
2026/08/13 06:39:54.156, Tesla V100-PCIE-16GB, 58 %, 4 %, 550 MiB, 16384 MiB, 49
2026/08/13 06:40:04.157, Tesla V100-PCIE-16GB, 58 %, 4 %, 550 MiB, 16384 MiB, 49
2026/08/13 06:40:14.158, Tesla V100-PCIE-16GB, 58 %, 4 %, 550 MiB, 16384 MiB, 49
2026/08/13 06:40:24.159, Tesla V100-PCIE-16GB, 58 %, 4 %, 550 MiB, 16384 MiB, 49
2026/08/13 06:40:34.160, Tesla V100-PCIE-16GB, 59 %, 4 %, 550 MiB, 16384 MiB, 49
2026/08/13 06:40:44.161, Tesla V100-PCIE-16GB, 58 %, 4 %, 550 MiB, 16384 MiB, 49
2026/08/13 06:40:54.162, Tesla V100-PCIE-16GB, 58 %, 4 %, 550 MiB, 16384 MiB, 49
2026/08/13 06:41:04.163, Tesla V100-PCIE-16GB, 58 %, 4 %, 550 MiB, 16384 MiB, 49
2026/08/13 06:41:14.165, Tesla V100-PCIE-16GB, 59 %, 4 %, 550 MiB, 16384 MiB, 49
2026/08/13 06:41:24.166, Tesla V100-PCIE-16GB, 57 %, 4 %, 550 MiB, 16384 MiB, 49
2026/08/13 06:41:34.215, Tesla V100-PCIE-16GB, 57 %, 4 %, 550 MiB, 16384 MiB, 49
2026/08/13 06:41:44.216, Tesla V100-PCIE-16GB, 58 %, 4 %, 550 MiB, 16384 MiB, 49
2026/08/13 06:41:54.218, Tesla V100-PCIE-16GB, 58 %, 4 %, 550 MiB, 16384 MiB, 49
2026/08/13 06:42:04.219, Tesla V100-PCIE-16GB, 58 %, 4 %, 550 MiB, 16384 MiB, 49
2026/08/13 06:42:14.220, Tesla V100-PCIE-16GB, 57 %, 4 %, 550 MiB, 16384 MiB, 49
2026/08/13 06:42:24.221, Tesla V100-PCIE-16GB, 58 %, 4 %, 550 MiB, 16384 MiB, 49
2026/08/13 06:42:34.222, Tesla V100-PCIE-16GB, 57 %, 4 %, 550 MiB, 16384 MiB, 49
2026/08/13 06:42:44.223, Tesla V100-PCIE-16GB, 56 %, 4 %, 550 MiB, 16384 MiB, 49
2026/08/13 06:42:54.224, Tesla V100-PCIE-16GB, 58 %, 4 %, 550 MiB, 16384 MiB, 49
2026/08/13 06:43:04.226, Tesla V100-PCIE-16GB, 24 %, 5 %, 550 MiB, 16384 MiB, 49
2026/08/13 06:43:14.227, Tesla V100-PCIE-16GB, 58 %, 4 %, 550 MiB, 16384 MiB, 49
2026/08/13 06:43:24.228, Tesla V100-PCIE-16GB, 57 %, 4 %, 550 MiB, 16384 MiB, 49
2026/08/13 06:43:34.285, Tesla V100-PCIE-16GB, 58 %, 4 %, 550 MiB, 16384 MiB, 49
2026/08/13 06:43:44.286, Tesla V100-PCIE-16GB, 57 %, 4 %, 550 MiB, 16384 MiB, 49
2026/08/13 06:43:54.287, Tesla V100-PCIE-16GB, 59 %, 4 %, 550 MiB, 16384 MiB, 49
2026/08/13 06:44:04.288, Tesla V100-PCIE-16GB, 57 %, 4 %, 550 MiB, 16384 MiB, 49
2026/08/13 06:44:14.289, Tesla V100-PCIE-16GB, 58 %, 4 %, 550 MiB, 16384 MiB, 49
2026/08/13 06:44:24.291, Tesla V100-PCIE-16GB, 57 %, 4 %, 550 MiB, 16384 MiB, 49
2026/08/13 06:44:34.292, Tesla V100-PCIE-16GB, 57 %, 4 %, 550 MiB, 16384 MiB, 49
2026/08/13 06:44:44.293, Tesla V100-PCIE-16GB, 58 %, 4 %, 550 MiB, 16384 MiB, 49
2026/08/13 06:44:54.294, Tesla V100-PCIE-16GB, 58 %, 4 %, 550 MiB, 16384 MiB, 49
2026/08/13 06:45:04.295, Tesla V100-PCIE-16GB, 57 %, 4 %, 550 MiB, 16384 MiB, 49
2026/08/13 06:45:14.296, Tesla V100-PCIE-16GB, 56 %, 4 %, 550 MiB, 16384 MiB, 49
2026/08/13 06:45:24.297, Tesla V100-PCIE-16GB, 58 %, 4 %, 550 MiB, 16384 MiB, 49
2026/08/13 06:45:34.298, Tesla V100-PCIE-16GB, 59 %, 4 %, 550 MiB, 16384 MiB, 49
2026/08/13 06:45:44.300, Tesla V100-PCIE-16GB, 58 %, 4 %, 550 MiB, 16384 MiB, 49
2026/08/13 06:45:54.301, Tesla V100-PCIE-16GB, 58 %, 4 %, 550 MiB, 16384 MiB, 49
2026/08/13 06:46:04.302, Tesla V100-PCIE-16GB, 59 %, 4 %, 550 MiB, 16384 MiB, 49
2026/08/13 06:46:14.303, Tesla V100-PCIE-16GB, 58 %, 4 %, 550 MiB, 16384 MiB, 49
2026/08/13 06:46:24.304, Tesla V100-PCIE-16GB, 25 %, 5 %, 550 MiB, 16384 MiB, 49
2026/08/13 06:46:34.306, Tesla V100-PCIE-16GB, 58 %, 4 %, 550 MiB, 16384 MiB, 49
2026/08/13 06:46:44.307, Tesla V100-PCIE-16GB, 57 %, 4 %, 550 MiB, 16384 MiB, 49
2026/08/13 06:46:54.308, Tesla V100-PCIE-16GB, 58 %, 4 %, 550 MiB, 16384 MiB, 49
2026/08/13 06:47:04.309, Tesla V100-PCIE-16GB, 56 %, 4 %, 550 MiB, 16384 MiB, 49
2026/08/13 06:47:14.310, Tesla V100-PCIE-16GB, 58 %, 4 %, 550 MiB, 16384 MiB, 49
2026/08/13 06:47:24.311, Tesla V100-PCIE-16GB, 56 %, 4 %, 550 MiB, 16384 MiB, 49
2026/08/13 06:47:34.419, Tesla V100-PCIE-16GB, 58 %, 4 %, 550 MiB, 16384 MiB, 49
2026/08/13 06:47:44.420, Tesla V100-PCIE-16GB, 58 %, 4 %, 550 MiB, 16384 MiB, 49
2026/08/13 06:47:54.422, Tesla V100-PCIE-16GB, 59 %, 4 %, 550 MiB, 16384 MiB, 49
2026/08/13 06:48:04.423, Tesla V100-PCIE-16GB, 57 %, 4 %, 550 MiB, 16384 MiB, 49
2026/08/13 06:48:14.424, Tesla V100-PCIE-16GB, 58 %, 4 %, 550 MiB, 16384 MiB, 49
2026/08/13 06:48:24.425, Tesla V100-PCIE-16GB, 58 %, 4 %, 550 MiB, 16384 MiB, 49
2026/08/13 06:48:34.426, Tesla V100-PCIE-16GB, 58 %, 4 %, 550 MiB, 16384 MiB, 49
2026/08/13 06:48:44.427, Tesla V100-PCIE-16GB, 58 %, 4 %, 550 MiB, 16384 MiB, 49
2026/08/13 06:48:54.428, Tesla V100-PCIE-16GB, 57 %, 4 %, 550 MiB, 16384 MiB, 49
2026/08/13 06:49:04.430, Tesla V100-PCIE-16GB, 58 %, 4 %, 550 MiB, 16384 MiB, 49
2026/08/13 06:49:14.431, Tesla V100-PCIE-16GB, 58 %, 4 %, 550 MiB, 16384 MiB, 49
2026/08/13 06:49:24.432, Tesla V100-PCIE-16GB, 58 %, 4 %, 550 MiB, 16384 MiB, 49
2026/08/13 06:49:34.433, Tesla V100-PCIE-16GB, 57 %, 4 %, 550 MiB, 16384 MiB, 49
2026/08/13 06:49:44.434, Tesla V100-PCIE-16GB, 58 %, 4 %, 550 MiB, 16384 MiB, 49
2026/08/13 06:49:54.435, Tesla V100-PCIE-16GB, 58 %, 4 %, 550 MiB, 16384 MiB, 49
2026/08/13 06:50:04.436, Tesla V100-PCIE-16GB, 57 %, 4 %, 550 MiB, 16384 MiB, 49
2026/08/13 06:50:14.437, Tesla V100-PCIE-16GB, 58 %, 4 %, 550 MiB, 16384 MiB, 49
2026/08/13 06:50:24.439, Tesla V100-PCIE-16GB, 58 %, 4 %, 550 MiB, 16384 MiB, 49
2026/08/13 06:50:34.440, Tesla V100-PCIE-16GB, 58 %, 4 %, 550 MiB, 16384 MiB, 49
2026/08/13 06:50:44.441, Tesla V100-PCIE-16GB, 58 %, 4 %, 550 MiB, 16384 MiB, 49
2026/08/13 06:50:54.442, Tesla V100-PCIE-16GB, 58 %, 4 %, 550 MiB, 16384 MiB, 49
2026/08/13 06:51:04.443, Tesla V100-PCIE-16GB, 57 %, 4 %, 550 MiB, 16384 MiB, 49
2026/08/13 06:51:14.444, Tesla V100-PCIE-16GB, 59 %, 4 %, 550 MiB, 16384 MiB, 49
2026/08/13 06:51:24.446, Tesla V100-PCIE-16GB, 57 %, 4 %, 550 MiB, 16384 MiB, 49
2026/08/13 06:51:34.447, Tesla V100-PCIE-16GB, 57 %, 4 %, 550 MiB, 16384 MiB, 49
2026/08/13 06:51:44.448, Tesla V100-PCIE-16GB, 58 %, 4 %, 550 MiB, 16384 MiB, 49
2026/08/13 06:51:54.450, Tesla V100-PCIE-16GB, 57 %, 4 %, 550 MiB, 16384 MiB, 49
2026/08/13 06:52:04.451, Tesla V100-PCIE-16GB, 58 %, 4 %, 550 MiB, 16384 MiB, 49
2026/08/13 06:52:14.452, Tesla V100-PCIE-16GB, 57 %, 4 %, 550 MiB, 16384 MiB, 49
2026/08/13 06:52:24.453, Tesla V100-PCIE-16GB, 58 %, 4 %, 550 MiB, 16384 MiB, 49
2026/08/13 06:52:34.454, Tesla V100-PCIE-16GB, 58 %, 4 %, 550 MiB, 16384 MiB, 49
2026/08/13 06:52:44.455, Tesla V100-PCIE-16GB, 60 %, 4 %, 550 MiB, 16384 MiB, 49
2026/08/13 06:52:54.456, Tesla V100-PCIE-16GB, 58 %, 4 %, 550 MiB, 16384 MiB, 49
2026/08/13 06:53:04.457, Tesla V100-PCIE-16GB, 34 %, 4 %, 550 MiB, 16384 MiB, 49
2026/08/13 06:53:14.459, Tesla V100-PCIE-16GB, 58 %, 4 %, 550 MiB, 16384 MiB, 49
2026/08/13 06:53:24.460, Tesla V100-PCIE-16GB, 58 %, 4 %, 550 MiB, 16384 MiB, 49
2026/08/13 06:53:34.462, Tesla V100-PCIE-16GB, 58 %, 4 %, 550 MiB, 16384 MiB, 49
2026/08/13 06:53:44.463, Tesla V100-PCIE-16GB, 55 %, 4 %, 550 MiB, 16384 MiB, 49
2026/08/13 06:53:54.464, Tesla V100-PCIE-16GB, 58 %, 4 %, 550 MiB, 16384 MiB, 49
2026/08/13 06:54:04.465, Tesla V100-PCIE-16GB, 58 %, 4 %, 550 MiB, 16384 MiB, 49
2026/08/13 06:54:14.466, Tesla V100-PCIE-16GB, 59 %, 4 %, 550 MiB, 16384 MiB, 49
2026/08/13 06:54:24.468, Tesla V100-PCIE-16GB, 58 %, 4 %, 550 MiB, 16384 MiB, 49
2026/08/13 06:54:34.469, Tesla V100-PCIE-16GB, 59 %, 4 %, 550 MiB, 16384 MiB, 49
2026/08/13 06:54:44.470, Tesla V100-PCIE-16GB, 58 %, 4 %, 550 MiB, 16384 MiB, 49
2026/08/13 06:54:54.471, Tesla V100-PCIE-16GB, 58 %, 4 %, 550 MiB, 16384 MiB, 49
2026/08/13 06:55:04.472, Tesla V100-PCIE-16GB, 58 %, 4 %, 550 MiB, 16384 MiB, 49
2026/08/13 06:55:14.473, Tesla V100-PCIE-16GB, 57 %, 4 %, 550 MiB, 16384 MiB, 49
2026/08/13 06:55:24.475, Tesla V100-PCIE-16GB, 57 %, 4 %, 550 MiB, 16384 MiB, 49
2026/08/13 06:55:34.476, Tesla V100-PCIE-16GB, 57 %, 4 %, 550 MiB, 16384 MiB, 49
2026/08/13 06:55:44.477, Tesla V100-PCIE-16GB, 58 %, 4 %, 550 MiB, 16384 MiB, 49
2026/08/13 06:55:54.478, Tesla V100-PCIE-16GB, 57 %, 4 %, 550 MiB, 16384 MiB, 49
2026/08/13 06:56:04.479, Tesla V100-PCIE-16GB, 59 %, 4 %, 550 MiB, 16384 MiB, 49
2026/08/13 06:56:14.480, Tesla V100-PCIE-16GB, 58 %, 4 %, 550 MiB, 16384 MiB, 49
2026/08/13 06:56:24.482, Tesla V100-PCIE-16GB, 45 %, 4 %, 550 MiB, 16384 MiB, 49
2026/08/13 06:56:34.483, Tesla V100-PCIE-16GB, 58 %, 4 %, 550 MiB, 16384 MiB, 49
2026/08/13 06:56:44.484, Tesla V100-PCIE-16GB, 57 %, 4 %, 550 MiB, 16384 MiB, 49
2026/08/13 06:56:54.485, Tesla V100-PCIE-16GB, 58 %, 4 %, 550 MiB, 16384 MiB, 49
2026/08/13 06:57:04.486, Tesla V100-PCIE-16GB, 57 %, 4 %, 550 MiB, 16384 MiB, 49
2026/08/13 06:57:14.489, Tesla V100-PCIE-16GB, 58 %, 4 %, 550 MiB, 16384 MiB, 49
2026/08/13 06:57:24.560, Tesla V100-PCIE-16GB, 58 %, 4 %, 550 MiB, 16384 MiB, 49
2026/08/13 06:57:34.561, Tesla V100-PCIE-16GB, 59 %, 4 %, 550 MiB, 16384 MiB, 49
2026/08/13 06:57:44.562, Tesla V100-PCIE-16GB, 43 %, 3 %, 550 MiB, 16384 MiB, 49
2026/08/13 06:57:54.563, Tesla V100-PCIE-16GB, 58 %, 4 %, 550 MiB, 16384 MiB, 49
2026/08/13 06:58:04.640, Tesla V100-PCIE-16GB, 58 %, 4 %, 550 MiB, 16384 MiB, 49
2026/08/13 06:58:14.641, Tesla V100-PCIE-16GB, 55 %, 4 %, 550 MiB, 16384 MiB, 49
2026/08/13 06:58:24.642, Tesla V100-PCIE-16GB, 57 %, 4 %, 550 MiB, 16384 MiB, 49
2026/08/13 06:58:34.644, Tesla V100-PCIE-16GB, 57 %, 4 %, 550 MiB, 16384 MiB, 49
2026/08/13 06:58:44.680, Tesla V100-PCIE-16GB, 58 %, 4 %, 550 MiB, 16384 MiB, 49
2026/08/13 06:58:54.681, Tesla V100-PCIE-16GB, 54 %, 4 %, 550 MiB, 16384 MiB, 49
2026/08/13 06:59:04.683, Tesla V100-PCIE-16GB, 58 %, 4 %, 550 MiB, 16384 MiB, 49
2026/08/13 06:59:14.684, Tesla V100-PCIE-16GB, 58 %, 4 %, 550 MiB, 16384 MiB, 49
2026/08/13 06:59:24.685, Tesla V100-PCIE-16GB, 59 %, 4 %, 550 MiB, 16384 MiB, 49
2026/08/13 06:59:34.686, Tesla V100-PCIE-16GB, 57 %, 4 %, 550 MiB, 16384 MiB, 49
2026/08/13 06:59:44.687, Tesla V100-PCIE-16GB, 59 %, 4 %, 550 MiB, 16384 MiB, 49
2026/08/13 06:59:54.688, Tesla V100-PCIE-16GB, 58 %, 4 %, 550 MiB, 16384 MiB, 49
2026/08/13 07:00:04.690, Tesla V100-PCIE-16GB, 58 %, 4 %, 550 MiB, 16384 MiB, 49
2026/08/13 07:00:14.691, Tesla V100-PCIE-16GB, 58 %, 4 %, 550 MiB, 16384 MiB, 49
2026/08/13 07:00:24.747, Tesla V100-PCIE-16GB, 57 %, 4 %, 550 MiB, 16384 MiB, 49
2026/08/13 07:00:34.748, Tesla V100-PCIE-16GB, 58 %, 4 %, 550 MiB, 16384 MiB, 49
2026/08/13 07:00:44.750, Tesla V100-PCIE-16GB, 58 %, 4 %, 550 MiB, 16384 MiB, 49
2026/08/13 07:00:54.751, Tesla V100-PCIE-16GB, 58 %, 4 %, 550 MiB, 16384 MiB, 49
2026/08/13 07:01:04.752, Tesla V100-PCIE-16GB, 58 %, 4 %, 550 MiB, 16384 MiB, 49
2026/08/13 07:01:14.753, Tesla V100-PCIE-16GB, 60 %, 4 %, 550 MiB, 16384 MiB, 49
2026/08/13 07:01:24.754, Tesla V100-PCIE-16GB, 58 %, 4 %, 550 MiB, 16384 MiB, 49
2026/08/13 07:01:34.755, Tesla V100-PCIE-16GB, 25 %, 5 %, 550 MiB, 16384 MiB, 49
2026/08/13 07:01:44.756, Tesla V100-PCIE-16GB, 58 %, 4 %, 550 MiB, 16384 MiB, 49
2026/08/13 07:01:54.757, Tesla V100-PCIE-16GB, 58 %, 4 %, 550 MiB, 16384 MiB, 49
2026/08/13 07:02:04.759, Tesla V100-PCIE-16GB, 58 %, 4 %, 550 MiB, 16384 MiB, 49
2026/08/13 07:02:14.760, Tesla V100-PCIE-16GB, 58 %, 4 %, 550 MiB, 16384 MiB, 49
2026/08/13 07:02:24.791, Tesla V100-PCIE-16GB, 57 %, 4 %, 550 MiB, 16384 MiB, 49
2026/08/13 07:02:34.792, Tesla V100-PCIE-16GB, 57 %, 4 %, 550 MiB, 16384 MiB, 49
2026/08/13 07:02:44.793, Tesla V100-PCIE-16GB, 59 %, 4 %, 550 MiB, 16384 MiB, 49
2026/08/13 07:02:54.794, Tesla V100-PCIE-16GB, 58 %, 4 %, 550 MiB, 16384 MiB, 49
2026/08/13 07:03:04.796, Tesla V100-PCIE-16GB, 59 %, 4 %, 550 MiB, 16384 MiB, 49
2026/08/13 07:03:14.797, Tesla V100-PCIE-16GB, 56 %, 4 %, 550 MiB, 16384 MiB, 49
2026/08/13 07:03:24.798, Tesla V100-PCIE-16GB, 57 %, 4 %, 550 MiB, 16384 MiB, 49
2026/08/13 07:03:34.799, Tesla V100-PCIE-16GB, 57 %, 4 %, 550 MiB, 16384 MiB, 49
2026/08/13 07:03:44.800, Tesla V100-PCIE-16GB, 58 %, 4 %, 550 MiB, 16384 MiB, 49
2026/08/13 07:03:54.801, Tesla V100-PCIE-16GB, 58 %, 4 %, 550 MiB, 16384 MiB, 49
2026/08/13 07:04:04.803, Tesla V100-PCIE-16GB, 56 %, 4 %, 550 MiB, 16384 MiB, 49
2026/08/13 07:04:14.804, Tesla V100-PCIE-16GB, 58 %, 4 %, 550 MiB, 16384 MiB, 49
2026/08/13 07:04:24.884, Tesla V100-PCIE-16GB, 57 %, 4 %, 550 MiB, 16384 MiB, 49
2026/08/13 07:04:34.885, Tesla V100-PCIE-16GB, 59 %, 4 %, 550 MiB, 16384 MiB, 49
2026/08/13 07:04:44.886, Tesla V100-PCIE-16GB, 58 %, 4 %, 550 MiB, 16384 MiB, 49
2026/08/13 07:04:54.888, Tesla V100-PCIE-16GB, 44 %, 3 %, 550 MiB, 16384 MiB, 49
2026/08/13 07:05:04.889, Tesla V100-PCIE-16GB, 58 %, 4 %, 550 MiB, 16384 MiB, 49
2026/08/13 07:05:14.890, Tesla V100-PCIE-16GB, 58 %, 4 %, 550 MiB, 16384 MiB, 49
2026/08/13 07:05:24.891, Tesla V100-PCIE-16GB, 56 %, 4 %, 550 MiB, 16384 MiB, 49
2026/08/13 07:05:34.892, Tesla V100-PCIE-16GB, 57 %, 4 %, 550 MiB, 16384 MiB, 49
2026/08/13 07:05:44.893, Tesla V100-PCIE-16GB, 58 %, 4 %, 550 MiB, 16384 MiB, 49
2026/08/13 07:05:54.895, Tesla V100-PCIE-16GB, 58 %, 4 %, 550 MiB, 16384 MiB, 49
2026/08/13 07:06:04.896, Tesla V100-PCIE-16GB, 58 %, 4 %, 550 MiB, 16384 MiB, 49
2026/08/13 07:06:14.897, Tesla V100-PCIE-16GB, 57 %, 4 %, 550 MiB, 16384 MiB, 49
2026/08/13 07:06:24.898, Tesla V100-PCIE-16GB, 57 %, 4 %, 550 MiB, 16384 MiB, 49
2026/08/13 07:06:34.899, Tesla V100-PCIE-16GB, 57 %, 4 %, 550 MiB, 16384 MiB, 49
2026/08/13 07:06:44.900, Tesla V100-PCIE-16GB, 58 %, 4 %, 550 MiB, 16384 MiB, 49
2026/08/13 07:06:54.902, Tesla V100-PCIE-16GB, 58 %, 4 %, 550 MiB, 16384 MiB, 49
2026/08/13 07:07:04.903, Tesla V100-PCIE-16GB, 58 %, 4 %, 550 MiB, 16384 MiB, 49
2026/08/13 07:07:14.904, Tesla V100-PCIE-16GB, 58 %, 4 %, 550 MiB, 16384 MiB, 49
2026/08/13 07:07:24.905, Tesla V100-PCIE-16GB, 58 %, 4 %, 550 MiB, 16384 MiB, 49
2026/08/13 07:07:34.906, Tesla V100-PCIE-16GB, 46 %, 3 %, 550 MiB, 16384 MiB, 49
2026/08/13 07:07:44.908, Tesla V100-PCIE-16GB, 57 %, 4 %, 550 MiB, 16384 MiB, 49
2026/08/13 07:07:54.909, Tesla V100-PCIE-16GB, 58 %, 4 %, 550 MiB, 16384 MiB, 49
2026/08/13 07:08:04.910, Tesla V100-PCIE-16GB, 58 %, 4 %, 550 MiB, 16384 MiB, 49
2026/08/13 07:08:14.911, Tesla V100-PCIE-16GB, 25 %, 5 %, 550 MiB, 16384 MiB, 49
2026/08/13 07:08:24.912, Tesla V100-PCIE-16GB, 57 %, 4 %, 550 MiB, 16384 MiB, 49
2026/08/13 07:08:34.913, Tesla V100-PCIE-16GB, 55 %, 4 %, 550 MiB, 16384 MiB, 49
2026/08/13 07:08:44.914, Tesla V100-PCIE-16GB, 58 %, 4 %, 550 MiB, 16384 MiB, 49
2026/08/13 07:08:54.916, Tesla V100-PCIE-16GB, 58 %, 4 %, 550 MiB, 16384 MiB, 49
2026/08/13 07:09:04.917, Tesla V100-PCIE-16GB, 55 %, 4 %, 550 MiB, 16384 MiB, 49
2026/08/13 07:09:14.918, Tesla V100-PCIE-16GB, 58 %, 4 %, 550 MiB, 16384 MiB, 49
2026/08/13 07:09:24.919, Tesla V100-PCIE-16GB, 58 %, 4 %, 550 MiB, 16384 MiB, 49
2026/08/13 07:09:34.920, Tesla V100-PCIE-16GB, 58 %, 4 %, 550 MiB, 16384 MiB, 49
2026/08/13 07:09:44.921, Tesla V100-PCIE-16GB, 59 %, 4 %, 550 MiB, 16384 MiB, 49
2026/08/13 07:09:54.922, Tesla V100-PCIE-16GB, 58 %, 4 %, 550 MiB, 16384 MiB, 49
2026/08/13 07:10:04.923, Tesla V100-PCIE-16GB, 58 %, 4 %, 550 MiB, 16384 MiB, 49
2026/08/13 07:10:14.925, Tesla V100-PCIE-16GB, 57 %, 4 %, 550 MiB, 16384 MiB, 49
2026/08/13 07:10:24.926, Tesla V100-PCIE-16GB, 57 %, 4 %, 550 MiB, 16384 MiB, 49
2026/08/13 07:10:34.928, Tesla V100-PCIE-16GB, 57 %, 4 %, 550 MiB, 16384 MiB, 49
2026/08/13 07:10:44.930, Tesla V100-PCIE-16GB, 58 %, 4 %, 550 MiB, 16384 MiB, 49
2026/08/13 07:10:54.931, Tesla V100-PCIE-16GB, 58 %, 4 %, 550 MiB, 16384 MiB, 49
2026/08/13 07:11:04.932, Tesla V100-PCIE-16GB, 59 %, 4 %, 550 MiB, 16384 MiB, 49
2026/08/13 07:11:14.933, Tesla V100-PCIE-16GB, 59 %, 4 %, 550 MiB, 16384 MiB, 49
2026/08/13 07:11:24.935, Tesla V100-PCIE-16GB, 58 %, 4 %, 550 MiB, 16384 MiB, 49
2026/08/13 07:11:34.936, Tesla V100-PCIE-16GB, 25 %, 5 %, 550 MiB, 16384 MiB, 49
2026/08/13 07:11:44.937, Tesla V100-PCIE-16GB, 58 %, 4 %, 550 MiB, 16384 MiB, 49
2026/08/13 07:11:54.940, Tesla V100-PCIE-16GB, 58 %, 4 %, 550 MiB, 16384 MiB, 49
2026/08/13 07:12:04.941, Tesla V100-PCIE-16GB, 58 %, 4 %, 550 MiB, 16384 MiB, 49
2026/08/13 07:12:14.942, Tesla V100-PCIE-16GB, 58 %, 4 %, 550 MiB, 16384 MiB, 49
2026/08/13 07:12:24.943, Tesla V100-PCIE-16GB, 58 %, 4 %, 550 MiB, 16384 MiB, 49
2026/08/13 07:12:34.947, Tesla V100-PCIE-16GB, 57 %, 4 %, 550 MiB, 16384 MiB, 49
2026/08/13 07:12:44.948, Tesla V100-PCIE-16GB, 58 %, 4 %, 550 MiB, 16384 MiB, 49
2026/08/13 07:12:54.949, Tesla V100-PCIE-16GB, 58 %, 4 %, 550 MiB, 16384 MiB, 49
2026/08/13 07:13:04.950, Tesla V100-PCIE-16GB, 59 %, 4 %, 550 MiB, 16384 MiB, 49
2026/08/13 07:13:14.951, Tesla V100-PCIE-16GB, 58 %, 4 %, 550 MiB, 16384 MiB, 49
2026/08/13 07:13:24.952, Tesla V100-PCIE-16GB, 56 %, 4 %, 550 MiB, 16384 MiB, 49
2026/08/13 07:13:34.953, Tesla V100-PCIE-16GB, 57 %, 4 %, 550 MiB, 16384 MiB, 49
2026/08/13 07:13:44.955, Tesla V100-PCIE-16GB, 58 %, 4 %, 550 MiB, 16384 MiB, 49
2026/08/13 07:13:54.956, Tesla V100-PCIE-16GB, 58 %, 4 %, 550 MiB, 16384 MiB, 49
2026/08/13 07:14:04.957, Tesla V100-PCIE-16GB, 58 %, 4 %, 550 MiB, 16384 MiB, 49
2026/08/13 07:14:14.958, Tesla V100-PCIE-16GB, 59 %, 4 %, 550 MiB, 16384 MiB, 49
2026/08/13 07:14:24.959, Tesla V100-PCIE-16GB, 58 %, 4 %, 550 MiB, 16384 MiB, 49
2026/08/13 07:14:34.960, Tesla V100-PCIE-16GB, 59 %, 4 %, 550 MiB, 16384 MiB, 49
2026/08/13 07:14:44.961, Tesla V100-PCIE-16GB, 57 %, 4 %, 550 MiB, 16384 MiB, 49
2026/08/13 07:14:54.963, Tesla V100-PCIE-16GB, 25 %, 5 %, 550 MiB, 16384 MiB, 49
2026/08/13 07:15:04.964, Tesla V100-PCIE-16GB, 57 %, 4 %, 550 MiB, 16384 MiB, 49
2026/08/13 07:15:14.965, Tesla V100-PCIE-16GB, 58 %, 4 %, 550 MiB, 16384 MiB, 49
2026/08/13 07:15:24.966, Tesla V100-PCIE-16GB, 57 %, 4 %, 550 MiB, 16384 MiB, 49
2026/08/13 07:15:34.967, Tesla V100-PCIE-16GB, 56 %, 4 %, 550 MiB, 16384 MiB, 49
2026/08/13 07:15:44.968, Tesla V100-PCIE-16GB, 59 %, 4 %, 550 MiB, 16384 MiB, 49
2026/08/13 07:15:54.969, Tesla V100-PCIE-16GB, 56 %, 4 %, 550 MiB, 16384 MiB, 49
2026/08/13 07:16:04.970, Tesla V100-PCIE-16GB, 58 %, 4 %, 550 MiB, 16384 MiB, 49
2026/08/13 07:16:14.972, Tesla V100-PCIE-16GB, 55 %, 4 %, 550 MiB, 16384 MiB, 49
2026/08/13 07:16:24.973, Tesla V100-PCIE-16GB, 59 %, 4 %, 550 MiB, 16384 MiB, 49
2026/08/13 07:16:34.974, Tesla V100-PCIE-16GB, 56 %, 4 %, 550 MiB, 16384 MiB, 49
2026/08/13 07:16:44.975, Tesla V100-PCIE-16GB, 58 %, 4 %, 550 MiB, 16384 MiB, 49
2026/08/13 07:16:54.976, Tesla V100-PCIE-16GB, 58 %, 4 %, 550 MiB, 16384 MiB, 49
2026/08/13 07:17:04.977, Tesla V100-PCIE-16GB, 58 %, 4 %, 550 MiB, 16384 MiB, 49
2026/08/13 07:17:14.979, Tesla V100-PCIE-16GB, 58 %, 4 %, 550 MiB, 16384 MiB, 49
2026/08/13 07:17:24.980, Tesla V100-PCIE-16GB, 56 %, 4 %, 550 MiB, 16384 MiB, 49
2026/08/13 07:17:34.981, Tesla V100-PCIE-16GB, 58 %, 4 %, 550 MiB, 16384 MiB, 49
2026/08/13 07:17:44.982, Tesla V100-PCIE-16GB, 58 %, 4 %, 550 MiB, 16384 MiB, 49
2026/08/13 07:17:54.983, Tesla V100-PCIE-16GB, 59 %, 4 %, 550 MiB, 16384 MiB, 49
2026/08/13 07:18:04.985, Tesla V100-PCIE-16GB, 57 %, 4 %, 550 MiB, 16384 MiB, 49
2026/08/13 07:18:14.986, Tesla V100-PCIE-16GB, 24 %, 4 %, 550 MiB, 16384 MiB, 49
2026/08/13 07:18:24.987, Tesla V100-PCIE-16GB, 56 %, 4 %, 550 MiB, 16384 MiB, 49
2026/08/13 07:18:34.988, Tesla V100-PCIE-16GB, 57 %, 4 %, 550 MiB, 16384 MiB, 49
2026/08/13 07:18:44.990, Tesla V100-PCIE-16GB, 58 %, 4 %, 550 MiB, 16384 MiB, 49
2026/08/13 07:18:54.991, Tesla V100-PCIE-16GB, 56 %, 4 %, 550 MiB, 16384 MiB, 49
2026/08/13 07:19:04.993, Tesla V100-PCIE-16GB, 58 %, 4 %, 550 MiB, 16384 MiB, 49
2026/08/13 07:19:14.994, Tesla V100-PCIE-16GB, 58 %, 4 %, 550 MiB, 16384 MiB, 49
2026/08/13 07:19:24.995, Tesla V100-PCIE-16GB, 58 %, 4 %, 550 MiB, 16384 MiB, 49
2026/08/13 07:19:34.996, Tesla V100-PCIE-16GB, 58 %, 4 %, 550 MiB, 16384 MiB, 49
2026/08/13 07:19:44.997, Tesla V100-PCIE-16GB, 60 %, 4 %, 550 MiB, 16384 MiB, 49
2026/08/13 07:19:54.998, Tesla V100-PCIE-16GB, 56 %, 4 %, 550 MiB, 16384 MiB, 49
2026/08/13 07:20:04.999, Tesla V100-PCIE-16GB, 57 %, 4 %, 550 MiB, 16384 MiB, 49
2026/08/13 07:20:15.000, Tesla V100-PCIE-16GB, 58 %, 4 %, 550 MiB, 16384 MiB, 49
2026/08/13 07:20:25.030, Tesla V100-PCIE-16GB, 57 %, 4 %, 550 MiB, 16384 MiB, 49
2026/08/13 07:20:35.031, Tesla V100-PCIE-16GB, 56 %, 4 %, 550 MiB, 16384 MiB, 49
2026/08/13 07:20:45.032, Tesla V100-PCIE-16GB, 58 %, 4 %, 550 MiB, 16384 MiB, 49
2026/08/13 07:20:55.034, Tesla V100-PCIE-16GB, 59 %, 4 %, 550 MiB, 16384 MiB, 49
2026/08/13 07:21:05.035, Tesla V100-PCIE-16GB, 56 %, 4 %, 550 MiB, 16384 MiB, 49
2026/08/13 07:21:15.036, Tesla V100-PCIE-16GB, 58 %, 4 %, 550 MiB, 16384 MiB, 49
2026/08/13 07:21:25.037, Tesla V100-PCIE-16GB, 58 %, 4 %, 550 MiB, 16384 MiB, 49
2026/08/13 07:21:35.038, Tesla V100-PCIE-16GB, 24 %, 4 %, 550 MiB, 16384 MiB, 49
2026/08/13 07:21:45.040, Tesla V100-PCIE-16GB, 58 %, 4 %, 550 MiB, 16384 MiB, 49
2026/08/13 07:21:55.041, Tesla V100-PCIE-16GB, 57 %, 4 %, 550 MiB, 16384 MiB, 49
2026/08/13 07:22:05.042, Tesla V100-PCIE-16GB, 58 %, 4 %, 550 MiB, 16384 MiB, 49
2026/08/13 07:22:15.043, Tesla V100-PCIE-16GB, 58 %, 4 %, 550 MiB, 16384 MiB, 49
2026/08/13 07:22:25.044, Tesla V100-PCIE-16GB, 57 %, 4 %, 550 MiB, 16384 MiB, 49
2026/08/13 07:22:35.045, Tesla V100-PCIE-16GB, 57 %, 4 %, 550 MiB, 16384 MiB, 49
2026/08/13 07:22:45.046, Tesla V100-PCIE-16GB, 58 %, 4 %, 550 MiB, 16384 MiB, 49
2026/08/13 07:22:55.048, Tesla V100-PCIE-16GB, 58 %, 4 %, 550 MiB, 16384 MiB, 49
2026/08/13 07:23:05.049, Tesla V100-PCIE-16GB, 59 %, 4 %, 550 MiB, 16384 MiB, 49
2026/08/13 07:23:15.050, Tesla V100-PCIE-16GB, 57 %, 4 %, 550 MiB, 16384 MiB, 49
2026/08/13 07:23:25.051, Tesla V100-PCIE-16GB, 58 %, 4 %, 550 MiB, 16384 MiB, 49
2026/08/13 07:23:35.052, Tesla V100-PCIE-16GB, 48 %, 23 %, 610 MiB, 16384 MiB, 51
2026/08/13 07:23:45.054, Tesla V100-PCIE-16GB, 48 %, 22 %, 610 MiB, 16384 MiB, 52
2026/08/13 07:23:55.055, Tesla V100-PCIE-16GB, 72 %, 2 %, 772 MiB, 16384 MiB, 50
2026/08/13 07:24:05.056, Tesla V100-PCIE-16GB, 72 %, 2 %, 834 MiB, 16384 MiB, 50
2026/08/13 07:24:15.057, Tesla V100-PCIE-16GB, 63 %, 1 %, 834 MiB, 16384 MiB, 49
2026/08/13 07:24:25.065, Tesla V100-PCIE-16GB, 63 %, 2 %, 834 MiB, 16384 MiB, 49
2026/08/13 07:24:35.067, Tesla V100-PCIE-16GB, 0 %, 0 %, 0 MiB, 16384 MiB, 48
2026/08/13 07:24:45.068, Tesla V100-PCIE-16GB, 58 %, 22 %, 1234 MiB, 16384 MiB, 51
2026/08/13 07:24:55.069, Tesla V100-PCIE-16GB, 55 %, 22 %, 1234 MiB, 16384 MiB, 52
2026/08/13 07:25:05.070, Tesla V100-PCIE-16GB, 34 %, 13 %, 1234 MiB, 16384 MiB, 53
2026/08/13 07:25:15.071, Tesla V100-PCIE-16GB, 53 %, 20 %, 1234 MiB, 16384 MiB, 53
2026/08/13 07:25:25.072, Tesla V100-PCIE-16GB, 29 %, 10 %, 1234 MiB, 16384 MiB, 53
2026/08/13 07:25:35.073, Tesla V100-PCIE-16GB, 0 %, 0 %, 0 MiB, 16384 MiB, 52
2026/08/13 07:25:45.075, Tesla V100-PCIE-16GB, 68 %, 9 %, 638 MiB, 16384 MiB, 52
2026/08/13 07:25:55.151, Tesla V100-PCIE-16GB, 68 %, 9 %, 638 MiB, 16384 MiB, 52
2026/08/13 07:26:05.152, Tesla V100-PCIE-16GB, 69 %, 9 %, 638 MiB, 16384 MiB, 53
2026/08/13 07:26:15.153, Tesla V100-PCIE-16GB, 69 %, 9 %, 638 MiB, 16384 MiB, 53
2026/08/13 07:26:25.154, Tesla V100-PCIE-16GB, 68 %, 9 %, 638 MiB, 16384 MiB, 53
2026/08/13 07:26:35.155, Tesla V100-PCIE-16GB, 68 %, 9 %, 644 MiB, 16384 MiB, 53
2026/08/13 07:26:45.156, Tesla V100-PCIE-16GB, 69 %, 9 %, 644 MiB, 16384 MiB, 53
2026/08/13 07:26:55.157, Tesla V100-PCIE-16GB, 66 %, 8 %, 644 MiB, 16384 MiB, 53
2026/08/13 07:27:05.159, Tesla V100-PCIE-16GB, 69 %, 9 %, 644 MiB, 16384 MiB, 53
2026/08/13 07:27:15.160, Tesla V100-PCIE-16GB, 56 %, 7 %, 644 MiB, 16384 MiB, 53
2026/08/13 07:27:25.161, Tesla V100-PCIE-16GB, 69 %, 9 %, 644 MiB, 16384 MiB, 53
2026/08/13 07:27:35.162, Tesla V100-PCIE-16GB, 68 %, 9 %, 644 MiB, 16384 MiB, 53
2026/08/13 07:27:45.163, Tesla V100-PCIE-16GB, 69 %, 9 %, 644 MiB, 16384 MiB, 53
2026/08/13 07:27:55.164, Tesla V100-PCIE-16GB, 67 %, 8 %, 644 MiB, 16384 MiB, 53
2026/08/13 07:28:05.166, Tesla V100-PCIE-16GB, 69 %, 9 %, 644 MiB, 16384 MiB, 53
2026/08/13 07:28:15.167, Tesla V100-PCIE-16GB, 69 %, 9 %, 644 MiB, 16384 MiB, 53
2026/08/13 07:28:25.168, Tesla V100-PCIE-16GB, 69 %, 9 %, 644 MiB, 16384 MiB, 53
2026/08/13 07:28:35.169, Tesla V100-PCIE-16GB, 68 %, 9 %, 644 MiB, 16384 MiB, 53
2026/08/13 07:28:45.170, Tesla V100-PCIE-16GB, 68 %, 9 %, 644 MiB, 16384 MiB, 53
2026/08/13 07:28:55.172, Tesla V100-PCIE-16GB, 69 %, 9 %, 644 MiB, 16384 MiB, 53
2026/08/13 07:29:05.173, Tesla V100-PCIE-16GB, 68 %, 9 %, 644 MiB, 16384 MiB, 53
2026/08/13 07:29:15.174, Tesla V100-PCIE-16GB, 70 %, 9 %, 644 MiB, 16384 MiB, 53
2026/08/13 07:29:25.175, Tesla V100-PCIE-16GB, 67 %, 9 %, 644 MiB, 16384 MiB, 53
2026/08/13 07:29:35.176, Tesla V100-PCIE-16GB, 33 %, 9 %, 644 MiB, 16384 MiB, 53
2026/08/13 07:29:45.179, Tesla V100-PCIE-16GB, 69 %, 9 %, 644 MiB, 16384 MiB, 53
2026/08/13 07:29:55.180, Tesla V100-PCIE-16GB, 69 %, 9 %, 644 MiB, 16384 MiB, 53
2026/08/13 07:30:05.181, Tesla V100-PCIE-16GB, 69 %, 9 %, 644 MiB, 16384 MiB, 53
2026/08/13 07:30:15.182, Tesla V100-PCIE-16GB, 68 %, 9 %, 644 MiB, 16384 MiB, 53
2026/08/13 07:30:25.183, Tesla V100-PCIE-16GB, 69 %, 9 %, 644 MiB, 16384 MiB, 53
2026/08/13 07:30:35.185, Tesla V100-PCIE-16GB, 69 %, 9 %, 644 MiB, 16384 MiB, 53
2026/08/13 07:30:45.186, Tesla V100-PCIE-16GB, 68 %, 9 %, 644 MiB, 16384 MiB, 53
2026/08/13 07:30:55.191, Tesla V100-PCIE-16GB, 66 %, 8 %, 644 MiB, 16384 MiB, 53
2026/08/13 07:31:05.192, Tesla V100-PCIE-16GB, 68 %, 9 %, 644 MiB, 16384 MiB, 53
2026/08/13 07:31:15.193, Tesla V100-PCIE-16GB, 68 %, 9 %, 644 MiB, 16384 MiB, 53
2026/08/13 07:31:25.194, Tesla V100-PCIE-16GB, 68 %, 9 %, 644 MiB, 16384 MiB, 53
2026/08/13 07:31:35.195, Tesla V100-PCIE-16GB, 68 %, 9 %, 644 MiB, 16384 MiB, 53
2026/08/13 07:31:45.196, Tesla V100-PCIE-16GB, 69 %, 9 %, 644 MiB, 16384 MiB, 53
2026/08/13 07:31:55.197, Tesla V100-PCIE-16GB, 69 %, 9 %, 644 MiB, 16384 MiB, 53
2026/08/13 07:32:05.199, Tesla V100-PCIE-16GB, 68 %, 9 %, 644 MiB, 16384 MiB, 53
2026/08/13 07:32:15.200, Tesla V100-PCIE-16GB, 69 %, 9 %, 644 MiB, 16384 MiB, 53
2026/08/13 07:32:25.201, Tesla V100-PCIE-16GB, 68 %, 9 %, 644 MiB, 16384 MiB, 53
2026/08/13 07:32:35.202, Tesla V100-PCIE-16GB, 67 %, 8 %, 644 MiB, 16384 MiB, 53
2026/08/13 07:32:45.203, Tesla V100-PCIE-16GB, 69 %, 9 %, 644 MiB, 16384 MiB, 53
2026/08/13 07:32:55.204, Tesla V100-PCIE-16GB, 69 %, 9 %, 644 MiB, 16384 MiB, 53
2026/08/13 07:33:05.206, Tesla V100-PCIE-16GB, 69 %, 9 %, 644 MiB, 16384 MiB, 53
2026/08/13 07:33:15.207, Tesla V100-PCIE-16GB, 68 %, 9 %, 644 MiB, 16384 MiB, 53
2026/08/13 07:33:25.208, Tesla V100-PCIE-16GB, 69 %, 9 %, 644 MiB, 16384 MiB, 53
2026/08/13 07:33:35.209, Tesla V100-PCIE-16GB, 69 %, 9 %, 644 MiB, 16384 MiB, 53
2026/08/13 07:33:45.210, Tesla V100-PCIE-16GB, 68 %, 8 %, 644 MiB, 16384 MiB, 53
2026/08/13 07:33:55.211, Tesla V100-PCIE-16GB, 69 %, 9 %, 644 MiB, 16384 MiB, 53
2026/08/13 07:34:05.213, Tesla V100-PCIE-16GB, 69 %, 9 %, 644 MiB, 16384 MiB, 53
2026/08/13 07:34:15.214, Tesla V100-PCIE-16GB, 69 %, 9 %, 644 MiB, 16384 MiB, 53
2026/08/13 07:34:25.215, Tesla V100-PCIE-16GB, 69 %, 9 %, 644 MiB, 16384 MiB, 53
2026/08/13 07:34:35.216, Tesla V100-PCIE-16GB, 66 %, 8 %, 644 MiB, 16384 MiB, 53
2026/08/13 07:34:45.217, Tesla V100-PCIE-16GB, 69 %, 9 %, 644 MiB, 16384 MiB, 53
2026/08/13 07:34:55.218, Tesla V100-PCIE-16GB, 68 %, 9 %, 644 MiB, 16384 MiB, 53
2026/08/13 07:35:05.220, Tesla V100-PCIE-16GB, 68 %, 9 %, 644 MiB, 16384 MiB, 53
2026/08/13 07:35:15.221, Tesla V100-PCIE-16GB, 69 %, 9 %, 644 MiB, 16384 MiB, 53
2026/08/13 07:35:25.222, Tesla V100-PCIE-16GB, 68 %, 9 %, 644 MiB, 16384 MiB, 53
2026/08/13 07:35:35.223, Tesla V100-PCIE-16GB, 68 %, 8 %, 644 MiB, 16384 MiB, 53
2026/08/13 07:35:45.225, Tesla V100-PCIE-16GB, 65 %, 8 %, 644 MiB, 16384 MiB, 53
2026/08/13 07:35:55.226, Tesla V100-PCIE-16GB, 69 %, 9 %, 644 MiB, 16384 MiB, 53
2026/08/13 07:36:05.227, Tesla V100-PCIE-16GB, 69 %, 9 %, 644 MiB, 16384 MiB, 53
2026/08/13 07:36:15.228, Tesla V100-PCIE-16GB, 68 %, 9 %, 644 MiB, 16384 MiB, 53
2026/08/13 07:36:25.229, Tesla V100-PCIE-16GB, 68 %, 9 %, 644 MiB, 16384 MiB, 53
2026/08/13 07:36:35.230, Tesla V100-PCIE-16GB, 69 %, 9 %, 644 MiB, 16384 MiB, 53
2026/08/13 07:36:45.232, Tesla V100-PCIE-16GB, 67 %, 8 %, 644 MiB, 16384 MiB, 53
2026/08/13 07:36:55.233, Tesla V100-PCIE-16GB, 70 %, 9 %, 644 MiB, 16384 MiB, 53
2026/08/13 07:37:05.234, Tesla V100-PCIE-16GB, 69 %, 9 %, 644 MiB, 16384 MiB, 53
2026/08/13 07:37:15.235, Tesla V100-PCIE-16GB, 68 %, 8 %, 644 MiB, 16384 MiB, 53
2026/08/13 07:37:25.237, Tesla V100-PCIE-16GB, 68 %, 9 %, 644 MiB, 16384 MiB, 53
2026/08/13 07:37:35.238, Tesla V100-PCIE-16GB, 68 %, 9 %, 644 MiB, 16384 MiB, 53
2026/08/13 07:37:45.242, Tesla V100-PCIE-16GB, 69 %, 9 %, 644 MiB, 16384 MiB, 53
2026/08/13 07:37:55.243, Tesla V100-PCIE-16GB, 69 %, 9 %, 644 MiB, 16384 MiB, 53
2026/08/13 07:38:05.245, Tesla V100-PCIE-16GB, 50 %, 15 %, 644 MiB, 16384 MiB, 54
2026/08/13 07:38:15.246, Tesla V100-PCIE-16GB, 69 %, 9 %, 644 MiB, 16384 MiB, 53
2026/08/13 07:38:25.247, Tesla V100-PCIE-16GB, 69 %, 9 %, 644 MiB, 16384 MiB, 53
2026/08/13 07:38:35.248, Tesla V100-PCIE-16GB, 68 %, 8 %, 644 MiB, 16384 MiB, 53
2026/08/13 07:38:45.249, Tesla V100-PCIE-16GB, 68 %, 9 %, 644 MiB, 16384 MiB, 53
2026/08/13 07:38:55.251, Tesla V100-PCIE-16GB, 69 %, 9 %, 644 MiB, 16384 MiB, 53
2026/08/13 07:39:05.252, Tesla V100-PCIE-16GB, 69 %, 9 %, 644 MiB, 16384 MiB, 53
2026/08/13 07:39:15.253, Tesla V100-PCIE-16GB, 69 %, 9 %, 644 MiB, 16384 MiB, 53
2026/08/13 07:39:25.254, Tesla V100-PCIE-16GB, 68 %, 9 %, 644 MiB, 16384 MiB, 53
2026/08/13 07:39:35.255, Tesla V100-PCIE-16GB, 67 %, 8 %, 644 MiB, 16384 MiB, 53
2026/08/13 07:39:45.256, Tesla V100-PCIE-16GB, 69 %, 9 %, 644 MiB, 16384 MiB, 53
2026/08/13 07:39:55.257, Tesla V100-PCIE-16GB, 69 %, 9 %, 644 MiB, 16384 MiB, 53
2026/08/13 07:40:05.259, Tesla V100-PCIE-16GB, 70 %, 9 %, 644 MiB, 16384 MiB, 53
2026/08/13 07:40:15.260, Tesla V100-PCIE-16GB, 68 %, 9 %, 644 MiB, 16384 MiB, 53
2026/08/13 07:40:25.261, Tesla V100-PCIE-16GB, 65 %, 8 %, 644 MiB, 16384 MiB, 53
2026/08/13 07:40:35.262, Tesla V100-PCIE-16GB, 68 %, 9 %, 644 MiB, 16384 MiB, 53
2026/08/13 07:40:45.263, Tesla V100-PCIE-16GB, 68 %, 9 %, 644 MiB, 16384 MiB, 53
2026/08/13 07:40:55.264, Tesla V100-PCIE-16GB, 68 %, 9 %, 644 MiB, 16384 MiB, 53
2026/08/13 07:41:05.265, Tesla V100-PCIE-16GB, 69 %, 9 %, 644 MiB, 16384 MiB, 53
2026/08/13 07:41:15.267, Tesla V100-PCIE-16GB, 69 %, 9 %, 644 MiB, 16384 MiB, 53
2026/08/13 07:41:25.268, Tesla V100-PCIE-16GB, 69 %, 9 %, 644 MiB, 16384 MiB, 53
2026/08/13 07:41:35.269, Tesla V100-PCIE-16GB, 68 %, 9 %, 644 MiB, 16384 MiB, 53
2026/08/13 07:41:45.270, Tesla V100-PCIE-16GB, 68 %, 9 %, 644 MiB, 16384 MiB, 53
2026/08/13 07:41:55.271, Tesla V100-PCIE-16GB, 69 %, 9 %, 644 MiB, 16384 MiB, 53
2026/08/13 07:42:05.273, Tesla V100-PCIE-16GB, 69 %, 9 %, 644 MiB, 16384 MiB, 53
2026/08/13 07:42:15.274, Tesla V100-PCIE-16GB, 68 %, 9 %, 644 MiB, 16384 MiB, 53
2026/08/13 07:42:25.275, Tesla V100-PCIE-16GB, 68 %, 8 %, 644 MiB, 16384 MiB, 53
2026/08/13 07:42:35.277, Tesla V100-PCIE-16GB, 67 %, 8 %, 644 MiB, 16384 MiB, 53
2026/08/13 07:42:45.278, Tesla V100-PCIE-16GB, 36 %, 20 %, 644 MiB, 16384 MiB, 53
2026/08/13 07:42:55.279, Tesla V100-PCIE-16GB, 53 %, 21 %, 1226 MiB, 16384 MiB, 54
2026/08/13 07:43:05.280, Tesla V100-PCIE-16GB, 39 %, 15 %, 1232 MiB, 16384 MiB, 54
2026/08/13 07:43:15.281, Tesla V100-PCIE-16GB, 55 %, 22 %, 1232 MiB, 16384 MiB, 54
2026/08/13 07:43:25.282, Tesla V100-PCIE-16GB, 52 %, 19 %, 1232 MiB, 16384 MiB, 54
2026/08/13 07:43:35.283, Tesla V100-PCIE-16GB, 50 %, 19 %, 1232 MiB, 16384 MiB, 54
2026/08/13 07:43:45.285, Tesla V100-PCIE-16GB, 57 %, 22 %, 1232 MiB, 16384 MiB, 55
2026/08/13 07:43:55.286, Tesla V100-PCIE-16GB, 52 %, 19 %, 1232 MiB, 16384 MiB, 54
2026/08/13 07:44:05.287, Tesla V100-PCIE-16GB, 0 %, 0 %, 1232 MiB, 16384 MiB, 53
2026/08/13 07:44:15.289, Tesla V100-PCIE-16GB, 69 %, 9 %, 638 MiB, 16384 MiB, 52
2026/08/13 07:44:25.290, Tesla V100-PCIE-16GB, 68 %, 9 %, 638 MiB, 16384 MiB, 53
2026/08/13 07:44:35.291, Tesla V100-PCIE-16GB, 68 %, 9 %, 638 MiB, 16384 MiB, 53
2026/08/13 07:44:45.292, Tesla V100-PCIE-16GB, 69 %, 9 %, 638 MiB, 16384 MiB, 53
2026/08/13 07:44:55.293, Tesla V100-PCIE-16GB, 68 %, 9 %, 638 MiB, 16384 MiB, 53
2026/08/13 07:45:05.294, Tesla V100-PCIE-16GB, 69 %, 9 %, 644 MiB, 16384 MiB, 53
2026/08/13 07:45:15.295, Tesla V100-PCIE-16GB, 69 %, 9 %, 644 MiB, 16384 MiB, 53
2026/08/13 07:45:25.297, Tesla V100-PCIE-16GB, 67 %, 9 %, 644 MiB, 16384 MiB, 53
2026/08/13 07:45:35.298, Tesla V100-PCIE-16GB, 68 %, 9 %, 644 MiB, 16384 MiB, 53
2026/08/13 07:45:45.299, Tesla V100-PCIE-16GB, 68 %, 9 %, 644 MiB, 16384 MiB, 53
2026/08/13 07:45:55.300, Tesla V100-PCIE-16GB, 67 %, 8 %, 644 MiB, 16384 MiB, 53
2026/08/13 07:46:05.301, Tesla V100-PCIE-16GB, 67 %, 9 %, 644 MiB, 16384 MiB, 53
2026/08/13 07:46:15.302, Tesla V100-PCIE-16GB, 68 %, 8 %, 644 MiB, 16384 MiB, 53
2026/08/13 07:46:25.303, Tesla V100-PCIE-16GB, 68 %, 9 %, 644 MiB, 16384 MiB, 53
2026/08/13 07:46:35.305, Tesla V100-PCIE-16GB, 68 %, 9 %, 644 MiB, 16384 MiB, 53
2026/08/13 07:46:45.306, Tesla V100-PCIE-16GB, 69 %, 9 %, 644 MiB, 16384 MiB, 53
2026/08/13 07:46:55.307, Tesla V100-PCIE-16GB, 68 %, 9 %, 644 MiB, 16384 MiB, 53
2026/08/13 07:47:05.308, Tesla V100-PCIE-16GB, 68 %, 9 %, 644 MiB, 16384 MiB, 53
2026/08/13 07:47:15.309, Tesla V100-PCIE-16GB, 68 %, 9 %, 644 MiB, 16384 MiB, 53
2026/08/13 07:47:25.310, Tesla V100-PCIE-16GB, 69 %, 9 %, 644 MiB, 16384 MiB, 53
2026/08/13 07:47:35.311, Tesla V100-PCIE-16GB, 68 %, 9 %, 644 MiB, 16384 MiB, 53
2026/08/13 07:47:45.313, Tesla V100-PCIE-16GB, 67 %, 8 %, 644 MiB, 16384 MiB, 53
2026/08/13 07:47:55.314, Tesla V100-PCIE-16GB, 69 %, 9 %, 644 MiB, 16384 MiB, 53
2026/08/13 07:48:05.315, Tesla V100-PCIE-16GB, 68 %, 9 %, 644 MiB, 16384 MiB, 53
2026/08/13 07:48:15.316, Tesla V100-PCIE-16GB, 69 %, 9 %, 644 MiB, 16384 MiB, 53
2026/08/13 07:48:25.317, Tesla V100-PCIE-16GB, 67 %, 9 %, 644 MiB, 16384 MiB, 53
2026/08/13 07:48:35.318, Tesla V100-PCIE-16GB, 67 %, 8 %, 644 MiB, 16384 MiB, 53
2026/08/13 07:48:45.320, Tesla V100-PCIE-16GB, 68 %, 9 %, 644 MiB, 16384 MiB, 53
2026/08/13 07:48:55.321, Tesla V100-PCIE-16GB, 70 %, 9 %, 644 MiB, 16384 MiB, 53
2026/08/13 07:49:05.322, Tesla V100-PCIE-16GB, 68 %, 9 %, 644 MiB, 16384 MiB, 53
2026/08/13 07:49:15.323, Tesla V100-PCIE-16GB, 68 %, 9 %, 644 MiB, 16384 MiB, 53
2026/08/13 07:49:25.324, Tesla V100-PCIE-16GB, 69 %, 9 %, 644 MiB, 16384 MiB, 53
2026/08/13 07:49:35.325, Tesla V100-PCIE-16GB, 69 %, 9 %, 644 MiB, 16384 MiB, 53
2026/08/13 07:49:45.326, Tesla V100-PCIE-16GB, 69 %, 9 %, 644 MiB, 16384 MiB, 53
2026/08/13 07:49:55.327, Tesla V100-PCIE-16GB, 68 %, 9 %, 644 MiB, 16384 MiB, 53
2026/08/13 07:50:05.329, Tesla V100-PCIE-16GB, 68 %, 9 %, 644 MiB, 16384 MiB, 53
2026/08/13 07:50:15.330, Tesla V100-PCIE-16GB, 68 %, 8 %, 644 MiB, 16384 MiB, 53
2026/08/13 07:50:25.331, Tesla V100-PCIE-16GB, 49 %, 15 %, 644 MiB, 16384 MiB, 53
2026/08/13 07:50:35.332, Tesla V100-PCIE-16GB, 69 %, 9 %, 644 MiB, 16384 MiB, 53
2026/08/13 07:50:45.333, Tesla V100-PCIE-16GB, 69 %, 9 %, 644 MiB, 16384 MiB, 53
2026/08/13 07:50:55.334, Tesla V100-PCIE-16GB, 69 %, 9 %, 644 MiB, 16384 MiB, 53
2026/08/13 07:51:05.335, Tesla V100-PCIE-16GB, 68 %, 9 %, 644 MiB, 16384 MiB, 53
2026/08/13 07:51:15.337, Tesla V100-PCIE-16GB, 69 %, 9 %, 644 MiB, 16384 MiB, 53
2026/08/13 07:51:25.338, Tesla V100-PCIE-16GB, 69 %, 9 %, 644 MiB, 16384 MiB, 53
2026/08/13 07:51:35.339, Tesla V100-PCIE-16GB, 67 %, 9 %, 644 MiB, 16384 MiB, 53
2026/08/13 07:51:45.341, Tesla V100-PCIE-16GB, 68 %, 9 %, 644 MiB, 16384 MiB, 53
2026/08/13 07:51:55.342, Tesla V100-PCIE-16GB, 67 %, 8 %, 644 MiB, 16384 MiB, 53
2026/08/13 07:52:05.343, Tesla V100-PCIE-16GB, 68 %, 8 %, 644 MiB, 16384 MiB, 53
2026/08/13 07:52:15.344, Tesla V100-PCIE-16GB, 68 %, 9 %, 644 MiB, 16384 MiB, 53
2026/08/13 07:52:25.345, Tesla V100-PCIE-16GB, 68 %, 9 %, 644 MiB, 16384 MiB, 53
2026/08/13 07:52:35.347, Tesla V100-PCIE-16GB, 69 %, 9 %, 644 MiB, 16384 MiB, 53
2026/08/13 07:52:45.348, Tesla V100-PCIE-16GB, 69 %, 9 %, 644 MiB, 16384 MiB, 53
2026/08/13 07:52:55.351, Tesla V100-PCIE-16GB, 69 %, 9 %, 644 MiB, 16384 MiB, 53
2026/08/13 07:53:05.352, Tesla V100-PCIE-16GB, 69 %, 9 %, 644 MiB, 16384 MiB, 53
2026/08/13 07:53:15.353, Tesla V100-PCIE-16GB, 68 %, 9 %, 644 MiB, 16384 MiB, 53
2026/08/13 07:53:25.354, Tesla V100-PCIE-16GB, 67 %, 8 %, 644 MiB, 16384 MiB, 53
2026/08/13 07:53:35.355, Tesla V100-PCIE-16GB, 69 %, 9 %, 644 MiB, 16384 MiB, 53
2026/08/13 07:53:45.357, Tesla V100-PCIE-16GB, 69 %, 9 %, 644 MiB, 16384 MiB, 53
2026/08/13 07:53:55.358, Tesla V100-PCIE-16GB, 68 %, 9 %, 644 MiB, 16384 MiB, 53
2026/08/13 07:54:05.359, Tesla V100-PCIE-16GB, 69 %, 9 %, 644 MiB, 16384 MiB, 53
2026/08/13 07:54:15.360, Tesla V100-PCIE-16GB, 68 %, 8 %, 644 MiB, 16384 MiB, 53
2026/08/13 07:54:25.361, Tesla V100-PCIE-16GB, 69 %, 9 %, 644 MiB, 16384 MiB, 53
2026/08/13 07:54:35.362, Tesla V100-PCIE-16GB, 68 %, 9 %, 644 MiB, 16384 MiB, 53
2026/08/13 07:54:45.363, Tesla V100-PCIE-16GB, 69 %, 9 %, 644 MiB, 16384 MiB, 53
2026/08/13 07:54:55.365, Tesla V100-PCIE-16GB, 68 %, 9 %, 644 MiB, 16384 MiB, 53
2026/08/13 07:55:05.366, Tesla V100-PCIE-16GB, 69 %, 9 %, 644 MiB, 16384 MiB, 53
2026/08/13 07:55:15.367, Tesla V100-PCIE-16GB, 69 %, 9 %, 644 MiB, 16384 MiB, 53
2026/08/13 07:55:25.368, Tesla V100-PCIE-16GB, 68 %, 9 %, 644 MiB, 16384 MiB, 53
2026/08/13 07:55:35.369, Tesla V100-PCIE-16GB, 68 %, 9 %, 644 MiB, 16384 MiB, 53
2026/08/13 07:55:45.421, Tesla V100-PCIE-16GB, 68 %, 8 %, 644 MiB, 16384 MiB, 53
2026/08/13 07:55:55.422, Tesla V100-PCIE-16GB, 70 %, 9 %, 644 MiB, 16384 MiB, 53
2026/08/13 07:56:05.424, Tesla V100-PCIE-16GB, 69 %, 9 %, 644 MiB, 16384 MiB, 53
2026/08/13 07:56:15.425, Tesla V100-PCIE-16GB, 68 %, 8 %, 644 MiB, 16384 MiB, 53
2026/08/13 07:56:25.426, Tesla V100-PCIE-16GB, 66 %, 8 %, 644 MiB, 16384 MiB, 53
2026/08/13 07:56:35.427, Tesla V100-PCIE-16GB, 50 %, 15 %, 644 MiB, 16384 MiB, 53
2026/08/13 07:56:45.429, Tesla V100-PCIE-16GB, 70 %, 9 %, 644 MiB, 16384 MiB, 53
2026/08/13 07:56:55.430, Tesla V100-PCIE-16GB, 69 %, 9 %, 644 MiB, 16384 MiB, 53
2026/08/13 07:57:05.431, Tesla V100-PCIE-16GB, 69 %, 9 %, 644 MiB, 16384 MiB, 53
2026/08/13 07:57:15.432, Tesla V100-PCIE-16GB, 68 %, 9 %, 644 MiB, 16384 MiB, 53
2026/08/13 07:57:25.433, Tesla V100-PCIE-16GB, 69 %, 9 %, 644 MiB, 16384 MiB, 53
2026/08/13 07:57:35.434, Tesla V100-PCIE-16GB, 69 %, 9 %, 644 MiB, 16384 MiB, 53
2026/08/13 07:57:45.438, Tesla V100-PCIE-16GB, 67 %, 9 %, 644 MiB, 16384 MiB, 53
2026/08/13 07:57:55.439, Tesla V100-PCIE-16GB, 69 %, 9 %, 644 MiB, 16384 MiB, 53
2026/08/13 07:58:05.440, Tesla V100-PCIE-16GB, 67 %, 8 %, 644 MiB, 16384 MiB, 53
2026/08/13 07:58:15.441, Tesla V100-PCIE-16GB, 68 %, 9 %, 644 MiB, 16384 MiB, 53
2026/08/13 07:58:25.442, Tesla V100-PCIE-16GB, 68 %, 9 %, 644 MiB, 16384 MiB, 53
2026/08/13 07:58:35.443, Tesla V100-PCIE-16GB, 69 %, 9 %, 644 MiB, 16384 MiB, 53
2026/08/13 07:58:45.444, Tesla V100-PCIE-16GB, 69 %, 9 %, 644 MiB, 16384 MiB, 53
2026/08/13 07:58:55.446, Tesla V100-PCIE-16GB, 28 %, 16 %, 644 MiB, 16384 MiB, 53
2026/08/13 07:59:05.447, Tesla V100-PCIE-16GB, 52 %, 20 %, 966 MiB, 16384 MiB, 53
2026/08/13 07:59:15.448, Tesla V100-PCIE-16GB, 39 %, 14 %, 1232 MiB, 16384 MiB, 54
2026/08/13 07:59:25.449, Tesla V100-PCIE-16GB, 32 %, 13 %, 1232 MiB, 16384 MiB, 54
2026/08/13 07:59:35.450, Tesla V100-PCIE-16GB, 50 %, 18 %, 1232 MiB, 16384 MiB, 54
2026/08/13 07:59:45.504, Tesla V100-PCIE-16GB, 54 %, 20 %, 1232 MiB, 16384 MiB, 54
2026/08/13 07:59:55.506, Tesla V100-PCIE-16GB, 50 %, 19 %, 1232 MiB, 16384 MiB, 55
2026/08/13 08:00:05.507, Tesla V100-PCIE-16GB, 16 %, 2 %, 0 MiB, 16384 MiB, 52
2026/08/13 08:00:15.508, Tesla V100-PCIE-16GB, 67 %, 8 %, 638 MiB, 16384 MiB, 52
2026/08/13 08:00:25.509, Tesla V100-PCIE-16GB, 70 %, 9 %, 638 MiB, 16384 MiB, 53
2026/08/13 08:00:35.510, Tesla V100-PCIE-16GB, 69 %, 9 %, 638 MiB, 16384 MiB, 53
2026/08/13 08:00:45.511, Tesla V100-PCIE-16GB, 69 %, 9 %, 638 MiB, 16384 MiB, 53
2026/08/13 08:00:55.512, Tesla V100-PCIE-16GB, 68 %, 9 %, 638 MiB, 16384 MiB, 53
2026/08/13 08:01:05.513, Tesla V100-PCIE-16GB, 70 %, 9 %, 644 MiB, 16384 MiB, 53
2026/08/13 08:01:15.515, Tesla V100-PCIE-16GB, 69 %, 9 %, 644 MiB, 16384 MiB, 53
2026/08/13 08:01:25.516, Tesla V100-PCIE-16GB, 70 %, 9 %, 644 MiB, 16384 MiB, 53
2026/08/13 08:01:35.517, Tesla V100-PCIE-16GB, 67 %, 8 %, 644 MiB, 16384 MiB, 53
2026/08/13 08:01:45.593, Tesla V100-PCIE-16GB, 53 %, 7 %, 644 MiB, 16384 MiB, 53
2026/08/13 08:01:55.594, Tesla V100-PCIE-16GB, 69 %, 9 %, 644 MiB, 16384 MiB, 53
2026/08/13 08:02:05.595, Tesla V100-PCIE-16GB, 70 %, 9 %, 644 MiB, 16384 MiB, 53
2026/08/13 08:02:15.596, Tesla V100-PCIE-16GB, 68 %, 9 %, 644 MiB, 16384 MiB, 53
2026/08/13 08:02:25.597, Tesla V100-PCIE-16GB, 69 %, 9 %, 644 MiB, 16384 MiB, 53
2026/08/13 08:02:35.598, Tesla V100-PCIE-16GB, 68 %, 8 %, 644 MiB, 16384 MiB, 53
2026/08/13 08:02:45.600, Tesla V100-PCIE-16GB, 68 %, 9 %, 644 MiB, 16384 MiB, 53
2026/08/13 08:02:55.601, Tesla V100-PCIE-16GB, 70 %, 9 %, 644 MiB, 16384 MiB, 53
2026/08/13 08:03:05.602, Tesla V100-PCIE-16GB, 69 %, 9 %, 644 MiB, 16384 MiB, 53
2026/08/13 08:03:15.603, Tesla V100-PCIE-16GB, 67 %, 8 %, 644 MiB, 16384 MiB, 53
2026/08/13 08:03:25.604, Tesla V100-PCIE-16GB, 64 %, 8 %, 644 MiB, 16384 MiB, 53
2026/08/13 08:03:35.605, Tesla V100-PCIE-16GB, 70 %, 9 %, 644 MiB, 16384 MiB, 53
2026/08/13 08:03:45.666, Tesla V100-PCIE-16GB, 68 %, 9 %, 644 MiB, 16384 MiB, 53
2026/08/13 08:03:55.667, Tesla V100-PCIE-16GB, 69 %, 9 %, 644 MiB, 16384 MiB, 53
2026/08/13 08:04:05.669, Tesla V100-PCIE-16GB, 69 %, 9 %, 644 MiB, 16384 MiB, 53
2026/08/13 08:04:15.670, Tesla V100-PCIE-16GB, 69 %, 9 %, 644 MiB, 16384 MiB, 53
2026/08/13 08:04:25.671, Tesla V100-PCIE-16GB, 69 %, 9 %, 644 MiB, 16384 MiB, 53
2026/08/13 08:04:35.672, Tesla V100-PCIE-16GB, 68 %, 9 %, 644 MiB, 16384 MiB, 53
2026/08/13 08:04:45.673, Tesla V100-PCIE-16GB, 68 %, 9 %, 644 MiB, 16384 MiB, 53
2026/08/13 08:04:55.674, Tesla V100-PCIE-16GB, 71 %, 9 %, 644 MiB, 16384 MiB, 53
2026/08/13 08:05:05.676, Tesla V100-PCIE-16GB, 69 %, 9 %, 644 MiB, 16384 MiB, 53
2026/08/13 08:05:15.677, Tesla V100-PCIE-16GB, 69 %, 9 %, 644 MiB, 16384 MiB, 53
2026/08/13 08:05:25.678, Tesla V100-PCIE-16GB, 69 %, 9 %, 644 MiB, 16384 MiB, 53
2026/08/13 08:05:35.679, Tesla V100-PCIE-16GB, 69 %, 9 %, 644 MiB, 16384 MiB, 53
2026/08/13 08:05:45.703, Tesla V100-PCIE-16GB, 69 %, 9 %, 644 MiB, 16384 MiB, 53
2026/08/13 08:05:55.704, Tesla V100-PCIE-16GB, 69 %, 9 %, 644 MiB, 16384 MiB, 53
2026/08/13 08:06:05.706, Tesla V100-PCIE-16GB, 70 %, 9 %, 644 MiB, 16384 MiB, 53
2026/08/13 08:06:15.707, Tesla V100-PCIE-16GB, 69 %, 9 %, 644 MiB, 16384 MiB, 53
2026/08/13 08:06:25.708, Tesla V100-PCIE-16GB, 70 %, 9 %, 644 MiB, 16384 MiB, 53
2026/08/13 08:06:35.709, Tesla V100-PCIE-16GB, 70 %, 9 %, 644 MiB, 16384 MiB, 53
2026/08/13 08:06:45.710, Tesla V100-PCIE-16GB, 69 %, 9 %, 644 MiB, 16384 MiB, 53
2026/08/13 08:06:55.712, Tesla V100-PCIE-16GB, 69 %, 9 %, 644 MiB, 16384 MiB, 53
2026/08/13 08:07:05.713, Tesla V100-PCIE-16GB, 69 %, 9 %, 644 MiB, 16384 MiB, 53
2026/08/13 08:07:15.714, Tesla V100-PCIE-16GB, 69 %, 9 %, 644 MiB, 16384 MiB, 53
2026/08/13 08:07:25.715, Tesla V100-PCIE-16GB, 60 %, 7 %, 644 MiB, 16384 MiB, 53
2026/08/13 08:07:35.716, Tesla V100-PCIE-16GB, 69 %, 9 %, 644 MiB, 16384 MiB, 53
2026/08/13 08:07:45.776, Tesla V100-PCIE-16GB, 69 %, 9 %, 644 MiB, 16384 MiB, 53
2026/08/13 08:07:55.777, Tesla V100-PCIE-16GB, 51 %, 15 %, 644 MiB, 16384 MiB, 53
2026/08/13 08:08:05.778, Tesla V100-PCIE-16GB, 70 %, 9 %, 644 MiB, 16384 MiB, 53
2026/08/13 08:08:15.779, Tesla V100-PCIE-16GB, 70 %, 9 %, 644 MiB, 16384 MiB, 53
2026/08/13 08:08:25.780, Tesla V100-PCIE-16GB, 70 %, 9 %, 644 MiB, 16384 MiB, 53
2026/08/13 08:08:35.781, Tesla V100-PCIE-16GB, 71 %, 9 %, 644 MiB, 16384 MiB, 53
2026/08/13 08:08:45.782, Tesla V100-PCIE-16GB, 68 %, 9 %, 644 MiB, 16384 MiB, 53
2026/08/13 08:08:55.784, Tesla V100-PCIE-16GB, 71 %, 9 %, 644 MiB, 16384 MiB, 53
2026/08/13 08:09:05.786, Tesla V100-PCIE-16GB, 68 %, 9 %, 644 MiB, 16384 MiB, 53
2026/08/13 08:09:15.787, Tesla V100-PCIE-16GB, 67 %, 8 %, 644 MiB, 16384 MiB, 53
2026/08/13 08:09:25.788, Tesla V100-PCIE-16GB, 69 %, 9 %, 644 MiB, 16384 MiB, 53
2026/08/13 08:09:35.790, Tesla V100-PCIE-16GB, 69 %, 9 %, 644 MiB, 16384 MiB, 53
2026/08/13 08:09:45.817, Tesla V100-PCIE-16GB, 69 %, 9 %, 644 MiB, 16384 MiB, 53
2026/08/13 08:09:55.818, Tesla V100-PCIE-16GB, 69 %, 9 %, 644 MiB, 16384 MiB, 53
2026/08/13 08:10:05.819, Tesla V100-PCIE-16GB, 69 %, 9 %, 644 MiB, 16384 MiB, 53
2026/08/13 08:10:15.821, Tesla V100-PCIE-16GB, 69 %, 9 %, 644 MiB, 16384 MiB, 53
2026/08/13 08:10:25.822, Tesla V100-PCIE-16GB, 69 %, 9 %, 644 MiB, 16384 MiB, 53
2026/08/13 08:10:35.823, Tesla V100-PCIE-16GB, 69 %, 9 %, 644 MiB, 16384 MiB, 53
2026/08/13 08:10:45.824, Tesla V100-PCIE-16GB, 68 %, 8 %, 644 MiB, 16384 MiB, 53
2026/08/13 08:10:55.825, Tesla V100-PCIE-16GB, 69 %, 9 %, 644 MiB, 16384 MiB, 53
2026/08/13 08:11:05.827, Tesla V100-PCIE-16GB, 65 %, 8 %, 644 MiB, 16384 MiB, 53
2026/08/13 08:11:15.828, Tesla V100-PCIE-16GB, 69 %, 9 %, 644 MiB, 16384 MiB, 53
2026/08/13 08:11:25.829, Tesla V100-PCIE-16GB, 68 %, 8 %, 644 MiB, 16384 MiB, 53
2026/08/13 08:11:35.830, Tesla V100-PCIE-16GB, 70 %, 9 %, 644 MiB, 16384 MiB, 53
2026/08/13 08:11:45.860, Tesla V100-PCIE-16GB, 46 %, 12 %, 644 MiB, 16384 MiB, 53
2026/08/13 08:11:55.861, Tesla V100-PCIE-16GB, 70 %, 9 %, 644 MiB, 16384 MiB, 53
2026/08/13 08:12:05.862, Tesla V100-PCIE-16GB, 69 %, 9 %, 644 MiB, 16384 MiB, 53
2026/08/13 08:12:15.863, Tesla V100-PCIE-16GB, 69 %, 9 %, 644 MiB, 16384 MiB, 53
2026/08/13 08:12:25.865, Tesla V100-PCIE-16GB, 69 %, 9 %, 644 MiB, 16384 MiB, 53
2026/08/13 08:12:35.866, Tesla V100-PCIE-16GB, 70 %, 9 %, 644 MiB, 16384 MiB, 53
2026/08/13 08:12:45.867, Tesla V100-PCIE-16GB, 70 %, 9 %, 644 MiB, 16384 MiB, 53
2026/08/13 08:12:55.868, Tesla V100-PCIE-16GB, 69 %, 9 %, 644 MiB, 16384 MiB, 53
2026/08/13 08:13:05.917, Tesla V100-PCIE-16GB, 69 %, 9 %, 644 MiB, 16384 MiB, 53
2026/08/13 08:13:15.918, Tesla V100-PCIE-16GB, 68 %, 8 %, 644 MiB, 16384 MiB, 53
2026/08/13 08:13:25.919, Tesla V100-PCIE-16GB, 70 %, 9 %, 644 MiB, 16384 MiB, 53
2026/08/13 08:13:35.920, Tesla V100-PCIE-16GB, 70 %, 9 %, 644 MiB, 16384 MiB, 53
2026/08/13 08:13:45.921, Tesla V100-PCIE-16GB, 68 %, 9 %, 644 MiB, 16384 MiB, 53
2026/08/13 08:13:55.922, Tesla V100-PCIE-16GB, 69 %, 9 %, 644 MiB, 16384 MiB, 53
2026/08/13 08:14:05.924, Tesla V100-PCIE-16GB, 70 %, 9 %, 644 MiB, 16384 MiB, 53
2026/08/13 08:14:15.924, Tesla V100-PCIE-16GB, 69 %, 9 %, 644 MiB, 16384 MiB, 53
2026/08/13 08:14:25.926, Tesla V100-PCIE-16GB, 69 %, 9 %, 644 MiB, 16384 MiB, 53
2026/08/13 08:14:35.927, Tesla V100-PCIE-16GB, 69 %, 9 %, 644 MiB, 16384 MiB, 53
2026/08/13 08:14:45.928, Tesla V100-PCIE-16GB, 69 %, 9 %, 644 MiB, 16384 MiB, 53
2026/08/13 08:14:55.929, Tesla V100-PCIE-16GB, 30 %, 17 %, 644 MiB, 16384 MiB, 53
2026/08/13 08:15:06.014, Tesla V100-PCIE-16GB, 53 %, 19 %, 1230 MiB, 16384 MiB, 53
2026/08/13 08:15:16.015, Tesla V100-PCIE-16GB, 55 %, 21 %, 1232 MiB, 16384 MiB, 54
2026/08/13 08:15:26.016, Tesla V100-PCIE-16GB, 43 %, 16 %, 1232 MiB, 16384 MiB, 54
2026/08/13 08:15:36.018, Tesla V100-PCIE-16GB, 47 %, 18 %, 1232 MiB, 16384 MiB, 54
2026/08/13 08:15:46.019, Tesla V100-PCIE-16GB, 49 %, 18 %, 1232 MiB, 16384 MiB, 55
2026/08/13 08:15:56.020, Tesla V100-PCIE-16GB, 53 %, 20 %, 1232 MiB, 16384 MiB, 54
2026/08/13 08:16:06.021, Tesla V100-PCIE-16GB, 0 %, 0 %, 4 MiB, 16384 MiB, 50
2026/08/13 08:16:16.022, Tesla V100-PCIE-16GB, 70 %, 9 %, 638 MiB, 16384 MiB, 52
2026/08/13 08:16:26.023, Tesla V100-PCIE-16GB, 69 %, 9 %, 638 MiB, 16384 MiB, 53
2026/08/13 08:16:36.027, Tesla V100-PCIE-16GB, 69 %, 9 %, 638 MiB, 16384 MiB, 53
2026/08/13 08:16:46.028, Tesla V100-PCIE-16GB, 68 %, 9 %, 638 MiB, 16384 MiB, 53
2026/08/13 08:16:56.030, Tesla V100-PCIE-16GB, 68 %, 9 %, 638 MiB, 16384 MiB, 53
2026/08/13 08:17:06.115, Tesla V100-PCIE-16GB, 68 %, 9 %, 644 MiB, 16384 MiB, 53
2026/08/13 08:17:16.116, Tesla V100-PCIE-16GB, 69 %, 9 %, 644 MiB, 16384 MiB, 53
2026/08/13 08:17:26.117, Tesla V100-PCIE-16GB, 69 %, 9 %, 644 MiB, 16384 MiB, 53
2026/08/13 08:17:36.118, Tesla V100-PCIE-16GB, 68 %, 9 %, 644 MiB, 16384 MiB, 53
2026/08/13 08:17:46.120, Tesla V100-PCIE-16GB, 69 %, 9 %, 644 MiB, 16384 MiB, 53
2026/08/13 08:17:56.121, Tesla V100-PCIE-16GB, 69 %, 9 %, 644 MiB, 16384 MiB, 53
2026/08/13 08:18:06.122, Tesla V100-PCIE-16GB, 68 %, 9 %, 644 MiB, 16384 MiB, 53
2026/08/13 08:18:16.123, Tesla V100-PCIE-16GB, 66 %, 8 %, 644 MiB, 16384 MiB, 53
2026/08/13 08:18:26.124, Tesla V100-PCIE-16GB, 69 %, 9 %, 644 MiB, 16384 MiB, 53
2026/08/13 08:18:36.243, Tesla V100-PCIE-16GB, 69 %, 9 %, 644 MiB, 16384 MiB, 53
2026/08/13 08:18:46.244, Tesla V100-PCIE-16GB, 69 %, 9 %, 644 MiB, 16384 MiB, 53
2026/08/13 08:18:56.245, Tesla V100-PCIE-16GB, 69 %, 9 %, 644 MiB, 16384 MiB, 53
2026/08/13 08:19:06.246, Tesla V100-PCIE-16GB, 68 %, 9 %, 644 MiB, 16384 MiB, 53
2026/08/13 08:19:16.247, Tesla V100-PCIE-16GB, 49 %, 15 %, 644 MiB, 16384 MiB, 53
2026/08/13 08:19:26.249, Tesla V100-PCIE-16GB, 68 %, 9 %, 644 MiB, 16384 MiB, 53
2026/08/13 08:19:36.250, Tesla V100-PCIE-16GB, 69 %, 9 %, 644 MiB, 16384 MiB, 53
2026/08/13 08:19:46.251, Tesla V100-PCIE-16GB, 68 %, 9 %, 644 MiB, 16384 MiB, 53
2026/08/13 08:19:56.252, Tesla V100-PCIE-16GB, 69 %, 9 %, 644 MiB, 16384 MiB, 53
2026/08/13 08:20:06.253, Tesla V100-PCIE-16GB, 68 %, 9 %, 644 MiB, 16384 MiB, 53
2026/08/13 08:20:16.255, Tesla V100-PCIE-16GB, 69 %, 9 %, 644 MiB, 16384 MiB, 53
2026/08/13 08:20:26.256, Tesla V100-PCIE-16GB, 69 %, 9 %, 644 MiB, 16384 MiB, 53
2026/08/13 08:20:36.357, Tesla V100-PCIE-16GB, 66 %, 8 %, 644 MiB, 16384 MiB, 53
2026/08/13 08:20:46.359, Tesla V100-PCIE-16GB, 67 %, 8 %, 644 MiB, 16384 MiB, 53
2026/08/13 08:20:56.360, Tesla V100-PCIE-16GB, 69 %, 9 %, 644 MiB, 16384 MiB, 53
2026/08/13 08:21:06.361, Tesla V100-PCIE-16GB, 68 %, 8 %, 644 MiB, 16384 MiB, 53
2026/08/13 08:21:16.362, Tesla V100-PCIE-16GB, 68 %, 9 %, 644 MiB, 16384 MiB, 53
2026/08/13 08:21:26.364, Tesla V100-PCIE-16GB, 69 %, 9 %, 644 MiB, 16384 MiB, 53
2026/08/13 08:21:36.365, Tesla V100-PCIE-16GB, 68 %, 9 %, 644 MiB, 16384 MiB, 53
2026/08/13 08:21:46.366, Tesla V100-PCIE-16GB, 69 %, 9 %, 644 MiB, 16384 MiB, 53
2026/08/13 08:21:56.367, Tesla V100-PCIE-16GB, 68 %, 9 %, 644 MiB, 16384 MiB, 53
2026/08/13 08:22:06.368, Tesla V100-PCIE-16GB, 68 %, 9 %, 644 MiB, 16384 MiB, 53
2026/08/13 08:22:16.369, Tesla V100-PCIE-16GB, 67 %, 8 %, 644 MiB, 16384 MiB, 53
2026/08/13 08:22:26.370, Tesla V100-PCIE-16GB, 69 %, 9 %, 644 MiB, 16384 MiB, 53
2026/08/13 08:22:36.402, Tesla V100-PCIE-16GB, 68 %, 9 %, 644 MiB, 16384 MiB, 53
2026/08/13 08:22:46.403, Tesla V100-PCIE-16GB, 67 %, 8 %, 644 MiB, 16384 MiB, 53
2026/08/13 08:22:56.404, Tesla V100-PCIE-16GB, 68 %, 9 %, 644 MiB, 16384 MiB, 53
2026/08/13 08:23:06.405, Tesla V100-PCIE-16GB, 69 %, 9 %, 644 MiB, 16384 MiB, 53
2026/08/13 08:23:16.406, Tesla V100-PCIE-16GB, 23 %, 13 %, 644 MiB, 16384 MiB, 53
2026/08/13 08:23:26.408, Tesla V100-PCIE-16GB, 53 %, 20 %, 1232 MiB, 16384 MiB, 53
2026/08/13 08:23:36.409, Tesla V100-PCIE-16GB, 38 %, 14 %, 1232 MiB, 16384 MiB, 54
2026/08/13 08:23:46.410, Tesla V100-PCIE-16GB, 41 %, 15 %, 1232 MiB, 16384 MiB, 54
2026/08/13 08:23:56.411, Tesla V100-PCIE-16GB, 52 %, 19 %, 1232 MiB, 16384 MiB, 54
2026/08/13 08:24:06.412, Tesla V100-PCIE-16GB, 53 %, 19 %, 1232 MiB, 16384 MiB, 54
2026/08/13 08:24:16.413, Tesla V100-PCIE-16GB, 55 %, 21 %, 1232 MiB, 16384 MiB, 54
2026/08/13 08:24:26.414, Tesla V100-PCIE-16GB, 51 %, 19 %, 1232 MiB, 16384 MiB, 54
2026/08/13 08:24:36.416, Tesla V100-PCIE-16GB, 43 %, 16 %, 1232 MiB, 16384 MiB, 54
2026/08/13 08:24:46.417, Tesla V100-PCIE-16GB, 53 %, 20 %, 1232 MiB, 16384 MiB, 54
2026/08/13 08:24:56.418, Tesla V100-PCIE-16GB, 0 %, 0 %, 0 MiB, 16384 MiB, 50
2026/08/13 08:25:06.419, Tesla V100-PCIE-16GB, 0 %, 0 %, 0 MiB, 16384 MiB, 48
2026/08/13 08:25:16.421, Tesla V100-PCIE-16GB, 0 %, 0 %, 0 MiB, 16384 MiB, 47
2026/08/13 08:25:26.422, Tesla V100-PCIE-16GB, 0 %, 0 %, 0 MiB, 16384 MiB, 46
2026/08/13 08:25:36.423, Tesla V100-PCIE-16GB, 0 %, 0 %, 0 MiB, 16384 MiB, 45
2026/08/13 08:25:46.425, Tesla V100-PCIE-16GB, 0 %, 0 %, 0 MiB, 16384 MiB, 45
2026/08/13 08:25:56.426, Tesla V100-PCIE-16GB, 0 %, 0 %, 0 MiB, 16384 MiB, 44
2026/08/13 08:26:06.427, Tesla V100-PCIE-16GB, 0 %, 0 %, 0 MiB, 16384 MiB, 44
2026/08/13 08:26:16.428, Tesla V100-PCIE-16GB, 0 %, 0 %, 0 MiB, 16384 MiB, 43
2026/08/13 08:26:26.429, Tesla V100-PCIE-16GB, 0 %, 0 %, 0 MiB, 16384 MiB, 43
2026/08/13 08:26:36.431, Tesla V100-PCIE-16GB, 0 %, 0 %, 0 MiB, 16384 MiB, 42
2026/08/13 08:26:46.432, Tesla V100-PCIE-16GB, 0 %, 0 %, 0 MiB, 16384 MiB, 42
2026/08/13 08:26:56.433, Tesla V100-PCIE-16GB, 0 %, 0 %, 0 MiB, 16384 MiB, 42
2026/08/13 08:27:06.435, Tesla V100-PCIE-16GB, 0 %, 0 %, 0 MiB, 16384 MiB, 42
2026/08/13 08:27:16.436, Tesla V100-PCIE-16GB, 0 %, 0 %, 0 MiB, 16384 MiB, 41
2026/08/13 08:27:26.437, Tesla V100-PCIE-16GB, 0 %, 0 %, 0 MiB, 16384 MiB, 41
2026/08/13 08:27:36.438, Tesla V100-PCIE-16GB, 0 %, 0 %, 0 MiB, 16384 MiB, 41
2026/08/13 08:27:46.439, Tesla V100-PCIE-16GB, 0 %, 0 %, 0 MiB, 16384 MiB, 41
2026/08/13 08:27:56.441, Tesla V100-PCIE-16GB, 0 %, 0 %, 0 MiB, 16384 MiB, 41
2026/08/13 08:28:06.442, Tesla V100-PCIE-16GB, 0 %, 0 %, 0 MiB, 16384 MiB, 41
2026/08/13 08:28:16.444, Tesla V100-PCIE-16GB, 0 %, 0 %, 0 MiB, 16384 MiB, 41
