timestamp, name, utilization.gpu [%], utilization.memory [%], memory.used [MiB], memory.total [MiB], temperature.gpu
2026/08/13 00:48:17.044, Tesla V100-PCIE-16GB, 0 %, 0 %, 0 MiB, 16384 MiB, 43
2026/08/13 00:48:27.045, Tesla V100-PCIE-16GB, 59 %, 4 %, 548 MiB, 16384 MiB, 45
2026/08/13 00:48:37.046, Tesla V100-PCIE-16GB, 58 %, 4 %, 548 MiB, 16384 MiB, 46
2026/08/13 00:48:47.048, Tesla V100-PCIE-16GB, 59 %, 4 %, 548 MiB, 16384 MiB, 47
2026/08/13 00:48:57.049, Tesla V100-PCIE-16GB, 58 %, 4 %, 548 MiB, 16384 MiB, 48
2026/08/13 00:49:07.050, Tesla V100-PCIE-16GB, 46 %, 4 %, 548 MiB, 16384 MiB, 48
2026/08/13 00:49:17.051, Tesla V100-PCIE-16GB, 59 %, 4 %, 548 MiB, 16384 MiB, 49
2026/08/13 00:49:27.052, Tesla V100-PCIE-16GB, 59 %, 4 %, 548 MiB, 16384 MiB, 49
2026/08/13 00:49:37.055, Tesla V100-PCIE-16GB, 58 %, 4 %, 548 MiB, 16384 MiB, 49
2026/08/13 00:49:47.056, Tesla V100-PCIE-16GB, 58 %, 4 %, 548 MiB, 16384 MiB, 50
2026/08/13 00:49:57.057, Tesla V100-PCIE-16GB, 59 %, 4 %, 548 MiB, 16384 MiB, 50
2026/08/13 00:50:07.108, Tesla V100-PCIE-16GB, 58 %, 4 %, 548 MiB, 16384 MiB, 50
2026/08/13 00:50:17.109, Tesla V100-PCIE-16GB, 58 %, 4 %, 548 MiB, 16384 MiB, 50
2026/08/13 00:50:27.110, Tesla V100-PCIE-16GB, 58 %, 4 %, 548 MiB, 16384 MiB, 50
2026/08/13 00:50:37.112, Tesla V100-PCIE-16GB, 59 %, 4 %, 548 MiB, 16384 MiB, 51
2026/08/13 00:50:47.113, Tesla V100-PCIE-16GB, 58 %, 4 %, 548 MiB, 16384 MiB, 51
2026/08/13 00:50:57.114, Tesla V100-PCIE-16GB, 58 %, 4 %, 548 MiB, 16384 MiB, 51
2026/08/13 00:51:07.115, Tesla V100-PCIE-16GB, 58 %, 4 %, 548 MiB, 16384 MiB, 51
2026/08/13 00:51:17.116, Tesla V100-PCIE-16GB, 25 %, 5 %, 548 MiB, 16384 MiB, 51
2026/08/13 00:51:27.117, Tesla V100-PCIE-16GB, 57 %, 4 %, 548 MiB, 16384 MiB, 51
2026/08/13 00:51:37.118, Tesla V100-PCIE-16GB, 59 %, 4 %, 548 MiB, 16384 MiB, 51
2026/08/13 00:51:47.119, Tesla V100-PCIE-16GB, 57 %, 4 %, 548 MiB, 16384 MiB, 51
2026/08/13 00:51:57.120, Tesla V100-PCIE-16GB, 58 %, 4 %, 548 MiB, 16384 MiB, 51
2026/08/13 00:52:07.166, Tesla V100-PCIE-16GB, 59 %, 4 %, 548 MiB, 16384 MiB, 51
2026/08/13 00:52:17.167, Tesla V100-PCIE-16GB, 59 %, 4 %, 548 MiB, 16384 MiB, 51
2026/08/13 00:52:27.168, Tesla V100-PCIE-16GB, 59 %, 4 %, 548 MiB, 16384 MiB, 51
2026/08/13 00:52:37.169, Tesla V100-PCIE-16GB, 58 %, 4 %, 548 MiB, 16384 MiB, 51
2026/08/13 00:52:47.171, Tesla V100-PCIE-16GB, 59 %, 4 %, 548 MiB, 16384 MiB, 51
2026/08/13 00:52:57.172, Tesla V100-PCIE-16GB, 58 %, 4 %, 548 MiB, 16384 MiB, 51
2026/08/13 00:53:07.173, Tesla V100-PCIE-16GB, 59 %, 4 %, 548 MiB, 16384 MiB, 52
2026/08/13 00:53:17.174, Tesla V100-PCIE-16GB, 57 %, 4 %, 548 MiB, 16384 MiB, 51
2026/08/13 00:53:27.175, Tesla V100-PCIE-16GB, 25 %, 5 %, 548 MiB, 16384 MiB, 52
2026/08/13 00:53:37.176, Tesla V100-PCIE-16GB, 58 %, 4 %, 548 MiB, 16384 MiB, 51
2026/08/13 00:53:47.178, Tesla V100-PCIE-16GB, 57 %, 4 %, 548 MiB, 16384 MiB, 52
2026/08/13 00:53:57.179, Tesla V100-PCIE-16GB, 59 %, 4 %, 548 MiB, 16384 MiB, 51
2026/08/13 00:54:07.229, Tesla V100-PCIE-16GB, 58 %, 4 %, 548 MiB, 16384 MiB, 52
2026/08/13 00:54:17.231, Tesla V100-PCIE-16GB, 58 %, 4 %, 548 MiB, 16384 MiB, 52
2026/08/13 00:54:27.232, Tesla V100-PCIE-16GB, 58 %, 4 %, 548 MiB, 16384 MiB, 52
2026/08/13 00:54:37.233, Tesla V100-PCIE-16GB, 58 %, 4 %, 548 MiB, 16384 MiB, 52
2026/08/13 00:54:47.234, Tesla V100-PCIE-16GB, 58 %, 4 %, 548 MiB, 16384 MiB, 52
2026/08/13 00:54:57.235, Tesla V100-PCIE-16GB, 59 %, 4 %, 548 MiB, 16384 MiB, 52
2026/08/13 00:55:07.236, Tesla V100-PCIE-16GB, 58 %, 4 %, 548 MiB, 16384 MiB, 52
2026/08/13 00:55:17.237, Tesla V100-PCIE-16GB, 60 %, 4 %, 548 MiB, 16384 MiB, 52
2026/08/13 00:55:27.241, Tesla V100-PCIE-16GB, 57 %, 4 %, 548 MiB, 16384 MiB, 52
2026/08/13 00:55:37.242, Tesla V100-PCIE-16GB, 58 %, 4 %, 548 MiB, 16384 MiB, 52
2026/08/13 00:55:47.243, Tesla V100-PCIE-16GB, 59 %, 4 %, 548 MiB, 16384 MiB, 52
2026/08/13 00:55:57.245, Tesla V100-PCIE-16GB, 59 %, 4 %, 548 MiB, 16384 MiB, 52
2026/08/13 00:56:07.328, Tesla V100-PCIE-16GB, 58 %, 4 %, 548 MiB, 16384 MiB, 52
2026/08/13 00:56:17.329, Tesla V100-PCIE-16GB, 58 %, 4 %, 548 MiB, 16384 MiB, 52
2026/08/13 00:56:27.330, Tesla V100-PCIE-16GB, 59 %, 4 %, 548 MiB, 16384 MiB, 52
2026/08/13 00:56:37.331, Tesla V100-PCIE-16GB, 58 %, 4 %, 548 MiB, 16384 MiB, 52
2026/08/13 00:56:47.332, Tesla V100-PCIE-16GB, 58 %, 4 %, 548 MiB, 16384 MiB, 52
2026/08/13 00:56:57.333, Tesla V100-PCIE-16GB, 58 %, 4 %, 548 MiB, 16384 MiB, 52
2026/08/13 00:57:07.334, Tesla V100-PCIE-16GB, 59 %, 4 %, 548 MiB, 16384 MiB, 52
2026/08/13 00:57:17.335, Tesla V100-PCIE-16GB, 58 %, 4 %, 548 MiB, 16384 MiB, 52
2026/08/13 00:57:27.339, Tesla V100-PCIE-16GB, 59 %, 4 %, 548 MiB, 16384 MiB, 52
2026/08/13 00:57:37.340, Tesla V100-PCIE-16GB, 59 %, 4 %, 548 MiB, 16384 MiB, 52
2026/08/13 00:57:47.341, Tesla V100-PCIE-16GB, 59 %, 4 %, 548 MiB, 16384 MiB, 52
2026/08/13 00:57:57.343, Tesla V100-PCIE-16GB, 58 %, 4 %, 548 MiB, 16384 MiB, 52
2026/08/13 00:58:07.396, Tesla V100-PCIE-16GB, 58 %, 4 %, 548 MiB, 16384 MiB, 52
2026/08/13 00:58:17.397, Tesla V100-PCIE-16GB, 58 %, 4 %, 548 MiB, 16384 MiB, 52
2026/08/13 00:58:27.398, Tesla V100-PCIE-16GB, 59 %, 4 %, 548 MiB, 16384 MiB, 52
2026/08/13 00:58:37.399, Tesla V100-PCIE-16GB, 58 %, 4 %, 548 MiB, 16384 MiB, 52
2026/08/13 00:58:47.400, Tesla V100-PCIE-16GB, 58 %, 4 %, 548 MiB, 16384 MiB, 52
2026/08/13 00:58:57.401, Tesla V100-PCIE-16GB, 58 %, 4 %, 548 MiB, 16384 MiB, 52
2026/08/13 00:59:07.403, Tesla V100-PCIE-16GB, 58 %, 4 %, 548 MiB, 16384 MiB, 52
2026/08/13 00:59:17.404, Tesla V100-PCIE-16GB, 60 %, 4 %, 548 MiB, 16384 MiB, 52
2026/08/13 00:59:27.405, Tesla V100-PCIE-16GB, 58 %, 4 %, 548 MiB, 16384 MiB, 52
2026/08/13 00:59:37.406, Tesla V100-PCIE-16GB, 48 %, 4 %, 548 MiB, 16384 MiB, 52
2026/08/13 00:59:47.407, Tesla V100-PCIE-16GB, 58 %, 4 %, 548 MiB, 16384 MiB, 52
2026/08/13 00:59:57.408, Tesla V100-PCIE-16GB, 58 %, 4 %, 548 MiB, 16384 MiB, 52
2026/08/13 01:00:07.410, Tesla V100-PCIE-16GB, 57 %, 4 %, 548 MiB, 16384 MiB, 52
2026/08/13 01:00:17.411, Tesla V100-PCIE-16GB, 58 %, 4 %, 548 MiB, 16384 MiB, 52
2026/08/13 01:00:27.412, Tesla V100-PCIE-16GB, 59 %, 4 %, 548 MiB, 16384 MiB, 52
2026/08/13 01:00:37.413, Tesla V100-PCIE-16GB, 58 %, 4 %, 548 MiB, 16384 MiB, 52
2026/08/13 01:00:47.414, Tesla V100-PCIE-16GB, 60 %, 4 %, 548 MiB, 16384 MiB, 52
2026/08/13 01:00:57.415, Tesla V100-PCIE-16GB, 58 %, 4 %, 548 MiB, 16384 MiB, 52
2026/08/13 01:01:07.416, Tesla V100-PCIE-16GB, 58 %, 4 %, 548 MiB, 16384 MiB, 52
2026/08/13 01:01:17.417, Tesla V100-PCIE-16GB, 57 %, 4 %, 548 MiB, 16384 MiB, 52
2026/08/13 01:01:27.419, Tesla V100-PCIE-16GB, 60 %, 4 %, 548 MiB, 16384 MiB, 52
2026/08/13 01:01:37.420, Tesla V100-PCIE-16GB, 58 %, 4 %, 548 MiB, 16384 MiB, 52
2026/08/13 01:01:47.421, Tesla V100-PCIE-16GB, 57 %, 4 %, 548 MiB, 16384 MiB, 52
2026/08/13 01:01:57.422, Tesla V100-PCIE-16GB, 58 %, 4 %, 548 MiB, 16384 MiB, 52
2026/08/13 01:02:07.435, Tesla V100-PCIE-16GB, 57 %, 4 %, 548 MiB, 16384 MiB, 52
2026/08/13 01:02:17.436, Tesla V100-PCIE-16GB, 58 %, 4 %, 548 MiB, 16384 MiB, 52
2026/08/13 01:02:27.437, Tesla V100-PCIE-16GB, 58 %, 4 %, 548 MiB, 16384 MiB, 52
2026/08/13 01:02:37.438, Tesla V100-PCIE-16GB, 59 %, 4 %, 548 MiB, 16384 MiB, 52
2026/08/13 01:02:47.440, Tesla V100-PCIE-16GB, 58 %, 4 %, 548 MiB, 16384 MiB, 52
2026/08/13 01:02:57.441, Tesla V100-PCIE-16GB, 59 %, 4 %, 548 MiB, 16384 MiB, 52
2026/08/13 01:03:07.443, Tesla V100-PCIE-16GB, 56 %, 4 %, 548 MiB, 16384 MiB, 52
2026/08/13 01:03:17.444, Tesla V100-PCIE-16GB, 60 %, 4 %, 548 MiB, 16384 MiB, 52
2026/08/13 01:03:27.445, Tesla V100-PCIE-16GB, 58 %, 4 %, 548 MiB, 16384 MiB, 52
2026/08/13 01:03:37.446, Tesla V100-PCIE-16GB, 25 %, 5 %, 548 MiB, 16384 MiB, 52
2026/08/13 01:03:47.447, Tesla V100-PCIE-16GB, 58 %, 4 %, 548 MiB, 16384 MiB, 52
2026/08/13 01:03:57.448, Tesla V100-PCIE-16GB, 58 %, 4 %, 548 MiB, 16384 MiB, 52
2026/08/13 01:04:07.553, Tesla V100-PCIE-16GB, 58 %, 4 %, 548 MiB, 16384 MiB, 52
2026/08/13 01:04:17.554, Tesla V100-PCIE-16GB, 57 %, 4 %, 548 MiB, 16384 MiB, 52
2026/08/13 01:04:27.555, Tesla V100-PCIE-16GB, 58 %, 4 %, 548 MiB, 16384 MiB, 52
2026/08/13 01:04:37.556, Tesla V100-PCIE-16GB, 58 %, 4 %, 548 MiB, 16384 MiB, 52
2026/08/13 01:04:47.558, Tesla V100-PCIE-16GB, 58 %, 4 %, 548 MiB, 16384 MiB, 52
2026/08/13 01:04:57.559, Tesla V100-PCIE-16GB, 58 %, 4 %, 548 MiB, 16384 MiB, 52
2026/08/13 01:05:07.560, Tesla V100-PCIE-16GB, 59 %, 4 %, 548 MiB, 16384 MiB, 52
2026/08/13 01:05:17.562, Tesla V100-PCIE-16GB, 43 %, 3 %, 548 MiB, 16384 MiB, 52
2026/08/13 01:05:27.563, Tesla V100-PCIE-16GB, 60 %, 4 %, 548 MiB, 16384 MiB, 52
2026/08/13 01:05:37.564, Tesla V100-PCIE-16GB, 58 %, 4 %, 548 MiB, 16384 MiB, 52
2026/08/13 01:05:47.566, Tesla V100-PCIE-16GB, 57 %, 4 %, 548 MiB, 16384 MiB, 52
2026/08/13 01:05:57.567, Tesla V100-PCIE-16GB, 58 %, 4 %, 548 MiB, 16384 MiB, 52
2026/08/13 01:06:07.569, Tesla V100-PCIE-16GB, 57 %, 4 %, 548 MiB, 16384 MiB, 52
2026/08/13 01:06:17.570, Tesla V100-PCIE-16GB, 59 %, 4 %, 548 MiB, 16384 MiB, 52
2026/08/13 01:06:27.571, Tesla V100-PCIE-16GB, 58 %, 4 %, 548 MiB, 16384 MiB, 52
2026/08/13 01:06:37.572, Tesla V100-PCIE-16GB, 58 %, 4 %, 548 MiB, 16384 MiB, 52
2026/08/13 01:06:47.573, Tesla V100-PCIE-16GB, 58 %, 4 %, 548 MiB, 16384 MiB, 52
2026/08/13 01:06:57.575, Tesla V100-PCIE-16GB, 58 %, 4 %, 548 MiB, 16384 MiB, 52
2026/08/13 01:07:07.576, Tesla V100-PCIE-16GB, 57 %, 4 %, 548 MiB, 16384 MiB, 52
2026/08/13 01:07:17.577, Tesla V100-PCIE-16GB, 58 %, 4 %, 548 MiB, 16384 MiB, 52
2026/08/13 01:07:27.578, Tesla V100-PCIE-16GB, 58 %, 4 %, 548 MiB, 16384 MiB, 52
2026/08/13 01:07:37.579, Tesla V100-PCIE-16GB, 58 %, 4 %, 548 MiB, 16384 MiB, 52
2026/08/13 01:07:47.581, Tesla V100-PCIE-16GB, 59 %, 4 %, 548 MiB, 16384 MiB, 52
2026/08/13 01:07:57.582, Tesla V100-PCIE-16GB, 58 %, 4 %, 548 MiB, 16384 MiB, 52
2026/08/13 01:08:07.638, Tesla V100-PCIE-16GB, 59 %, 4 %, 548 MiB, 16384 MiB, 52
2026/08/13 01:08:17.639, Tesla V100-PCIE-16GB, 58 %, 4 %, 548 MiB, 16384 MiB, 52
2026/08/13 01:08:27.640, Tesla V100-PCIE-16GB, 59 %, 4 %, 548 MiB, 16384 MiB, 52
2026/08/13 01:08:37.642, Tesla V100-PCIE-16GB, 59 %, 4 %, 548 MiB, 16384 MiB, 52
2026/08/13 01:08:47.643, Tesla V100-PCIE-16GB, 58 %, 4 %, 548 MiB, 16384 MiB, 52
2026/08/13 01:08:57.644, Tesla V100-PCIE-16GB, 58 %, 4 %, 548 MiB, 16384 MiB, 52
2026/08/13 01:09:07.645, Tesla V100-PCIE-16GB, 58 %, 4 %, 548 MiB, 16384 MiB, 52
2026/08/13 01:09:17.646, Tesla V100-PCIE-16GB, 58 %, 4 %, 548 MiB, 16384 MiB, 52
2026/08/13 01:09:27.647, Tesla V100-PCIE-16GB, 38 %, 3 %, 548 MiB, 16384 MiB, 52
2026/08/13 01:09:37.648, Tesla V100-PCIE-16GB, 58 %, 4 %, 548 MiB, 16384 MiB, 52
2026/08/13 01:09:47.649, Tesla V100-PCIE-16GB, 58 %, 4 %, 548 MiB, 16384 MiB, 52
2026/08/13 01:09:57.651, Tesla V100-PCIE-16GB, 59 %, 4 %, 548 MiB, 16384 MiB, 52
2026/08/13 01:10:07.672, Tesla V100-PCIE-16GB, 58 %, 4 %, 548 MiB, 16384 MiB, 52
2026/08/13 01:10:17.673, Tesla V100-PCIE-16GB, 58 %, 4 %, 548 MiB, 16384 MiB, 52
2026/08/13 01:10:27.674, Tesla V100-PCIE-16GB, 58 %, 4 %, 548 MiB, 16384 MiB, 52
2026/08/13 01:10:37.676, Tesla V100-PCIE-16GB, 59 %, 4 %, 548 MiB, 16384 MiB, 52
2026/08/13 01:10:47.677, Tesla V100-PCIE-16GB, 58 %, 4 %, 548 MiB, 16384 MiB, 52
2026/08/13 01:10:57.678, Tesla V100-PCIE-16GB, 58 %, 4 %, 548 MiB, 16384 MiB, 52
2026/08/13 01:11:07.679, Tesla V100-PCIE-16GB, 58 %, 4 %, 548 MiB, 16384 MiB, 52
2026/08/13 01:11:17.680, Tesla V100-PCIE-16GB, 24 %, 5 %, 548 MiB, 16384 MiB, 52
2026/08/13 01:11:27.681, Tesla V100-PCIE-16GB, 58 %, 4 %, 548 MiB, 16384 MiB, 52
2026/08/13 01:11:37.683, Tesla V100-PCIE-16GB, 59 %, 4 %, 548 MiB, 16384 MiB, 52
2026/08/13 01:11:47.684, Tesla V100-PCIE-16GB, 58 %, 4 %, 548 MiB, 16384 MiB, 52
2026/08/13 01:11:57.685, Tesla V100-PCIE-16GB, 58 %, 4 %, 548 MiB, 16384 MiB, 52
2026/08/13 01:12:07.686, Tesla V100-PCIE-16GB, 58 %, 4 %, 548 MiB, 16384 MiB, 52
2026/08/13 01:12:17.687, Tesla V100-PCIE-16GB, 58 %, 4 %, 548 MiB, 16384 MiB, 52
2026/08/13 01:12:27.688, Tesla V100-PCIE-16GB, 58 %, 4 %, 548 MiB, 16384 MiB, 52
2026/08/13 01:12:37.690, Tesla V100-PCIE-16GB, 58 %, 4 %, 548 MiB, 16384 MiB, 52
2026/08/13 01:12:47.691, Tesla V100-PCIE-16GB, 58 %, 4 %, 548 MiB, 16384 MiB, 52
2026/08/13 01:12:57.692, Tesla V100-PCIE-16GB, 59 %, 4 %, 548 MiB, 16384 MiB, 52
2026/08/13 01:13:07.693, Tesla V100-PCIE-16GB, 60 %, 4 %, 548 MiB, 16384 MiB, 52
2026/08/13 01:13:17.694, Tesla V100-PCIE-16GB, 57 %, 4 %, 548 MiB, 16384 MiB, 52
2026/08/13 01:13:27.696, Tesla V100-PCIE-16GB, 57 %, 4 %, 548 MiB, 16384 MiB, 52
2026/08/13 01:13:37.697, Tesla V100-PCIE-16GB, 59 %, 4 %, 548 MiB, 16384 MiB, 52
2026/08/13 01:13:47.698, Tesla V100-PCIE-16GB, 55 %, 4 %, 548 MiB, 16384 MiB, 52
2026/08/13 01:13:57.699, Tesla V100-PCIE-16GB, 59 %, 4 %, 548 MiB, 16384 MiB, 51
2026/08/13 01:14:07.701, Tesla V100-PCIE-16GB, 56 %, 4 %, 548 MiB, 16384 MiB, 51
2026/08/13 01:14:17.702, Tesla V100-PCIE-16GB, 59 %, 4 %, 548 MiB, 16384 MiB, 51
2026/08/13 01:14:27.703, Tesla V100-PCIE-16GB, 57 %, 4 %, 548 MiB, 16384 MiB, 51
2026/08/13 01:14:37.704, Tesla V100-PCIE-16GB, 60 %, 4 %, 548 MiB, 16384 MiB, 51
2026/08/13 01:14:47.705, Tesla V100-PCIE-16GB, 58 %, 4 %, 548 MiB, 16384 MiB, 51
2026/08/13 01:14:57.706, Tesla V100-PCIE-16GB, 59 %, 4 %, 548 MiB, 16384 MiB, 51
2026/08/13 01:15:07.707, Tesla V100-PCIE-16GB, 58 %, 4 %, 548 MiB, 16384 MiB, 51
2026/08/13 01:15:17.708, Tesla V100-PCIE-16GB, 56 %, 4 %, 548 MiB, 16384 MiB, 51
2026/08/13 01:15:27.710, Tesla V100-PCIE-16GB, 58 %, 4 %, 548 MiB, 16384 MiB, 51
2026/08/13 01:15:37.711, Tesla V100-PCIE-16GB, 59 %, 4 %, 548 MiB, 16384 MiB, 51
2026/08/13 01:15:47.712, Tesla V100-PCIE-16GB, 57 %, 4 %, 548 MiB, 16384 MiB, 51
2026/08/13 01:15:57.713, Tesla V100-PCIE-16GB, 58 %, 4 %, 548 MiB, 16384 MiB, 51
2026/08/13 01:16:07.771, Tesla V100-PCIE-16GB, 60 %, 4 %, 548 MiB, 16384 MiB, 51
2026/08/13 01:16:17.772, Tesla V100-PCIE-16GB, 56 %, 4 %, 548 MiB, 16384 MiB, 51
2026/08/13 01:16:27.773, Tesla V100-PCIE-16GB, 60 %, 4 %, 548 MiB, 16384 MiB, 50
2026/08/13 01:16:37.774, Tesla V100-PCIE-16GB, 58 %, 4 %, 548 MiB, 16384 MiB, 50
2026/08/13 01:16:47.776, Tesla V100-PCIE-16GB, 57 %, 4 %, 548 MiB, 16384 MiB, 50
2026/08/13 01:16:57.778, Tesla V100-PCIE-16GB, 59 %, 4 %, 548 MiB, 16384 MiB, 50
2026/08/13 01:17:07.779, Tesla V100-PCIE-16GB, 59 %, 4 %, 548 MiB, 16384 MiB, 50
2026/08/13 01:17:17.780, Tesla V100-PCIE-16GB, 58 %, 4 %, 548 MiB, 16384 MiB, 50
2026/08/13 01:17:27.781, Tesla V100-PCIE-16GB, 57 %, 4 %, 548 MiB, 16384 MiB, 50
2026/08/13 01:17:37.782, Tesla V100-PCIE-16GB, 60 %, 4 %, 548 MiB, 16384 MiB, 50
2026/08/13 01:17:47.783, Tesla V100-PCIE-16GB, 56 %, 4 %, 548 MiB, 16384 MiB, 50
2026/08/13 01:17:57.785, Tesla V100-PCIE-16GB, 58 %, 4 %, 548 MiB, 16384 MiB, 50
2026/08/13 01:18:07.879, Tesla V100-PCIE-16GB, 58 %, 4 %, 548 MiB, 16384 MiB, 50
2026/08/13 01:18:17.880, Tesla V100-PCIE-16GB, 56 %, 4 %, 548 MiB, 16384 MiB, 50
2026/08/13 01:18:27.881, Tesla V100-PCIE-16GB, 59 %, 4 %, 548 MiB, 16384 MiB, 50
2026/08/13 01:18:37.882, Tesla V100-PCIE-16GB, 59 %, 4 %, 548 MiB, 16384 MiB, 50
2026/08/13 01:18:47.883, Tesla V100-PCIE-16GB, 58 %, 4 %, 548 MiB, 16384 MiB, 50
2026/08/13 01:18:57.884, Tesla V100-PCIE-16GB, 57 %, 4 %, 548 MiB, 16384 MiB, 50
2026/08/13 01:19:07.886, Tesla V100-PCIE-16GB, 54 %, 4 %, 548 MiB, 16384 MiB, 50
2026/08/13 01:19:17.887, Tesla V100-PCIE-16GB, 58 %, 4 %, 548 MiB, 16384 MiB, 50
2026/08/13 01:19:27.933, Tesla V100-PCIE-16GB, 58 %, 4 %, 548 MiB, 16384 MiB, 50
2026/08/13 01:19:37.934, Tesla V100-PCIE-16GB, 57 %, 4 %, 548 MiB, 16384 MiB, 50
2026/08/13 01:19:47.935, Tesla V100-PCIE-16GB, 25 %, 5 %, 548 MiB, 16384 MiB, 50
2026/08/13 01:19:57.936, Tesla V100-PCIE-16GB, 55 %, 4 %, 548 MiB, 16384 MiB, 50
2026/08/13 01:20:07.937, Tesla V100-PCIE-16GB, 57 %, 4 %, 548 MiB, 16384 MiB, 50
2026/08/13 01:20:17.938, Tesla V100-PCIE-16GB, 58 %, 4 %, 548 MiB, 16384 MiB, 50
2026/08/13 01:20:27.940, Tesla V100-PCIE-16GB, 58 %, 4 %, 548 MiB, 16384 MiB, 50
2026/08/13 01:20:37.941, Tesla V100-PCIE-16GB, 58 %, 4 %, 548 MiB, 16384 MiB, 50
2026/08/13 01:20:47.942, Tesla V100-PCIE-16GB, 54 %, 4 %, 548 MiB, 16384 MiB, 50
2026/08/13 01:20:57.943, Tesla V100-PCIE-16GB, 59 %, 4 %, 548 MiB, 16384 MiB, 50
2026/08/13 01:21:07.944, Tesla V100-PCIE-16GB, 57 %, 4 %, 548 MiB, 16384 MiB, 50
2026/08/13 01:21:17.946, Tesla V100-PCIE-16GB, 60 %, 4 %, 548 MiB, 16384 MiB, 50
2026/08/13 01:21:27.947, Tesla V100-PCIE-16GB, 57 %, 4 %, 548 MiB, 16384 MiB, 50
2026/08/13 01:21:37.948, Tesla V100-PCIE-16GB, 58 %, 4 %, 548 MiB, 16384 MiB, 50
2026/08/13 01:21:47.949, Tesla V100-PCIE-16GB, 59 %, 4 %, 548 MiB, 16384 MiB, 50
2026/08/13 01:21:57.950, Tesla V100-PCIE-16GB, 54 %, 4 %, 548 MiB, 16384 MiB, 50
2026/08/13 01:22:07.952, Tesla V100-PCIE-16GB, 59 %, 4 %, 548 MiB, 16384 MiB, 50
2026/08/13 01:22:17.953, Tesla V100-PCIE-16GB, 56 %, 4 %, 548 MiB, 16384 MiB, 50
2026/08/13 01:22:27.954, Tesla V100-PCIE-16GB, 58 %, 4 %, 548 MiB, 16384 MiB, 49
2026/08/13 01:22:37.955, Tesla V100-PCIE-16GB, 59 %, 4 %, 548 MiB, 16384 MiB, 49
2026/08/13 01:22:47.956, Tesla V100-PCIE-16GB, 58 %, 4 %, 548 MiB, 16384 MiB, 50
2026/08/13 01:22:57.957, Tesla V100-PCIE-16GB, 52 %, 4 %, 548 MiB, 16384 MiB, 49
2026/08/13 01:23:07.958, Tesla V100-PCIE-16GB, 58 %, 4 %, 548 MiB, 16384 MiB, 49
2026/08/13 01:23:17.960, Tesla V100-PCIE-16GB, 57 %, 4 %, 548 MiB, 16384 MiB, 49
2026/08/13 01:23:28.024, Tesla V100-PCIE-16GB, 57 %, 4 %, 548 MiB, 16384 MiB, 49
2026/08/13 01:23:38.025, Tesla V100-PCIE-16GB, 59 %, 4 %, 548 MiB, 16384 MiB, 49
2026/08/13 01:23:48.026, Tesla V100-PCIE-16GB, 58 %, 4 %, 548 MiB, 16384 MiB, 49
2026/08/13 01:23:58.028, Tesla V100-PCIE-16GB, 58 %, 4 %, 548 MiB, 16384 MiB, 50
2026/08/13 01:24:08.029, Tesla V100-PCIE-16GB, 58 %, 4 %, 548 MiB, 16384 MiB, 50
2026/08/13 01:24:18.030, Tesla V100-PCIE-16GB, 60 %, 4 %, 548 MiB, 16384 MiB, 50
2026/08/13 01:24:28.031, Tesla V100-PCIE-16GB, 59 %, 4 %, 548 MiB, 16384 MiB, 50
2026/08/13 01:24:38.032, Tesla V100-PCIE-16GB, 60 %, 4 %, 548 MiB, 16384 MiB, 51
2026/08/13 01:24:48.033, Tesla V100-PCIE-16GB, 58 %, 4 %, 548 MiB, 16384 MiB, 51
2026/08/13 01:24:58.035, Tesla V100-PCIE-16GB, 58 %, 4 %, 548 MiB, 16384 MiB, 51
2026/08/13 01:25:08.036, Tesla V100-PCIE-16GB, 57 %, 4 %, 548 MiB, 16384 MiB, 51
2026/08/13 01:25:18.038, Tesla V100-PCIE-16GB, 58 %, 4 %, 548 MiB, 16384 MiB, 51
2026/08/13 01:25:28.130, Tesla V100-PCIE-16GB, 58 %, 4 %, 548 MiB, 16384 MiB, 51
2026/08/13 01:25:38.132, Tesla V100-PCIE-16GB, 58 %, 4 %, 548 MiB, 16384 MiB, 51
2026/08/13 01:25:48.133, Tesla V100-PCIE-16GB, 59 %, 4 %, 550 MiB, 16384 MiB, 51
2026/08/13 01:25:58.134, Tesla V100-PCIE-16GB, 57 %, 4 %, 550 MiB, 16384 MiB, 51
2026/08/13 01:26:08.135, Tesla V100-PCIE-16GB, 59 %, 4 %, 550 MiB, 16384 MiB, 51
2026/08/13 01:26:18.136, Tesla V100-PCIE-16GB, 58 %, 4 %, 550 MiB, 16384 MiB, 51
2026/08/13 01:26:28.137, Tesla V100-PCIE-16GB, 60 %, 4 %, 550 MiB, 16384 MiB, 51
2026/08/13 01:26:38.138, Tesla V100-PCIE-16GB, 58 %, 4 %, 550 MiB, 16384 MiB, 52
2026/08/13 01:26:48.140, Tesla V100-PCIE-16GB, 25 %, 5 %, 550 MiB, 16384 MiB, 52
2026/08/13 01:26:58.209, Tesla V100-PCIE-16GB, 59 %, 4 %, 550 MiB, 16384 MiB, 52
2026/08/13 01:27:08.211, Tesla V100-PCIE-16GB, 59 %, 4 %, 550 MiB, 16384 MiB, 52
2026/08/13 01:27:18.212, Tesla V100-PCIE-16GB, 59 %, 4 %, 550 MiB, 16384 MiB, 52
2026/08/13 01:27:28.256, Tesla V100-PCIE-16GB, 58 %, 4 %, 550 MiB, 16384 MiB, 52
2026/08/13 01:27:38.257, Tesla V100-PCIE-16GB, 58 %, 4 %, 550 MiB, 16384 MiB, 52
2026/08/13 01:27:48.258, Tesla V100-PCIE-16GB, 58 %, 4 %, 550 MiB, 16384 MiB, 52
2026/08/13 01:27:58.259, Tesla V100-PCIE-16GB, 59 %, 4 %, 550 MiB, 16384 MiB, 52
2026/08/13 01:28:08.260, Tesla V100-PCIE-16GB, 58 %, 4 %, 550 MiB, 16384 MiB, 52
2026/08/13 01:28:18.261, Tesla V100-PCIE-16GB, 58 %, 4 %, 550 MiB, 16384 MiB, 52
2026/08/13 01:28:28.262, Tesla V100-PCIE-16GB, 58 %, 4 %, 550 MiB, 16384 MiB, 52
2026/08/13 01:28:38.263, Tesla V100-PCIE-16GB, 59 %, 4 %, 550 MiB, 16384 MiB, 52
2026/08/13 01:28:48.265, Tesla V100-PCIE-16GB, 58 %, 4 %, 550 MiB, 16384 MiB, 52
2026/08/13 01:28:58.352, Tesla V100-PCIE-16GB, 58 %, 4 %, 550 MiB, 16384 MiB, 52
2026/08/13 01:29:08.354, Tesla V100-PCIE-16GB, 58 %, 4 %, 550 MiB, 16384 MiB, 52
2026/08/13 01:29:18.355, Tesla V100-PCIE-16GB, 58 %, 4 %, 550 MiB, 16384 MiB, 52
2026/08/13 01:29:28.356, Tesla V100-PCIE-16GB, 58 %, 4 %, 550 MiB, 16384 MiB, 52
2026/08/13 01:29:38.357, Tesla V100-PCIE-16GB, 58 %, 4 %, 550 MiB, 16384 MiB, 52
2026/08/13 01:29:48.359, Tesla V100-PCIE-16GB, 59 %, 4 %, 550 MiB, 16384 MiB, 52
2026/08/13 01:29:58.360, Tesla V100-PCIE-16GB, 58 %, 4 %, 550 MiB, 16384 MiB, 52
2026/08/13 01:30:08.361, Tesla V100-PCIE-16GB, 59 %, 4 %, 550 MiB, 16384 MiB, 52
2026/08/13 01:30:18.362, Tesla V100-PCIE-16GB, 58 %, 4 %, 550 MiB, 16384 MiB, 52
2026/08/13 01:30:28.363, Tesla V100-PCIE-16GB, 59 %, 4 %, 550 MiB, 16384 MiB, 52
2026/08/13 01:30:38.364, Tesla V100-PCIE-16GB, 56 %, 4 %, 550 MiB, 16384 MiB, 52
2026/08/13 01:30:48.365, Tesla V100-PCIE-16GB, 25 %, 5 %, 550 MiB, 16384 MiB, 52
2026/08/13 01:30:58.443, Tesla V100-PCIE-16GB, 59 %, 4 %, 550 MiB, 16384 MiB, 52
2026/08/13 01:31:08.444, Tesla V100-PCIE-16GB, 58 %, 4 %, 550 MiB, 16384 MiB, 52
2026/08/13 01:31:18.446, Tesla V100-PCIE-16GB, 59 %, 4 %, 550 MiB, 16384 MiB, 52
2026/08/13 01:31:28.453, Tesla V100-PCIE-16GB, 58 %, 4 %, 550 MiB, 16384 MiB, 52
2026/08/13 01:31:38.454, Tesla V100-PCIE-16GB, 55 %, 4 %, 550 MiB, 16384 MiB, 52
2026/08/13 01:31:48.455, Tesla V100-PCIE-16GB, 59 %, 4 %, 550 MiB, 16384 MiB, 52
2026/08/13 01:31:58.456, Tesla V100-PCIE-16GB, 59 %, 4 %, 550 MiB, 16384 MiB, 52
2026/08/13 01:32:08.458, Tesla V100-PCIE-16GB, 58 %, 4 %, 550 MiB, 16384 MiB, 52
2026/08/13 01:32:18.459, Tesla V100-PCIE-16GB, 59 %, 4 %, 550 MiB, 16384 MiB, 52
2026/08/13 01:32:28.460, Tesla V100-PCIE-16GB, 58 %, 4 %, 550 MiB, 16384 MiB, 52
2026/08/13 01:32:38.461, Tesla V100-PCIE-16GB, 57 %, 4 %, 550 MiB, 16384 MiB, 52
2026/08/13 01:32:48.463, Tesla V100-PCIE-16GB, 58 %, 4 %, 550 MiB, 16384 MiB, 52
2026/08/13 01:32:58.518, Tesla V100-PCIE-16GB, 58 %, 4 %, 550 MiB, 16384 MiB, 52
2026/08/13 01:33:08.519, Tesla V100-PCIE-16GB, 58 %, 4 %, 550 MiB, 16384 MiB, 52
2026/08/13 01:33:18.520, Tesla V100-PCIE-16GB, 58 %, 4 %, 550 MiB, 16384 MiB, 52
2026/08/13 01:33:28.521, Tesla V100-PCIE-16GB, 58 %, 4 %, 550 MiB, 16384 MiB, 52
2026/08/13 01:33:38.523, Tesla V100-PCIE-16GB, 58 %, 4 %, 550 MiB, 16384 MiB, 52
2026/08/13 01:33:48.524, Tesla V100-PCIE-16GB, 59 %, 4 %, 550 MiB, 16384 MiB, 52
2026/08/13 01:33:58.525, Tesla V100-PCIE-16GB, 58 %, 4 %, 550 MiB, 16384 MiB, 52
2026/08/13 01:34:08.526, Tesla V100-PCIE-16GB, 59 %, 4 %, 550 MiB, 16384 MiB, 52
2026/08/13 01:34:18.527, Tesla V100-PCIE-16GB, 58 %, 4 %, 550 MiB, 16384 MiB, 52
2026/08/13 01:34:28.528, Tesla V100-PCIE-16GB, 60 %, 4 %, 550 MiB, 16384 MiB, 52
2026/08/13 01:34:38.529, Tesla V100-PCIE-16GB, 58 %, 4 %, 550 MiB, 16384 MiB, 52
2026/08/13 01:34:48.530, Tesla V100-PCIE-16GB, 49 %, 3 %, 550 MiB, 16384 MiB, 52
2026/08/13 01:34:58.607, Tesla V100-PCIE-16GB, 59 %, 4 %, 550 MiB, 16384 MiB, 52
2026/08/13 01:35:08.608, Tesla V100-PCIE-16GB, 57 %, 4 %, 550 MiB, 16384 MiB, 52
2026/08/13 01:35:18.609, Tesla V100-PCIE-16GB, 59 %, 4 %, 550 MiB, 16384 MiB, 52
2026/08/13 01:35:28.611, Tesla V100-PCIE-16GB, 56 %, 4 %, 550 MiB, 16384 MiB, 52
2026/08/13 01:35:38.612, Tesla V100-PCIE-16GB, 59 %, 4 %, 550 MiB, 16384 MiB, 52
2026/08/13 01:35:48.613, Tesla V100-PCIE-16GB, 58 %, 4 %, 550 MiB, 16384 MiB, 52
2026/08/13 01:35:58.614, Tesla V100-PCIE-16GB, 59 %, 4 %, 550 MiB, 16384 MiB, 52
2026/08/13 01:36:08.615, Tesla V100-PCIE-16GB, 59 %, 4 %, 550 MiB, 16384 MiB, 52
2026/08/13 01:36:18.616, Tesla V100-PCIE-16GB, 58 %, 4 %, 550 MiB, 16384 MiB, 52
2026/08/13 01:36:28.617, Tesla V100-PCIE-16GB, 58 %, 4 %, 550 MiB, 16384 MiB, 52
2026/08/13 01:36:38.618, Tesla V100-PCIE-16GB, 25 %, 5 %, 550 MiB, 16384 MiB, 52
2026/08/13 01:36:48.620, Tesla V100-PCIE-16GB, 58 %, 4 %, 550 MiB, 16384 MiB, 52
2026/08/13 01:36:58.638, Tesla V100-PCIE-16GB, 57 %, 4 %, 550 MiB, 16384 MiB, 52
2026/08/13 01:37:08.639, Tesla V100-PCIE-16GB, 58 %, 4 %, 550 MiB, 16384 MiB, 52
2026/08/13 01:37:18.641, Tesla V100-PCIE-16GB, 58 %, 4 %, 550 MiB, 16384 MiB, 52
2026/08/13 01:37:28.642, Tesla V100-PCIE-16GB, 58 %, 4 %, 550 MiB, 16384 MiB, 52
2026/08/13 01:37:38.643, Tesla V100-PCIE-16GB, 57 %, 4 %, 550 MiB, 16384 MiB, 52
2026/08/13 01:37:48.644, Tesla V100-PCIE-16GB, 58 %, 4 %, 550 MiB, 16384 MiB, 52
2026/08/13 01:37:58.646, Tesla V100-PCIE-16GB, 58 %, 4 %, 550 MiB, 16384 MiB, 52
2026/08/13 01:38:08.647, Tesla V100-PCIE-16GB, 58 %, 4 %, 550 MiB, 16384 MiB, 52
2026/08/13 01:38:18.648, Tesla V100-PCIE-16GB, 58 %, 4 %, 550 MiB, 16384 MiB, 52
2026/08/13 01:38:28.649, Tesla V100-PCIE-16GB, 59 %, 4 %, 550 MiB, 16384 MiB, 52
2026/08/13 01:38:38.650, Tesla V100-PCIE-16GB, 58 %, 4 %, 550 MiB, 16384 MiB, 52
2026/08/13 01:38:48.651, Tesla V100-PCIE-16GB, 56 %, 4 %, 550 MiB, 16384 MiB, 52
2026/08/13 01:38:58.695, Tesla V100-PCIE-16GB, 59 %, 4 %, 550 MiB, 16384 MiB, 52
2026/08/13 01:39:08.696, Tesla V100-PCIE-16GB, 58 %, 4 %, 550 MiB, 16384 MiB, 52
2026/08/13 01:39:18.697, Tesla V100-PCIE-16GB, 58 %, 4 %, 550 MiB, 16384 MiB, 52
2026/08/13 01:39:28.698, Tesla V100-PCIE-16GB, 58 %, 4 %, 550 MiB, 16384 MiB, 52
2026/08/13 01:39:38.700, Tesla V100-PCIE-16GB, 59 %, 4 %, 550 MiB, 16384 MiB, 52
2026/08/13 01:39:48.701, Tesla V100-PCIE-16GB, 58 %, 4 %, 550 MiB, 16384 MiB, 52
2026/08/13 01:39:58.702, Tesla V100-PCIE-16GB, 59 %, 4 %, 550 MiB, 16384 MiB, 52
2026/08/13 01:40:08.703, Tesla V100-PCIE-16GB, 58 %, 4 %, 550 MiB, 16384 MiB, 52
2026/08/13 01:40:18.704, Tesla V100-PCIE-16GB, 60 %, 4 %, 550 MiB, 16384 MiB, 52
2026/08/13 01:40:28.705, Tesla V100-PCIE-16GB, 58 %, 4 %, 550 MiB, 16384 MiB, 52
2026/08/13 01:40:38.706, Tesla V100-PCIE-16GB, 58 %, 4 %, 550 MiB, 16384 MiB, 52
2026/08/13 01:40:48.708, Tesla V100-PCIE-16GB, 55 %, 4 %, 550 MiB, 16384 MiB, 52
2026/08/13 01:40:58.709, Tesla V100-PCIE-16GB, 58 %, 4 %, 550 MiB, 16384 MiB, 52
2026/08/13 01:41:08.710, Tesla V100-PCIE-16GB, 57 %, 4 %, 550 MiB, 16384 MiB, 52
2026/08/13 01:41:18.711, Tesla V100-PCIE-16GB, 58 %, 4 %, 550 MiB, 16384 MiB, 52
2026/08/13 01:41:28.712, Tesla V100-PCIE-16GB, 59 %, 4 %, 550 MiB, 16384 MiB, 52
2026/08/13 01:41:38.713, Tesla V100-PCIE-16GB, 56 %, 4 %, 550 MiB, 16384 MiB, 52
2026/08/13 01:41:48.714, Tesla V100-PCIE-16GB, 58 %, 4 %, 550 MiB, 16384 MiB, 52
2026/08/13 01:41:58.716, Tesla V100-PCIE-16GB, 58 %, 4 %, 550 MiB, 16384 MiB, 52
2026/08/13 01:42:08.717, Tesla V100-PCIE-16GB, 59 %, 4 %, 550 MiB, 16384 MiB, 52
2026/08/13 01:42:18.718, Tesla V100-PCIE-16GB, 58 %, 4 %, 550 MiB, 16384 MiB, 52
2026/08/13 01:42:28.719, Tesla V100-PCIE-16GB, 42 %, 3 %, 550 MiB, 16384 MiB, 52
2026/08/13 01:42:38.720, Tesla V100-PCIE-16GB, 58 %, 4 %, 550 MiB, 16384 MiB, 52
2026/08/13 01:42:48.721, Tesla V100-PCIE-16GB, 58 %, 4 %, 550 MiB, 16384 MiB, 52
2026/08/13 01:42:58.722, Tesla V100-PCIE-16GB, 58 %, 4 %, 550 MiB, 16384 MiB, 52
2026/08/13 01:43:08.724, Tesla V100-PCIE-16GB, 58 %, 4 %, 550 MiB, 16384 MiB, 52
2026/08/13 01:43:18.725, Tesla V100-PCIE-16GB, 58 %, 4 %, 550 MiB, 16384 MiB, 52
2026/08/13 01:43:28.726, Tesla V100-PCIE-16GB, 58 %, 4 %, 550 MiB, 16384 MiB, 52
2026/08/13 01:43:38.727, Tesla V100-PCIE-16GB, 59 %, 4 %, 550 MiB, 16384 MiB, 52
2026/08/13 01:43:48.729, Tesla V100-PCIE-16GB, 57 %, 4 %, 550 MiB, 16384 MiB, 52
2026/08/13 01:43:58.730, Tesla V100-PCIE-16GB, 58 %, 4 %, 550 MiB, 16384 MiB, 52
2026/08/13 01:44:08.731, Tesla V100-PCIE-16GB, 58 %, 4 %, 550 MiB, 16384 MiB, 52
2026/08/13 01:44:18.733, Tesla V100-PCIE-16GB, 25 %, 5 %, 550 MiB, 16384 MiB, 52
2026/08/13 01:44:28.734, Tesla V100-PCIE-16GB, 58 %, 4 %, 550 MiB, 16384 MiB, 52
2026/08/13 01:44:38.735, Tesla V100-PCIE-16GB, 58 %, 4 %, 550 MiB, 16384 MiB, 52
2026/08/13 01:44:48.736, Tesla V100-PCIE-16GB, 58 %, 4 %, 550 MiB, 16384 MiB, 52
2026/08/13 01:44:58.750, Tesla V100-PCIE-16GB, 58 %, 4 %, 550 MiB, 16384 MiB, 52
2026/08/13 01:45:08.751, Tesla V100-PCIE-16GB, 58 %, 4 %, 550 MiB, 16384 MiB, 52
2026/08/13 01:45:18.753, Tesla V100-PCIE-16GB, 57 %, 4 %, 550 MiB, 16384 MiB, 52
2026/08/13 01:45:28.754, Tesla V100-PCIE-16GB, 59 %, 4 %, 550 MiB, 16384 MiB, 52
2026/08/13 01:45:38.755, Tesla V100-PCIE-16GB, 58 %, 4 %, 550 MiB, 16384 MiB, 52
2026/08/13 01:45:48.756, Tesla V100-PCIE-16GB, 59 %, 4 %, 550 MiB, 16384 MiB, 52
2026/08/13 01:45:58.757, Tesla V100-PCIE-16GB, 58 %, 4 %, 550 MiB, 16384 MiB, 52
2026/08/13 01:46:08.758, Tesla V100-PCIE-16GB, 59 %, 4 %, 550 MiB, 16384 MiB, 52
2026/08/13 01:46:18.760, Tesla V100-PCIE-16GB, 57 %, 4 %, 550 MiB, 16384 MiB, 52
2026/08/13 01:46:28.761, Tesla V100-PCIE-16GB, 58 %, 4 %, 550 MiB, 16384 MiB, 52
2026/08/13 01:46:38.762, Tesla V100-PCIE-16GB, 58 %, 4 %, 550 MiB, 16384 MiB, 52
2026/08/13 01:46:48.763, Tesla V100-PCIE-16GB, 58 %, 4 %, 550 MiB, 16384 MiB, 52
2026/08/13 01:46:58.857, Tesla V100-PCIE-16GB, 58 %, 4 %, 550 MiB, 16384 MiB, 52
2026/08/13 01:47:08.858, Tesla V100-PCIE-16GB, 58 %, 4 %, 550 MiB, 16384 MiB, 52
2026/08/13 01:47:18.859, Tesla V100-PCIE-16GB, 60 %, 4 %, 550 MiB, 16384 MiB, 52
2026/08/13 01:47:28.860, Tesla V100-PCIE-16GB, 58 %, 4 %, 550 MiB, 16384 MiB, 52
2026/08/13 01:47:38.861, Tesla V100-PCIE-16GB, 59 %, 4 %, 550 MiB, 16384 MiB, 52
2026/08/13 01:47:48.862, Tesla V100-PCIE-16GB, 57 %, 4 %, 550 MiB, 16384 MiB, 52
2026/08/13 01:47:58.864, Tesla V100-PCIE-16GB, 60 %, 4 %, 550 MiB, 16384 MiB, 52
2026/08/13 01:48:08.865, Tesla V100-PCIE-16GB, 57 %, 4 %, 550 MiB, 16384 MiB, 52
2026/08/13 01:48:18.866, Tesla V100-PCIE-16GB, 58 %, 4 %, 550 MiB, 16384 MiB, 52
2026/08/13 01:48:28.867, Tesla V100-PCIE-16GB, 58 %, 4 %, 550 MiB, 16384 MiB, 52
2026/08/13 01:48:38.868, Tesla V100-PCIE-16GB, 50 %, 3 %, 550 MiB, 16384 MiB, 52
2026/08/13 01:48:48.869, Tesla V100-PCIE-16GB, 58 %, 4 %, 550 MiB, 16384 MiB, 52
2026/08/13 01:48:58.871, Tesla V100-PCIE-16GB, 58 %, 4 %, 550 MiB, 16384 MiB, 52
2026/08/13 01:49:08.872, Tesla V100-PCIE-16GB, 59 %, 4 %, 550 MiB, 16384 MiB, 52
2026/08/13 01:49:18.873, Tesla V100-PCIE-16GB, 59 %, 4 %, 550 MiB, 16384 MiB, 52
2026/08/13 01:49:28.874, Tesla V100-PCIE-16GB, 59 %, 4 %, 550 MiB, 16384 MiB, 52
2026/08/13 01:49:38.875, Tesla V100-PCIE-16GB, 58 %, 4 %, 550 MiB, 16384 MiB, 52
2026/08/13 01:49:48.876, Tesla V100-PCIE-16GB, 60 %, 4 %, 550 MiB, 16384 MiB, 52
2026/08/13 01:49:58.877, Tesla V100-PCIE-16GB, 58 %, 4 %, 550 MiB, 16384 MiB, 52
2026/08/13 01:50:08.879, Tesla V100-PCIE-16GB, 41 %, 3 %, 550 MiB, 16384 MiB, 52
2026/08/13 01:50:18.880, Tesla V100-PCIE-16GB, 58 %, 4 %, 550 MiB, 16384 MiB, 52
2026/08/13 01:50:28.881, Tesla V100-PCIE-16GB, 58 %, 4 %, 550 MiB, 16384 MiB, 52
2026/08/13 01:50:38.882, Tesla V100-PCIE-16GB, 58 %, 4 %, 550 MiB, 16384 MiB, 52
2026/08/13 01:50:48.883, Tesla V100-PCIE-16GB, 58 %, 4 %, 550 MiB, 16384 MiB, 52
2026/08/13 01:50:58.885, Tesla V100-PCIE-16GB, 58 %, 4 %, 550 MiB, 16384 MiB, 52
2026/08/13 01:51:08.886, Tesla V100-PCIE-16GB, 57 %, 4 %, 550 MiB, 16384 MiB, 52
2026/08/13 01:51:18.887, Tesla V100-PCIE-16GB, 60 %, 4 %, 550 MiB, 16384 MiB, 52
2026/08/13 01:51:28.888, Tesla V100-PCIE-16GB, 59 %, 4 %, 550 MiB, 16384 MiB, 52
2026/08/13 01:51:38.889, Tesla V100-PCIE-16GB, 58 %, 4 %, 550 MiB, 16384 MiB, 52
2026/08/13 01:51:48.890, Tesla V100-PCIE-16GB, 59 %, 4 %, 550 MiB, 16384 MiB, 52
2026/08/13 01:51:58.892, Tesla V100-PCIE-16GB, 25 %, 5 %, 550 MiB, 16384 MiB, 52
2026/08/13 01:52:08.893, Tesla V100-PCIE-16GB, 58 %, 4 %, 550 MiB, 16384 MiB, 52
2026/08/13 01:52:18.894, Tesla V100-PCIE-16GB, 56 %, 4 %, 550 MiB, 16384 MiB, 52
2026/08/13 01:52:28.895, Tesla V100-PCIE-16GB, 58 %, 4 %, 550 MiB, 16384 MiB, 52
2026/08/13 01:52:38.897, Tesla V100-PCIE-16GB, 59 %, 4 %, 550 MiB, 16384 MiB, 52
2026/08/13 01:52:48.898, Tesla V100-PCIE-16GB, 58 %, 4 %, 550 MiB, 16384 MiB, 52
2026/08/13 01:52:58.899, Tesla V100-PCIE-16GB, 57 %, 4 %, 550 MiB, 16384 MiB, 52
2026/08/13 01:53:08.900, Tesla V100-PCIE-16GB, 58 %, 4 %, 550 MiB, 16384 MiB, 52
2026/08/13 01:53:18.901, Tesla V100-PCIE-16GB, 59 %, 4 %, 550 MiB, 16384 MiB, 52
2026/08/13 01:53:28.902, Tesla V100-PCIE-16GB, 58 %, 4 %, 550 MiB, 16384 MiB, 52
2026/08/13 01:53:38.903, Tesla V100-PCIE-16GB, 58 %, 4 %, 550 MiB, 16384 MiB, 52
2026/08/13 01:53:48.904, Tesla V100-PCIE-16GB, 59 %, 4 %, 550 MiB, 16384 MiB, 52
2026/08/13 01:53:58.906, Tesla V100-PCIE-16GB, 58 %, 4 %, 550 MiB, 16384 MiB, 52
2026/08/13 01:54:08.907, Tesla V100-PCIE-16GB, 57 %, 4 %, 550 MiB, 16384 MiB, 52
2026/08/13 01:54:18.908, Tesla V100-PCIE-16GB, 56 %, 4 %, 550 MiB, 16384 MiB, 52
2026/08/13 01:54:28.909, Tesla V100-PCIE-16GB, 58 %, 4 %, 550 MiB, 16384 MiB, 52
2026/08/13 01:54:38.910, Tesla V100-PCIE-16GB, 58 %, 4 %, 550 MiB, 16384 MiB, 52
2026/08/13 01:54:48.912, Tesla V100-PCIE-16GB, 58 %, 4 %, 550 MiB, 16384 MiB, 52
2026/08/13 01:54:58.913, Tesla V100-PCIE-16GB, 59 %, 4 %, 550 MiB, 16384 MiB, 52
2026/08/13 01:55:08.914, Tesla V100-PCIE-16GB, 57 %, 4 %, 550 MiB, 16384 MiB, 52
2026/08/13 01:55:18.915, Tesla V100-PCIE-16GB, 59 %, 4 %, 550 MiB, 16384 MiB, 52
2026/08/13 01:55:28.916, Tesla V100-PCIE-16GB, 58 %, 4 %, 550 MiB, 16384 MiB, 52
2026/08/13 01:55:38.917, Tesla V100-PCIE-16GB, 59 %, 4 %, 550 MiB, 16384 MiB, 52
2026/08/13 01:55:48.918, Tesla V100-PCIE-16GB, 58 %, 4 %, 550 MiB, 16384 MiB, 52
2026/08/13 01:55:58.919, Tesla V100-PCIE-16GB, 57 %, 4 %, 550 MiB, 16384 MiB, 52
2026/08/13 01:56:08.921, Tesla V100-PCIE-16GB, 58 %, 4 %, 550 MiB, 16384 MiB, 52
2026/08/13 01:56:18.922, Tesla V100-PCIE-16GB, 58 %, 4 %, 550 MiB, 16384 MiB, 52
2026/08/13 01:56:28.923, Tesla V100-PCIE-16GB, 58 %, 4 %, 550 MiB, 16384 MiB, 52
2026/08/13 01:56:38.924, Tesla V100-PCIE-16GB, 58 %, 4 %, 550 MiB, 16384 MiB, 52
2026/08/13 01:56:48.925, Tesla V100-PCIE-16GB, 58 %, 4 %, 550 MiB, 16384 MiB, 52
2026/08/13 01:56:58.926, Tesla V100-PCIE-16GB, 57 %, 4 %, 550 MiB, 16384 MiB, 52
2026/08/13 01:57:08.927, Tesla V100-PCIE-16GB, 59 %, 4 %, 550 MiB, 16384 MiB, 52
2026/08/13 01:57:18.928, Tesla V100-PCIE-16GB, 58 %, 4 %, 550 MiB, 16384 MiB, 52
2026/08/13 01:57:28.930, Tesla V100-PCIE-16GB, 59 %, 4 %, 550 MiB, 16384 MiB, 52
2026/08/13 01:57:38.931, Tesla V100-PCIE-16GB, 58 %, 4 %, 550 MiB, 16384 MiB, 52
2026/08/13 01:57:48.932, Tesla V100-PCIE-16GB, 25 %, 5 %, 550 MiB, 16384 MiB, 52
2026/08/13 01:57:58.933, Tesla V100-PCIE-16GB, 58 %, 4 %, 550 MiB, 16384 MiB, 52
2026/08/13 01:58:08.934, Tesla V100-PCIE-16GB, 58 %, 4 %, 550 MiB, 16384 MiB, 52
2026/08/13 01:58:18.935, Tesla V100-PCIE-16GB, 58 %, 4 %, 550 MiB, 16384 MiB, 52
2026/08/13 01:58:28.936, Tesla V100-PCIE-16GB, 57 %, 4 %, 550 MiB, 16384 MiB, 52
2026/08/13 01:58:38.938, Tesla V100-PCIE-16GB, 58 %, 4 %, 550 MiB, 16384 MiB, 52
2026/08/13 01:58:48.939, Tesla V100-PCIE-16GB, 57 %, 4 %, 550 MiB, 16384 MiB, 52
2026/08/13 01:58:58.959, Tesla V100-PCIE-16GB, 59 %, 4 %, 550 MiB, 16384 MiB, 52
2026/08/13 01:59:08.960, Tesla V100-PCIE-16GB, 57 %, 4 %, 550 MiB, 16384 MiB, 52
2026/08/13 01:59:18.961, Tesla V100-PCIE-16GB, 59 %, 4 %, 550 MiB, 16384 MiB, 52
2026/08/13 01:59:28.962, Tesla V100-PCIE-16GB, 58 %, 4 %, 550 MiB, 16384 MiB, 52
2026/08/13 01:59:38.963, Tesla V100-PCIE-16GB, 60 %, 4 %, 550 MiB, 16384 MiB, 52
2026/08/13 01:59:48.965, Tesla V100-PCIE-16GB, 58 %, 4 %, 550 MiB, 16384 MiB, 52
2026/08/13 01:59:58.966, Tesla V100-PCIE-16GB, 59 %, 4 %, 550 MiB, 16384 MiB, 52
2026/08/13 02:00:08.968, Tesla V100-PCIE-16GB, 59 %, 4 %, 550 MiB, 16384 MiB, 52
2026/08/13 02:00:18.969, Tesla V100-PCIE-16GB, 56 %, 4 %, 550 MiB, 16384 MiB, 52
2026/08/13 02:00:28.970, Tesla V100-PCIE-16GB, 59 %, 4 %, 550 MiB, 16384 MiB, 52
2026/08/13 02:00:38.971, Tesla V100-PCIE-16GB, 58 %, 4 %, 550 MiB, 16384 MiB, 52
2026/08/13 02:00:48.972, Tesla V100-PCIE-16GB, 59 %, 4 %, 550 MiB, 16384 MiB, 52
2026/08/13 02:00:59.021, Tesla V100-PCIE-16GB, 58 %, 4 %, 550 MiB, 16384 MiB, 52
2026/08/13 02:01:09.022, Tesla V100-PCIE-16GB, 58 %, 4 %, 550 MiB, 16384 MiB, 52
2026/08/13 02:01:19.023, Tesla V100-PCIE-16GB, 58 %, 4 %, 550 MiB, 16384 MiB, 52
2026/08/13 02:01:29.024, Tesla V100-PCIE-16GB, 59 %, 4 %, 550 MiB, 16384 MiB, 52
2026/08/13 02:01:39.025, Tesla V100-PCIE-16GB, 58 %, 4 %, 550 MiB, 16384 MiB, 52
2026/08/13 02:01:49.026, Tesla V100-PCIE-16GB, 59 %, 4 %, 550 MiB, 16384 MiB, 52
2026/08/13 02:01:59.028, Tesla V100-PCIE-16GB, 58 %, 4 %, 550 MiB, 16384 MiB, 52
2026/08/13 02:02:09.029, Tesla V100-PCIE-16GB, 56 %, 4 %, 550 MiB, 16384 MiB, 52
2026/08/13 02:02:19.030, Tesla V100-PCIE-16GB, 59 %, 4 %, 550 MiB, 16384 MiB, 52
2026/08/13 02:02:29.031, Tesla V100-PCIE-16GB, 58 %, 4 %, 550 MiB, 16384 MiB, 52
2026/08/13 02:02:39.032, Tesla V100-PCIE-16GB, 58 %, 4 %, 550 MiB, 16384 MiB, 52
2026/08/13 02:02:49.033, Tesla V100-PCIE-16GB, 58 %, 4 %, 550 MiB, 16384 MiB, 52
2026/08/13 02:02:59.035, Tesla V100-PCIE-16GB, 60 %, 4 %, 550 MiB, 16384 MiB, 52
2026/08/13 02:03:09.036, Tesla V100-PCIE-16GB, 58 %, 4 %, 550 MiB, 16384 MiB, 52
2026/08/13 02:03:19.037, Tesla V100-PCIE-16GB, 59 %, 4 %, 550 MiB, 16384 MiB, 52
2026/08/13 02:03:29.038, Tesla V100-PCIE-16GB, 58 %, 4 %, 550 MiB, 16384 MiB, 52
2026/08/13 02:03:39.039, Tesla V100-PCIE-16GB, 25 %, 5 %, 550 MiB, 16384 MiB, 52
2026/08/13 02:03:49.041, Tesla V100-PCIE-16GB, 58 %, 4 %, 550 MiB, 16384 MiB, 52
2026/08/13 02:03:59.042, Tesla V100-PCIE-16GB, 58 %, 4 %, 550 MiB, 16384 MiB, 52
2026/08/13 02:04:09.043, Tesla V100-PCIE-16GB, 58 %, 4 %, 550 MiB, 16384 MiB, 52
2026/08/13 02:04:19.044, Tesla V100-PCIE-16GB, 58 %, 4 %, 550 MiB, 16384 MiB, 52
2026/08/13 02:04:29.045, Tesla V100-PCIE-16GB, 59 %, 4 %, 550 MiB, 16384 MiB, 52
2026/08/13 02:04:39.046, Tesla V100-PCIE-16GB, 58 %, 4 %, 550 MiB, 16384 MiB, 52
2026/08/13 02:04:49.047, Tesla V100-PCIE-16GB, 58 %, 4 %, 550 MiB, 16384 MiB, 52
2026/08/13 02:04:59.049, Tesla V100-PCIE-16GB, 58 %, 4 %, 550 MiB, 16384 MiB, 52
2026/08/13 02:05:09.051, Tesla V100-PCIE-16GB, 58 %, 4 %, 550 MiB, 16384 MiB, 52
2026/08/13 02:05:19.052, Tesla V100-PCIE-16GB, 58 %, 4 %, 550 MiB, 16384 MiB, 52
2026/08/13 02:05:29.053, Tesla V100-PCIE-16GB, 60 %, 4 %, 550 MiB, 16384 MiB, 52
2026/08/13 02:05:39.054, Tesla V100-PCIE-16GB, 58 %, 4 %, 550 MiB, 16384 MiB, 52
2026/08/13 02:05:49.055, Tesla V100-PCIE-16GB, 58 %, 4 %, 550 MiB, 16384 MiB, 52
2026/08/13 02:05:59.056, Tesla V100-PCIE-16GB, 58 %, 4 %, 550 MiB, 16384 MiB, 52
2026/08/13 02:06:09.058, Tesla V100-PCIE-16GB, 57 %, 4 %, 550 MiB, 16384 MiB, 52
2026/08/13 02:06:19.059, Tesla V100-PCIE-16GB, 59 %, 4 %, 550 MiB, 16384 MiB, 52
2026/08/13 02:06:29.060, Tesla V100-PCIE-16GB, 58 %, 4 %, 550 MiB, 16384 MiB, 52
2026/08/13 02:06:39.061, Tesla V100-PCIE-16GB, 60 %, 4 %, 550 MiB, 16384 MiB, 52
2026/08/13 02:06:49.062, Tesla V100-PCIE-16GB, 59 %, 4 %, 550 MiB, 16384 MiB, 52
2026/08/13 02:06:59.063, Tesla V100-PCIE-16GB, 58 %, 4 %, 550 MiB, 16384 MiB, 52
2026/08/13 02:07:09.064, Tesla V100-PCIE-16GB, 58 %, 4 %, 550 MiB, 16384 MiB, 52
2026/08/13 02:07:19.065, Tesla V100-PCIE-16GB, 59 %, 4 %, 550 MiB, 16384 MiB, 52
2026/08/13 02:07:29.067, Tesla V100-PCIE-16GB, 59 %, 4 %, 550 MiB, 16384 MiB, 52
2026/08/13 02:07:39.068, Tesla V100-PCIE-16GB, 58 %, 4 %, 550 MiB, 16384 MiB, 52
2026/08/13 02:07:49.069, Tesla V100-PCIE-16GB, 58 %, 4 %, 550 MiB, 16384 MiB, 52
2026/08/13 02:07:59.070, Tesla V100-PCIE-16GB, 58 %, 4 %, 550 MiB, 16384 MiB, 52
2026/08/13 02:08:09.071, Tesla V100-PCIE-16GB, 58 %, 4 %, 550 MiB, 16384 MiB, 52
2026/08/13 02:08:19.072, Tesla V100-PCIE-16GB, 57 %, 4 %, 550 MiB, 16384 MiB, 52
2026/08/13 02:08:29.073, Tesla V100-PCIE-16GB, 60 %, 4 %, 550 MiB, 16384 MiB, 52
2026/08/13 02:08:39.075, Tesla V100-PCIE-16GB, 57 %, 4 %, 550 MiB, 16384 MiB, 52
2026/08/13 02:08:49.076, Tesla V100-PCIE-16GB, 59 %, 4 %, 550 MiB, 16384 MiB, 52
2026/08/13 02:08:59.077, Tesla V100-PCIE-16GB, 58 %, 4 %, 550 MiB, 16384 MiB, 52
2026/08/13 02:09:09.078, Tesla V100-PCIE-16GB, 59 %, 4 %, 550 MiB, 16384 MiB, 52
2026/08/13 02:09:19.079, Tesla V100-PCIE-16GB, 58 %, 4 %, 550 MiB, 16384 MiB, 52
2026/08/13 02:09:29.080, Tesla V100-PCIE-16GB, 25 %, 5 %, 550 MiB, 16384 MiB, 52
2026/08/13 02:09:39.082, Tesla V100-PCIE-16GB, 58 %, 4 %, 550 MiB, 16384 MiB, 52
2026/08/13 02:09:49.083, Tesla V100-PCIE-16GB, 58 %, 4 %, 550 MiB, 16384 MiB, 52
2026/08/13 02:09:59.084, Tesla V100-PCIE-16GB, 58 %, 4 %, 550 MiB, 16384 MiB, 52
2026/08/13 02:10:09.085, Tesla V100-PCIE-16GB, 57 %, 4 %, 550 MiB, 16384 MiB, 52
2026/08/13 02:10:19.086, Tesla V100-PCIE-16GB, 58 %, 4 %, 550 MiB, 16384 MiB, 52
2026/08/13 02:10:29.103, Tesla V100-PCIE-16GB, 58 %, 4 %, 550 MiB, 16384 MiB, 52
2026/08/13 02:10:39.104, Tesla V100-PCIE-16GB, 59 %, 4 %, 550 MiB, 16384 MiB, 52
2026/08/13 02:10:49.106, Tesla V100-PCIE-16GB, 57 %, 4 %, 550 MiB, 16384 MiB, 52
2026/08/13 02:10:59.107, Tesla V100-PCIE-16GB, 58 %, 4 %, 550 MiB, 16384 MiB, 52
2026/08/13 02:11:09.108, Tesla V100-PCIE-16GB, 58 %, 4 %, 550 MiB, 16384 MiB, 52
2026/08/13 02:11:19.109, Tesla V100-PCIE-16GB, 22 %, 4 %, 550 MiB, 16384 MiB, 52
2026/08/13 02:11:29.110, Tesla V100-PCIE-16GB, 58 %, 4 %, 550 MiB, 16384 MiB, 52
2026/08/13 02:11:39.111, Tesla V100-PCIE-16GB, 57 %, 4 %, 550 MiB, 16384 MiB, 52
2026/08/13 02:11:49.113, Tesla V100-PCIE-16GB, 58 %, 4 %, 550 MiB, 16384 MiB, 52
2026/08/13 02:11:59.115, Tesla V100-PCIE-16GB, 58 %, 4 %, 550 MiB, 16384 MiB, 52
2026/08/13 02:12:09.116, Tesla V100-PCIE-16GB, 58 %, 4 %, 550 MiB, 16384 MiB, 52
2026/08/13 02:12:19.183, Tesla V100-PCIE-16GB, 58 %, 4 %, 550 MiB, 16384 MiB, 52
2026/08/13 02:12:29.185, Tesla V100-PCIE-16GB, 58 %, 4 %, 550 MiB, 16384 MiB, 52
2026/08/13 02:12:39.186, Tesla V100-PCIE-16GB, 58 %, 4 %, 550 MiB, 16384 MiB, 52
2026/08/13 02:12:49.187, Tesla V100-PCIE-16GB, 59 %, 4 %, 550 MiB, 16384 MiB, 52
2026/08/13 02:12:59.188, Tesla V100-PCIE-16GB, 59 %, 4 %, 550 MiB, 16384 MiB, 52
2026/08/13 02:13:09.189, Tesla V100-PCIE-16GB, 59 %, 4 %, 550 MiB, 16384 MiB, 52
2026/08/13 02:13:19.190, Tesla V100-PCIE-16GB, 58 %, 4 %, 550 MiB, 16384 MiB, 52
2026/08/13 02:13:29.192, Tesla V100-PCIE-16GB, 58 %, 4 %, 550 MiB, 16384 MiB, 52
2026/08/13 02:13:39.193, Tesla V100-PCIE-16GB, 58 %, 4 %, 550 MiB, 16384 MiB, 52
2026/08/13 02:13:49.195, Tesla V100-PCIE-16GB, 58 %, 4 %, 550 MiB, 16384 MiB, 52
2026/08/13 02:13:59.196, Tesla V100-PCIE-16GB, 58 %, 4 %, 550 MiB, 16384 MiB, 52
2026/08/13 02:14:09.197, Tesla V100-PCIE-16GB, 55 %, 4 %, 550 MiB, 16384 MiB, 52
2026/08/13 02:14:19.247, Tesla V100-PCIE-16GB, 58 %, 4 %, 550 MiB, 16384 MiB, 52
2026/08/13 02:14:29.248, Tesla V100-PCIE-16GB, 58 %, 4 %, 550 MiB, 16384 MiB, 52
2026/08/13 02:14:39.249, Tesla V100-PCIE-16GB, 58 %, 4 %, 550 MiB, 16384 MiB, 52
2026/08/13 02:14:49.250, Tesla V100-PCIE-16GB, 58 %, 4 %, 550 MiB, 16384 MiB, 52
2026/08/13 02:14:59.251, Tesla V100-PCIE-16GB, 60 %, 4 %, 550 MiB, 16384 MiB, 52
2026/08/13 02:15:09.252, Tesla V100-PCIE-16GB, 58 %, 4 %, 550 MiB, 16384 MiB, 52
2026/08/13 02:15:19.255, Tesla V100-PCIE-16GB, 25 %, 5 %, 550 MiB, 16384 MiB, 52
2026/08/13 02:15:29.256, Tesla V100-PCIE-16GB, 58 %, 4 %, 550 MiB, 16384 MiB, 52
2026/08/13 02:15:39.257, Tesla V100-PCIE-16GB, 58 %, 4 %, 550 MiB, 16384 MiB, 52
2026/08/13 02:15:49.259, Tesla V100-PCIE-16GB, 57 %, 4 %, 550 MiB, 16384 MiB, 52
2026/08/13 02:15:59.260, Tesla V100-PCIE-16GB, 59 %, 4 %, 550 MiB, 16384 MiB, 52
2026/08/13 02:16:09.262, Tesla V100-PCIE-16GB, 58 %, 4 %, 550 MiB, 16384 MiB, 52
2026/08/13 02:16:19.263, Tesla V100-PCIE-16GB, 58 %, 4 %, 550 MiB, 16384 MiB, 52
2026/08/13 02:16:29.264, Tesla V100-PCIE-16GB, 59 %, 4 %, 550 MiB, 16384 MiB, 52
2026/08/13 02:16:39.265, Tesla V100-PCIE-16GB, 58 %, 4 %, 550 MiB, 16384 MiB, 52
2026/08/13 02:16:49.266, Tesla V100-PCIE-16GB, 59 %, 4 %, 550 MiB, 16384 MiB, 52
2026/08/13 02:16:59.267, Tesla V100-PCIE-16GB, 57 %, 4 %, 550 MiB, 16384 MiB, 52
2026/08/13 02:17:09.268, Tesla V100-PCIE-16GB, 60 %, 4 %, 550 MiB, 16384 MiB, 52
2026/08/13 02:17:19.302, Tesla V100-PCIE-16GB, 57 %, 4 %, 550 MiB, 16384 MiB, 52
2026/08/13 02:17:29.303, Tesla V100-PCIE-16GB, 57 %, 4 %, 550 MiB, 16384 MiB, 52
2026/08/13 02:17:39.304, Tesla V100-PCIE-16GB, 58 %, 4 %, 550 MiB, 16384 MiB, 52
2026/08/13 02:17:49.305, Tesla V100-PCIE-16GB, 59 %, 4 %, 550 MiB, 16384 MiB, 52
2026/08/13 02:17:59.306, Tesla V100-PCIE-16GB, 58 %, 4 %, 550 MiB, 16384 MiB, 52
2026/08/13 02:18:09.307, Tesla V100-PCIE-16GB, 57 %, 4 %, 550 MiB, 16384 MiB, 52
2026/08/13 02:18:19.309, Tesla V100-PCIE-16GB, 59 %, 4 %, 550 MiB, 16384 MiB, 52
2026/08/13 02:18:29.310, Tesla V100-PCIE-16GB, 57 %, 4 %, 550 MiB, 16384 MiB, 52
2026/08/13 02:18:39.312, Tesla V100-PCIE-16GB, 59 %, 4 %, 550 MiB, 16384 MiB, 52
2026/08/13 02:18:49.313, Tesla V100-PCIE-16GB, 58 %, 4 %, 550 MiB, 16384 MiB, 52
2026/08/13 02:18:59.314, Tesla V100-PCIE-16GB, 59 %, 4 %, 550 MiB, 16384 MiB, 52
2026/08/13 02:19:09.315, Tesla V100-PCIE-16GB, 58 %, 4 %, 550 MiB, 16384 MiB, 52
2026/08/13 02:19:19.452, Tesla V100-PCIE-16GB, 58 %, 4 %, 550 MiB, 16384 MiB, 52
2026/08/13 02:19:29.454, Tesla V100-PCIE-16GB, 58 %, 4 %, 550 MiB, 16384 MiB, 52
2026/08/13 02:19:39.455, Tesla V100-PCIE-16GB, 58 %, 4 %, 550 MiB, 16384 MiB, 52
2026/08/13 02:19:49.456, Tesla V100-PCIE-16GB, 58 %, 4 %, 550 MiB, 16384 MiB, 52
2026/08/13 02:19:59.458, Tesla V100-PCIE-16GB, 57 %, 4 %, 550 MiB, 16384 MiB, 52
2026/08/13 02:20:09.459, Tesla V100-PCIE-16GB, 59 %, 4 %, 550 MiB, 16384 MiB, 52
2026/08/13 02:20:19.460, Tesla V100-PCIE-16GB, 57 %, 4 %, 550 MiB, 16384 MiB, 52
2026/08/13 02:20:29.461, Tesla V100-PCIE-16GB, 58 %, 4 %, 550 MiB, 16384 MiB, 52
2026/08/13 02:20:39.463, Tesla V100-PCIE-16GB, 58 %, 4 %, 550 MiB, 16384 MiB, 52
2026/08/13 02:20:49.464, Tesla V100-PCIE-16GB, 58 %, 4 %, 550 MiB, 16384 MiB, 52
2026/08/13 02:20:59.465, Tesla V100-PCIE-16GB, 59 %, 4 %, 550 MiB, 16384 MiB, 52
2026/08/13 02:21:09.467, Tesla V100-PCIE-16GB, 25 %, 5 %, 550 MiB, 16384 MiB, 52
2026/08/13 02:21:19.468, Tesla V100-PCIE-16GB, 58 %, 4 %, 550 MiB, 16384 MiB, 52
2026/08/13 02:21:29.469, Tesla V100-PCIE-16GB, 58 %, 4 %, 550 MiB, 16384 MiB, 52
2026/08/13 02:21:39.470, Tesla V100-PCIE-16GB, 58 %, 4 %, 550 MiB, 16384 MiB, 52
2026/08/13 02:21:49.471, Tesla V100-PCIE-16GB, 58 %, 4 %, 550 MiB, 16384 MiB, 52
2026/08/13 02:21:59.472, Tesla V100-PCIE-16GB, 58 %, 4 %, 550 MiB, 16384 MiB, 52
2026/08/13 02:22:09.473, Tesla V100-PCIE-16GB, 58 %, 4 %, 550 MiB, 16384 MiB, 52
2026/08/13 02:22:19.475, Tesla V100-PCIE-16GB, 59 %, 4 %, 550 MiB, 16384 MiB, 52
2026/08/13 02:22:29.476, Tesla V100-PCIE-16GB, 56 %, 4 %, 550 MiB, 16384 MiB, 52
2026/08/13 02:22:39.478, Tesla V100-PCIE-16GB, 59 %, 4 %, 550 MiB, 16384 MiB, 52
2026/08/13 02:22:49.479, Tesla V100-PCIE-16GB, 58 %, 4 %, 550 MiB, 16384 MiB, 52
2026/08/13 02:22:59.480, Tesla V100-PCIE-16GB, 59 %, 4 %, 550 MiB, 16384 MiB, 52
2026/08/13 02:23:09.481, Tesla V100-PCIE-16GB, 59 %, 4 %, 550 MiB, 16384 MiB, 52
2026/08/13 02:23:19.482, Tesla V100-PCIE-16GB, 57 %, 4 %, 550 MiB, 16384 MiB, 52
2026/08/13 02:23:29.483, Tesla V100-PCIE-16GB, 58 %, 4 %, 550 MiB, 16384 MiB, 52
2026/08/13 02:23:39.485, Tesla V100-PCIE-16GB, 59 %, 4 %, 550 MiB, 16384 MiB, 52
2026/08/13 02:23:49.486, Tesla V100-PCIE-16GB, 58 %, 4 %, 550 MiB, 16384 MiB, 52
2026/08/13 02:23:59.487, Tesla V100-PCIE-16GB, 58 %, 4 %, 550 MiB, 16384 MiB, 52
2026/08/13 02:24:09.488, Tesla V100-PCIE-16GB, 59 %, 4 %, 550 MiB, 16384 MiB, 52
2026/08/13 02:24:19.489, Tesla V100-PCIE-16GB, 58 %, 4 %, 550 MiB, 16384 MiB, 52
2026/08/13 02:24:29.491, Tesla V100-PCIE-16GB, 59 %, 4 %, 550 MiB, 16384 MiB, 52
2026/08/13 02:24:39.492, Tesla V100-PCIE-16GB, 58 %, 4 %, 550 MiB, 16384 MiB, 52
2026/08/13 02:24:49.493, Tesla V100-PCIE-16GB, 60 %, 4 %, 550 MiB, 16384 MiB, 52
2026/08/13 02:24:59.494, Tesla V100-PCIE-16GB, 58 %, 4 %, 550 MiB, 16384 MiB, 52
2026/08/13 02:25:09.495, Tesla V100-PCIE-16GB, 58 %, 4 %, 550 MiB, 16384 MiB, 52
2026/08/13 02:25:19.496, Tesla V100-PCIE-16GB, 58 %, 4 %, 550 MiB, 16384 MiB, 52
2026/08/13 02:25:29.497, Tesla V100-PCIE-16GB, 58 %, 4 %, 550 MiB, 16384 MiB, 52
2026/08/13 02:25:39.503, Tesla V100-PCIE-16GB, 55 %, 4 %, 550 MiB, 16384 MiB, 52
2026/08/13 02:25:49.505, Tesla V100-PCIE-16GB, 58 %, 4 %, 550 MiB, 16384 MiB, 52
2026/08/13 02:25:59.506, Tesla V100-PCIE-16GB, 55 %, 4 %, 550 MiB, 16384 MiB, 52
2026/08/13 02:26:09.507, Tesla V100-PCIE-16GB, 58 %, 4 %, 550 MiB, 16384 MiB, 52
2026/08/13 02:26:19.508, Tesla V100-PCIE-16GB, 59 %, 4 %, 550 MiB, 16384 MiB, 52
2026/08/13 02:26:29.509, Tesla V100-PCIE-16GB, 56 %, 4 %, 550 MiB, 16384 MiB, 52
2026/08/13 02:26:39.510, Tesla V100-PCIE-16GB, 60 %, 4 %, 550 MiB, 16384 MiB, 52
2026/08/13 02:26:49.511, Tesla V100-PCIE-16GB, 58 %, 4 %, 550 MiB, 16384 MiB, 52
2026/08/13 02:26:59.512, Tesla V100-PCIE-16GB, 25 %, 5 %, 550 MiB, 16384 MiB, 52
2026/08/13 02:27:09.513, Tesla V100-PCIE-16GB, 58 %, 4 %, 550 MiB, 16384 MiB, 52
2026/08/13 02:27:19.515, Tesla V100-PCIE-16GB, 58 %, 4 %, 550 MiB, 16384 MiB, 52
2026/08/13 02:27:29.516, Tesla V100-PCIE-16GB, 59 %, 4 %, 550 MiB, 16384 MiB, 52
2026/08/13 02:27:39.517, Tesla V100-PCIE-16GB, 58 %, 4 %, 550 MiB, 16384 MiB, 52
2026/08/13 02:27:49.518, Tesla V100-PCIE-16GB, 58 %, 4 %, 550 MiB, 16384 MiB, 52
2026/08/13 02:27:59.519, Tesla V100-PCIE-16GB, 58 %, 4 %, 550 MiB, 16384 MiB, 52
2026/08/13 02:28:09.520, Tesla V100-PCIE-16GB, 52 %, 4 %, 550 MiB, 16384 MiB, 52
2026/08/13 02:28:19.521, Tesla V100-PCIE-16GB, 58 %, 4 %, 550 MiB, 16384 MiB, 52
2026/08/13 02:28:29.522, Tesla V100-PCIE-16GB, 58 %, 4 %, 550 MiB, 16384 MiB, 52
2026/08/13 02:28:39.523, Tesla V100-PCIE-16GB, 58 %, 4 %, 550 MiB, 16384 MiB, 52
2026/08/13 02:28:49.525, Tesla V100-PCIE-16GB, 36 %, 4 %, 550 MiB, 16384 MiB, 52
2026/08/13 02:28:59.526, Tesla V100-PCIE-16GB, 57 %, 4 %, 550 MiB, 16384 MiB, 52
2026/08/13 02:29:09.527, Tesla V100-PCIE-16GB, 58 %, 4 %, 550 MiB, 16384 MiB, 52
2026/08/13 02:29:19.528, Tesla V100-PCIE-16GB, 58 %, 4 %, 550 MiB, 16384 MiB, 52
2026/08/13 02:29:29.529, Tesla V100-PCIE-16GB, 58 %, 4 %, 550 MiB, 16384 MiB, 52
2026/08/13 02:29:39.531, Tesla V100-PCIE-16GB, 59 %, 4 %, 550 MiB, 16384 MiB, 52
2026/08/13 02:29:49.532, Tesla V100-PCIE-16GB, 57 %, 4 %, 550 MiB, 16384 MiB, 52
2026/08/13 02:29:59.533, Tesla V100-PCIE-16GB, 59 %, 4 %, 550 MiB, 16384 MiB, 52
2026/08/13 02:30:09.534, Tesla V100-PCIE-16GB, 58 %, 4 %, 550 MiB, 16384 MiB, 52
2026/08/13 02:30:19.535, Tesla V100-PCIE-16GB, 58 %, 4 %, 550 MiB, 16384 MiB, 52
2026/08/13 02:30:29.536, Tesla V100-PCIE-16GB, 58 %, 4 %, 550 MiB, 16384 MiB, 52
2026/08/13 02:30:39.537, Tesla V100-PCIE-16GB, 59 %, 4 %, 550 MiB, 16384 MiB, 52
2026/08/13 02:30:49.539, Tesla V100-PCIE-16GB, 59 %, 4 %, 550 MiB, 16384 MiB, 52
2026/08/13 02:30:59.540, Tesla V100-PCIE-16GB, 58 %, 4 %, 550 MiB, 16384 MiB, 52
2026/08/13 02:31:09.541, Tesla V100-PCIE-16GB, 58 %, 4 %, 550 MiB, 16384 MiB, 52
2026/08/13 02:31:19.542, Tesla V100-PCIE-16GB, 58 %, 4 %, 550 MiB, 16384 MiB, 52
2026/08/13 02:31:29.543, Tesla V100-PCIE-16GB, 58 %, 4 %, 550 MiB, 16384 MiB, 52
2026/08/13 02:31:39.544, Tesla V100-PCIE-16GB, 58 %, 4 %, 550 MiB, 16384 MiB, 52
2026/08/13 02:31:49.545, Tesla V100-PCIE-16GB, 58 %, 4 %, 550 MiB, 16384 MiB, 52
2026/08/13 02:31:59.547, Tesla V100-PCIE-16GB, 57 %, 4 %, 550 MiB, 16384 MiB, 52
2026/08/13 02:32:09.548, Tesla V100-PCIE-16GB, 59 %, 4 %, 550 MiB, 16384 MiB, 52
2026/08/13 02:32:19.638, Tesla V100-PCIE-16GB, 57 %, 4 %, 550 MiB, 16384 MiB, 52
2026/08/13 02:32:29.640, Tesla V100-PCIE-16GB, 59 %, 4 %, 550 MiB, 16384 MiB, 52
2026/08/13 02:32:39.641, Tesla V100-PCIE-16GB, 58 %, 4 %, 550 MiB, 16384 MiB, 52
2026/08/13 02:32:49.642, Tesla V100-PCIE-16GB, 25 %, 5 %, 550 MiB, 16384 MiB, 52
2026/08/13 02:32:59.643, Tesla V100-PCIE-16GB, 58 %, 4 %, 550 MiB, 16384 MiB, 52
2026/08/13 02:33:09.644, Tesla V100-PCIE-16GB, 57 %, 4 %, 550 MiB, 16384 MiB, 52
2026/08/13 02:33:19.645, Tesla V100-PCIE-16GB, 59 %, 4 %, 550 MiB, 16384 MiB, 52
2026/08/13 02:33:29.647, Tesla V100-PCIE-16GB, 58 %, 4 %, 550 MiB, 16384 MiB, 52
2026/08/13 02:33:39.648, Tesla V100-PCIE-16GB, 58 %, 4 %, 550 MiB, 16384 MiB, 52
2026/08/13 02:33:49.649, Tesla V100-PCIE-16GB, 58 %, 4 %, 550 MiB, 16384 MiB, 52
2026/08/13 02:33:59.650, Tesla V100-PCIE-16GB, 58 %, 4 %, 550 MiB, 16384 MiB, 52
2026/08/13 02:34:09.652, Tesla V100-PCIE-16GB, 58 %, 4 %, 550 MiB, 16384 MiB, 52
2026/08/13 02:34:19.687, Tesla V100-PCIE-16GB, 60 %, 4 %, 550 MiB, 16384 MiB, 52
2026/08/13 02:34:29.688, Tesla V100-PCIE-16GB, 58 %, 4 %, 550 MiB, 16384 MiB, 52
2026/08/13 02:34:39.689, Tesla V100-PCIE-16GB, 57 %, 4 %, 550 MiB, 16384 MiB, 52
2026/08/13 02:34:49.690, Tesla V100-PCIE-16GB, 58 %, 4 %, 550 MiB, 16384 MiB, 52
2026/08/13 02:34:59.691, Tesla V100-PCIE-16GB, 58 %, 4 %, 550 MiB, 16384 MiB, 52
2026/08/13 02:35:09.693, Tesla V100-PCIE-16GB, 58 %, 4 %, 550 MiB, 16384 MiB, 52
2026/08/13 02:35:19.694, Tesla V100-PCIE-16GB, 59 %, 4 %, 550 MiB, 16384 MiB, 52
2026/08/13 02:35:29.695, Tesla V100-PCIE-16GB, 58 %, 4 %, 550 MiB, 16384 MiB, 52
2026/08/13 02:35:39.761, Tesla V100-PCIE-16GB, 57 %, 4 %, 550 MiB, 16384 MiB, 52
2026/08/13 02:35:49.762, Tesla V100-PCIE-16GB, 58 %, 4 %, 550 MiB, 16384 MiB, 52
2026/08/13 02:35:59.763, Tesla V100-PCIE-16GB, 57 %, 4 %, 550 MiB, 16384 MiB, 52
2026/08/13 02:36:09.765, Tesla V100-PCIE-16GB, 59 %, 4 %, 550 MiB, 16384 MiB, 52
2026/08/13 02:36:19.766, Tesla V100-PCIE-16GB, 56 %, 4 %, 550 MiB, 16384 MiB, 52
2026/08/13 02:36:29.767, Tesla V100-PCIE-16GB, 60 %, 4 %, 550 MiB, 16384 MiB, 52
2026/08/13 02:36:39.768, Tesla V100-PCIE-16GB, 58 %, 4 %, 550 MiB, 16384 MiB, 52
2026/08/13 02:36:49.769, Tesla V100-PCIE-16GB, 58 %, 4 %, 550 MiB, 16384 MiB, 52
2026/08/13 02:36:59.770, Tesla V100-PCIE-16GB, 58 %, 4 %, 550 MiB, 16384 MiB, 52
2026/08/13 02:37:09.771, Tesla V100-PCIE-16GB, 58 %, 4 %, 550 MiB, 16384 MiB, 52
2026/08/13 02:37:19.773, Tesla V100-PCIE-16GB, 58 %, 4 %, 550 MiB, 16384 MiB, 52
2026/08/13 02:37:29.774, Tesla V100-PCIE-16GB, 59 %, 4 %, 550 MiB, 16384 MiB, 52
2026/08/13 02:37:39.775, Tesla V100-PCIE-16GB, 59 %, 4 %, 550 MiB, 16384 MiB, 52
2026/08/13 02:37:49.776, Tesla V100-PCIE-16GB, 58 %, 4 %, 550 MiB, 16384 MiB, 52
2026/08/13 02:37:59.777, Tesla V100-PCIE-16GB, 57 %, 4 %, 550 MiB, 16384 MiB, 52
2026/08/13 02:38:09.778, Tesla V100-PCIE-16GB, 58 %, 4 %, 550 MiB, 16384 MiB, 52
2026/08/13 02:38:19.780, Tesla V100-PCIE-16GB, 59 %, 4 %, 550 MiB, 16384 MiB, 52
2026/08/13 02:38:29.781, Tesla V100-PCIE-16GB, 58 %, 4 %, 550 MiB, 16384 MiB, 52
2026/08/13 02:38:39.782, Tesla V100-PCIE-16GB, 24 %, 5 %, 550 MiB, 16384 MiB, 52
2026/08/13 02:38:49.783, Tesla V100-PCIE-16GB, 58 %, 4 %, 550 MiB, 16384 MiB, 52
2026/08/13 02:38:59.785, Tesla V100-PCIE-16GB, 58 %, 4 %, 550 MiB, 16384 MiB, 52
2026/08/13 02:39:09.786, Tesla V100-PCIE-16GB, 58 %, 4 %, 550 MiB, 16384 MiB, 52
2026/08/13 02:39:19.787, Tesla V100-PCIE-16GB, 58 %, 4 %, 550 MiB, 16384 MiB, 52
2026/08/13 02:39:29.788, Tesla V100-PCIE-16GB, 58 %, 4 %, 550 MiB, 16384 MiB, 52
2026/08/13 02:39:39.841, Tesla V100-PCIE-16GB, 58 %, 4 %, 550 MiB, 16384 MiB, 52
2026/08/13 02:39:49.842, Tesla V100-PCIE-16GB, 59 %, 4 %, 550 MiB, 16384 MiB, 52
2026/08/13 02:39:59.843, Tesla V100-PCIE-16GB, 58 %, 4 %, 550 MiB, 16384 MiB, 52
2026/08/13 02:40:09.845, Tesla V100-PCIE-16GB, 58 %, 4 %, 550 MiB, 16384 MiB, 52
2026/08/13 02:40:19.846, Tesla V100-PCIE-16GB, 58 %, 4 %, 550 MiB, 16384 MiB, 52
2026/08/13 02:40:29.848, Tesla V100-PCIE-16GB, 59 %, 4 %, 550 MiB, 16384 MiB, 52
2026/08/13 02:40:39.850, Tesla V100-PCIE-16GB, 58 %, 4 %, 550 MiB, 16384 MiB, 52
2026/08/13 02:40:49.851, Tesla V100-PCIE-16GB, 58 %, 4 %, 550 MiB, 16384 MiB, 52
2026/08/13 02:40:59.852, Tesla V100-PCIE-16GB, 58 %, 4 %, 550 MiB, 16384 MiB, 52
2026/08/13 02:41:09.853, Tesla V100-PCIE-16GB, 58 %, 4 %, 550 MiB, 16384 MiB, 52
2026/08/13 02:41:19.855, Tesla V100-PCIE-16GB, 58 %, 4 %, 550 MiB, 16384 MiB, 52
2026/08/13 02:41:29.856, Tesla V100-PCIE-16GB, 58 %, 4 %, 550 MiB, 16384 MiB, 52
2026/08/13 02:41:39.917, Tesla V100-PCIE-16GB, 58 %, 4 %, 550 MiB, 16384 MiB, 52
2026/08/13 02:41:49.918, Tesla V100-PCIE-16GB, 59 %, 4 %, 550 MiB, 16384 MiB, 52
2026/08/13 02:41:59.919, Tesla V100-PCIE-16GB, 58 %, 4 %, 550 MiB, 16384 MiB, 52
2026/08/13 02:42:09.920, Tesla V100-PCIE-16GB, 57 %, 4 %, 550 MiB, 16384 MiB, 52
2026/08/13 02:42:19.922, Tesla V100-PCIE-16GB, 59 %, 4 %, 550 MiB, 16384 MiB, 52
2026/08/13 02:42:29.923, Tesla V100-PCIE-16GB, 58 %, 4 %, 550 MiB, 16384 MiB, 52
2026/08/13 02:42:39.924, Tesla V100-PCIE-16GB, 58 %, 4 %, 550 MiB, 16384 MiB, 52
2026/08/13 02:42:49.926, Tesla V100-PCIE-16GB, 58 %, 4 %, 550 MiB, 16384 MiB, 52
2026/08/13 02:42:59.927, Tesla V100-PCIE-16GB, 58 %, 4 %, 550 MiB, 16384 MiB, 52
2026/08/13 02:43:09.928, Tesla V100-PCIE-16GB, 58 %, 4 %, 550 MiB, 16384 MiB, 52
2026/08/13 02:43:19.929, Tesla V100-PCIE-16GB, 58 %, 4 %, 550 MiB, 16384 MiB, 52
2026/08/13 02:43:29.930, Tesla V100-PCIE-16GB, 59 %, 4 %, 550 MiB, 16384 MiB, 52
2026/08/13 02:43:39.931, Tesla V100-PCIE-16GB, 58 %, 4 %, 550 MiB, 16384 MiB, 52
2026/08/13 02:43:49.932, Tesla V100-PCIE-16GB, 58 %, 4 %, 550 MiB, 16384 MiB, 52
2026/08/13 02:43:59.934, Tesla V100-PCIE-16GB, 58 %, 4 %, 550 MiB, 16384 MiB, 52
2026/08/13 02:44:09.936, Tesla V100-PCIE-16GB, 58 %, 4 %, 550 MiB, 16384 MiB, 52
2026/08/13 02:44:19.937, Tesla V100-PCIE-16GB, 58 %, 4 %, 550 MiB, 16384 MiB, 52
2026/08/13 02:44:29.938, Tesla V100-PCIE-16GB, 24 %, 5 %, 550 MiB, 16384 MiB, 52
2026/08/13 02:44:39.939, Tesla V100-PCIE-16GB, 57 %, 4 %, 550 MiB, 16384 MiB, 52
2026/08/13 02:44:49.940, Tesla V100-PCIE-16GB, 58 %, 4 %, 550 MiB, 16384 MiB, 52
2026/08/13 02:44:59.942, Tesla V100-PCIE-16GB, 58 %, 4 %, 550 MiB, 16384 MiB, 52
2026/08/13 02:45:09.943, Tesla V100-PCIE-16GB, 58 %, 4 %, 550 MiB, 16384 MiB, 52
2026/08/13 02:45:19.946, Tesla V100-PCIE-16GB, 58 %, 4 %, 550 MiB, 16384 MiB, 52
2026/08/13 02:45:29.947, Tesla V100-PCIE-16GB, 59 %, 4 %, 550 MiB, 16384 MiB, 52
2026/08/13 02:45:39.949, Tesla V100-PCIE-16GB, 58 %, 4 %, 550 MiB, 16384 MiB, 52
2026/08/13 02:45:49.950, Tesla V100-PCIE-16GB, 58 %, 4 %, 550 MiB, 16384 MiB, 52
2026/08/13 02:45:59.951, Tesla V100-PCIE-16GB, 59 %, 4 %, 550 MiB, 16384 MiB, 52
2026/08/13 02:46:09.952, Tesla V100-PCIE-16GB, 58 %, 4 %, 550 MiB, 16384 MiB, 52
2026/08/13 02:46:19.953, Tesla V100-PCIE-16GB, 59 %, 4 %, 550 MiB, 16384 MiB, 52
2026/08/13 02:46:29.954, Tesla V100-PCIE-16GB, 58 %, 4 %, 550 MiB, 16384 MiB, 52
2026/08/13 02:46:39.956, Tesla V100-PCIE-16GB, 58 %, 4 %, 550 MiB, 16384 MiB, 52
2026/08/13 02:46:49.957, Tesla V100-PCIE-16GB, 58 %, 4 %, 550 MiB, 16384 MiB, 52
2026/08/13 02:46:59.958, Tesla V100-PCIE-16GB, 58 %, 4 %, 550 MiB, 16384 MiB, 52
2026/08/13 02:47:09.959, Tesla V100-PCIE-16GB, 57 %, 4 %, 550 MiB, 16384 MiB, 52
2026/08/13 02:47:19.961, Tesla V100-PCIE-16GB, 57 %, 4 %, 550 MiB, 16384 MiB, 52
2026/08/13 02:47:29.962, Tesla V100-PCIE-16GB, 59 %, 4 %, 550 MiB, 16384 MiB, 52
2026/08/13 02:47:40.018, Tesla V100-PCIE-16GB, 56 %, 4 %, 550 MiB, 16384 MiB, 52
2026/08/13 02:47:50.019, Tesla V100-PCIE-16GB, 50 %, 3 %, 550 MiB, 16384 MiB, 52
2026/08/13 02:48:00.020, Tesla V100-PCIE-16GB, 58 %, 4 %, 550 MiB, 16384 MiB, 52
2026/08/13 02:48:10.021, Tesla V100-PCIE-16GB, 59 %, 4 %, 550 MiB, 16384 MiB, 52
2026/08/13 02:48:20.022, Tesla V100-PCIE-16GB, 57 %, 4 %, 550 MiB, 16384 MiB, 52
2026/08/13 02:48:30.024, Tesla V100-PCIE-16GB, 25 %, 5 %, 550 MiB, 16384 MiB, 52
2026/08/13 02:48:40.025, Tesla V100-PCIE-16GB, 59 %, 4 %, 550 MiB, 16384 MiB, 52
2026/08/13 02:48:50.026, Tesla V100-PCIE-16GB, 57 %, 4 %, 550 MiB, 16384 MiB, 52
2026/08/13 02:49:00.027, Tesla V100-PCIE-16GB, 58 %, 4 %, 550 MiB, 16384 MiB, 52
2026/08/13 02:49:10.028, Tesla V100-PCIE-16GB, 58 %, 4 %, 550 MiB, 16384 MiB, 52
2026/08/13 02:49:20.029, Tesla V100-PCIE-16GB, 58 %, 4 %, 550 MiB, 16384 MiB, 52
2026/08/13 02:49:30.030, Tesla V100-PCIE-16GB, 58 %, 4 %, 550 MiB, 16384 MiB, 52
2026/08/13 02:49:40.090, Tesla V100-PCIE-16GB, 58 %, 4 %, 550 MiB, 16384 MiB, 52
2026/08/13 02:49:50.091, Tesla V100-PCIE-16GB, 58 %, 4 %, 550 MiB, 16384 MiB, 52
2026/08/13 02:50:00.092, Tesla V100-PCIE-16GB, 59 %, 4 %, 550 MiB, 16384 MiB, 52
2026/08/13 02:50:10.093, Tesla V100-PCIE-16GB, 58 %, 4 %, 550 MiB, 16384 MiB, 52
2026/08/13 02:50:20.094, Tesla V100-PCIE-16GB, 59 %, 4 %, 550 MiB, 16384 MiB, 52
2026/08/13 02:50:30.095, Tesla V100-PCIE-16GB, 58 %, 4 %, 550 MiB, 16384 MiB, 52
2026/08/13 02:50:40.097, Tesla V100-PCIE-16GB, 58 %, 4 %, 550 MiB, 16384 MiB, 52
2026/08/13 02:50:50.098, Tesla V100-PCIE-16GB, 57 %, 4 %, 550 MiB, 16384 MiB, 52
2026/08/13 02:51:00.099, Tesla V100-PCIE-16GB, 58 %, 4 %, 550 MiB, 16384 MiB, 52
2026/08/13 02:51:10.100, Tesla V100-PCIE-16GB, 59 %, 4 %, 550 MiB, 16384 MiB, 52
2026/08/13 02:51:20.101, Tesla V100-PCIE-16GB, 58 %, 4 %, 550 MiB, 16384 MiB, 52
2026/08/13 02:51:30.102, Tesla V100-PCIE-16GB, 59 %, 4 %, 550 MiB, 16384 MiB, 52
2026/08/13 02:51:40.103, Tesla V100-PCIE-16GB, 58 %, 4 %, 550 MiB, 16384 MiB, 52
2026/08/13 02:51:50.105, Tesla V100-PCIE-16GB, 58 %, 4 %, 550 MiB, 16384 MiB, 52
2026/08/13 02:52:00.106, Tesla V100-PCIE-16GB, 58 %, 4 %, 550 MiB, 16384 MiB, 52
2026/08/13 02:52:10.107, Tesla V100-PCIE-16GB, 59 %, 4 %, 550 MiB, 16384 MiB, 52
2026/08/13 02:52:20.108, Tesla V100-PCIE-16GB, 57 %, 4 %, 550 MiB, 16384 MiB, 52
2026/08/13 02:52:30.175, Tesla V100-PCIE-16GB, 58 %, 4 %, 550 MiB, 16384 MiB, 52
2026/08/13 02:52:40.176, Tesla V100-PCIE-16GB, 58 %, 4 %, 550 MiB, 16384 MiB, 52
2026/08/13 02:52:50.177, Tesla V100-PCIE-16GB, 58 %, 4 %, 550 MiB, 16384 MiB, 52
2026/08/13 02:53:00.179, Tesla V100-PCIE-16GB, 58 %, 4 %, 550 MiB, 16384 MiB, 52
2026/08/13 02:53:10.180, Tesla V100-PCIE-16GB, 58 %, 4 %, 550 MiB, 16384 MiB, 52
2026/08/13 02:53:20.181, Tesla V100-PCIE-16GB, 58 %, 4 %, 550 MiB, 16384 MiB, 52
2026/08/13 02:53:30.182, Tesla V100-PCIE-16GB, 58 %, 4 %, 550 MiB, 16384 MiB, 52
2026/08/13 02:53:40.183, Tesla V100-PCIE-16GB, 43 %, 3 %, 550 MiB, 16384 MiB, 52
2026/08/13 02:53:50.184, Tesla V100-PCIE-16GB, 58 %, 4 %, 550 MiB, 16384 MiB, 51
2026/08/13 02:54:00.186, Tesla V100-PCIE-16GB, 59 %, 4 %, 550 MiB, 16384 MiB, 52
2026/08/13 02:54:10.187, Tesla V100-PCIE-16GB, 57 %, 4 %, 550 MiB, 16384 MiB, 52
2026/08/13 02:54:20.188, Tesla V100-PCIE-16GB, 23 %, 4 %, 550 MiB, 16384 MiB, 52
2026/08/13 02:54:30.189, Tesla V100-PCIE-16GB, 58 %, 4 %, 550 MiB, 16384 MiB, 52
2026/08/13 02:54:40.190, Tesla V100-PCIE-16GB, 58 %, 4 %, 550 MiB, 16384 MiB, 52
2026/08/13 02:54:50.192, Tesla V100-PCIE-16GB, 58 %, 4 %, 550 MiB, 16384 MiB, 52
2026/08/13 02:55:00.193, Tesla V100-PCIE-16GB, 58 %, 4 %, 550 MiB, 16384 MiB, 52
2026/08/13 02:55:10.194, Tesla V100-PCIE-16GB, 58 %, 4 %, 550 MiB, 16384 MiB, 52
2026/08/13 02:55:20.195, Tesla V100-PCIE-16GB, 58 %, 4 %, 550 MiB, 16384 MiB, 52
2026/08/13 02:55:30.196, Tesla V100-PCIE-16GB, 58 %, 4 %, 550 MiB, 16384 MiB, 52
2026/08/13 02:55:40.197, Tesla V100-PCIE-16GB, 58 %, 4 %, 550 MiB, 16384 MiB, 52
2026/08/13 02:55:50.199, Tesla V100-PCIE-16GB, 60 %, 4 %, 550 MiB, 16384 MiB, 52
2026/08/13 02:56:00.200, Tesla V100-PCIE-16GB, 58 %, 4 %, 550 MiB, 16384 MiB, 52
2026/08/13 02:56:10.201, Tesla V100-PCIE-16GB, 42 %, 4 %, 550 MiB, 16384 MiB, 52
2026/08/13 02:56:20.202, Tesla V100-PCIE-16GB, 58 %, 4 %, 550 MiB, 16384 MiB, 52
2026/08/13 02:56:30.204, Tesla V100-PCIE-16GB, 57 %, 4 %, 550 MiB, 16384 MiB, 52
2026/08/13 02:56:40.205, Tesla V100-PCIE-16GB, 59 %, 4 %, 550 MiB, 16384 MiB, 52
2026/08/13 02:56:50.206, Tesla V100-PCIE-16GB, 58 %, 4 %, 550 MiB, 16384 MiB, 52
2026/08/13 02:57:00.207, Tesla V100-PCIE-16GB, 58 %, 4 %, 550 MiB, 16384 MiB, 52
2026/08/13 02:57:10.208, Tesla V100-PCIE-16GB, 58 %, 4 %, 550 MiB, 16384 MiB, 52
2026/08/13 02:57:20.210, Tesla V100-PCIE-16GB, 59 %, 4 %, 550 MiB, 16384 MiB, 52
2026/08/13 02:57:30.211, Tesla V100-PCIE-16GB, 58 %, 4 %, 550 MiB, 16384 MiB, 52
2026/08/13 02:57:40.212, Tesla V100-PCIE-16GB, 59 %, 4 %, 550 MiB, 16384 MiB, 52
2026/08/13 02:57:50.213, Tesla V100-PCIE-16GB, 58 %, 4 %, 550 MiB, 16384 MiB, 52
2026/08/13 02:58:00.214, Tesla V100-PCIE-16GB, 58 %, 4 %, 550 MiB, 16384 MiB, 52
2026/08/13 02:58:10.216, Tesla V100-PCIE-16GB, 58 %, 4 %, 550 MiB, 16384 MiB, 52
2026/08/13 02:58:20.217, Tesla V100-PCIE-16GB, 58 %, 4 %, 550 MiB, 16384 MiB, 52
2026/08/13 02:58:30.283, Tesla V100-PCIE-16GB, 58 %, 4 %, 550 MiB, 16384 MiB, 52
2026/08/13 02:58:40.284, Tesla V100-PCIE-16GB, 58 %, 4 %, 550 MiB, 16384 MiB, 52
2026/08/13 02:58:50.285, Tesla V100-PCIE-16GB, 58 %, 4 %, 550 MiB, 16384 MiB, 52
2026/08/13 02:59:00.286, Tesla V100-PCIE-16GB, 58 %, 4 %, 550 MiB, 16384 MiB, 52
2026/08/13 02:59:10.288, Tesla V100-PCIE-16GB, 59 %, 4 %, 550 MiB, 16384 MiB, 52
2026/08/13 02:59:20.289, Tesla V100-PCIE-16GB, 58 %, 4 %, 550 MiB, 16384 MiB, 52
2026/08/13 02:59:30.290, Tesla V100-PCIE-16GB, 56 %, 4 %, 550 MiB, 16384 MiB, 52
2026/08/13 02:59:40.291, Tesla V100-PCIE-16GB, 58 %, 4 %, 550 MiB, 16384 MiB, 52
2026/08/13 02:59:50.292, Tesla V100-PCIE-16GB, 60 %, 4 %, 550 MiB, 16384 MiB, 52
2026/08/13 03:00:00.294, Tesla V100-PCIE-16GB, 59 %, 4 %, 550 MiB, 16384 MiB, 52
2026/08/13 03:00:10.295, Tesla V100-PCIE-16GB, 25 %, 5 %, 550 MiB, 16384 MiB, 52
2026/08/13 03:00:20.296, Tesla V100-PCIE-16GB, 58 %, 4 %, 550 MiB, 16384 MiB, 52
2026/08/13 03:00:30.337, Tesla V100-PCIE-16GB, 57 %, 4 %, 550 MiB, 16384 MiB, 52
2026/08/13 03:00:40.338, Tesla V100-PCIE-16GB, 58 %, 4 %, 550 MiB, 16384 MiB, 52
2026/08/13 03:00:50.339, Tesla V100-PCIE-16GB, 58 %, 4 %, 550 MiB, 16384 MiB, 52
2026/08/13 03:01:00.341, Tesla V100-PCIE-16GB, 58 %, 4 %, 550 MiB, 16384 MiB, 52
2026/08/13 03:01:10.342, Tesla V100-PCIE-16GB, 58 %, 4 %, 550 MiB, 16384 MiB, 52
2026/08/13 03:01:20.344, Tesla V100-PCIE-16GB, 59 %, 4 %, 550 MiB, 16384 MiB, 52
2026/08/13 03:01:30.345, Tesla V100-PCIE-16GB, 58 %, 4 %, 550 MiB, 16384 MiB, 52
2026/08/13 03:01:40.346, Tesla V100-PCIE-16GB, 59 %, 4 %, 550 MiB, 16384 MiB, 52
2026/08/13 03:01:50.347, Tesla V100-PCIE-16GB, 58 %, 4 %, 550 MiB, 16384 MiB, 52
2026/08/13 03:02:00.348, Tesla V100-PCIE-16GB, 60 %, 4 %, 550 MiB, 16384 MiB, 52
2026/08/13 03:02:10.349, Tesla V100-PCIE-16GB, 58 %, 4 %, 550 MiB, 16384 MiB, 52
2026/08/13 03:02:20.350, Tesla V100-PCIE-16GB, 58 %, 4 %, 550 MiB, 16384 MiB, 52
2026/08/13 03:02:30.352, Tesla V100-PCIE-16GB, 57 %, 4 %, 550 MiB, 16384 MiB, 52
2026/08/13 03:02:40.353, Tesla V100-PCIE-16GB, 58 %, 4 %, 550 MiB, 16384 MiB, 52
2026/08/13 03:02:50.354, Tesla V100-PCIE-16GB, 59 %, 4 %, 550 MiB, 16384 MiB, 52
2026/08/13 03:03:00.355, Tesla V100-PCIE-16GB, 55 %, 4 %, 550 MiB, 16384 MiB, 52
2026/08/13 03:03:10.356, Tesla V100-PCIE-16GB, 59 %, 4 %, 550 MiB, 16384 MiB, 52
2026/08/13 03:03:20.357, Tesla V100-PCIE-16GB, 59 %, 4 %, 550 MiB, 16384 MiB, 52
2026/08/13 03:03:30.358, Tesla V100-PCIE-16GB, 60 %, 4 %, 550 MiB, 16384 MiB, 52
2026/08/13 03:03:40.360, Tesla V100-PCIE-16GB, 58 %, 4 %, 550 MiB, 16384 MiB, 52
2026/08/13 03:03:50.361, Tesla V100-PCIE-16GB, 60 %, 4 %, 550 MiB, 16384 MiB, 52
2026/08/13 03:04:00.362, Tesla V100-PCIE-16GB, 58 %, 4 %, 550 MiB, 16384 MiB, 52
2026/08/13 03:04:10.363, Tesla V100-PCIE-16GB, 24 %, 5 %, 550 MiB, 16384 MiB, 52
2026/08/13 03:04:20.364, Tesla V100-PCIE-16GB, 58 %, 4 %, 550 MiB, 16384 MiB, 52
2026/08/13 03:04:30.447, Tesla V100-PCIE-16GB, 58 %, 4 %, 550 MiB, 16384 MiB, 52
2026/08/13 03:04:40.448, Tesla V100-PCIE-16GB, 59 %, 4 %, 550 MiB, 16384 MiB, 52
2026/08/13 03:04:50.449, Tesla V100-PCIE-16GB, 58 %, 4 %, 550 MiB, 16384 MiB, 52
2026/08/13 03:05:00.451, Tesla V100-PCIE-16GB, 59 %, 28 %, 610 MiB, 16384 MiB, 54
2026/08/13 03:05:10.452, Tesla V100-PCIE-16GB, 41 %, 19 %, 610 MiB, 16384 MiB, 55
2026/08/13 03:05:20.453, Tesla V100-PCIE-16GB, 74 %, 2 %, 786 MiB, 16384 MiB, 53
2026/08/13 03:05:30.454, Tesla V100-PCIE-16GB, 69 %, 2 %, 786 MiB, 16384 MiB, 52
2026/08/13 03:05:40.455, Tesla V100-PCIE-16GB, 74 %, 2 %, 786 MiB, 16384 MiB, 52
2026/08/13 03:05:50.456, Tesla V100-PCIE-16GB, 69 %, 2 %, 856 MiB, 16384 MiB, 52
2026/08/13 03:06:00.458, Tesla V100-PCIE-16GB, 72 %, 2 %, 856 MiB, 16384 MiB, 51
2026/08/13 03:06:10.459, Tesla V100-PCIE-16GB, 69 %, 2 %, 856 MiB, 16384 MiB, 51
2026/08/13 03:06:20.460, Tesla V100-PCIE-16GB, 70 %, 2 %, 856 MiB, 16384 MiB, 51
2026/08/13 03:06:30.553, Tesla V100-PCIE-16GB, 70 %, 2 %, 856 MiB, 16384 MiB, 51
2026/08/13 03:06:40.555, Tesla V100-PCIE-16GB, 69 %, 2 %, 856 MiB, 16384 MiB, 51
2026/08/13 03:06:50.556, Tesla V100-PCIE-16GB, 0 %, 0 %, 853 MiB, 16384 MiB, 51
2026/08/13 03:07:00.557, Tesla V100-PCIE-16GB, 55 %, 22 %, 1230 MiB, 16384 MiB, 52
2026/08/13 03:07:10.558, Tesla V100-PCIE-16GB, 49 %, 18 %, 1270 MiB, 16384 MiB, 54
2026/08/13 03:07:20.559, Tesla V100-PCIE-16GB, 54 %, 21 %, 1272 MiB, 16384 MiB, 55
2026/08/13 03:07:30.560, Tesla V100-PCIE-16GB, 53 %, 20 %, 1272 MiB, 16384 MiB, 56
2026/08/13 03:07:40.562, Tesla V100-PCIE-16GB, 41 %, 16 %, 1272 MiB, 16384 MiB, 56
2026/08/13 03:07:50.563, Tesla V100-PCIE-16GB, 51 %, 19 %, 1272 MiB, 16384 MiB, 56
2026/08/13 03:08:00.564, Tesla V100-PCIE-16GB, 31 %, 12 %, 1272 MiB, 16384 MiB, 57
2026/08/13 03:08:10.565, Tesla V100-PCIE-16GB, 0 %, 0 %, 0 MiB, 16384 MiB, 55
2026/08/13 03:08:20.567, Tesla V100-PCIE-16GB, 51 %, 7 %, 638 MiB, 16384 MiB, 54
2026/08/13 03:08:30.604, Tesla V100-PCIE-16GB, 65 %, 8 %, 638 MiB, 16384 MiB, 55
2026/08/13 03:08:40.605, Tesla V100-PCIE-16GB, 69 %, 9 %, 638 MiB, 16384 MiB, 55
2026/08/13 03:08:50.606, Tesla V100-PCIE-16GB, 68 %, 9 %, 638 MiB, 16384 MiB, 55
2026/08/13 03:09:00.607, Tesla V100-PCIE-16GB, 68 %, 9 %, 638 MiB, 16384 MiB, 55
2026/08/13 03:09:10.609, Tesla V100-PCIE-16GB, 68 %, 9 %, 646 MiB, 16384 MiB, 55
2026/08/13 03:09:20.610, Tesla V100-PCIE-16GB, 69 %, 9 %, 646 MiB, 16384 MiB, 55
2026/08/13 03:09:30.611, Tesla V100-PCIE-16GB, 69 %, 9 %, 646 MiB, 16384 MiB, 55
2026/08/13 03:09:40.612, Tesla V100-PCIE-16GB, 69 %, 9 %, 646 MiB, 16384 MiB, 55
2026/08/13 03:09:50.613, Tesla V100-PCIE-16GB, 50 %, 15 %, 646 MiB, 16384 MiB, 56
2026/08/13 03:10:00.615, Tesla V100-PCIE-16GB, 69 %, 9 %, 646 MiB, 16384 MiB, 56
2026/08/13 03:10:10.616, Tesla V100-PCIE-16GB, 68 %, 8 %, 646 MiB, 16384 MiB, 56
2026/08/13 03:10:20.617, Tesla V100-PCIE-16GB, 69 %, 9 %, 646 MiB, 16384 MiB, 55
2026/08/13 03:10:30.700, Tesla V100-PCIE-16GB, 68 %, 9 %, 646 MiB, 16384 MiB, 56
2026/08/13 03:10:40.702, Tesla V100-PCIE-16GB, 69 %, 9 %, 646 MiB, 16384 MiB, 56
2026/08/13 03:10:50.703, Tesla V100-PCIE-16GB, 69 %, 9 %, 646 MiB, 16384 MiB, 56
2026/08/13 03:11:00.704, Tesla V100-PCIE-16GB, 69 %, 9 %, 646 MiB, 16384 MiB, 56
2026/08/13 03:11:10.705, Tesla V100-PCIE-16GB, 68 %, 9 %, 646 MiB, 16384 MiB, 56
2026/08/13 03:11:20.706, Tesla V100-PCIE-16GB, 68 %, 9 %, 646 MiB, 16384 MiB, 56
2026/08/13 03:11:30.707, Tesla V100-PCIE-16GB, 70 %, 9 %, 646 MiB, 16384 MiB, 56
2026/08/13 03:11:40.709, Tesla V100-PCIE-16GB, 69 %, 9 %, 646 MiB, 16384 MiB, 56
2026/08/13 03:11:50.710, Tesla V100-PCIE-16GB, 70 %, 9 %, 646 MiB, 16384 MiB, 56
2026/08/13 03:12:00.711, Tesla V100-PCIE-16GB, 69 %, 9 %, 646 MiB, 16384 MiB, 56
2026/08/13 03:12:10.712, Tesla V100-PCIE-16GB, 68 %, 9 %, 646 MiB, 16384 MiB, 56
2026/08/13 03:12:20.713, Tesla V100-PCIE-16GB, 69 %, 9 %, 646 MiB, 16384 MiB, 56
2026/08/13 03:12:30.761, Tesla V100-PCIE-16GB, 69 %, 9 %, 646 MiB, 16384 MiB, 56
2026/08/13 03:12:40.762, Tesla V100-PCIE-16GB, 69 %, 9 %, 646 MiB, 16384 MiB, 56
2026/08/13 03:12:50.763, Tesla V100-PCIE-16GB, 68 %, 9 %, 646 MiB, 16384 MiB, 56
2026/08/13 03:13:00.764, Tesla V100-PCIE-16GB, 69 %, 9 %, 646 MiB, 16384 MiB, 56
2026/08/13 03:13:10.765, Tesla V100-PCIE-16GB, 68 %, 9 %, 646 MiB, 16384 MiB, 56
2026/08/13 03:13:20.767, Tesla V100-PCIE-16GB, 68 %, 9 %, 646 MiB, 16384 MiB, 56
2026/08/13 03:13:30.768, Tesla V100-PCIE-16GB, 68 %, 9 %, 646 MiB, 16384 MiB, 56
2026/08/13 03:13:40.769, Tesla V100-PCIE-16GB, 69 %, 9 %, 646 MiB, 16384 MiB, 56
2026/08/13 03:13:50.771, Tesla V100-PCIE-16GB, 69 %, 9 %, 646 MiB, 16384 MiB, 56
2026/08/13 03:14:00.772, Tesla V100-PCIE-16GB, 65 %, 8 %, 646 MiB, 16384 MiB, 56
2026/08/13 03:14:10.773, Tesla V100-PCIE-16GB, 68 %, 8 %, 646 MiB, 16384 MiB, 56
2026/08/13 03:14:20.774, Tesla V100-PCIE-16GB, 69 %, 9 %, 646 MiB, 16384 MiB, 56
2026/08/13 03:14:30.775, Tesla V100-PCIE-16GB, 70 %, 9 %, 646 MiB, 16384 MiB, 56
2026/08/13 03:14:40.780, Tesla V100-PCIE-16GB, 68 %, 9 %, 646 MiB, 16384 MiB, 56
2026/08/13 03:14:50.781, Tesla V100-PCIE-16GB, 69 %, 9 %, 646 MiB, 16384 MiB, 56
2026/08/13 03:15:00.782, Tesla V100-PCIE-16GB, 69 %, 9 %, 646 MiB, 16384 MiB, 56
2026/08/13 03:15:10.783, Tesla V100-PCIE-16GB, 68 %, 9 %, 646 MiB, 16384 MiB, 56
2026/08/13 03:15:20.785, Tesla V100-PCIE-16GB, 69 %, 9 %, 646 MiB, 16384 MiB, 56
2026/08/13 03:15:30.786, Tesla V100-PCIE-16GB, 70 %, 9 %, 646 MiB, 16384 MiB, 56
2026/08/13 03:15:40.787, Tesla V100-PCIE-16GB, 69 %, 9 %, 646 MiB, 16384 MiB, 56
2026/08/13 03:15:50.853, Tesla V100-PCIE-16GB, 68 %, 9 %, 646 MiB, 16384 MiB, 56
2026/08/13 03:16:00.854, Tesla V100-PCIE-16GB, 70 %, 9 %, 646 MiB, 16384 MiB, 56
2026/08/13 03:16:10.855, Tesla V100-PCIE-16GB, 68 %, 9 %, 646 MiB, 16384 MiB, 56
2026/08/13 03:16:20.856, Tesla V100-PCIE-16GB, 69 %, 9 %, 646 MiB, 16384 MiB, 56
2026/08/13 03:16:30.904, Tesla V100-PCIE-16GB, 68 %, 9 %, 646 MiB, 16384 MiB, 56
2026/08/13 03:16:40.905, Tesla V100-PCIE-16GB, 67 %, 9 %, 646 MiB, 16384 MiB, 55
2026/08/13 03:16:50.906, Tesla V100-PCIE-16GB, 70 %, 9 %, 646 MiB, 16384 MiB, 56
2026/08/13 03:17:00.907, Tesla V100-PCIE-16GB, 69 %, 9 %, 646 MiB, 16384 MiB, 56
2026/08/13 03:17:10.908, Tesla V100-PCIE-16GB, 67 %, 8 %, 646 MiB, 16384 MiB, 55
2026/08/13 03:17:20.909, Tesla V100-PCIE-16GB, 68 %, 9 %, 646 MiB, 16384 MiB, 55
2026/08/13 03:17:30.911, Tesla V100-PCIE-16GB, 69 %, 9 %, 646 MiB, 16384 MiB, 56
2026/08/13 03:17:40.912, Tesla V100-PCIE-16GB, 69 %, 9 %, 646 MiB, 16384 MiB, 56
2026/08/13 03:17:50.987, Tesla V100-PCIE-16GB, 69 %, 9 %, 646 MiB, 16384 MiB, 55
2026/08/13 03:18:00.988, Tesla V100-PCIE-16GB, 69 %, 9 %, 646 MiB, 16384 MiB, 55
2026/08/13 03:18:10.989, Tesla V100-PCIE-16GB, 69 %, 9 %, 646 MiB, 16384 MiB, 55
2026/08/13 03:18:20.990, Tesla V100-PCIE-16GB, 69 %, 9 %, 646 MiB, 16384 MiB, 56
2026/08/13 03:18:30.991, Tesla V100-PCIE-16GB, 68 %, 9 %, 646 MiB, 16384 MiB, 56
2026/08/13 03:18:40.993, Tesla V100-PCIE-16GB, 69 %, 9 %, 646 MiB, 16384 MiB, 55
2026/08/13 03:18:50.994, Tesla V100-PCIE-16GB, 68 %, 9 %, 646 MiB, 16384 MiB, 56
2026/08/13 03:19:00.995, Tesla V100-PCIE-16GB, 50 %, 15 %, 646 MiB, 16384 MiB, 55
2026/08/13 03:19:10.996, Tesla V100-PCIE-16GB, 70 %, 9 %, 646 MiB, 16384 MiB, 55
2026/08/13 03:19:20.997, Tesla V100-PCIE-16GB, 69 %, 9 %, 646 MiB, 16384 MiB, 55
2026/08/13 03:19:30.999, Tesla V100-PCIE-16GB, 68 %, 9 %, 646 MiB, 16384 MiB, 56
2026/08/13 03:19:41.000, Tesla V100-PCIE-16GB, 69 %, 9 %, 646 MiB, 16384 MiB, 55
2026/08/13 03:19:51.057, Tesla V100-PCIE-16GB, 69 %, 9 %, 646 MiB, 16384 MiB, 55
2026/08/13 03:20:01.058, Tesla V100-PCIE-16GB, 70 %, 9 %, 646 MiB, 16384 MiB, 55
2026/08/13 03:20:11.059, Tesla V100-PCIE-16GB, 66 %, 8 %, 646 MiB, 16384 MiB, 55
2026/08/13 03:20:21.060, Tesla V100-PCIE-16GB, 69 %, 9 %, 646 MiB, 16384 MiB, 55
2026/08/13 03:20:31.061, Tesla V100-PCIE-16GB, 69 %, 9 %, 646 MiB, 16384 MiB, 55
2026/08/13 03:20:41.062, Tesla V100-PCIE-16GB, 68 %, 9 %, 646 MiB, 16384 MiB, 55
2026/08/13 03:20:51.063, Tesla V100-PCIE-16GB, 69 %, 9 %, 646 MiB, 16384 MiB, 55
2026/08/13 03:21:01.065, Tesla V100-PCIE-16GB, 69 %, 9 %, 646 MiB, 16384 MiB, 55
2026/08/13 03:21:11.066, Tesla V100-PCIE-16GB, 68 %, 9 %, 646 MiB, 16384 MiB, 55
2026/08/13 03:21:21.067, Tesla V100-PCIE-16GB, 70 %, 9 %, 646 MiB, 16384 MiB, 55
2026/08/13 03:21:31.068, Tesla V100-PCIE-16GB, 69 %, 9 %, 646 MiB, 16384 MiB, 55
2026/08/13 03:21:41.069, Tesla V100-PCIE-16GB, 68 %, 9 %, 646 MiB, 16384 MiB, 55
2026/08/13 03:21:51.166, Tesla V100-PCIE-16GB, 69 %, 9 %, 646 MiB, 16384 MiB, 55
2026/08/13 03:22:01.167, Tesla V100-PCIE-16GB, 68 %, 9 %, 646 MiB, 16384 MiB, 55
2026/08/13 03:22:11.168, Tesla V100-PCIE-16GB, 42 %, 24 %, 646 MiB, 16384 MiB, 55
2026/08/13 03:22:21.169, Tesla V100-PCIE-16GB, 40 %, 16 %, 1270 MiB, 16384 MiB, 56
2026/08/13 03:22:31.170, Tesla V100-PCIE-16GB, 54 %, 22 %, 1270 MiB, 16384 MiB, 56
2026/08/13 03:22:41.171, Tesla V100-PCIE-16GB, 50 %, 18 %, 1270 MiB, 16384 MiB, 56
2026/08/13 03:22:51.172, Tesla V100-PCIE-16GB, 57 %, 22 %, 1270 MiB, 16384 MiB, 57
2026/08/13 03:23:01.174, Tesla V100-PCIE-16GB, 57 %, 23 %, 1270 MiB, 16384 MiB, 57
2026/08/13 03:23:11.175, Tesla V100-PCIE-16GB, 0 %, 0 %, 0 MiB, 16384 MiB, 54
2026/08/13 03:23:21.176, Tesla V100-PCIE-16GB, 71 %, 9 %, 638 MiB, 16384 MiB, 55
2026/08/13 03:23:31.177, Tesla V100-PCIE-16GB, 69 %, 9 %, 638 MiB, 16384 MiB, 55
2026/08/13 03:23:41.178, Tesla V100-PCIE-16GB, 69 %, 9 %, 638 MiB, 16384 MiB, 55
2026/08/13 03:23:51.203, Tesla V100-PCIE-16GB, 68 %, 9 %, 638 MiB, 16384 MiB, 55
2026/08/13 03:24:01.204, Tesla V100-PCIE-16GB, 68 %, 9 %, 638 MiB, 16384 MiB, 55
2026/08/13 03:24:11.205, Tesla V100-PCIE-16GB, 68 %, 9 %, 646 MiB, 16384 MiB, 55
2026/08/13 03:24:21.206, Tesla V100-PCIE-16GB, 69 %, 9 %, 646 MiB, 16384 MiB, 55
2026/08/13 03:24:31.207, Tesla V100-PCIE-16GB, 68 %, 9 %, 646 MiB, 16384 MiB, 55
2026/08/13 03:24:41.208, Tesla V100-PCIE-16GB, 69 %, 9 %, 646 MiB, 16384 MiB, 55
2026/08/13 03:24:51.210, Tesla V100-PCIE-16GB, 70 %, 9 %, 646 MiB, 16384 MiB, 55
2026/08/13 03:25:01.211, Tesla V100-PCIE-16GB, 70 %, 9 %, 646 MiB, 16384 MiB, 55
2026/08/13 03:25:11.212, Tesla V100-PCIE-16GB, 69 %, 9 %, 646 MiB, 16384 MiB, 55
2026/08/13 03:25:21.213, Tesla V100-PCIE-16GB, 68 %, 8 %, 646 MiB, 16384 MiB, 55
2026/08/13 03:25:31.214, Tesla V100-PCIE-16GB, 68 %, 9 %, 646 MiB, 16384 MiB, 55
2026/08/13 03:25:41.215, Tesla V100-PCIE-16GB, 66 %, 8 %, 646 MiB, 16384 MiB, 55
2026/08/13 03:25:51.230, Tesla V100-PCIE-16GB, 69 %, 9 %, 646 MiB, 16384 MiB, 55
2026/08/13 03:26:01.238, Tesla V100-PCIE-16GB, 67 %, 9 %, 646 MiB, 16384 MiB, 55
2026/08/13 03:26:11.239, Tesla V100-PCIE-16GB, 69 %, 9 %, 646 MiB, 16384 MiB, 55
2026/08/13 03:26:21.240, Tesla V100-PCIE-16GB, 69 %, 9 %, 646 MiB, 16384 MiB, 55
2026/08/13 03:26:31.241, Tesla V100-PCIE-16GB, 68 %, 9 %, 646 MiB, 16384 MiB, 55
2026/08/13 03:26:41.242, Tesla V100-PCIE-16GB, 69 %, 9 %, 646 MiB, 16384 MiB, 55
2026/08/13 03:26:51.243, Tesla V100-PCIE-16GB, 69 %, 9 %, 646 MiB, 16384 MiB, 55
2026/08/13 03:27:01.245, Tesla V100-PCIE-16GB, 68 %, 9 %, 646 MiB, 16384 MiB, 55
2026/08/13 03:27:11.327, Tesla V100-PCIE-16GB, 67 %, 9 %, 646 MiB, 16384 MiB, 55
2026/08/13 03:27:21.329, Tesla V100-PCIE-16GB, 68 %, 9 %, 646 MiB, 16384 MiB, 55
2026/08/13 03:27:31.330, Tesla V100-PCIE-16GB, 67 %, 8 %, 646 MiB, 16384 MiB, 55
2026/08/13 03:27:41.331, Tesla V100-PCIE-16GB, 65 %, 8 %, 646 MiB, 16384 MiB, 55
2026/08/13 03:27:51.332, Tesla V100-PCIE-16GB, 45 %, 12 %, 646 MiB, 16384 MiB, 56
2026/08/13 03:28:01.333, Tesla V100-PCIE-16GB, 68 %, 8 %, 646 MiB, 16384 MiB, 55
2026/08/13 03:28:11.335, Tesla V100-PCIE-16GB, 69 %, 9 %, 646 MiB, 16384 MiB, 55
2026/08/13 03:28:21.336, Tesla V100-PCIE-16GB, 68 %, 9 %, 646 MiB, 16384 MiB, 55
2026/08/13 03:28:31.337, Tesla V100-PCIE-16GB, 68 %, 8 %, 646 MiB, 16384 MiB, 55
2026/08/13 03:28:41.338, Tesla V100-PCIE-16GB, 67 %, 8 %, 646 MiB, 16384 MiB, 55
2026/08/13 03:28:51.339, Tesla V100-PCIE-16GB, 68 %, 9 %, 646 MiB, 16384 MiB, 55
2026/08/13 03:29:01.340, Tesla V100-PCIE-16GB, 68 %, 9 %, 646 MiB, 16384 MiB, 55
2026/08/13 03:29:11.401, Tesla V100-PCIE-16GB, 68 %, 8 %, 646 MiB, 16384 MiB, 55
2026/08/13 03:29:21.402, Tesla V100-PCIE-16GB, 69 %, 9 %, 646 MiB, 16384 MiB, 55
2026/08/13 03:29:31.403, Tesla V100-PCIE-16GB, 69 %, 9 %, 646 MiB, 16384 MiB, 55
2026/08/13 03:29:41.404, Tesla V100-PCIE-16GB, 67 %, 9 %, 646 MiB, 16384 MiB, 55
2026/08/13 03:29:51.405, Tesla V100-PCIE-16GB, 68 %, 8 %, 646 MiB, 16384 MiB, 55
2026/08/13 03:30:01.406, Tesla V100-PCIE-16GB, 68 %, 8 %, 646 MiB, 16384 MiB, 55
2026/08/13 03:30:11.408, Tesla V100-PCIE-16GB, 68 %, 8 %, 646 MiB, 16384 MiB, 55
2026/08/13 03:30:21.409, Tesla V100-PCIE-16GB, 68 %, 8 %, 646 MiB, 16384 MiB, 55
2026/08/13 03:30:31.410, Tesla V100-PCIE-16GB, 68 %, 9 %, 646 MiB, 16384 MiB, 55
2026/08/13 03:30:41.456, Tesla V100-PCIE-16GB, 68 %, 9 %, 646 MiB, 16384 MiB, 55
2026/08/13 03:30:51.457, Tesla V100-PCIE-16GB, 67 %, 8 %, 646 MiB, 16384 MiB, 55
2026/08/13 03:31:01.458, Tesla V100-PCIE-16GB, 69 %, 9 %, 646 MiB, 16384 MiB, 55
2026/08/13 03:31:11.498, Tesla V100-PCIE-16GB, 69 %, 9 %, 646 MiB, 16384 MiB, 55
2026/08/13 03:31:21.499, Tesla V100-PCIE-16GB, 69 %, 9 %, 646 MiB, 16384 MiB, 55
2026/08/13 03:31:31.500, Tesla V100-PCIE-16GB, 67 %, 8 %, 646 MiB, 16384 MiB, 55
2026/08/13 03:31:41.501, Tesla V100-PCIE-16GB, 69 %, 9 %, 646 MiB, 16384 MiB, 55
2026/08/13 03:31:51.502, Tesla V100-PCIE-16GB, 69 %, 9 %, 646 MiB, 16384 MiB, 55
2026/08/13 03:32:01.503, Tesla V100-PCIE-16GB, 69 %, 9 %, 646 MiB, 16384 MiB, 55
2026/08/13 03:32:11.505, Tesla V100-PCIE-16GB, 69 %, 9 %, 646 MiB, 16384 MiB, 55
2026/08/13 03:32:21.506, Tesla V100-PCIE-16GB, 68 %, 9 %, 646 MiB, 16384 MiB, 55
2026/08/13 03:32:31.507, Tesla V100-PCIE-16GB, 68 %, 9 %, 646 MiB, 16384 MiB, 55
2026/08/13 03:32:41.556, Tesla V100-PCIE-16GB, 66 %, 8 %, 646 MiB, 16384 MiB, 55
2026/08/13 03:32:51.557, Tesla V100-PCIE-16GB, 68 %, 9 %, 646 MiB, 16384 MiB, 55
2026/08/13 03:33:01.559, Tesla V100-PCIE-16GB, 65 %, 8 %, 646 MiB, 16384 MiB, 55
2026/08/13 03:33:11.560, Tesla V100-PCIE-16GB, 48 %, 15 %, 646 MiB, 16384 MiB, 56
2026/08/13 03:33:21.561, Tesla V100-PCIE-16GB, 69 %, 9 %, 646 MiB, 16384 MiB, 55
2026/08/13 03:33:31.562, Tesla V100-PCIE-16GB, 68 %, 8 %, 646 MiB, 16384 MiB, 55
2026/08/13 03:33:41.563, Tesla V100-PCIE-16GB, 69 %, 9 %, 646 MiB, 16384 MiB, 55
2026/08/13 03:33:51.564, Tesla V100-PCIE-16GB, 69 %, 9 %, 646 MiB, 16384 MiB, 55
2026/08/13 03:34:01.566, Tesla V100-PCIE-16GB, 69 %, 9 %, 646 MiB, 16384 MiB, 55
2026/08/13 03:34:11.567, Tesla V100-PCIE-16GB, 67 %, 8 %, 646 MiB, 16384 MiB, 55
2026/08/13 03:34:21.568, Tesla V100-PCIE-16GB, 68 %, 9 %, 646 MiB, 16384 MiB, 55
2026/08/13 03:34:31.569, Tesla V100-PCIE-16GB, 67 %, 8 %, 646 MiB, 16384 MiB, 55
2026/08/13 03:34:41.571, Tesla V100-PCIE-16GB, 67 %, 8 %, 646 MiB, 16384 MiB, 55
2026/08/13 03:34:51.572, Tesla V100-PCIE-16GB, 68 %, 9 %, 646 MiB, 16384 MiB, 55
2026/08/13 03:35:01.574, Tesla V100-PCIE-16GB, 68 %, 9 %, 646 MiB, 16384 MiB, 55
2026/08/13 03:35:11.576, Tesla V100-PCIE-16GB, 69 %, 9 %, 646 MiB, 16384 MiB, 55
2026/08/13 03:35:21.577, Tesla V100-PCIE-16GB, 68 %, 9 %, 646 MiB, 16384 MiB, 55
2026/08/13 03:35:31.578, Tesla V100-PCIE-16GB, 64 %, 8 %, 646 MiB, 16384 MiB, 55
2026/08/13 03:35:41.579, Tesla V100-PCIE-16GB, 69 %, 9 %, 646 MiB, 16384 MiB, 55
2026/08/13 03:35:51.580, Tesla V100-PCIE-16GB, 68 %, 9 %, 646 MiB, 16384 MiB, 55
2026/08/13 03:36:01.581, Tesla V100-PCIE-16GB, 67 %, 8 %, 646 MiB, 16384 MiB, 55
2026/08/13 03:36:11.582, Tesla V100-PCIE-16GB, 68 %, 8 %, 646 MiB, 16384 MiB, 55
2026/08/13 03:36:21.584, Tesla V100-PCIE-16GB, 68 %, 9 %, 646 MiB, 16384 MiB, 55
2026/08/13 03:36:31.585, Tesla V100-PCIE-16GB, 69 %, 9 %, 646 MiB, 16384 MiB, 55
2026/08/13 03:36:41.656, Tesla V100-PCIE-16GB, 68 %, 9 %, 646 MiB, 16384 MiB, 55
2026/08/13 03:36:51.657, Tesla V100-PCIE-16GB, 67 %, 9 %, 646 MiB, 16384 MiB, 55
2026/08/13 03:37:01.659, Tesla V100-PCIE-16GB, 29 %, 17 %, 646 MiB, 16384 MiB, 55
2026/08/13 03:37:11.660, Tesla V100-PCIE-16GB, 18 %, 8 %, 1246 MiB, 16384 MiB, 55
2026/08/13 03:37:21.661, Tesla V100-PCIE-16GB, 24 %, 9 %, 1270 MiB, 16384 MiB, 56
2026/08/13 03:37:31.662, Tesla V100-PCIE-16GB, 37 %, 13 %, 1270 MiB, 16384 MiB, 56
2026/08/13 03:37:41.663, Tesla V100-PCIE-16GB, 53 %, 20 %, 1270 MiB, 16384 MiB, 56
2026/08/13 03:37:51.664, Tesla V100-PCIE-16GB, 49 %, 18 %, 1270 MiB, 16384 MiB, 57
2026/08/13 03:38:01.666, Tesla V100-PCIE-16GB, 51 %, 19 %, 1270 MiB, 16384 MiB, 57
2026/08/13 03:38:11.667, Tesla V100-PCIE-16GB, 54 %, 20 %, 1270 MiB, 16384 MiB, 57
2026/08/13 03:38:21.668, Tesla V100-PCIE-16GB, 0 %, 0 %, 0 MiB, 16384 MiB, 53
2026/08/13 03:38:31.669, Tesla V100-PCIE-16GB, 69 %, 9 %, 638 MiB, 16384 MiB, 55
2026/08/13 03:38:41.759, Tesla V100-PCIE-16GB, 67 %, 8 %, 638 MiB, 16384 MiB, 55
2026/08/13 03:38:51.760, Tesla V100-PCIE-16GB, 68 %, 9 %, 638 MiB, 16384 MiB, 55
2026/08/13 03:39:01.761, Tesla V100-PCIE-16GB, 67 %, 8 %, 638 MiB, 16384 MiB, 55
2026/08/13 03:39:11.763, Tesla V100-PCIE-16GB, 66 %, 8 %, 638 MiB, 16384 MiB, 55
2026/08/13 03:39:21.764, Tesla V100-PCIE-16GB, 68 %, 9 %, 646 MiB, 16384 MiB, 55
2026/08/13 03:39:31.765, Tesla V100-PCIE-16GB, 68 %, 9 %, 646 MiB, 16384 MiB, 55
2026/08/13 03:39:41.766, Tesla V100-PCIE-16GB, 69 %, 9 %, 646 MiB, 16384 MiB, 55
2026/08/13 03:39:51.767, Tesla V100-PCIE-16GB, 66 %, 8 %, 646 MiB, 16384 MiB, 55
2026/08/13 03:40:01.768, Tesla V100-PCIE-16GB, 69 %, 9 %, 646 MiB, 16384 MiB, 55
2026/08/13 03:40:11.770, Tesla V100-PCIE-16GB, 69 %, 9 %, 646 MiB, 16384 MiB, 55
2026/08/13 03:40:21.771, Tesla V100-PCIE-16GB, 69 %, 9 %, 646 MiB, 16384 MiB, 55
2026/08/13 03:40:31.772, Tesla V100-PCIE-16GB, 68 %, 8 %, 646 MiB, 16384 MiB, 55
2026/08/13 03:40:41.828, Tesla V100-PCIE-16GB, 69 %, 9 %, 646 MiB, 16384 MiB, 55
2026/08/13 03:40:51.829, Tesla V100-PCIE-16GB, 69 %, 9 %, 646 MiB, 16384 MiB, 55
2026/08/13 03:41:01.830, Tesla V100-PCIE-16GB, 67 %, 8 %, 646 MiB, 16384 MiB, 55
2026/08/13 03:41:11.832, Tesla V100-PCIE-16GB, 68 %, 8 %, 646 MiB, 16384 MiB, 55
2026/08/13 03:41:21.833, Tesla V100-PCIE-16GB, 68 %, 9 %, 646 MiB, 16384 MiB, 55
2026/08/13 03:41:31.834, Tesla V100-PCIE-16GB, 70 %, 9 %, 646 MiB, 16384 MiB, 55
2026/08/13 03:41:41.835, Tesla V100-PCIE-16GB, 68 %, 9 %, 646 MiB, 16384 MiB, 55
2026/08/13 03:41:51.836, Tesla V100-PCIE-16GB, 68 %, 9 %, 646 MiB, 16384 MiB, 55
2026/08/13 03:42:01.838, Tesla V100-PCIE-16GB, 68 %, 9 %, 646 MiB, 16384 MiB, 55
2026/08/13 03:42:11.839, Tesla V100-PCIE-16GB, 68 %, 9 %, 646 MiB, 16384 MiB, 55
2026/08/13 03:42:21.840, Tesla V100-PCIE-16GB, 69 %, 9 %, 646 MiB, 16384 MiB, 55
2026/08/13 03:42:31.841, Tesla V100-PCIE-16GB, 69 %, 9 %, 646 MiB, 16384 MiB, 55
2026/08/13 03:42:41.842, Tesla V100-PCIE-16GB, 69 %, 9 %, 646 MiB, 16384 MiB, 55
2026/08/13 03:42:51.843, Tesla V100-PCIE-16GB, 69 %, 9 %, 646 MiB, 16384 MiB, 55
2026/08/13 03:43:01.844, Tesla V100-PCIE-16GB, 49 %, 15 %, 646 MiB, 16384 MiB, 55
2026/08/13 03:43:11.845, Tesla V100-PCIE-16GB, 68 %, 9 %, 646 MiB, 16384 MiB, 55
2026/08/13 03:43:21.847, Tesla V100-PCIE-16GB, 69 %, 9 %, 646 MiB, 16384 MiB, 55
2026/08/13 03:43:31.848, Tesla V100-PCIE-16GB, 69 %, 9 %, 646 MiB, 16384 MiB, 55
2026/08/13 03:43:41.849, Tesla V100-PCIE-16GB, 69 %, 9 %, 646 MiB, 16384 MiB, 55
2026/08/13 03:43:51.850, Tesla V100-PCIE-16GB, 69 %, 9 %, 646 MiB, 16384 MiB, 55
2026/08/13 03:44:01.851, Tesla V100-PCIE-16GB, 68 %, 8 %, 646 MiB, 16384 MiB, 55
2026/08/13 03:44:11.852, Tesla V100-PCIE-16GB, 69 %, 9 %, 646 MiB, 16384 MiB, 55
2026/08/13 03:44:21.853, Tesla V100-PCIE-16GB, 68 %, 8 %, 646 MiB, 16384 MiB, 55
2026/08/13 03:44:31.855, Tesla V100-PCIE-16GB, 69 %, 9 %, 646 MiB, 16384 MiB, 55
2026/08/13 03:44:41.924, Tesla V100-PCIE-16GB, 68 %, 9 %, 646 MiB, 16384 MiB, 55
2026/08/13 03:44:51.925, Tesla V100-PCIE-16GB, 69 %, 9 %, 646 MiB, 16384 MiB, 55
2026/08/13 03:45:01.926, Tesla V100-PCIE-16GB, 68 %, 9 %, 646 MiB, 16384 MiB, 55
2026/08/13 03:45:11.927, Tesla V100-PCIE-16GB, 68 %, 9 %, 646 MiB, 16384 MiB, 55
2026/08/13 03:45:21.928, Tesla V100-PCIE-16GB, 68 %, 9 %, 646 MiB, 16384 MiB, 55
2026/08/13 03:45:31.929, Tesla V100-PCIE-16GB, 69 %, 9 %, 646 MiB, 16384 MiB, 55
2026/08/13 03:45:41.930, Tesla V100-PCIE-16GB, 69 %, 9 %, 646 MiB, 16384 MiB, 55
2026/08/13 03:45:51.931, Tesla V100-PCIE-16GB, 69 %, 9 %, 646 MiB, 16384 MiB, 55
2026/08/13 03:46:01.933, Tesla V100-PCIE-16GB, 67 %, 8 %, 646 MiB, 16384 MiB, 55
2026/08/13 03:46:11.934, Tesla V100-PCIE-16GB, 69 %, 9 %, 646 MiB, 16384 MiB, 55
2026/08/13 03:46:21.935, Tesla V100-PCIE-16GB, 69 %, 9 %, 646 MiB, 16384 MiB, 55
2026/08/13 03:46:31.936, Tesla V100-PCIE-16GB, 70 %, 9 %, 646 MiB, 16384 MiB, 55
2026/08/13 03:46:42.024, Tesla V100-PCIE-16GB, 69 %, 9 %, 646 MiB, 16384 MiB, 55
2026/08/13 03:46:52.025, Tesla V100-PCIE-16GB, 69 %, 9 %, 646 MiB, 16384 MiB, 55
2026/08/13 03:47:02.026, Tesla V100-PCIE-16GB, 69 %, 9 %, 646 MiB, 16384 MiB, 55
2026/08/13 03:47:12.027, Tesla V100-PCIE-16GB, 69 %, 9 %, 646 MiB, 16384 MiB, 55
2026/08/13 03:47:22.028, Tesla V100-PCIE-16GB, 69 %, 9 %, 646 MiB, 16384 MiB, 55
2026/08/13 03:47:32.029, Tesla V100-PCIE-16GB, 69 %, 9 %, 646 MiB, 16384 MiB, 55
2026/08/13 03:47:42.031, Tesla V100-PCIE-16GB, 69 %, 9 %, 646 MiB, 16384 MiB, 55
2026/08/13 03:47:52.032, Tesla V100-PCIE-16GB, 68 %, 9 %, 646 MiB, 16384 MiB, 55
2026/08/13 03:48:02.122, Tesla V100-PCIE-16GB, 66 %, 8 %, 646 MiB, 16384 MiB, 55
2026/08/13 03:48:12.124, Tesla V100-PCIE-16GB, 68 %, 9 %, 646 MiB, 16384 MiB, 55
2026/08/13 03:48:22.129, Tesla V100-PCIE-16GB, 49 %, 15 %, 646 MiB, 16384 MiB, 55
2026/08/13 03:48:32.130, Tesla V100-PCIE-16GB, 69 %, 9 %, 646 MiB, 16384 MiB, 55
2026/08/13 03:48:42.131, Tesla V100-PCIE-16GB, 68 %, 8 %, 646 MiB, 16384 MiB, 55
2026/08/13 03:48:52.132, Tesla V100-PCIE-16GB, 69 %, 9 %, 646 MiB, 16384 MiB, 55
2026/08/13 03:49:02.133, Tesla V100-PCIE-16GB, 68 %, 9 %, 646 MiB, 16384 MiB, 55
2026/08/13 03:49:12.134, Tesla V100-PCIE-16GB, 69 %, 9 %, 646 MiB, 16384 MiB, 55
2026/08/13 03:49:22.135, Tesla V100-PCIE-16GB, 69 %, 9 %, 646 MiB, 16384 MiB, 55
2026/08/13 03:49:32.137, Tesla V100-PCIE-16GB, 68 %, 9 %, 646 MiB, 16384 MiB, 55
2026/08/13 03:49:42.138, Tesla V100-PCIE-16GB, 69 %, 9 %, 646 MiB, 16384 MiB, 55
2026/08/13 03:49:52.139, Tesla V100-PCIE-16GB, 68 %, 9 %, 646 MiB, 16384 MiB, 55
2026/08/13 03:50:02.245, Tesla V100-PCIE-16GB, 67 %, 8 %, 646 MiB, 16384 MiB, 55
2026/08/13 03:50:12.246, Tesla V100-PCIE-16GB, 68 %, 9 %, 646 MiB, 16384 MiB, 55
2026/08/13 03:50:22.247, Tesla V100-PCIE-16GB, 68 %, 9 %, 646 MiB, 16384 MiB, 55
2026/08/13 03:50:32.249, Tesla V100-PCIE-16GB, 69 %, 9 %, 646 MiB, 16384 MiB, 55
2026/08/13 03:50:42.250, Tesla V100-PCIE-16GB, 68 %, 8 %, 646 MiB, 16384 MiB, 55
2026/08/13 03:50:52.251, Tesla V100-PCIE-16GB, 69 %, 9 %, 646 MiB, 16384 MiB, 55
2026/08/13 03:51:02.252, Tesla V100-PCIE-16GB, 68 %, 9 %, 646 MiB, 16384 MiB, 55
2026/08/13 03:51:12.253, Tesla V100-PCIE-16GB, 69 %, 9 %, 646 MiB, 16384 MiB, 55
2026/08/13 03:51:22.254, Tesla V100-PCIE-16GB, 68 %, 9 %, 646 MiB, 16384 MiB, 55
2026/08/13 03:51:32.255, Tesla V100-PCIE-16GB, 69 %, 9 %, 646 MiB, 16384 MiB, 55
2026/08/13 03:51:42.257, Tesla V100-PCIE-16GB, 69 %, 9 %, 646 MiB, 16384 MiB, 55
2026/08/13 03:51:52.258, Tesla V100-PCIE-16GB, 69 %, 9 %, 646 MiB, 16384 MiB, 55
2026/08/13 03:52:02.332, Tesla V100-PCIE-16GB, 68 %, 9 %, 646 MiB, 16384 MiB, 55
2026/08/13 03:52:12.333, Tesla V100-PCIE-16GB, 28 %, 16 %, 646 MiB, 16384 MiB, 55
2026/08/13 03:52:22.334, Tesla V100-PCIE-16GB, 55 %, 21 %, 1246 MiB, 16384 MiB, 56
2026/08/13 03:52:32.336, Tesla V100-PCIE-16GB, 57 %, 22 %, 1270 MiB, 16384 MiB, 56
2026/08/13 03:52:42.337, Tesla V100-PCIE-16GB, 25 %, 10 %, 1270 MiB, 16384 MiB, 56
2026/08/13 03:52:52.338, Tesla V100-PCIE-16GB, 56 %, 21 %, 1270 MiB, 16384 MiB, 56
2026/08/13 03:53:02.339, Tesla V100-PCIE-16GB, 54 %, 21 %, 1270 MiB, 16384 MiB, 56
2026/08/13 03:53:12.340, Tesla V100-PCIE-16GB, 56 %, 22 %, 1270 MiB, 16384 MiB, 56
2026/08/13 03:53:22.341, Tesla V100-PCIE-16GB, 0 %, 0 %, 398 MiB, 16384 MiB, 52
2026/08/13 03:53:32.343, Tesla V100-PCIE-16GB, 68 %, 9 %, 638 MiB, 16384 MiB, 54
2026/08/13 03:53:42.344, Tesla V100-PCIE-16GB, 69 %, 9 %, 638 MiB, 16384 MiB, 54
2026/08/13 03:53:52.345, Tesla V100-PCIE-16GB, 67 %, 8 %, 638 MiB, 16384 MiB, 54
2026/08/13 03:54:02.437, Tesla V100-PCIE-16GB, 68 %, 9 %, 638 MiB, 16384 MiB, 55
2026/08/13 03:54:12.438, Tesla V100-PCIE-16GB, 68 %, 9 %, 646 MiB, 16384 MiB, 55
2026/08/13 03:54:22.439, Tesla V100-PCIE-16GB, 68 %, 9 %, 646 MiB, 16384 MiB, 55
2026/08/13 03:54:32.440, Tesla V100-PCIE-16GB, 69 %, 9 %, 646 MiB, 16384 MiB, 55
2026/08/13 03:54:42.441, Tesla V100-PCIE-16GB, 68 %, 9 %, 646 MiB, 16384 MiB, 55
2026/08/13 03:54:52.442, Tesla V100-PCIE-16GB, 67 %, 8 %, 646 MiB, 16384 MiB, 55
2026/08/13 03:55:02.444, Tesla V100-PCIE-16GB, 70 %, 9 %, 646 MiB, 16384 MiB, 55
2026/08/13 03:55:12.445, Tesla V100-PCIE-16GB, 70 %, 9 %, 646 MiB, 16384 MiB, 55
2026/08/13 03:55:22.446, Tesla V100-PCIE-16GB, 69 %, 9 %, 646 MiB, 16384 MiB, 55
2026/08/13 03:55:32.447, Tesla V100-PCIE-16GB, 69 %, 9 %, 646 MiB, 16384 MiB, 55
2026/08/13 03:55:42.448, Tesla V100-PCIE-16GB, 70 %, 9 %, 646 MiB, 16384 MiB, 55
2026/08/13 03:55:52.449, Tesla V100-PCIE-16GB, 69 %, 9 %, 646 MiB, 16384 MiB, 55
2026/08/13 03:56:02.451, Tesla V100-PCIE-16GB, 68 %, 8 %, 646 MiB, 16384 MiB, 55
2026/08/13 03:56:12.452, Tesla V100-PCIE-16GB, 68 %, 9 %, 646 MiB, 16384 MiB, 55
2026/08/13 03:56:22.453, Tesla V100-PCIE-16GB, 66 %, 8 %, 646 MiB, 16384 MiB, 55
2026/08/13 03:56:32.454, Tesla V100-PCIE-16GB, 69 %, 9 %, 646 MiB, 16384 MiB, 55
2026/08/13 03:56:42.455, Tesla V100-PCIE-16GB, 69 %, 9 %, 646 MiB, 16384 MiB, 55
2026/08/13 03:56:52.456, Tesla V100-PCIE-16GB, 69 %, 9 %, 646 MiB, 16384 MiB, 55
2026/08/13 03:57:02.458, Tesla V100-PCIE-16GB, 69 %, 9 %, 646 MiB, 16384 MiB, 55
2026/08/13 03:57:12.459, Tesla V100-PCIE-16GB, 69 %, 9 %, 646 MiB, 16384 MiB, 55
2026/08/13 03:57:22.460, Tesla V100-PCIE-16GB, 68 %, 9 %, 646 MiB, 16384 MiB, 55
2026/08/13 03:57:32.461, Tesla V100-PCIE-16GB, 69 %, 9 %, 646 MiB, 16384 MiB, 55
2026/08/13 03:57:42.462, Tesla V100-PCIE-16GB, 69 %, 9 %, 646 MiB, 16384 MiB, 55
2026/08/13 03:57:52.463, Tesla V100-PCIE-16GB, 69 %, 9 %, 646 MiB, 16384 MiB, 55
2026/08/13 03:58:02.465, Tesla V100-PCIE-16GB, 68 %, 9 %, 646 MiB, 16384 MiB, 55
2026/08/13 03:58:12.466, Tesla V100-PCIE-16GB, 68 %, 8 %, 646 MiB, 16384 MiB, 55
2026/08/13 03:58:22.467, Tesla V100-PCIE-16GB, 69 %, 9 %, 646 MiB, 16384 MiB, 55
2026/08/13 03:58:32.468, Tesla V100-PCIE-16GB, 68 %, 9 %, 646 MiB, 16384 MiB, 55
2026/08/13 03:58:42.469, Tesla V100-PCIE-16GB, 49 %, 15 %, 646 MiB, 16384 MiB, 55
2026/08/13 03:58:52.470, Tesla V100-PCIE-16GB, 70 %, 9 %, 646 MiB, 16384 MiB, 55
2026/08/13 03:59:02.471, Tesla V100-PCIE-16GB, 69 %, 9 %, 646 MiB, 16384 MiB, 55
2026/08/13 03:59:12.473, Tesla V100-PCIE-16GB, 67 %, 8 %, 646 MiB, 16384 MiB, 55
2026/08/13 03:59:22.474, Tesla V100-PCIE-16GB, 68 %, 8 %, 646 MiB, 16384 MiB, 55
2026/08/13 03:59:32.475, Tesla V100-PCIE-16GB, 69 %, 9 %, 646 MiB, 16384 MiB, 55
2026/08/13 03:59:42.476, Tesla V100-PCIE-16GB, 68 %, 9 %, 646 MiB, 16384 MiB, 55
2026/08/13 03:59:52.477, Tesla V100-PCIE-16GB, 69 %, 9 %, 646 MiB, 16384 MiB, 55
2026/08/13 04:00:02.478, Tesla V100-PCIE-16GB, 67 %, 8 %, 646 MiB, 16384 MiB, 55
2026/08/13 04:00:12.479, Tesla V100-PCIE-16GB, 68 %, 9 %, 646 MiB, 16384 MiB, 55
2026/08/13 04:00:22.481, Tesla V100-PCIE-16GB, 68 %, 8 %, 646 MiB, 16384 MiB, 55
2026/08/13 04:00:32.482, Tesla V100-PCIE-16GB, 69 %, 9 %, 646 MiB, 16384 MiB, 55
2026/08/13 04:00:42.483, Tesla V100-PCIE-16GB, 69 %, 9 %, 646 MiB, 16384 MiB, 55
2026/08/13 04:00:52.484, Tesla V100-PCIE-16GB, 68 %, 8 %, 646 MiB, 16384 MiB, 55
2026/08/13 04:01:02.485, Tesla V100-PCIE-16GB, 69 %, 9 %, 646 MiB, 16384 MiB, 55
2026/08/13 04:01:12.487, Tesla V100-PCIE-16GB, 69 %, 9 %, 646 MiB, 16384 MiB, 55
2026/08/13 04:01:22.488, Tesla V100-PCIE-16GB, 67 %, 8 %, 646 MiB, 16384 MiB, 55
2026/08/13 04:01:32.489, Tesla V100-PCIE-16GB, 69 %, 9 %, 646 MiB, 16384 MiB, 55
2026/08/13 04:01:42.490, Tesla V100-PCIE-16GB, 69 %, 9 %, 646 MiB, 16384 MiB, 55
2026/08/13 04:01:52.492, Tesla V100-PCIE-16GB, 69 %, 9 %, 646 MiB, 16384 MiB, 55
2026/08/13 04:02:02.569, Tesla V100-PCIE-16GB, 69 %, 9 %, 646 MiB, 16384 MiB, 55
2026/08/13 04:02:12.571, Tesla V100-PCIE-16GB, 67 %, 8 %, 646 MiB, 16384 MiB, 55
2026/08/13 04:02:22.572, Tesla V100-PCIE-16GB, 69 %, 9 %, 646 MiB, 16384 MiB, 55
2026/08/13 04:02:32.573, Tesla V100-PCIE-16GB, 70 %, 9 %, 646 MiB, 16384 MiB, 55
2026/08/13 04:02:42.574, Tesla V100-PCIE-16GB, 69 %, 9 %, 646 MiB, 16384 MiB, 55
2026/08/13 04:02:52.575, Tesla V100-PCIE-16GB, 69 %, 9 %, 646 MiB, 16384 MiB, 55
2026/08/13 04:03:02.576, Tesla V100-PCIE-16GB, 69 %, 9 %, 646 MiB, 16384 MiB, 55
2026/08/13 04:03:12.578, Tesla V100-PCIE-16GB, 68 %, 9 %, 646 MiB, 16384 MiB, 55
2026/08/13 04:03:22.644, Tesla V100-PCIE-16GB, 69 %, 9 %, 646 MiB, 16384 MiB, 55
2026/08/13 04:03:32.645, Tesla V100-PCIE-16GB, 69 %, 9 %, 646 MiB, 16384 MiB, 55
2026/08/13 04:03:42.646, Tesla V100-PCIE-16GB, 69 %, 9 %, 646 MiB, 16384 MiB, 55
2026/08/13 04:03:52.647, Tesla V100-PCIE-16GB, 69 %, 9 %, 646 MiB, 16384 MiB, 55
2026/08/13 04:04:02.648, Tesla V100-PCIE-16GB, 49 %, 15 %, 646 MiB, 16384 MiB, 55
2026/08/13 04:04:12.650, Tesla V100-PCIE-16GB, 67 %, 8 %, 646 MiB, 16384 MiB, 55
2026/08/13 04:04:22.651, Tesla V100-PCIE-16GB, 69 %, 9 %, 646 MiB, 16384 MiB, 55
2026/08/13 04:04:32.652, Tesla V100-PCIE-16GB, 67 %, 8 %, 646 MiB, 16384 MiB, 55
2026/08/13 04:04:42.653, Tesla V100-PCIE-16GB, 69 %, 9 %, 646 MiB, 16384 MiB, 55
2026/08/13 04:04:52.655, Tesla V100-PCIE-16GB, 67 %, 9 %, 646 MiB, 16384 MiB, 55
2026/08/13 04:05:02.656, Tesla V100-PCIE-16GB, 70 %, 9 %, 646 MiB, 16384 MiB, 55
2026/08/13 04:05:12.657, Tesla V100-PCIE-16GB, 67 %, 9 %, 646 MiB, 16384 MiB, 55
2026/08/13 04:05:22.702, Tesla V100-PCIE-16GB, 69 %, 9 %, 646 MiB, 16384 MiB, 55
2026/08/13 04:05:32.703, Tesla V100-PCIE-16GB, 69 %, 9 %, 646 MiB, 16384 MiB, 55
2026/08/13 04:05:42.704, Tesla V100-PCIE-16GB, 69 %, 9 %, 646 MiB, 16384 MiB, 55
2026/08/13 04:05:52.705, Tesla V100-PCIE-16GB, 68 %, 9 %, 646 MiB, 16384 MiB, 55
2026/08/13 04:06:02.706, Tesla V100-PCIE-16GB, 68 %, 9 %, 646 MiB, 16384 MiB, 55
2026/08/13 04:06:12.708, Tesla V100-PCIE-16GB, 69 %, 9 %, 646 MiB, 16384 MiB, 55
2026/08/13 04:06:22.709, Tesla V100-PCIE-16GB, 69 %, 9 %, 646 MiB, 16384 MiB, 55
2026/08/13 04:06:32.710, Tesla V100-PCIE-16GB, 69 %, 9 %, 646 MiB, 16384 MiB, 55
2026/08/13 04:06:42.711, Tesla V100-PCIE-16GB, 69 %, 9 %, 646 MiB, 16384 MiB, 55
2026/08/13 04:06:52.775, Tesla V100-PCIE-16GB, 69 %, 9 %, 646 MiB, 16384 MiB, 55
2026/08/13 04:07:02.776, Tesla V100-PCIE-16GB, 69 %, 9 %, 646 MiB, 16384 MiB, 55
2026/08/13 04:07:12.777, Tesla V100-PCIE-16GB, 69 %, 9 %, 646 MiB, 16384 MiB, 55
2026/08/13 04:07:22.779, Tesla V100-PCIE-16GB, 70 %, 9 %, 646 MiB, 16384 MiB, 55
2026/08/13 04:07:32.780, Tesla V100-PCIE-16GB, 67 %, 8 %, 646 MiB, 16384 MiB, 55
2026/08/13 04:07:42.781, Tesla V100-PCIE-16GB, 68 %, 8 %, 646 MiB, 16384 MiB, 55
2026/08/13 04:07:52.782, Tesla V100-PCIE-16GB, 69 %, 9 %, 646 MiB, 16384 MiB, 55
2026/08/13 04:08:02.783, Tesla V100-PCIE-16GB, 68 %, 8 %, 646 MiB, 16384 MiB, 55
2026/08/13 04:08:12.785, Tesla V100-PCIE-16GB, 68 %, 9 %, 646 MiB, 16384 MiB, 55
2026/08/13 04:08:22.786, Tesla V100-PCIE-16GB, 69 %, 9 %, 646 MiB, 16384 MiB, 55
2026/08/13 04:08:32.787, Tesla V100-PCIE-16GB, 66 %, 8 %, 646 MiB, 16384 MiB, 55
2026/08/13 04:08:42.788, Tesla V100-PCIE-16GB, 70 %, 9 %, 646 MiB, 16384 MiB, 55
2026/08/13 04:08:52.864, Tesla V100-PCIE-16GB, 70 %, 9 %, 646 MiB, 16384 MiB, 55
2026/08/13 04:09:02.865, Tesla V100-PCIE-16GB, 69 %, 9 %, 646 MiB, 16384 MiB, 55
2026/08/13 04:09:12.866, Tesla V100-PCIE-16GB, 67 %, 8 %, 646 MiB, 16384 MiB, 55
2026/08/13 04:09:22.868, Tesla V100-PCIE-16GB, 51 %, 16 %, 646 MiB, 16384 MiB, 55
2026/08/13 04:09:32.869, Tesla V100-PCIE-16GB, 69 %, 9 %, 646 MiB, 16384 MiB, 55
2026/08/13 04:09:42.870, Tesla V100-PCIE-16GB, 68 %, 9 %, 646 MiB, 16384 MiB, 55
2026/08/13 04:09:52.871, Tesla V100-PCIE-16GB, 67 %, 9 %, 646 MiB, 16384 MiB, 55
2026/08/13 04:10:02.872, Tesla V100-PCIE-16GB, 69 %, 9 %, 646 MiB, 16384 MiB, 55
2026/08/13 04:10:12.873, Tesla V100-PCIE-16GB, 68 %, 8 %, 646 MiB, 16384 MiB, 55
2026/08/13 04:10:22.874, Tesla V100-PCIE-16GB, 69 %, 9 %, 646 MiB, 16384 MiB, 55
2026/08/13 04:10:32.876, Tesla V100-PCIE-16GB, 69 %, 9 %, 646 MiB, 16384 MiB, 55
2026/08/13 04:10:42.877, Tesla V100-PCIE-16GB, 69 %, 9 %, 646 MiB, 16384 MiB, 55
2026/08/13 04:10:52.968, Tesla V100-PCIE-16GB, 69 %, 9 %, 646 MiB, 16384 MiB, 55
2026/08/13 04:11:02.969, Tesla V100-PCIE-16GB, 69 %, 9 %, 646 MiB, 16384 MiB, 55
2026/08/13 04:11:12.970, Tesla V100-PCIE-16GB, 69 %, 9 %, 646 MiB, 16384 MiB, 55
2026/08/13 04:11:22.971, Tesla V100-PCIE-16GB, 69 %, 9 %, 646 MiB, 16384 MiB, 55
2026/08/13 04:11:32.972, Tesla V100-PCIE-16GB, 68 %, 9 %, 646 MiB, 16384 MiB, 55
2026/08/13 04:11:42.973, Tesla V100-PCIE-16GB, 69 %, 9 %, 646 MiB, 16384 MiB, 55
2026/08/13 04:11:52.975, Tesla V100-PCIE-16GB, 69 %, 9 %, 646 MiB, 16384 MiB, 55
2026/08/13 04:12:02.976, Tesla V100-PCIE-16GB, 69 %, 9 %, 646 MiB, 16384 MiB, 55
2026/08/13 04:12:12.977, Tesla V100-PCIE-16GB, 69 %, 9 %, 646 MiB, 16384 MiB, 55
2026/08/13 04:12:22.978, Tesla V100-PCIE-16GB, 70 %, 9 %, 646 MiB, 16384 MiB, 55
2026/08/13 04:12:32.979, Tesla V100-PCIE-16GB, 70 %, 9 %, 646 MiB, 16384 MiB, 55
2026/08/13 04:12:42.981, Tesla V100-PCIE-16GB, 69 %, 9 %, 646 MiB, 16384 MiB, 55
2026/08/13 04:12:53.037, Tesla V100-PCIE-16GB, 68 %, 9 %, 646 MiB, 16384 MiB, 55
2026/08/13 04:13:03.038, Tesla V100-PCIE-16GB, 69 %, 9 %, 646 MiB, 16384 MiB, 55
2026/08/13 04:13:13.039, Tesla V100-PCIE-16GB, 68 %, 8 %, 646 MiB, 16384 MiB, 55
2026/08/13 04:13:23.040, Tesla V100-PCIE-16GB, 69 %, 9 %, 646 MiB, 16384 MiB, 55
2026/08/13 04:13:33.041, Tesla V100-PCIE-16GB, 67 %, 8 %, 646 MiB, 16384 MiB, 55
2026/08/13 04:13:43.042, Tesla V100-PCIE-16GB, 67 %, 8 %, 646 MiB, 16384 MiB, 55
2026/08/13 04:13:53.044, Tesla V100-PCIE-16GB, 69 %, 9 %, 646 MiB, 16384 MiB, 55
2026/08/13 04:14:03.045, Tesla V100-PCIE-16GB, 69 %, 9 %, 646 MiB, 16384 MiB, 55
2026/08/13 04:14:13.047, Tesla V100-PCIE-16GB, 68 %, 9 %, 646 MiB, 16384 MiB, 55
2026/08/13 04:14:23.048, Tesla V100-PCIE-16GB, 69 %, 9 %, 646 MiB, 16384 MiB, 55
2026/08/13 04:14:33.049, Tesla V100-PCIE-16GB, 68 %, 9 %, 646 MiB, 16384 MiB, 55
2026/08/13 04:14:43.050, Tesla V100-PCIE-16GB, 42 %, 13 %, 646 MiB, 16384 MiB, 55
2026/08/13 04:14:53.120, Tesla V100-PCIE-16GB, 18 %, 7 %, 966 MiB, 16384 MiB, 54
2026/08/13 04:15:03.121, Tesla V100-PCIE-16GB, 52 %, 19 %, 1270 MiB, 16384 MiB, 55
2026/08/13 04:15:13.122, Tesla V100-PCIE-16GB, 42 %, 17 %, 1270 MiB, 16384 MiB, 56
2026/08/13 04:15:23.124, Tesla V100-PCIE-16GB, 30 %, 12 %, 1270 MiB, 16384 MiB, 56
2026/08/13 04:15:33.125, Tesla V100-PCIE-16GB, 0 %, 0 %, 0 MiB, 16384 MiB, 53
2026/08/13 04:15:43.126, Tesla V100-PCIE-16GB, 0 %, 0 %, 0 MiB, 16384 MiB, 50
2026/08/13 04:15:53.127, Tesla V100-PCIE-16GB, 0 %, 0 %, 0 MiB, 16384 MiB, 49
2026/08/13 04:16:03.128, Tesla V100-PCIE-16GB, 0 %, 0 %, 0 MiB, 16384 MiB, 48
2026/08/13 04:16:13.130, Tesla V100-PCIE-16GB, 0 %, 0 %, 0 MiB, 16384 MiB, 47
2026/08/13 04:16:23.131, Tesla V100-PCIE-16GB, 0 %, 0 %, 0 MiB, 16384 MiB, 47
2026/08/13 04:16:33.132, Tesla V100-PCIE-16GB, 0 %, 0 %, 0 MiB, 16384 MiB, 46
2026/08/13 04:16:43.133, Tesla V100-PCIE-16GB, 0 %, 0 %, 0 MiB, 16384 MiB, 46
2026/08/13 04:16:53.196, Tesla V100-PCIE-16GB, 0 %, 0 %, 0 MiB, 16384 MiB, 45
2026/08/13 04:17:03.198, Tesla V100-PCIE-16GB, 0 %, 0 %, 0 MiB, 16384 MiB, 45
2026/08/13 04:17:13.199, Tesla V100-PCIE-16GB, 0 %, 0 %, 0 MiB, 16384 MiB, 45
2026/08/13 04:17:23.200, Tesla V100-PCIE-16GB, 0 %, 0 %, 0 MiB, 16384 MiB, 44
2026/08/13 04:17:33.201, Tesla V100-PCIE-16GB, 0 %, 0 %, 0 MiB, 16384 MiB, 44
2026/08/13 04:17:43.203, Tesla V100-PCIE-16GB, 0 %, 0 %, 0 MiB, 16384 MiB, 44
2026/08/13 04:17:53.204, Tesla V100-PCIE-16GB, 0 %, 0 %, 0 MiB, 16384 MiB, 44
2026/08/13 04:18:03.205, Tesla V100-PCIE-16GB, 0 %, 0 %, 0 MiB, 16384 MiB, 44
2026/08/13 04:18:13.212, Tesla V100-PCIE-16GB, 0 %, 0 %, 0 MiB, 16384 MiB, 43
2026/08/13 04:18:23.214, Tesla V100-PCIE-16GB, 0 %, 0 %, 0 MiB, 16384 MiB, 43
2026/08/13 04:18:33.216, Tesla V100-PCIE-16GB, 0 %, 0 %, 0 MiB, 16384 MiB, 43
2026/08/13 04:18:43.217, Tesla V100-PCIE-16GB, 0 %, 0 %, 0 MiB, 16384 MiB, 43
2026/08/13 04:18:53.219, Tesla V100-PCIE-16GB, 0 %, 0 %, 0 MiB, 16384 MiB, 43
2026/08/13 04:19:03.220, Tesla V100-PCIE-16GB, 0 %, 0 %, 0 MiB, 16384 MiB, 43
2026/08/13 04:19:13.221, Tesla V100-PCIE-16GB, 0 %, 0 %, 0 MiB, 16384 MiB, 43
2026/08/13 04:19:23.222, Tesla V100-PCIE-16GB, 0 %, 0 %, 0 MiB, 16384 MiB, 43
2026/08/13 04:19:33.224, Tesla V100-PCIE-16GB, 0 %, 0 %, 0 MiB, 16384 MiB, 43
2026/08/13 04:19:43.225, Tesla V100-PCIE-16GB, 0 %, 0 %, 0 MiB, 16384 MiB, 43
2026/08/13 04:19:53.226, Tesla V100-PCIE-16GB, 0 %, 0 %, 0 MiB, 16384 MiB, 43
2026/08/13 04:20:03.227, Tesla V100-PCIE-16GB, 0 %, 0 %, 0 MiB, 16384 MiB, 43
2026/08/13 04:20:13.229, Tesla V100-PCIE-16GB, 0 %, 0 %, 0 MiB, 16384 MiB, 42
2026/08/13 04:20:23.230, Tesla V100-PCIE-16GB, 0 %, 0 %, 0 MiB, 16384 MiB, 43
2026/08/13 04:20:33.231, Tesla V100-PCIE-16GB, 0 %, 0 %, 0 MiB, 16384 MiB, 42
2026/08/13 04:20:43.232, Tesla V100-PCIE-16GB, 0 %, 0 %, 0 MiB, 16384 MiB, 42
2026/08/13 04:20:53.234, Tesla V100-PCIE-16GB, 0 %, 0 %, 0 MiB, 16384 MiB, 42
2026/08/13 04:21:03.235, Tesla V100-PCIE-16GB, 0 %, 0 %, 0 MiB, 16384 MiB, 42
2026/08/13 04:21:13.236, Tesla V100-PCIE-16GB, 0 %, 0 %, 0 MiB, 16384 MiB, 42
2026/08/13 04:21:23.237, Tesla V100-PCIE-16GB, 0 %, 0 %, 0 MiB, 16384 MiB, 42
2026/08/13 04:21:33.239, Tesla V100-PCIE-16GB, 0 %, 0 %, 0 MiB, 16384 MiB, 42
2026/08/13 04:21:43.240, Tesla V100-PCIE-16GB, 0 %, 0 %, 0 MiB, 16384 MiB, 42
2026/08/13 04:21:53.241, Tesla V100-PCIE-16GB, 0 %, 0 %, 0 MiB, 16384 MiB, 42
2026/08/13 04:22:03.242, Tesla V100-PCIE-16GB, 0 %, 0 %, 0 MiB, 16384 MiB, 42
2026/08/13 04:22:13.244, Tesla V100-PCIE-16GB, 0 %, 0 %, 0 MiB, 16384 MiB, 42
2026/08/13 04:22:23.245, Tesla V100-PCIE-16GB, 0 %, 0 %, 0 MiB, 16384 MiB, 42
2026/08/13 04:22:33.246, Tesla V100-PCIE-16GB, 0 %, 0 %, 0 MiB, 16384 MiB, 42
2026/08/13 04:22:43.248, Tesla V100-PCIE-16GB, 0 %, 0 %, 0 MiB, 16384 MiB, 42
2026/08/13 04:22:53.249, Tesla V100-PCIE-16GB, 0 %, 0 %, 0 MiB, 16384 MiB, 42
2026/08/13 04:23:03.250, Tesla V100-PCIE-16GB, 0 %, 0 %, 0 MiB, 16384 MiB, 42
2026/08/13 04:23:13.251, Tesla V100-PCIE-16GB, 0 %, 0 %, 0 MiB, 16384 MiB, 42
2026/08/13 04:23:23.252, Tesla V100-PCIE-16GB, 0 %, 0 %, 0 MiB, 16384 MiB, 42
2026/08/13 04:23:33.254, Tesla V100-PCIE-16GB, 0 %, 0 %, 0 MiB, 16384 MiB, 42
2026/08/13 04:23:43.255, Tesla V100-PCIE-16GB, 0 %, 0 %, 0 MiB, 16384 MiB, 42
2026/08/13 04:23:53.256, Tesla V100-PCIE-16GB, 0 %, 0 %, 0 MiB, 16384 MiB, 42
2026/08/13 04:24:03.257, Tesla V100-PCIE-16GB, 0 %, 0 %, 0 MiB, 16384 MiB, 42
2026/08/13 04:24:13.259, Tesla V100-PCIE-16GB, 0 %, 0 %, 0 MiB, 16384 MiB, 42
2026/08/13 04:24:23.260, Tesla V100-PCIE-16GB, 0 %, 0 %, 0 MiB, 16384 MiB, 42
2026/08/13 04:24:33.261, Tesla V100-PCIE-16GB, 0 %, 0 %, 0 MiB, 16384 MiB, 42
2026/08/13 04:24:43.262, Tesla V100-PCIE-16GB, 0 %, 0 %, 0 MiB, 16384 MiB, 42
2026/08/13 04:24:53.264, Tesla V100-PCIE-16GB, 0 %, 0 %, 0 MiB, 16384 MiB, 42
2026/08/13 04:25:03.265, Tesla V100-PCIE-16GB, 0 %, 0 %, 0 MiB, 16384 MiB, 42
2026/08/13 04:25:13.266, Tesla V100-PCIE-16GB, 0 %, 0 %, 0 MiB, 16384 MiB, 42
2026/08/13 04:25:23.267, Tesla V100-PCIE-16GB, 0 %, 0 %, 0 MiB, 16384 MiB, 42
2026/08/13 04:25:33.269, Tesla V100-PCIE-16GB, 0 %, 0 %, 0 MiB, 16384 MiB, 42
2026/08/13 04:25:43.270, Tesla V100-PCIE-16GB, 0 %, 0 %, 0 MiB, 16384 MiB, 42
2026/08/13 04:25:53.271, Tesla V100-PCIE-16GB, 0 %, 0 %, 0 MiB, 16384 MiB, 42
2026/08/13 04:26:03.273, Tesla V100-PCIE-16GB, 0 %, 0 %, 0 MiB, 16384 MiB, 42
2026/08/13 04:26:13.274, Tesla V100-PCIE-16GB, 0 %, 0 %, 0 MiB, 16384 MiB, 42
2026/08/13 04:26:23.275, Tesla V100-PCIE-16GB, 0 %, 0 %, 0 MiB, 16384 MiB, 42
2026/08/13 04:26:33.277, Tesla V100-PCIE-16GB, 0 %, 0 %, 0 MiB, 16384 MiB, 42
2026/08/13 04:26:43.278, Tesla V100-PCIE-16GB, 0 %, 0 %, 0 MiB, 16384 MiB, 42
2026/08/13 04:26:53.279, Tesla V100-PCIE-16GB, 0 %, 0 %, 0 MiB, 16384 MiB, 42
2026/08/13 04:27:03.280, Tesla V100-PCIE-16GB, 0 %, 0 %, 0 MiB, 16384 MiB, 42
2026/08/13 04:27:13.282, Tesla V100-PCIE-16GB, 0 %, 0 %, 0 MiB, 16384 MiB, 42
2026/08/13 04:27:23.283, Tesla V100-PCIE-16GB, 0 %, 0 %, 0 MiB, 16384 MiB, 42
2026/08/13 04:27:33.284, Tesla V100-PCIE-16GB, 0 %, 0 %, 0 MiB, 16384 MiB, 42
2026/08/13 04:27:43.285, Tesla V100-PCIE-16GB, 0 %, 0 %, 0 MiB, 16384 MiB, 42
2026/08/13 04:27:53.287, Tesla V100-PCIE-16GB, 0 %, 0 %, 0 MiB, 16384 MiB, 42
2026/08/13 04:28:03.288, Tesla V100-PCIE-16GB, 0 %, 0 %, 0 MiB, 16384 MiB, 42
2026/08/13 04:28:13.289, Tesla V100-PCIE-16GB, 0 %, 0 %, 0 MiB, 16384 MiB, 42
2026/08/13 04:28:23.290, Tesla V100-PCIE-16GB, 0 %, 0 %, 0 MiB, 16384 MiB, 42
2026/08/13 04:28:33.292, Tesla V100-PCIE-16GB, 0 %, 0 %, 0 MiB, 16384 MiB, 42
2026/08/13 04:28:43.293, Tesla V100-PCIE-16GB, 0 %, 0 %, 0 MiB, 16384 MiB, 42
2026/08/13 04:28:53.294, Tesla V100-PCIE-16GB, 0 %, 0 %, 0 MiB, 16384 MiB, 42
2026/08/13 04:29:03.296, Tesla V100-PCIE-16GB, 0 %, 0 %, 0 MiB, 16384 MiB, 42
2026/08/13 04:29:13.297, Tesla V100-PCIE-16GB, 0 %, 0 %, 0 MiB, 16384 MiB, 42
2026/08/13 04:29:23.298, Tesla V100-PCIE-16GB, 0 %, 0 %, 0 MiB, 16384 MiB, 42
