{
  "schema_version": 1,
  "workspace": "/workspace/SleepTCN",
  "passed": true,
  "errors": [],
  "require_gpu": true,
  "environment": {
    "python": "3.10.13 (main, Sep 11 2023, 13:44:35) [GCC 11.2.0]",
    "platform": "Linux-6.14.7-sm1-x86_64-with-glibc2.35",
    "numpy": "1.26.4",
    "scipy": "1.13.1",
    "pyedflib": "0.1.38",
    "torch": "2.5.1+cu121",
    "cuda_available": true,
    "cuda_version": "12.1",
    "gpu_name": "Tesla V100-PCIE-16GB"
  },
  "split_manifest_sha256": "6bc7ad74c07ff05f1d880cb5e720eea12386824ef465b966507906fa248925de",
  "split_summary": {
    "subjects": 78,
    "records": 153,
    "fold_sizes_subjects": [
      8,
      8,
      8,
      8,
      8,
      8,
      8,
      8,
      7,
      7
    ]
  },
  "sample_records": {
    "paper_raw_v1": {
      "record_key": "SC4002E",
      "epochs": 1128,
      "ignored_epochs": 1
    },
    "bandpass_v2": {
      "record_key": "SC4002E",
      "epochs": 1128,
      "ignored_epochs": 1
    },
    "filtered_v2": {
      "record_key": "SC4002E",
      "epochs": 1128,
      "ignored_epochs": 1
    },
    "filtered_zscore_v2": {
      "record_key": "SC4002E",
      "epochs": 1128,
      "ignored_epochs": 1
    }
  },
  "experiment_status": "doe_v2_cpu_data_validated_gpu_smoke_pending"
}
PASS
[1] 11708
========== START fold_00 seed 123 2026-08-20T07:03:08+00:00 ==========
{
  "run_manifest": {
    "schema_version": 1,
    "status": "complete",
    "experiment_id": "E0",
    "outer_fold": 0,
    "seed": 123,
    "device": "cuda",
    "smoke": false,
    "allow_test_evaluation": false,
    "resume": false,
    "config_sha256": "1d812bbfb45e9ca90e2654b41311954fd6e66a56e1bbcdbfba48df8147d0ae1b",
    "split_sha256": "6bc7ad74c07ff05f1d880cb5e720eea12386824ef465b966507906fa248925de",
    "git_commit": "88a5d2ccc231e2529b35847ba9b127a6aebe2e8e",
    "git_dirty": false,
    "runner_code_sha256": "12245ec0d2fe51a0843ed873d3080f752db23621c6e2b583bba4922be9be9a39",
    "config_path": "configs/experiments_v2.json",
    "split_path": "data/splits/sleepedf_sc_10fold_seed42_v2.json",
    "data_variant": "paper_raw_v1",
    "role_records": {
      "train": [
        "SC4011E",
        "SC4012E",
        "SC4021E",
        "SC4022E",
        "SC4031E",
        "SC4032E",
        "SC4051E",
        "SC4052E",
        "SC4061E",
        "SC4062E",
        "SC4071E",
        "SC4072E",
        "SC4081E",
        "SC4082E",
        "SC4091E",
        "SC4092E",
        "SC4101E",
        "SC4102E",
        "SC4111E",
        "SC4112E",
        "SC4121E",
        "SC4122E",
        "SC4131E",
        "SC4141E",
        "SC4142E",
        "SC4151E",
        "SC4152E",
        "SC4161E",
        "SC4162E",
        "SC4171E",
        "SC4172E",
        "SC4191E",
        "SC4192E",
        "SC4201E",
        "SC4202E",
        "SC4221E",
        "SC4222E",
        "SC4231E",
        "SC4232E",
        "SC4241E",
        "SC4242E",
        "SC4271F",
        "SC4272F",
        "SC4291G",
        "SC4292G",
        "SC4301E",
        "SC4302E",
        "SC4311E",
        "SC4312E",
        "SC4321E",
        "SC4322E",
        "SC4341F",
        "SC4342F",
        "SC4351F",
        "SC4352F",
        "SC4362F",
        "SC4381F",
        "SC4382F",
        "SC4401E",
        "SC4402E",
        "SC4421E",
        "SC4422E",
        "SC4441E",
        "SC4442E",
        "SC4451F",
        "SC4452F",
        "SC4461F",
        "SC4462F",
        "SC4471F",
        "SC4472F",
        "SC4481F",
        "SC4482F",
        "SC4491G",
        "SC4492G",
        "SC4501E",
        "SC4502E",
        "SC4522E",
        "SC4531E",
        "SC4532E",
        "SC4541F",
        "SC4542F",
        "SC4551F",
        "SC4552F",
        "SC4561F",
        "SC4562F",
        "SC4581G",
        "SC4582G",
        "SC4621E",
        "SC4622E",
        "SC4631E",
        "SC4632E",
        "SC4641E",
        "SC4642E",
        "SC4651E",
        "SC4652E",
        "SC4661E",
        "SC4662E",
        "SC4671G",
        "SC4672G",
        "SC4701E",
        "SC4702E",
        "SC4711E",
        "SC4712E",
        "SC4721E",
        "SC4722E",
        "SC4731E",
        "SC4732E",
        "SC4741E",
        "SC4742E",
        "SC4751E",
        "SC4752E",
        "SC4761E",
        "SC4762E",
        "SC4771G",
        "SC4772G",
        "SC4801G",
        "SC4802G",
        "SC4811G",
        "SC4812G",
        "SC4821G",
        "SC4822G"
      ],
      "validation": [
        "SC4041E",
        "SC4042E",
        "SC4181E",
        "SC4182E",
        "SC4211E",
        "SC4212E",
        "SC4261F",
        "SC4262F",
        "SC4371F",
        "SC4372F",
        "SC4431E",
        "SC4432E",
        "SC4571F",
        "SC4572F",
        "SC4591G",
        "SC4592G"
      ],
      "test": "locked_until_best_checkpoint"
    },
    "extractor_sha256": "1cdec103d20a935ad92a5e552af6cbc0baaaa9fc90939e9fba7c11cf9d536c9f",
    "sequence_checkpoint_sha256": "44e9b87315a91a6f36f16b27a4d32fc0b4d9f1892e36670f8894655e8625186d",
    "metrics_roles": [
      "validation"
    ]
  },
  "metrics": {
    "validation": {
      "n_valid_epochs": 18763,
      "accuracy": 0.8078132494803603,
      "macro_f1": 0.7665992169172264,
      "cohen_kappa": 0.739512724774076,
      "confusion_matrix": [
        [
          4905,
          330,
          46,
          5,
          50
        ],
        [
          466,
          1214,
          362,
          1,
          258
        ],
        [
          91,
          726,
          5811,
          142,
          240
        ],
        [
          3,
          0,
          473,
          973,
          0
        ],
        [
          73,
          182,
          158,
          0,
          2254
        ]
      ],
      "per_class": {
        "W": {
          "precision": 0.8856988082340195,
          "recall": 0.9192278860569715,
          "f1": 0.9021519220158175,
          "support": 5336
        },
        "N1": {
          "precision": 0.49510603588907015,
          "recall": 0.5275966970882225,
          "f1": 0.5108352619398275,
          "support": 2301
        },
        "N2": {
          "precision": 0.8483211678832117,
          "recall": 0.8289586305278174,
          "f1": 0.8385281385281385,
          "support": 7010
        },
        "N3": {
          "precision": 0.8679750223015165,
          "recall": 0.6714975845410628,
          "f1": 0.7571984435797665,
          "support": 1449
        },
        "REM": {
          "precision": 0.8044254104211278,
          "recall": 0.8451443569553806,
          "f1": 0.8242823185225819,
          "support": 2667
        }
      }
    }
  }
}
{
  "schema_version": 1,
  "passed": true,
  "experiment_id": "E0",
  "outer_fold": 0,
  "seed": 123,
  "smoke": false,
  "manifest_sha256": "c3612bb59b99e2ae6a9ed6f167027d2183a77ce06729fecacb70d835f98c347d",
  "sequence_checkpoint_sha256": "44e9b87315a91a6f36f16b27a4d32fc0b4d9f1892e36670f8894655e8625186d",
  "roles": {
    "validation": {
      "records": 16,
      "valid_epochs": 18763,
      "prediction_sha256": "14263581f280e8209e1910c3477324f0bd099fdc3604a1062c4d515cbf8aa5f5",
      "metrics_sha256": "6434a842e077c76028dbb97e91d2cea1e7faf264a56886cd36a32de5689378c6"
    }
  }
}
{
  "run_manifest": {
    "schema_version": 1,
    "status": "complete",
    "experiment_id": "E1",
    "outer_fold": 0,
    "seed": 123,
    "device": "cuda",
    "smoke": false,
    "allow_test_evaluation": false,
    "resume": false,
    "config_sha256": "1d812bbfb45e9ca90e2654b41311954fd6e66a56e1bbcdbfba48df8147d0ae1b",
    "split_sha256": "6bc7ad74c07ff05f1d880cb5e720eea12386824ef465b966507906fa248925de",
    "git_commit": "88a5d2ccc231e2529b35847ba9b127a6aebe2e8e",
    "git_dirty": false,
    "runner_code_sha256": "12245ec0d2fe51a0843ed873d3080f752db23621c6e2b583bba4922be9be9a39",
    "config_path": "configs/experiments_v2.json",
    "split_path": "data/splits/sleepedf_sc_10fold_seed42_v2.json",
    "data_variant": "paper_raw_v1",
    "role_records": {
      "train": [
        "SC4011E",
        "SC4012E",
        "SC4021E",
        "SC4022E",
        "SC4031E",
        "SC4032E",
        "SC4051E",
        "SC4052E",
        "SC4061E",
        "SC4062E",
        "SC4071E",
        "SC4072E",
        "SC4081E",
        "SC4082E",
        "SC4091E",
        "SC4092E",
        "SC4101E",
        "SC4102E",
        "SC4111E",
        "SC4112E",
        "SC4121E",
        "SC4122E",
        "SC4131E",
        "SC4141E",
        "SC4142E",
        "SC4151E",
        "SC4152E",
        "SC4161E",
        "SC4162E",
        "SC4171E",
        "SC4172E",
        "SC4191E",
        "SC4192E",
        "SC4201E",
        "SC4202E",
        "SC4221E",
        "SC4222E",
        "SC4231E",
        "SC4232E",
        "SC4241E",
        "SC4242E",
        "SC4271F",
        "SC4272F",
        "SC4291G",
        "SC4292G",
        "SC4301E",
        "SC4302E",
        "SC4311E",
        "SC4312E",
        "SC4321E",
        "SC4322E",
        "SC4341F",
        "SC4342F",
        "SC4351F",
        "SC4352F",
        "SC4362F",
        "SC4381F",
        "SC4382F",
        "SC4401E",
        "SC4402E",
        "SC4421E",
        "SC4422E",
        "SC4441E",
        "SC4442E",
        "SC4451F",
        "SC4452F",
        "SC4461F",
        "SC4462F",
        "SC4471F",
        "SC4472F",
        "SC4481F",
        "SC4482F",
        "SC4491G",
        "SC4492G",
        "SC4501E",
        "SC4502E",
        "SC4522E",
        "SC4531E",
        "SC4532E",
        "SC4541F",
        "SC4542F",
        "SC4551F",
        "SC4552F",
        "SC4561F",
        "SC4562F",
        "SC4581G",
        "SC4582G",
        "SC4621E",
        "SC4622E",
        "SC4631E",
        "SC4632E",
        "SC4641E",
        "SC4642E",
        "SC4651E",
        "SC4652E",
        "SC4661E",
        "SC4662E",
        "SC4671G",
        "SC4672G",
        "SC4701E",
        "SC4702E",
        "SC4711E",
        "SC4712E",
        "SC4721E",
        "SC4722E",
        "SC4731E",
        "SC4732E",
        "SC4741E",
        "SC4742E",
        "SC4751E",
        "SC4752E",
        "SC4761E",
        "SC4762E",
        "SC4771G",
        "SC4772G",
        "SC4801G",
        "SC4802G",
        "SC4811G",
        "SC4812G",
        "SC4821G",
        "SC4822G"
      ],
      "validation": [
        "SC4041E",
        "SC4042E",
        "SC4181E",
        "SC4182E",
        "SC4211E",
        "SC4212E",
        "SC4261F",
        "SC4262F",
        "SC4371F",
        "SC4372F",
        "SC4431E",
        "SC4432E",
        "SC4571F",
        "SC4572F",
        "SC4591G",
        "SC4592G"
      ],
      "test": "locked_until_best_checkpoint"
    },
    "extractor_sha256": "1cdec103d20a935ad92a5e552af6cbc0baaaa9fc90939e9fba7c11cf9d536c9f",
    "sequence_checkpoint_sha256": "b0d455705dba0659ed806c8b200442c8a1e30a4d3e42260e8cb76775bd7a2ed0",
    "metrics_roles": [
      "validation"
    ]
  },
  "metrics": {
    "validation": {
      "n_valid_epochs": 18763,
      "accuracy": 0.8173000053296381,
      "macro_f1": 0.7746121495485339,
      "cohen_kappa": 0.7519385954695064,
      "confusion_matrix": [
        [
          4834,
          387,
          63,
          5,
          47
        ],
        [
          394,
          1199,
          442,
          2,
          264
        ],
        [
          82,
          530,
          5967,
          147,
          284
        ],
        [
          2,
          1,
          472,
          974,
          0
        ],
        [
          56,
          149,
          101,
          0,
          2361
        ]
      ],
      "per_class": {
        "W": {
          "precision": 0.900521609538003,
          "recall": 0.9059220389805097,
          "f1": 0.9032137518684603,
          "support": 5336
        },
        "N1": {
          "precision": 0.529126213592233,
          "recall": 0.5210777922642329,
          "f1": 0.5250711626888548,
          "support": 2301
        },
        "N2": {
          "precision": 0.8469836763662172,
          "recall": 0.8512125534950071,
          "f1": 0.849092849519744,
          "support": 7010
        },
        "N3": {
          "precision": 0.8634751773049646,
          "recall": 0.6721877156659766,
          "f1": 0.7559177337989912,
          "support": 1449
        },
        "REM": {
          "precision": 0.7987144790257105,
          "recall": 0.8852643419572553,
          "f1": 0.8397652498666192,
          "support": 2667
        }
      }
    }
  }
}
{
  "schema_version": 1,
  "passed": true,
  "experiment_id": "E1",
  "outer_fold": 0,
  "seed": 123,
  "smoke": false,
  "manifest_sha256": "0fa78428c6f4dd238ab39f1d95bd74075d82fd0ef1cc68bc2983ac49e4f2d845",
  "sequence_checkpoint_sha256": "b0d455705dba0659ed806c8b200442c8a1e30a4d3e42260e8cb76775bd7a2ed0",
  "roles": {
    "validation": {
      "records": 16,
      "valid_epochs": 18763,
      "prediction_sha256": "d6ff88df5409bb83a4459aae4e4d49212d266a621047fce1b07c955d6fe395de",
      "metrics_sha256": "f9926ead4093de3c7e8dd2ffe8265b4a1c61780fac0f02ba0d4d8de3a5edb70c"
    }
  }
}
{
  "run_manifest": {
    "schema_version": 1,
    "status": "complete",
    "experiment_id": "E2",
    "outer_fold": 0,
    "seed": 123,
    "device": "cuda",
    "smoke": false,
    "allow_test_evaluation": false,
    "resume": false,
    "config_sha256": "1d812bbfb45e9ca90e2654b41311954fd6e66a56e1bbcdbfba48df8147d0ae1b",
    "split_sha256": "6bc7ad74c07ff05f1d880cb5e720eea12386824ef465b966507906fa248925de",
    "git_commit": "88a5d2ccc231e2529b35847ba9b127a6aebe2e8e",
    "git_dirty": false,
    "runner_code_sha256": "12245ec0d2fe51a0843ed873d3080f752db23621c6e2b583bba4922be9be9a39",
    "config_path": "configs/experiments_v2.json",
    "split_path": "data/splits/sleepedf_sc_10fold_seed42_v2.json",
    "data_variant": "paper_raw_v1",
    "role_records": {
      "train": [
        "SC4011E",
        "SC4012E",
        "SC4021E",
        "SC4022E",
        "SC4031E",
        "SC4032E",
        "SC4051E",
        "SC4052E",
        "SC4061E",
        "SC4062E",
        "SC4071E",
        "SC4072E",
        "SC4081E",
        "SC4082E",
        "SC4091E",
        "SC4092E",
        "SC4101E",
        "SC4102E",
        "SC4111E",
        "SC4112E",
        "SC4121E",
        "SC4122E",
        "SC4131E",
        "SC4141E",
        "SC4142E",
        "SC4151E",
        "SC4152E",
        "SC4161E",
        "SC4162E",
        "SC4171E",
        "SC4172E",
        "SC4191E",
        "SC4192E",
        "SC4201E",
        "SC4202E",
        "SC4221E",
        "SC4222E",
        "SC4231E",
        "SC4232E",
        "SC4241E",
        "SC4242E",
        "SC4271F",
        "SC4272F",
        "SC4291G",
        "SC4292G",
        "SC4301E",
        "SC4302E",
        "SC4311E",
        "SC4312E",
        "SC4321E",
        "SC4322E",
        "SC4341F",
        "SC4342F",
        "SC4351F",
        "SC4352F",
        "SC4362F",
        "SC4381F",
        "SC4382F",
        "SC4401E",
        "SC4402E",
        "SC4421E",
        "SC4422E",
        "SC4441E",
        "SC4442E",
        "SC4451F",
        "SC4452F",
        "SC4461F",
        "SC4462F",
        "SC4471F",
        "SC4472F",
        "SC4481F",
        "SC4482F",
        "SC4491G",
        "SC4492G",
        "SC4501E",
        "SC4502E",
        "SC4522E",
        "SC4531E",
        "SC4532E",
        "SC4541F",
        "SC4542F",
        "SC4551F",
        "SC4552F",
        "SC4561F",
        "SC4562F",
        "SC4581G",
        "SC4582G",
        "SC4621E",
        "SC4622E",
        "SC4631E",
        "SC4632E",
        "SC4641E",
        "SC4642E",
        "SC4651E",
        "SC4652E",
        "SC4661E",
        "SC4662E",
        "SC4671G",
        "SC4672G",
        "SC4701E",
        "SC4702E",
        "SC4711E",
        "SC4712E",
        "SC4721E",
        "SC4722E",
        "SC4731E",
        "SC4732E",
        "SC4741E",
        "SC4742E",
        "SC4751E",
        "SC4752E",
        "SC4761E",
        "SC4762E",
        "SC4771G",
        "SC4772G",
        "SC4801G",
        "SC4802G",
        "SC4811G",
        "SC4812G",
        "SC4821G",
        "SC4822G"
      ],
      "validation": [
        "SC4041E",
        "SC4042E",
        "SC4181E",
        "SC4182E",
        "SC4211E",
        "SC4212E",
        "SC4261F",
        "SC4262F",
        "SC4371F",
        "SC4372F",
        "SC4431E",
        "SC4432E",
        "SC4571F",
        "SC4572F",
        "SC4591G",
        "SC4592G"
      ],
      "test": "locked_until_best_checkpoint"
    },
    "extractor_sha256": "74793a14b914ac54573f9f52a1979d007e4b24817390c9ff8a64a674e0df6304",
    "sequence_checkpoint_sha256": "80d3223147883a36f83620984915c2c3ca45895fa68c8dbc6b3160b2590d53c7",
    "metrics_roles": [
      "validation"
    ]
  },
  "metrics": {
    "validation": {
      "n_valid_epochs": 18763,
      "accuracy": 0.8209774556307626,
      "macro_f1": 0.7815122025802006,
      "cohen_kappa": 0.7566176736079023,
      "confusion_matrix": [
        [
          4861,
          360,
          78,
          6,
          31
        ],
        [
          295,
          1144,
          625,
          8,
          229
        ],
        [
          59,
          486,
          6010,
          199,
          256
        ],
        [
          1,
          0,
          348,
          1098,
          2
        ],
        [
          66,
          155,
          155,
          0,
          2291
        ]
      ],
      "per_class": {
        "W": {
          "precision": 0.9202953426732299,
          "recall": 0.9109820089955023,
          "f1": 0.9156149934074214,
          "support": 5336
        },
        "N1": {
          "precision": 0.5333333333333333,
          "recall": 0.4971751412429379,
          "f1": 0.5146198830409358,
          "support": 2301
        },
        "N2": {
          "precision": 0.8328713968957872,
          "recall": 0.8573466476462197,
          "f1": 0.8449318149866442,
          "support": 7010
        },
        "N3": {
          "precision": 0.8375286041189931,
          "recall": 0.7577639751552795,
          "f1": 0.7956521739130434,
          "support": 1449
        },
        "REM": {
          "precision": 0.8155927376290495,
          "recall": 0.8590176227971503,
          "f1": 0.8367421475529584,
          "support": 2667
        }
      }
    }
  }
}
{
  "schema_version": 1,
  "passed": true,
  "experiment_id": "E2",
  "outer_fold": 0,
  "seed": 123,
  "smoke": false,
  "manifest_sha256": "ea7fc082c431359c5510121fa7aaf6fb19f12f1a9ee1be0b2e432ca41511d457",
  "sequence_checkpoint_sha256": "80d3223147883a36f83620984915c2c3ca45895fa68c8dbc6b3160b2590d53c7",
  "roles": {
    "validation": {
      "records": 16,
      "valid_epochs": 18763,
      "prediction_sha256": "d56e99de4e94688501b3fc2554aae673352350a27fe984b43565318e73091b74",
      "metrics_sha256": "6b088e98838dd1c19651b87f9ab517febbb9a7a423b9bad933ac732b3a357b44"
    }
  }
}
{
  "run_manifest": {
    "schema_version": 1,
    "status": "complete",
    "experiment_id": "E3",
    "outer_fold": 0,
    "seed": 123,
    "device": "cuda",
    "smoke": false,
    "allow_test_evaluation": false,
    "resume": false,
    "config_sha256": "1d812bbfb45e9ca90e2654b41311954fd6e66a56e1bbcdbfba48df8147d0ae1b",
    "split_sha256": "6bc7ad74c07ff05f1d880cb5e720eea12386824ef465b966507906fa248925de",
    "git_commit": "88a5d2ccc231e2529b35847ba9b127a6aebe2e8e",
    "git_dirty": false,
    "runner_code_sha256": "12245ec0d2fe51a0843ed873d3080f752db23621c6e2b583bba4922be9be9a39",
    "config_path": "configs/experiments_v2.json",
    "split_path": "data/splits/sleepedf_sc_10fold_seed42_v2.json",
    "data_variant": "filtered_v2",
    "role_records": {
      "train": [
        "SC4011E",
        "SC4012E",
        "SC4021E",
        "SC4022E",
        "SC4031E",
        "SC4032E",
        "SC4051E",
        "SC4052E",
        "SC4061E",
        "SC4062E",
        "SC4071E",
        "SC4072E",
        "SC4081E",
        "SC4082E",
        "SC4091E",
        "SC4092E",
        "SC4101E",
        "SC4102E",
        "SC4111E",
        "SC4112E",
        "SC4121E",
        "SC4122E",
        "SC4131E",
        "SC4141E",
        "SC4142E",
        "SC4151E",
        "SC4152E",
        "SC4161E",
        "SC4162E",
        "SC4171E",
        "SC4172E",
        "SC4191E",
        "SC4192E",
        "SC4201E",
        "SC4202E",
        "SC4221E",
        "SC4222E",
        "SC4231E",
        "SC4232E",
        "SC4241E",
        "SC4242E",
        "SC4271F",
        "SC4272F",
        "SC4291G",
        "SC4292G",
        "SC4301E",
        "SC4302E",
        "SC4311E",
        "SC4312E",
        "SC4321E",
        "SC4322E",
        "SC4341F",
        "SC4342F",
        "SC4351F",
        "SC4352F",
        "SC4362F",
        "SC4381F",
        "SC4382F",
        "SC4401E",
        "SC4402E",
        "SC4421E",
        "SC4422E",
        "SC4441E",
        "SC4442E",
        "SC4451F",
        "SC4452F",
        "SC4461F",
        "SC4462F",
        "SC4471F",
        "SC4472F",
        "SC4481F",
        "SC4482F",
        "SC4491G",
        "SC4492G",
        "SC4501E",
        "SC4502E",
        "SC4522E",
        "SC4531E",
        "SC4532E",
        "SC4541F",
        "SC4542F",
        "SC4551F",
        "SC4552F",
        "SC4561F",
        "SC4562F",
        "SC4581G",
        "SC4582G",
        "SC4621E",
        "SC4622E",
        "SC4631E",
        "SC4632E",
        "SC4641E",
        "SC4642E",
        "SC4651E",
        "SC4652E",
        "SC4661E",
        "SC4662E",
        "SC4671G",
        "SC4672G",
        "SC4701E",
        "SC4702E",
        "SC4711E",
        "SC4712E",
        "SC4721E",
        "SC4722E",
        "SC4731E",
        "SC4732E",
        "SC4741E",
        "SC4742E",
        "SC4751E",
        "SC4752E",
        "SC4761E",
        "SC4762E",
        "SC4771G",
        "SC4772G",
        "SC4801G",
        "SC4802G",
        "SC4811G",
        "SC4812G",
        "SC4821G",
        "SC4822G"
      ],
      "validation": [
        "SC4041E",
        "SC4042E",
        "SC4181E",
        "SC4182E",
        "SC4211E",
        "SC4212E",
        "SC4261F",
        "SC4262F",
        "SC4371F",
        "SC4372F",
        "SC4431E",
        "SC4432E",
        "SC4571F",
        "SC4572F",
        "SC4591G",
        "SC4592G"
      ],
      "test": "locked_until_best_checkpoint"
    },
    "extractor_sha256": "ff5a2ad852e7c7edb353bdfca36f96921a8365454e5e1743e99c458496831b89",
    "sequence_checkpoint_sha256": "6b132ddca20e2348b49a7987dbc0820fadb218308afbb145fd44078c8faf64f4",
    "metrics_roles": [
      "validation"
    ]
  },
  "metrics": {
    "validation": {
      "n_valid_epochs": 18763,
      "accuracy": 0.8168736342802324,
      "macro_f1": 0.7764772022268487,
      "cohen_kappa": 0.7526308764560714,
      "confusion_matrix": [
        [
          4884,
          343,
          40,
          16,
          53
        ],
        [
          396,
          1225,
          391,
          3,
          286
        ],
        [
          66,
          614,
          5841,
          196,
          293
        ],
        [
          4,
          5,
          391,
          1048,
          1
        ],
        [
          63,
          181,
          94,
          0,
          2329
        ]
      ],
      "per_class": {
        "W": {
          "precision": 0.9022723074080916,
          "recall": 0.9152923538230885,
          "f1": 0.908735696343846,
          "support": 5336
        },
        "N1": {
          "precision": 0.5173141891891891,
          "recall": 0.5323772272924815,
          "f1": 0.5247376311844077,
          "support": 2301
        },
        "N2": {
          "precision": 0.8644368802723102,
          "recall": 0.8332382310984308,
          "f1": 0.8485508825452169,
          "support": 7010
        },
        "N3": {
          "precision": 0.8297703879651623,
          "recall": 0.7232574189095928,
          "f1": 0.7728613569321534,
          "support": 1449
        },
        "REM": {
          "precision": 0.7862930452397029,
          "recall": 0.8732658417697787,
          "f1": 0.8275004441286197,
          "support": 2667
        }
      }
    }
  }
}
{
  "schema_version": 1,
  "passed": true,
  "experiment_id": "E3",
  "outer_fold": 0,
  "seed": 123,
  "smoke": false,
  "manifest_sha256": "848678bc020f5b2941055d9827b465610aacc498cf99123f3d33be5fe4094f1a",
  "sequence_checkpoint_sha256": "6b132ddca20e2348b49a7987dbc0820fadb218308afbb145fd44078c8faf64f4",
  "roles": {
    "validation": {
      "records": 16,
      "valid_epochs": 18763,
      "prediction_sha256": "8148e7a48ca6b712fc0dab9c741a886066c24cc30754fba168f55d67037f5463",
      "metrics_sha256": "6f264b81ace0cd00fd864d0e1abafdc7762dcc1fb829f5571f574bea2c0bb0d3"
    }
  }
}
{
  "run_manifest": {
    "schema_version": 1,
    "status": "complete",
    "experiment_id": "E4",
    "outer_fold": 0,
    "seed": 123,
    "device": "cuda",
    "smoke": false,
    "allow_test_evaluation": false,
    "resume": false,
    "config_sha256": "1d812bbfb45e9ca90e2654b41311954fd6e66a56e1bbcdbfba48df8147d0ae1b",
    "split_sha256": "6bc7ad74c07ff05f1d880cb5e720eea12386824ef465b966507906fa248925de",
    "git_commit": "88a5d2ccc231e2529b35847ba9b127a6aebe2e8e",
    "git_dirty": false,
    "runner_code_sha256": "12245ec0d2fe51a0843ed873d3080f752db23621c6e2b583bba4922be9be9a39",
    "config_path": "configs/experiments_v2.json",
    "split_path": "data/splits/sleepedf_sc_10fold_seed42_v2.json",
    "data_variant": "bandpass_v2",
    "role_records": {
      "train": [
        "SC4011E",
        "SC4012E",
        "SC4021E",
        "SC4022E",
        "SC4031E",
        "SC4032E",
        "SC4051E",
        "SC4052E",
        "SC4061E",
        "SC4062E",
        "SC4071E",
        "SC4072E",
        "SC4081E",
        "SC4082E",
        "SC4091E",
        "SC4092E",
        "SC4101E",
        "SC4102E",
        "SC4111E",
        "SC4112E",
        "SC4121E",
        "SC4122E",
        "SC4131E",
        "SC4141E",
        "SC4142E",
        "SC4151E",
        "SC4152E",
        "SC4161E",
        "SC4162E",
        "SC4171E",
        "SC4172E",
        "SC4191E",
        "SC4192E",
        "SC4201E",
        "SC4202E",
        "SC4221E",
        "SC4222E",
        "SC4231E",
        "SC4232E",
        "SC4241E",
        "SC4242E",
        "SC4271F",
        "SC4272F",
        "SC4291G",
        "SC4292G",
        "SC4301E",
        "SC4302E",
        "SC4311E",
        "SC4312E",
        "SC4321E",
        "SC4322E",
        "SC4341F",
        "SC4342F",
        "SC4351F",
        "SC4352F",
        "SC4362F",
        "SC4381F",
        "SC4382F",
        "SC4401E",
        "SC4402E",
        "SC4421E",
        "SC4422E",
        "SC4441E",
        "SC4442E",
        "SC4451F",
        "SC4452F",
        "SC4461F",
        "SC4462F",
        "SC4471F",
        "SC4472F",
        "SC4481F",
        "SC4482F",
        "SC4491G",
        "SC4492G",
        "SC4501E",
        "SC4502E",
        "SC4522E",
        "SC4531E",
        "SC4532E",
        "SC4541F",
        "SC4542F",
        "SC4551F",
        "SC4552F",
        "SC4561F",
        "SC4562F",
        "SC4581G",
        "SC4582G",
        "SC4621E",
        "SC4622E",
        "SC4631E",
        "SC4632E",
        "SC4641E",
        "SC4642E",
        "SC4651E",
        "SC4652E",
        "SC4661E",
        "SC4662E",
        "SC4671G",
        "SC4672G",
        "SC4701E",
        "SC4702E",
        "SC4711E",
        "SC4712E",
        "SC4721E",
        "SC4722E",
        "SC4731E",
        "SC4732E",
        "SC4741E",
        "SC4742E",
        "SC4751E",
        "SC4752E",
        "SC4761E",
        "SC4762E",
        "SC4771G",
        "SC4772G",
        "SC4801G",
        "SC4802G",
        "SC4811G",
        "SC4812G",
        "SC4821G",
        "SC4822G"
      ],
      "validation": [
        "SC4041E",
        "SC4042E",
        "SC4181E",
        "SC4182E",
        "SC4211E",
        "SC4212E",
        "SC4261F",
        "SC4262F",
        "SC4371F",
        "SC4372F",
        "SC4431E",
        "SC4432E",
        "SC4571F",
        "SC4572F",
        "SC4591G",
        "SC4592G"
      ],
      "test": "locked_until_best_checkpoint"
    },
    "extractor_sha256": "e3b7e0cdbfae3f5cb8b6608d7af064b68e62456364c595301a82178c1c00afb0",
    "sequence_checkpoint_sha256": "650cbdc36fabb2046e6da11532113b21708b5cd521d15460b5f0866a4bd3639f",
    "metrics_roles": [
      "validation"
    ]
  },
  "metrics": {
    "validation": {
      "n_valid_epochs": 18763,
      "accuracy": 0.8178329691413952,
      "macro_f1": 0.7792433275719696,
      "cohen_kappa": 0.7538282213387815,
      "confusion_matrix": [
        [
          4927,
          331,
          36,
          7,
          35
        ],
        [
          434,
          1249,
          387,
          2,
          229
        ],
        [
          82,
          645,
          5813,
          196,
          274
        ],
        [
          6,
          4,
          389,
          1049,
          1
        ],
        [
          75,
          195,
          90,
          0,
          2307
        ]
      ],
      "per_class": {
        "W": {
          "precision": 0.8919261404779145,
          "recall": 0.9233508245877061,
          "f1": 0.907366482504604,
          "support": 5336
        },
        "N1": {
          "precision": 0.5152640264026402,
          "recall": 0.5428074750108648,
          "f1": 0.5286772486772486,
          "support": 2301
        },
        "N2": {
          "precision": 0.8656738644825018,
          "recall": 0.829243937232525,
          "f1": 0.8470673952641166,
          "support": 7010
        },
        "N3": {
          "precision": 0.8365231259968102,
          "recall": 0.7239475500345065,
          "f1": 0.7761746207917128,
          "support": 1449
        },
        "REM": {
          "precision": 0.8106113843991567,
          "recall": 0.8650168728908887,
          "f1": 0.8369308906221659,
          "support": 2667
        }
      }
    }
  }
}
{
  "schema_version": 1,
  "passed": true,
  "experiment_id": "E4",
  "outer_fold": 0,
  "seed": 123,
  "smoke": false,
  "manifest_sha256": "1e6a8d76df0daa1f936b44aa6622684b36f34d035ba875a7698173b16dce4c5b",
  "sequence_checkpoint_sha256": "650cbdc36fabb2046e6da11532113b21708b5cd521d15460b5f0866a4bd3639f",
  "roles": {
    "validation": {
      "records": 16,
      "valid_epochs": 18763,
      "prediction_sha256": "0c3886667b9f4f8faa3264b5b77d73c2ed8e3cc1def614b5a535c2651088fb52",
      "metrics_sha256": "b1151f20cf536fb169a44503eb03d605e6fdd900fc49ae5dcdf20aeaeb85c41c"
    }
  }
}
{
  "run_manifest": {
    "schema_version": 1,
    "status": "complete",
    "experiment_id": "E6",
    "outer_fold": 0,
    "seed": 123,
    "device": "cuda",
    "smoke": false,
    "allow_test_evaluation": false,
    "resume": false,
    "config_sha256": "1d812bbfb45e9ca90e2654b41311954fd6e66a56e1bbcdbfba48df8147d0ae1b",
    "split_sha256": "6bc7ad74c07ff05f1d880cb5e720eea12386824ef465b966507906fa248925de",
    "git_commit": "88a5d2ccc231e2529b35847ba9b127a6aebe2e8e",
    "git_dirty": false,
    "runner_code_sha256": "12245ec0d2fe51a0843ed873d3080f752db23621c6e2b583bba4922be9be9a39",
    "config_path": "configs/experiments_v2.json",
    "split_path": "data/splits/sleepedf_sc_10fold_seed42_v2.json",
    "data_variant": "filtered_zscore_v2",
    "role_records": {
      "train": [
        "SC4011E",
        "SC4012E",
        "SC4021E",
        "SC4022E",
        "SC4031E",
        "SC4032E",
        "SC4051E",
        "SC4052E",
        "SC4061E",
        "SC4062E",
        "SC4071E",
        "SC4072E",
        "SC4081E",
        "SC4082E",
        "SC4091E",
        "SC4092E",
        "SC4101E",
        "SC4102E",
        "SC4111E",
        "SC4112E",
        "SC4121E",
        "SC4122E",
        "SC4131E",
        "SC4141E",
        "SC4142E",
        "SC4151E",
        "SC4152E",
        "SC4161E",
        "SC4162E",
        "SC4171E",
        "SC4172E",
        "SC4191E",
        "SC4192E",
        "SC4201E",
        "SC4202E",
        "SC4221E",
        "SC4222E",
        "SC4231E",
        "SC4232E",
        "SC4241E",
        "SC4242E",
        "SC4271F",
        "SC4272F",
        "SC4291G",
        "SC4292G",
        "SC4301E",
        "SC4302E",
        "SC4311E",
        "SC4312E",
        "SC4321E",
        "SC4322E",
        "SC4341F",
        "SC4342F",
        "SC4351F",
        "SC4352F",
        "SC4362F",
        "SC4381F",
        "SC4382F",
        "SC4401E",
        "SC4402E",
        "SC4421E",
        "SC4422E",
        "SC4441E",
        "SC4442E",
        "SC4451F",
        "SC4452F",
        "SC4461F",
        "SC4462F",
        "SC4471F",
        "SC4472F",
        "SC4481F",
        "SC4482F",
        "SC4491G",
        "SC4492G",
        "SC4501E",
        "SC4502E",
        "SC4522E",
        "SC4531E",
        "SC4532E",
        "SC4541F",
        "SC4542F",
        "SC4551F",
        "SC4552F",
        "SC4561F",
        "SC4562F",
        "SC4581G",
        "SC4582G",
        "SC4621E",
        "SC4622E",
        "SC4631E",
        "SC4632E",
        "SC4641E",
        "SC4642E",
        "SC4651E",
        "SC4652E",
        "SC4661E",
        "SC4662E",
        "SC4671G",
        "SC4672G",
        "SC4701E",
        "SC4702E",
        "SC4711E",
        "SC4712E",
        "SC4721E",
        "SC4722E",
        "SC4731E",
        "SC4732E",
        "SC4741E",
        "SC4742E",
        "SC4751E",
        "SC4752E",
        "SC4761E",
        "SC4762E",
        "SC4771G",
        "SC4772G",
        "SC4801G",
        "SC4802G",
        "SC4811G",
        "SC4812G",
        "SC4821G",
        "SC4822G"
      ],
      "validation": [
        "SC4041E",
        "SC4042E",
        "SC4181E",
        "SC4182E",
        "SC4211E",
        "SC4212E",
        "SC4261F",
        "SC4262F",
        "SC4371F",
        "SC4372F",
        "SC4431E",
        "SC4432E",
        "SC4571F",
        "SC4572F",
        "SC4591G",
        "SC4592G"
      ],
      "test": "locked_until_best_checkpoint"
    },
    "extractor_sha256": "be03a431795ba6402b552eae04b5fa6d8a2841d607b4c73f09cae0978e4d3129",
    "sequence_checkpoint_sha256": "90c7cd5ab1a61ae2a184ef10f04201c285b82cf37a705b6522c0a01b04ae924b",
    "metrics_roles": [
      "validation"
    ]
  },
  "metrics": {
    "validation": {
      "n_valid_epochs": 18763,
      "accuracy": 0.821297233917817,
      "macro_f1": 0.7880611433320176,
      "cohen_kappa": 0.7594966358075864,
      "confusion_matrix": [
        [
          4815,
          423,
          37,
          17,
          44
        ],
        [
          274,
          1350,
          423,
          3,
          251
        ],
        [
          68,
          596,
          5814,
          257,
          275
        ],
        [
          4,
          3,
          302,
          1140,
          0
        ],
        [
          64,
          179,
          133,
          0,
          2291
        ]
      ],
      "per_class": {
        "W": {
          "precision": 0.9215311004784689,
          "recall": 0.9023613193403298,
          "f1": 0.9118454691790551,
          "support": 5336
        },
        "N1": {
          "precision": 0.529204233633869,
          "recall": 0.5867014341590613,
          "f1": 0.5564715581203628,
          "support": 2301
        },
        "N2": {
          "precision": 0.866597108361902,
          "recall": 0.8293865905848787,
          "f1": 0.8475836431226766,
          "support": 7010
        },
        "N3": {
          "precision": 0.8045165843330981,
          "recall": 0.7867494824016563,
          "f1": 0.7955338450802512,
          "support": 1449
        },
        "REM": {
          "precision": 0.8007689619014331,
          "recall": 0.8590176227971503,
          "f1": 0.8288712011577424,
          "support": 2667
        }
      }
    }
  }
}
{
  "schema_version": 1,
  "passed": true,
  "experiment_id": "E6",
  "outer_fold": 0,
  "seed": 123,
  "smoke": false,
  "manifest_sha256": "3a41a752440ee6a838c5fdad59bc6000ef14a95ab99673cc707b444e034e468f",
  "sequence_checkpoint_sha256": "90c7cd5ab1a61ae2a184ef10f04201c285b82cf37a705b6522c0a01b04ae924b",
  "roles": {
    "validation": {
      "records": 16,
      "valid_epochs": 18763,
      "prediction_sha256": "b117beb6f22589431a6eeec717ac05e9bde9ea724b242da9144182c273168946",
      "metrics_sha256": "74169ed4edad2134d7a0f5aea07c75529627b0235e2acf25e144c229657792e7"
    }
  }
}
========== DONE fold_00 seed 123 2026-08-20T11:12:39+00:00 ==========
========== START fold_01 seed 123 2026-08-20T11:12:39+00:00 ==========
{
  "run_manifest": {
    "schema_version": 1,
    "status": "complete",
    "experiment_id": "E0",
    "outer_fold": 1,
    "seed": 123,
    "device": "cuda",
    "smoke": false,
    "allow_test_evaluation": false,
    "resume": false,
    "config_sha256": "1d812bbfb45e9ca90e2654b41311954fd6e66a56e1bbcdbfba48df8147d0ae1b",
    "split_sha256": "6bc7ad74c07ff05f1d880cb5e720eea12386824ef465b966507906fa248925de",
    "git_commit": "88a5d2ccc231e2529b35847ba9b127a6aebe2e8e",
    "git_dirty": false,
    "runner_code_sha256": "12245ec0d2fe51a0843ed873d3080f752db23621c6e2b583bba4922be9be9a39",
    "config_path": "configs/experiments_v2.json",
    "split_path": "data/splits/sleepedf_sc_10fold_seed42_v2.json",
    "data_variant": "paper_raw_v1",
    "role_records": {
      "train": [
        "SC4001E",
        "SC4002E",
        "SC4011E",
        "SC4012E",
        "SC4021E",
        "SC4022E",
        "SC4031E",
        "SC4032E",
        "SC4051E",
        "SC4052E",
        "SC4061E",
        "SC4062E",
        "SC4081E",
        "SC4082E",
        "SC4091E",
        "SC4092E",
        "SC4101E",
        "SC4102E",
        "SC4111E",
        "SC4112E",
        "SC4121E",
        "SC4122E",
        "SC4131E",
        "SC4141E",
        "SC4142E",
        "SC4151E",
        "SC4152E",
        "SC4161E",
        "SC4162E",
        "SC4191E",
        "SC4192E",
        "SC4201E",
        "SC4202E",
        "SC4221E",
        "SC4222E",
        "SC4231E",
        "SC4232E",
        "SC4251E",
        "SC4252E",
        "SC4281G",
        "SC4282G",
        "SC4301E",
        "SC4302E",
        "SC4311E",
        "SC4312E",
        "SC4321E",
        "SC4322E",
        "SC4331F",
        "SC4332F",
        "SC4341F",
        "SC4342F",
        "SC4351F",
        "SC4352F",
        "SC4362F",
        "SC4381F",
        "SC4382F",
        "SC4401E",
        "SC4402E",
        "SC4411E",
        "SC4412E",
        "SC4421E",
        "SC4422E",
        "SC4441E",
        "SC4442E",
        "SC4451F",
        "SC4452F",
        "SC4461F",
        "SC4462F",
        "SC4471F",
        "SC4472F",
        "SC4481F",
        "SC4482F",
        "SC4491G",
        "SC4492G",
        "SC4501E",
        "SC4502E",
        "SC4511E",
        "SC4512E",
        "SC4522E",
        "SC4531E",
        "SC4532E",
        "SC4541F",
        "SC4542F",
        "SC4551F",
        "SC4552F",
        "SC4561F",
        "SC4562F",
        "SC4581G",
        "SC4582G",
        "SC4601E",
        "SC4602E",
        "SC4611E",
        "SC4612E",
        "SC4621E",
        "SC4622E",
        "SC4631E",
        "SC4632E",
        "SC4641E",
        "SC4642E",
        "SC4651E",
        "SC4652E",
        "SC4661E",
        "SC4662E",
        "SC4671G",
        "SC4672G",
        "SC4701E",
        "SC4702E",
        "SC4711E",
        "SC4712E",
        "SC4721E",
        "SC4722E",
        "SC4741E",
        "SC4742E",
        "SC4751E",
        "SC4752E",
        "SC4761E",
        "SC4762E",
        "SC4771G",
        "SC4772G",
        "SC4801G",
        "SC4802G"
      ],
      "validation": [
        "SC4071E",
        "SC4072E",
        "SC4171E",
        "SC4172E",
        "SC4241E",
        "SC4242E",
        "SC4271F",
        "SC4272F",
        "SC4291G",
        "SC4292G",
        "SC4731E",
        "SC4732E",
        "SC4811G",
        "SC4812G",
        "SC4821G",
        "SC4822G"
      ],
      "test": "locked_until_best_checkpoint"
    },
    "extractor_sha256": "5721b106fde2364be871b08165b7795384921ec9f5a48d44e440be22dcc6f579",
    "sequence_checkpoint_sha256": "a5a938765cb484f3f6e449a142d0362f11ca843b5315d980b237614146139568",
    "metrics_roles": [
      "validation"
    ]
  },
  "metrics": {
    "validation": {
      "n_valid_epochs": 23881,
      "accuracy": 0.8804488924249403,
      "macro_f1": 0.8141620123864535,
      "cohen_kappa": 0.8313830903617185,
      "confusion_matrix": [
        [
          9472,
          259,
          54,
          8,
          119
        ],
        [
          301,
          850,
          558,
          1,
          201
        ],
        [
          45,
          304,
          6265,
          263,
          256
        ],
        [
          6,
          2,
          217,
          1743,
          0
        ],
        [
          52,
          72,
          137,
          0,
          2696
        ]
      ],
      "per_class": {
        "W": {
          "precision": 0.9590927501012556,
          "recall": 0.9556093623890234,
          "f1": 0.9573478876086517,
          "support": 9912
        },
        "N1": {
          "precision": 0.5716207128446537,
          "recall": 0.44479330193615907,
          "f1": 0.5002942907592702,
          "support": 1911
        },
        "N2": {
          "precision": 0.8664085188770572,
          "recall": 0.8783120706575074,
          "f1": 0.8723196881091618,
          "support": 7133
        },
        "N3": {
          "precision": 0.8650124069478908,
          "recall": 0.885670731707317,
          "f1": 0.875219683655536,
          "support": 1968
        },
        "REM": {
          "precision": 0.823960880195599,
          "recall": 0.9117348664186675,
          "f1": 0.8656285117996467,
          "support": 2957
        }
      }
    }
  }
}
{
  "schema_version": 1,
  "passed": true,
  "experiment_id": "E0",
  "outer_fold": 1,
  "seed": 123,
  "smoke": false,
  "manifest_sha256": "3934de7799c15f157e5b5b5b8f25e5cd1cc8224254b04d951fed48c3ff8c94b6",
  "sequence_checkpoint_sha256": "a5a938765cb484f3f6e449a142d0362f11ca843b5315d980b237614146139568",
  "roles": {
    "validation": {
      "records": 16,
      "valid_epochs": 23881,
      "prediction_sha256": "5bc1328f47fffffe7bfcf14e47d14c1edd568da5bf8bb32a445a876d0ace8abd",
      "metrics_sha256": "758738962b16e0384bb2467d193764357d889d9b329a4fecfec6a7c52a5633ad"
    }
  }
}
{
  "run_manifest": {
    "schema_version": 1,
    "status": "complete",
    "experiment_id": "E1",
    "outer_fold": 1,
    "seed": 123,
    "device": "cuda",
    "smoke": false,
    "allow_test_evaluation": false,
    "resume": false,
    "config_sha256": "1d812bbfb45e9ca90e2654b41311954fd6e66a56e1bbcdbfba48df8147d0ae1b",
    "split_sha256": "6bc7ad74c07ff05f1d880cb5e720eea12386824ef465b966507906fa248925de",
    "git_commit": "88a5d2ccc231e2529b35847ba9b127a6aebe2e8e",
    "git_dirty": false,
    "runner_code_sha256": "12245ec0d2fe51a0843ed873d3080f752db23621c6e2b583bba4922be9be9a39",
    "config_path": "configs/experiments_v2.json",
    "split_path": "data/splits/sleepedf_sc_10fold_seed42_v2.json",
    "data_variant": "paper_raw_v1",
    "role_records": {
      "train": [
        "SC4001E",
        "SC4002E",
        "SC4011E",
        "SC4012E",
        "SC4021E",
        "SC4022E",
        "SC4031E",
        "SC4032E",
        "SC4051E",
        "SC4052E",
        "SC4061E",
        "SC4062E",
        "SC4081E",
        "SC4082E",
        "SC4091E",
        "SC4092E",
        "SC4101E",
        "SC4102E",
        "SC4111E",
        "SC4112E",
        "SC4121E",
        "SC4122E",
        "SC4131E",
        "SC4141E",
        "SC4142E",
        "SC4151E",
        "SC4152E",
        "SC4161E",
        "SC4162E",
        "SC4191E",
        "SC4192E",
        "SC4201E",
        "SC4202E",
        "SC4221E",
        "SC4222E",
        "SC4231E",
        "SC4232E",
        "SC4251E",
        "SC4252E",
        "SC4281G",
        "SC4282G",
        "SC4301E",
        "SC4302E",
        "SC4311E",
        "SC4312E",
        "SC4321E",
        "SC4322E",
        "SC4331F",
        "SC4332F",
        "SC4341F",
        "SC4342F",
        "SC4351F",
        "SC4352F",
        "SC4362F",
        "SC4381F",
        "SC4382F",
        "SC4401E",
        "SC4402E",
        "SC4411E",
        "SC4412E",
        "SC4421E",
        "SC4422E",
        "SC4441E",
        "SC4442E",
        "SC4451F",
        "SC4452F",
        "SC4461F",
        "SC4462F",
        "SC4471F",
        "SC4472F",
        "SC4481F",
        "SC4482F",
        "SC4491G",
        "SC4492G",
        "SC4501E",
        "SC4502E",
        "SC4511E",
        "SC4512E",
        "SC4522E",
        "SC4531E",
        "SC4532E",
        "SC4541F",
        "SC4542F",
        "SC4551F",
        "SC4552F",
        "SC4561F",
        "SC4562F",
        "SC4581G",
        "SC4582G",
        "SC4601E",
        "SC4602E",
        "SC4611E",
        "SC4612E",
        "SC4621E",
        "SC4622E",
        "SC4631E",
        "SC4632E",
        "SC4641E",
        "SC4642E",
        "SC4651E",
        "SC4652E",
        "SC4661E",
        "SC4662E",
        "SC4671G",
        "SC4672G",
        "SC4701E",
        "SC4702E",
        "SC4711E",
        "SC4712E",
        "SC4721E",
        "SC4722E",
        "SC4741E",
        "SC4742E",
        "SC4751E",
        "SC4752E",
        "SC4761E",
        "SC4762E",
        "SC4771G",
        "SC4772G",
        "SC4801G",
        "SC4802G"
      ],
      "validation": [
        "SC4071E",
        "SC4072E",
        "SC4171E",
        "SC4172E",
        "SC4241E",
        "SC4242E",
        "SC4271F",
        "SC4272F",
        "SC4291G",
        "SC4292G",
        "SC4731E",
        "SC4732E",
        "SC4811G",
        "SC4812G",
        "SC4821G",
        "SC4822G"
      ],
      "test": "locked_until_best_checkpoint"
    },
    "extractor_sha256": "5721b106fde2364be871b08165b7795384921ec9f5a48d44e440be22dcc6f579",
    "sequence_checkpoint_sha256": "960f1feffcd908646a5f5c5db469b27f3b250a502a19163b165febb6da018b96",
    "metrics_roles": [
      "validation"
    ]
  },
  "metrics": {
    "validation": {
      "n_valid_epochs": 23881,
      "accuracy": 0.868933461747833,
      "macro_f1": 0.8099921745062995,
      "cohen_kappa": 0.8171499655107755,
      "confusion_matrix": [
        [
          9203,
          492,
          59,
          11,
          147
        ],
        [
          169,
          1020,
          515,
          1,
          206
        ],
        [
          21,
          426,
          6141,
          278,
          267
        ],
        [
          0,
          7,
          204,
          1757,
          0
        ],
        [
          18,
          131,
          178,
          0,
          2630
        ]
      ],
      "per_class": {
        "W": {
          "precision": 0.9778982042290936,
          "recall": 0.9284705407586763,
          "f1": 0.9525436008901309,
          "support": 9912
        },
        "N1": {
          "precision": 0.4913294797687861,
          "recall": 0.533751962323391,
          "f1": 0.5116629044394282,
          "support": 1911
        },
        "N2": {
          "precision": 0.8652951951528814,
          "recall": 0.860928080751437,
          "f1": 0.8631061138439916,
          "support": 7133
        },
        "N3": {
          "precision": 0.8583292623351245,
          "recall": 0.8927845528455285,
          "f1": 0.8752179327521793,
          "support": 1968
        },
        "REM": {
          "precision": 0.8092307692307692,
          "recall": 0.8894149475820088,
          "f1": 0.8474303206057677,
          "support": 2957
        }
      }
    }
  }
}
{
  "schema_version": 1,
  "passed": true,
  "experiment_id": "E1",
  "outer_fold": 1,
  "seed": 123,
  "smoke": false,
  "manifest_sha256": "1abbd0034e3871cf1234143586c6807f523fd1fc38d9951bf4be32e27f8470d5",
  "sequence_checkpoint_sha256": "960f1feffcd908646a5f5c5db469b27f3b250a502a19163b165febb6da018b96",
  "roles": {
    "validation": {
      "records": 16,
      "valid_epochs": 23881,
      "prediction_sha256": "91ef14f8792934a8c3977755078a82edecb3ad1c15cc3dd5fd0d4ff3abe078d1",
      "metrics_sha256": "ee87739f7fadb9aad75f1aa42c610a64cae45e6291178d99e2e318620d85fa4c"
    }
  }
}
{
  "run_manifest": {
    "schema_version": 1,
    "status": "complete",
    "experiment_id": "E2",
    "outer_fold": 1,
    "seed": 123,
    "device": "cuda",
    "smoke": false,
    "allow_test_evaluation": false,
    "resume": false,
    "config_sha256": "1d812bbfb45e9ca90e2654b41311954fd6e66a56e1bbcdbfba48df8147d0ae1b",
    "split_sha256": "6bc7ad74c07ff05f1d880cb5e720eea12386824ef465b966507906fa248925de",
    "git_commit": "88a5d2ccc231e2529b35847ba9b127a6aebe2e8e",
    "git_dirty": false,
    "runner_code_sha256": "12245ec0d2fe51a0843ed873d3080f752db23621c6e2b583bba4922be9be9a39",
    "config_path": "configs/experiments_v2.json",
    "split_path": "data/splits/sleepedf_sc_10fold_seed42_v2.json",
    "data_variant": "paper_raw_v1",
    "role_records": {
      "train": [
        "SC4001E",
        "SC4002E",
        "SC4011E",
        "SC4012E",
        "SC4021E",
        "SC4022E",
        "SC4031E",
        "SC4032E",
        "SC4051E",
        "SC4052E",
        "SC4061E",
        "SC4062E",
        "SC4081E",
        "SC4082E",
        "SC4091E",
        "SC4092E",
        "SC4101E",
        "SC4102E",
        "SC4111E",
        "SC4112E",
        "SC4121E",
        "SC4122E",
        "SC4131E",
        "SC4141E",
        "SC4142E",
        "SC4151E",
        "SC4152E",
        "SC4161E",
        "SC4162E",
        "SC4191E",
        "SC4192E",
        "SC4201E",
        "SC4202E",
        "SC4221E",
        "SC4222E",
        "SC4231E",
        "SC4232E",
        "SC4251E",
        "SC4252E",
        "SC4281G",
        "SC4282G",
        "SC4301E",
        "SC4302E",
        "SC4311E",
        "SC4312E",
        "SC4321E",
        "SC4322E",
        "SC4331F",
        "SC4332F",
        "SC4341F",
        "SC4342F",
        "SC4351F",
        "SC4352F",
        "SC4362F",
        "SC4381F",
        "SC4382F",
        "SC4401E",
        "SC4402E",
        "SC4411E",
        "SC4412E",
        "SC4421E",
        "SC4422E",
        "SC4441E",
        "SC4442E",
        "SC4451F",
        "SC4452F",
        "SC4461F",
        "SC4462F",
        "SC4471F",
        "SC4472F",
        "SC4481F",
        "SC4482F",
        "SC4491G",
        "SC4492G",
        "SC4501E",
        "SC4502E",
        "SC4511E",
        "SC4512E",
        "SC4522E",
        "SC4531E",
        "SC4532E",
        "SC4541F",
        "SC4542F",
        "SC4551F",
        "SC4552F",
        "SC4561F",
        "SC4562F",
        "SC4581G",
        "SC4582G",
        "SC4601E",
        "SC4602E",
        "SC4611E",
        "SC4612E",
        "SC4621E",
        "SC4622E",
        "SC4631E",
        "SC4632E",
        "SC4641E",
        "SC4642E",
        "SC4651E",
        "SC4652E",
        "SC4661E",
        "SC4662E",
        "SC4671G",
        "SC4672G",
        "SC4701E",
        "SC4702E",
        "SC4711E",
        "SC4712E",
        "SC4721E",
        "SC4722E",
        "SC4741E",
        "SC4742E",
        "SC4751E",
        "SC4752E",
        "SC4761E",
        "SC4762E",
        "SC4771G",
        "SC4772G",
        "SC4801G",
        "SC4802G"
      ],
      "validation": [
        "SC4071E",
        "SC4072E",
        "SC4171E",
        "SC4172E",
        "SC4241E",
        "SC4242E",
        "SC4271F",
        "SC4272F",
        "SC4291G",
        "SC4292G",
        "SC4731E",
        "SC4732E",
        "SC4811G",
        "SC4812G",
        "SC4821G",
        "SC4822G"
      ],
      "test": "locked_until_best_checkpoint"
    },
    "extractor_sha256": "d550c82b728ed9d70147b8bf228a09b1da4e1a07f68ec0979fda2d3413f3920d",
    "sequence_checkpoint_sha256": "5ae9b10e58e94dd2cba4a9595ac6d3d256a41f5d8746ab61fe9a8eb5aba0e8f0",
    "metrics_roles": [
      "validation"
    ]
  },
  "metrics": {
    "validation": {
      "n_valid_epochs": 23881,
      "accuracy": 0.8769733260751225,
      "macro_f1": 0.8165054775309024,
      "cohen_kappa": 0.827080851530019,
      "confusion_matrix": [
        [
          9570,
          208,
          28,
          6,
          100
        ],
        [
          363,
          1007,
          380,
          1,
          160
        ],
        [
          89,
          518,
          5988,
          303,
          235
        ],
        [
          6,
          11,
          186,
          1765,
          0
        ],
        [
          54,
          193,
          97,
          0,
          2613
        ]
      ],
      "per_class": {
        "W": {
          "precision": 0.949216425312438,
          "recall": 0.965496368038741,
          "f1": 0.9572871861558468,
          "support": 9912
        },
        "N1": {
          "precision": 0.5198760970573051,
          "recall": 0.5269492412349556,
          "f1": 0.5233887733887735,
          "support": 1911
        },
        "N2": {
          "precision": 0.8965413984129361,
          "recall": 0.8394784803028179,
          "f1": 0.8670721112076455,
          "support": 7133
        },
        "N3": {
          "precision": 0.8506024096385543,
          "recall": 0.896849593495935,
          "f1": 0.8731140242394262,
          "support": 1968
        },
        "REM": {
          "precision": 0.8407335907335908,
          "recall": 0.883665877578627,
          "f1": 0.8616652926628194,
          "support": 2957
        }
      }
    }
  }
}
{
  "schema_version": 1,
  "passed": true,
  "experiment_id": "E2",
  "outer_fold": 1,
  "seed": 123,
  "smoke": false,
  "manifest_sha256": "2122d8d6a97a418e2c34885812c5557c4dd717bcd5b1b7776a8e71a48d95aaa6",
  "sequence_checkpoint_sha256": "5ae9b10e58e94dd2cba4a9595ac6d3d256a41f5d8746ab61fe9a8eb5aba0e8f0",
  "roles": {
    "validation": {
      "records": 16,
      "valid_epochs": 23881,
      "prediction_sha256": "b425f5200a95b610e60237c411cd5748162bd483f8db3be781e4a8d1e133c8f6",
      "metrics_sha256": "f22c3354a3331d23a4120896ac6df2a8c7283704309168571cbe067de1ac7e1c"
    }
  }
}
{
  "run_manifest": {
    "schema_version": 1,
    "status": "complete",
    "experiment_id": "E3",
    "outer_fold": 1,
    "seed": 123,
    "device": "cuda",
    "smoke": false,
    "allow_test_evaluation": false,
    "resume": false,
    "config_sha256": "1d812bbfb45e9ca90e2654b41311954fd6e66a56e1bbcdbfba48df8147d0ae1b",
    "split_sha256": "6bc7ad74c07ff05f1d880cb5e720eea12386824ef465b966507906fa248925de",
    "git_commit": "88a5d2ccc231e2529b35847ba9b127a6aebe2e8e",
    "git_dirty": false,
    "runner_code_sha256": "12245ec0d2fe51a0843ed873d3080f752db23621c6e2b583bba4922be9be9a39",
    "config_path": "configs/experiments_v2.json",
    "split_path": "data/splits/sleepedf_sc_10fold_seed42_v2.json",
    "data_variant": "filtered_v2",
    "role_records": {
      "train": [
        "SC4001E",
        "SC4002E",
        "SC4011E",
        "SC4012E",
        "SC4021E",
        "SC4022E",
        "SC4031E",
        "SC4032E",
        "SC4051E",
        "SC4052E",
        "SC4061E",
        "SC4062E",
        "SC4081E",
        "SC4082E",
        "SC4091E",
        "SC4092E",
        "SC4101E",
        "SC4102E",
        "SC4111E",
        "SC4112E",
        "SC4121E",
        "SC4122E",
        "SC4131E",
        "SC4141E",
        "SC4142E",
        "SC4151E",
        "SC4152E",
        "SC4161E",
        "SC4162E",
        "SC4191E",
        "SC4192E",
        "SC4201E",
        "SC4202E",
        "SC4221E",
        "SC4222E",
        "SC4231E",
        "SC4232E",
        "SC4251E",
        "SC4252E",
        "SC4281G",
        "SC4282G",
        "SC4301E",
        "SC4302E",
        "SC4311E",
        "SC4312E",
        "SC4321E",
        "SC4322E",
        "SC4331F",
        "SC4332F",
        "SC4341F",
        "SC4342F",
        "SC4351F",
        "SC4352F",
        "SC4362F",
        "SC4381F",
        "SC4382F",
        "SC4401E",
        "SC4402E",
        "SC4411E",
        "SC4412E",
        "SC4421E",
        "SC4422E",
        "SC4441E",
        "SC4442E",
        "SC4451F",
        "SC4452F",
        "SC4461F",
        "SC4462F",
        "SC4471F",
        "SC4472F",
        "SC4481F",
        "SC4482F",
        "SC4491G",
        "SC4492G",
        "SC4501E",
        "SC4502E",
        "SC4511E",
        "SC4512E",
        "SC4522E",
        "SC4531E",
        "SC4532E",
        "SC4541F",
        "SC4542F",
        "SC4551F",
        "SC4552F",
        "SC4561F",
        "SC4562F",
        "SC4581G",
        "SC4582G",
        "SC4601E",
        "SC4602E",
        "SC4611E",
        "SC4612E",
        "SC4621E",
        "SC4622E",
        "SC4631E",
        "SC4632E",
        "SC4641E",
        "SC4642E",
        "SC4651E",
        "SC4652E",
        "SC4661E",
        "SC4662E",
        "SC4671G",
        "SC4672G",
        "SC4701E",
        "SC4702E",
        "SC4711E",
        "SC4712E",
        "SC4721E",
        "SC4722E",
        "SC4741E",
        "SC4742E",
        "SC4751E",
        "SC4752E",
        "SC4761E",
        "SC4762E",
        "SC4771G",
        "SC4772G",
        "SC4801G",
        "SC4802G"
      ],
      "validation": [
        "SC4071E",
        "SC4072E",
        "SC4171E",
        "SC4172E",
        "SC4241E",
        "SC4242E",
        "SC4271F",
        "SC4272F",
        "SC4291G",
        "SC4292G",
        "SC4731E",
        "SC4732E",
        "SC4811G",
        "SC4812G",
        "SC4821G",
        "SC4822G"
      ],
      "test": "locked_until_best_checkpoint"
    },
    "extractor_sha256": "14bec3f38f2c87869a662ae384c86579fd2288237c716661d4d61007fa95c32e",
    "sequence_checkpoint_sha256": "a388f8f2e3ea05346e0007e5e66e8ce1b021c133169e3394a4e9fdb1169fd440",
    "metrics_roles": [
      "validation"
    ]
  },
  "metrics": {
    "validation": {
      "n_valid_epochs": 23881,
      "accuracy": 0.8781876805828902,
      "macro_f1": 0.8189043818701904,
      "cohen_kappa": 0.8289450430784885,
      "confusion_matrix": [
        [
          9484,
          319,
          28,
          7,
          74
        ],
        [
          319,
          1016,
          437,
          1,
          138
        ],
        [
          74,
          423,
          6060,
          322,
          254
        ],
        [
          6,
          11,
          215,
          1736,
          0
        ],
        [
          22,
          127,
          132,
          0,
          2676
        ]
      ],
      "per_class": {
        "W": {
          "precision": 0.9574962140333165,
          "recall": 0.95682001614205,
          "f1": 0.9571579956602916,
          "support": 9912
        },
        "N1": {
          "precision": 0.5358649789029536,
          "recall": 0.531658817373103,
          "f1": 0.5337536117677961,
          "support": 1911
        },
        "N2": {
          "precision": 0.8818393480791619,
          "recall": 0.8495724099256975,
          "f1": 0.8654052124241343,
          "support": 7133
        },
        "N3": {
          "precision": 0.8402710551790901,
          "recall": 0.8821138211382114,
          "f1": 0.8606841844323253,
          "support": 1968
        },
        "REM": {
          "precision": 0.8516868236791852,
          "recall": 0.9049712546499831,
          "f1": 0.8775209050664043,
          "support": 2957
        }
      }
    }
  }
}
{
  "schema_version": 1,
  "passed": true,
  "experiment_id": "E3",
  "outer_fold": 1,
  "seed": 123,
  "smoke": false,
  "manifest_sha256": "6d31b9506318154ff3855b5bc2d79c7d116363553baa4d7b600974387f9e88bc",
  "sequence_checkpoint_sha256": "a388f8f2e3ea05346e0007e5e66e8ce1b021c133169e3394a4e9fdb1169fd440",
  "roles": {
    "validation": {
      "records": 16,
      "valid_epochs": 23881,
      "prediction_sha256": "f5965dd361077dcf1c7690a8960f0592637c289006a1d8de9efc0191896f908e",
      "metrics_sha256": "076ecd489d95bcc155a15a5c7310d5105111c7a979998145db321330d3633405"
    }
  }
}
{
  "run_manifest": {
    "schema_version": 1,
    "status": "complete",
    "experiment_id": "E4",
    "outer_fold": 1,
    "seed": 123,
    "device": "cuda",
    "smoke": false,
    "allow_test_evaluation": false,
    "resume": false,
    "config_sha256": "1d812bbfb45e9ca90e2654b41311954fd6e66a56e1bbcdbfba48df8147d0ae1b",
    "split_sha256": "6bc7ad74c07ff05f1d880cb5e720eea12386824ef465b966507906fa248925de",
    "git_commit": "88a5d2ccc231e2529b35847ba9b127a6aebe2e8e",
    "git_dirty": false,
    "runner_code_sha256": "12245ec0d2fe51a0843ed873d3080f752db23621c6e2b583bba4922be9be9a39",
    "config_path": "configs/experiments_v2.json",
    "split_path": "data/splits/sleepedf_sc_10fold_seed42_v2.json",
    "data_variant": "bandpass_v2",
    "role_records": {
      "train": [
        "SC4001E",
        "SC4002E",
        "SC4011E",
        "SC4012E",
        "SC4021E",
        "SC4022E",
        "SC4031E",
        "SC4032E",
        "SC4051E",
        "SC4052E",
        "SC4061E",
        "SC4062E",
        "SC4081E",
        "SC4082E",
        "SC4091E",
        "SC4092E",
        "SC4101E",
        "SC4102E",
        "SC4111E",
        "SC4112E",
        "SC4121E",
        "SC4122E",
        "SC4131E",
        "SC4141E",
        "SC4142E",
        "SC4151E",
        "SC4152E",
        "SC4161E",
        "SC4162E",
        "SC4191E",
        "SC4192E",
        "SC4201E",
        "SC4202E",
        "SC4221E",
        "SC4222E",
        "SC4231E",
        "SC4232E",
        "SC4251E",
        "SC4252E",
        "SC4281G",
        "SC4282G",
        "SC4301E",
        "SC4302E",
        "SC4311E",
        "SC4312E",
        "SC4321E",
        "SC4322E",
        "SC4331F",
        "SC4332F",
        "SC4341F",
        "SC4342F",
        "SC4351F",
        "SC4352F",
        "SC4362F",
        "SC4381F",
        "SC4382F",
        "SC4401E",
        "SC4402E",
        "SC4411E",
        "SC4412E",
        "SC4421E",
        "SC4422E",
        "SC4441E",
        "SC4442E",
        "SC4451F",
        "SC4452F",
        "SC4461F",
        "SC4462F",
        "SC4471F",
        "SC4472F",
        "SC4481F",
        "SC4482F",
        "SC4491G",
        "SC4492G",
        "SC4501E",
        "SC4502E",
        "SC4511E",
        "SC4512E",
        "SC4522E",
        "SC4531E",
        "SC4532E",
        "SC4541F",
        "SC4542F",
        "SC4551F",
        "SC4552F",
        "SC4561F",
        "SC4562F",
        "SC4581G",
        "SC4582G",
        "SC4601E",
        "SC4602E",
        "SC4611E",
        "SC4612E",
        "SC4621E",
        "SC4622E",
        "SC4631E",
        "SC4632E",
        "SC4641E",
        "SC4642E",
        "SC4651E",
        "SC4652E",
        "SC4661E",
        "SC4662E",
        "SC4671G",
        "SC4672G",
        "SC4701E",
        "SC4702E",
        "SC4711E",
        "SC4712E",
        "SC4721E",
        "SC4722E",
        "SC4741E",
        "SC4742E",
        "SC4751E",
        "SC4752E",
        "SC4761E",
        "SC4762E",
        "SC4771G",
        "SC4772G",
        "SC4801G",
        "SC4802G"
      ],
      "validation": [
        "SC4071E",
        "SC4072E",
        "SC4171E",
        "SC4172E",
        "SC4241E",
        "SC4242E",
        "SC4271F",
        "SC4272F",
        "SC4291G",
        "SC4292G",
        "SC4731E",
        "SC4732E",
        "SC4811G",
        "SC4812G",
        "SC4821G",
        "SC4822G"
      ],
      "test": "locked_until_best_checkpoint"
    },
    "extractor_sha256": "2097d0833ec33475e7bb59750457acc844fdcc1e17733872673071b007ca05cd",
    "sequence_checkpoint_sha256": "b71d70f7834ef482736efaaf5e1190482ee2d582bb9566a9f20c8b75e61bc4fd",
    "metrics_roles": [
      "validation"
    ]
  },
  "metrics": {
    "validation": {
      "n_valid_epochs": 23881,
      "accuracy": 0.879276412210544,
      "macro_f1": 0.8207923931107721,
      "cohen_kappa": 0.8304758630749782,
      "confusion_matrix": [
        [
          9505,
          289,
          26,
          8,
          84
        ],
        [
          326,
          1027,
          416,
          3,
          139
        ],
        [
          81,
          416,
          6026,
          362,
          248
        ],
        [
          5,
          8,
          199,
          1755,
          1
        ],
        [
          32,
          107,
          133,
          0,
          2685
        ]
      ],
      "per_class": {
        "W": {
          "precision": 0.9553723992361042,
          "recall": 0.9589386602098466,
          "f1": 0.9571522078445194,
          "support": 9912
        },
        "N1": {
          "precision": 0.556036816459123,
          "recall": 0.5374149659863946,
          "f1": 0.5465673230441724,
          "support": 1911
        },
        "N2": {
          "precision": 0.8861764705882353,
          "recall": 0.8448058320482266,
          "f1": 0.8649967702576618,
          "support": 7133
        },
        "N3": {
          "precision": 0.8247180451127819,
          "recall": 0.8917682926829268,
          "f1": 0.8569335937499999,
          "support": 1968
        },
        "REM": {
          "precision": 0.850490972442192,
          "recall": 0.9080148799458911,
          "f1": 0.8783120706575073,
          "support": 2957
        }
      }
    }
  }
}
{
  "schema_version": 1,
  "passed": true,
  "experiment_id": "E4",
  "outer_fold": 1,
  "seed": 123,
  "smoke": false,
  "manifest_sha256": "03f8f97b4257e007221b3699741c253be89902072f7a39aee0e7c95279fd6231",
  "sequence_checkpoint_sha256": "b71d70f7834ef482736efaaf5e1190482ee2d582bb9566a9f20c8b75e61bc4fd",
  "roles": {
    "validation": {
      "records": 16,
      "valid_epochs": 23881,
      "prediction_sha256": "05cef1e94c98c15b138032b809ee09cc312d718bbc9bbedd902ce1c6e0e35125",
      "metrics_sha256": "883c747cd16bb2c94065b325fcc39361e3b036bda79e344c667429fe16bdaf15"
    }
  }
}
{
  "run_manifest": {
    "schema_version": 1,
    "status": "complete",
    "experiment_id": "E6",
    "outer_fold": 1,
    "seed": 123,
    "device": "cuda",
    "smoke": false,
    "allow_test_evaluation": false,
    "resume": false,
    "config_sha256": "1d812bbfb45e9ca90e2654b41311954fd6e66a56e1bbcdbfba48df8147d0ae1b",
    "split_sha256": "6bc7ad74c07ff05f1d880cb5e720eea12386824ef465b966507906fa248925de",
    "git_commit": "88a5d2ccc231e2529b35847ba9b127a6aebe2e8e",
    "git_dirty": false,
    "runner_code_sha256": "12245ec0d2fe51a0843ed873d3080f752db23621c6e2b583bba4922be9be9a39",
    "config_path": "configs/experiments_v2.json",
    "split_path": "data/splits/sleepedf_sc_10fold_seed42_v2.json",
    "data_variant": "filtered_zscore_v2",
    "role_records": {
      "train": [
        "SC4001E",
        "SC4002E",
        "SC4011E",
        "SC4012E",
        "SC4021E",
        "SC4022E",
        "SC4031E",
        "SC4032E",
        "SC4051E",
        "SC4052E",
        "SC4061E",
        "SC4062E",
        "SC4081E",
        "SC4082E",
        "SC4091E",
        "SC4092E",
        "SC4101E",
        "SC4102E",
        "SC4111E",
        "SC4112E",
        "SC4121E",
        "SC4122E",
        "SC4131E",
        "SC4141E",
        "SC4142E",
        "SC4151E",
        "SC4152E",
        "SC4161E",
        "SC4162E",
        "SC4191E",
        "SC4192E",
        "SC4201E",
        "SC4202E",
        "SC4221E",
        "SC4222E",
        "SC4231E",
        "SC4232E",
        "SC4251E",
        "SC4252E",
        "SC4281G",
        "SC4282G",
        "SC4301E",
        "SC4302E",
        "SC4311E",
        "SC4312E",
        "SC4321E",
        "SC4322E",
        "SC4331F",
        "SC4332F",
        "SC4341F",
        "SC4342F",
        "SC4351F",
        "SC4352F",
        "SC4362F",
        "SC4381F",
        "SC4382F",
        "SC4401E",
        "SC4402E",
        "SC4411E",
        "SC4412E",
        "SC4421E",
        "SC4422E",
        "SC4441E",
        "SC4442E",
        "SC4451F",
        "SC4452F",
        "SC4461F",
        "SC4462F",
        "SC4471F",
        "SC4472F",
        "SC4481F",
        "SC4482F",
        "SC4491G",
        "SC4492G",
        "SC4501E",
        "SC4502E",
        "SC4511E",
        "SC4512E",
        "SC4522E",
        "SC4531E",
        "SC4532E",
        "SC4541F",
        "SC4542F",
        "SC4551F",
        "SC4552F",
        "SC4561F",
        "SC4562F",
        "SC4581G",
        "SC4582G",
        "SC4601E",
        "SC4602E",
        "SC4611E",
        "SC4612E",
        "SC4621E",
        "SC4622E",
        "SC4631E",
        "SC4632E",
        "SC4641E",
        "SC4642E",
        "SC4651E",
        "SC4652E",
        "SC4661E",
        "SC4662E",
        "SC4671G",
        "SC4672G",
        "SC4701E",
        "SC4702E",
        "SC4711E",
        "SC4712E",
        "SC4721E",
        "SC4722E",
        "SC4741E",
        "SC4742E",
        "SC4751E",
        "SC4752E",
        "SC4761E",
        "SC4762E",
        "SC4771G",
        "SC4772G",
        "SC4801G",
        "SC4802G"
      ],
      "validation": [
        "SC4071E",
        "SC4072E",
        "SC4171E",
        "SC4172E",
        "SC4241E",
        "SC4242E",
        "SC4271F",
        "SC4272F",
        "SC4291G",
        "SC4292G",
        "SC4731E",
        "SC4732E",
        "SC4811G",
        "SC4812G",
        "SC4821G",
        "SC4822G"
      ],
      "test": "locked_until_best_checkpoint"
    },
    "extractor_sha256": "615926b9bf92458503bc5d42f661f2629f7ec566455d982d417f98eb42edd2f7",
    "sequence_checkpoint_sha256": "b398960ca600ee363b6b7a3f5528e92f8d15912694280a233c34d9945c1c1105",
    "metrics_roles": [
      "validation"
    ]
  },
  "metrics": {
    "validation": {
      "n_valid_epochs": 23881,
      "accuracy": 0.8768895774883799,
      "macro_f1": 0.8165268453164286,
      "cohen_kappa": 0.8268285252644261,
      "confusion_matrix": [
        [
          9431,
          345,
          41,
          13,
          82
        ],
        [
          270,
          1027,
          488,
          3,
          123
        ],
        [
          36,
          464,
          6229,
          198,
          206
        ],
        [
          0,
          10,
          324,
          1634,
          0
        ],
        [
          28,
          148,
          161,
          0,
          2620
        ]
      ],
      "per_class": {
        "W": {
          "precision": 0.9657962109575012,
          "recall": 0.9514729620661824,
          "f1": 0.958581084514916,
          "support": 9912
        },
        "N1": {
          "precision": 0.5150451354062187,
          "recall": 0.5374149659863946,
          "f1": 0.5259923175416132,
          "support": 1911
        },
        "N2": {
          "precision": 0.8600027612867597,
          "recall": 0.8732651058460675,
          "f1": 0.8665831942125766,
          "support": 7133
        },
        "N3": {
          "precision": 0.8841991341991342,
          "recall": 0.8302845528455285,
          "f1": 0.8563941299790357,
          "support": 1968
        },
        "REM": {
          "precision": 0.8644011877268228,
          "recall": 0.8860331416976666,
          "f1": 0.8750835003340014,
          "support": 2957
        }
      }
    }
  }
}
{
  "schema_version": 1,
  "passed": true,
  "experiment_id": "E6",
  "outer_fold": 1,
  "seed": 123,
  "smoke": false,
  "manifest_sha256": "95085f65c886f6b6d3a716ca56c6a2322599bee17036c5887eb9c429bdb3a927",
  "sequence_checkpoint_sha256": "b398960ca600ee363b6b7a3f5528e92f8d15912694280a233c34d9945c1c1105",
  "roles": {
    "validation": {
      "records": 16,
      "valid_epochs": 23881,
      "prediction_sha256": "d845089c7832ced51637cce4642404fe631f5b9f1d9d96a172d8add87c5af306",
      "metrics_sha256": "e9b1d35c41a95c7d6a644f857855c97701706df04a85262cada6356a67c22825"
    }
  }
}
========== DONE fold_01 seed 123 2026-08-20T15:36:30+00:00 ==========
========== START fold_02 seed 123 2026-08-20T15:36:30+00:00 ==========
{
  "run_manifest": {
    "schema_version": 1,
    "status": "complete",
    "experiment_id": "E0",
    "outer_fold": 2,
    "seed": 123,
    "device": "cuda",
    "smoke": false,
    "allow_test_evaluation": false,
    "resume": false,
    "config_sha256": "1d812bbfb45e9ca90e2654b41311954fd6e66a56e1bbcdbfba48df8147d0ae1b",
    "split_sha256": "6bc7ad74c07ff05f1d880cb5e720eea12386824ef465b966507906fa248925de",
    "git_commit": "88a5d2ccc231e2529b35847ba9b127a6aebe2e8e",
    "git_dirty": false,
    "runner_code_sha256": "12245ec0d2fe51a0843ed873d3080f752db23621c6e2b583bba4922be9be9a39",
    "config_path": "configs/experiments_v2.json",
    "split_path": "data/splits/sleepedf_sc_10fold_seed42_v2.json",
    "data_variant": "paper_raw_v1",
    "role_records": {
      "train": [
        "SC4001E",
        "SC4002E",
        "SC4031E",
        "SC4032E",
        "SC4041E",
        "SC4042E",
        "SC4061E",
        "SC4062E",
        "SC4081E",
        "SC4082E",
        "SC4091E",
        "SC4092E",
        "SC4101E",
        "SC4102E",
        "SC4111E",
        "SC4112E",
        "SC4121E",
        "SC4122E",
        "SC4131E",
        "SC4141E",
        "SC4142E",
        "SC4151E",
        "SC4152E",
        "SC4161E",
        "SC4162E",
        "SC4181E",
        "SC4182E",
        "SC4191E",
        "SC4192E",
        "SC4201E",
        "SC4202E",
        "SC4211E",
        "SC4212E",
        "SC4221E",
        "SC4222E",
        "SC4231E",
        "SC4232E",
        "SC4251E",
        "SC4252E",
        "SC4261F",
        "SC4262F",
        "SC4281G",
        "SC4282G",
        "SC4301E",
        "SC4302E",
        "SC4311E",
        "SC4312E",
        "SC4321E",
        "SC4322E",
        "SC4331F",
        "SC4332F",
        "SC4341F",
        "SC4342F",
        "SC4351F",
        "SC4352F",
        "SC4362F",
        "SC4371F",
        "SC4372F",
        "SC4381F",
        "SC4382F",
        "SC4401E",
        "SC4402E",
        "SC4411E",
        "SC4412E",
        "SC4421E",
        "SC4422E",
        "SC4431E",
        "SC4432E",
        "SC4451F",
        "SC4452F",
        "SC4471F",
        "SC4472F",
        "SC4481F",
        "SC4482F",
        "SC4491G",
        "SC4492G",
        "SC4501E",
        "SC4502E",
        "SC4511E",
        "SC4512E",
        "SC4522E",
        "SC4531E",
        "SC4532E",
        "SC4541F",
        "SC4542F",
        "SC4551F",
        "SC4552F",
        "SC4561F",
        "SC4562F",
        "SC4571F",
        "SC4572F",
        "SC4591G",
        "SC4592G",
        "SC4601E",
        "SC4602E",
        "SC4611E",
        "SC4612E",
        "SC4621E",
        "SC4622E",
        "SC4631E",
        "SC4632E",
        "SC4651E",
        "SC4652E",
        "SC4661E",
        "SC4662E",
        "SC4671G",
        "SC4672G",
        "SC4701E",
        "SC4702E",
        "SC4711E",
        "SC4712E",
        "SC4721E",
        "SC4722E",
        "SC4751E",
        "SC4752E",
        "SC4761E",
        "SC4762E",
        "SC4771G",
        "SC4772G",
        "SC4801G",
        "SC4802G"
      ],
      "validation": [
        "SC4011E",
        "SC4012E",
        "SC4021E",
        "SC4022E",
        "SC4051E",
        "SC4052E",
        "SC4441E",
        "SC4442E",
        "SC4461F",
        "SC4462F",
        "SC4581G",
        "SC4582G",
        "SC4641E",
        "SC4642E",
        "SC4741E",
        "SC4742E"
      ],
      "test": "locked_until_best_checkpoint"
    },
    "extractor_sha256": "0ec6f2c48ae8bc8aa7d9e5312a84592a34f0dea175bcd5a130a6d5ec43a64779",
    "sequence_checkpoint_sha256": "13a4ff293fcd7dfd3f0e4fee2576c37bbc98873221fe4382a5fe93ac011879f7",
    "metrics_roles": [
      "validation"
    ]
  },
  "metrics": {
    "validation": {
      "n_valid_epochs": 19396,
      "accuracy": 0.8554341101257992,
      "macro_f1": 0.8079205169586341,
      "cohen_kappa": 0.795382427321178,
      "confusion_matrix": [
        [
          5457,
          351,
          55,
          3,
          46
        ],
        [
          240,
          1192,
          689,
          5,
          236
        ],
        [
          12,
          469,
          7140,
          106,
          137
        ],
        [
          0,
          1,
          195,
          695,
          0
        ],
        [
          22,
          58,
          178,
          1,
          2108
        ]
      ],
      "per_class": {
        "W": {
          "precision": 0.9521898447042401,
          "recall": 0.9230378890392422,
          "f1": 0.9373872713218243,
          "support": 5912
        },
        "N1": {
          "precision": 0.5755673587638822,
          "recall": 0.5046570702794242,
          "f1": 0.5377847958493119,
          "support": 2362
        },
        "N2": {
          "precision": 0.8647208429211578,
          "recall": 0.9079348931841302,
          "f1": 0.8858011289622231,
          "support": 7864
        },
        "N3": {
          "precision": 0.8580246913580247,
          "recall": 0.7800224466891134,
          "f1": 0.8171663727219284,
          "support": 891
        },
        "REM": {
          "precision": 0.8341907400079145,
          "recall": 0.8905787917194762,
          "f1": 0.8614630159378831,
          "support": 2367
        }
      }
    }
  }
}
{
  "schema_version": 1,
  "passed": true,
  "experiment_id": "E0",
  "outer_fold": 2,
  "seed": 123,
  "smoke": false,
  "manifest_sha256": "c15327422ea2147bb91daf30e62ca3f0042667637715c510a1ef6da367794975",
  "sequence_checkpoint_sha256": "13a4ff293fcd7dfd3f0e4fee2576c37bbc98873221fe4382a5fe93ac011879f7",
  "roles": {
    "validation": {
      "records": 16,
      "valid_epochs": 19396,
      "prediction_sha256": "f52b086b02fb897d1a7a705bd6a4f961be47088edc33d928dfb39dcefb3f3008",
      "metrics_sha256": "21a9dcec648dc441c802db740c3efd98235fc2b8c6471e09ce257ca61932f73c"
    }
  }
}
{
  "run_manifest": {
    "schema_version": 1,
    "status": "complete",
    "experiment_id": "E1",
    "outer_fold": 2,
    "seed": 123,
    "device": "cuda",
    "smoke": false,
    "allow_test_evaluation": false,
    "resume": false,
    "config_sha256": "1d812bbfb45e9ca90e2654b41311954fd6e66a56e1bbcdbfba48df8147d0ae1b",
    "split_sha256": "6bc7ad74c07ff05f1d880cb5e720eea12386824ef465b966507906fa248925de",
    "git_commit": "88a5d2ccc231e2529b35847ba9b127a6aebe2e8e",
    "git_dirty": false,
    "runner_code_sha256": "12245ec0d2fe51a0843ed873d3080f752db23621c6e2b583bba4922be9be9a39",
    "config_path": "configs/experiments_v2.json",
    "split_path": "data/splits/sleepedf_sc_10fold_seed42_v2.json",
    "data_variant": "paper_raw_v1",
    "role_records": {
      "train": [
        "SC4001E",
        "SC4002E",
        "SC4031E",
        "SC4032E",
        "SC4041E",
        "SC4042E",
        "SC4061E",
        "SC4062E",
        "SC4081E",
        "SC4082E",
        "SC4091E",
        "SC4092E",
        "SC4101E",
        "SC4102E",
        "SC4111E",
        "SC4112E",
        "SC4121E",
        "SC4122E",
        "SC4131E",
        "SC4141E",
        "SC4142E",
        "SC4151E",
        "SC4152E",
        "SC4161E",
        "SC4162E",
        "SC4181E",
        "SC4182E",
        "SC4191E",
        "SC4192E",
        "SC4201E",
        "SC4202E",
        "SC4211E",
        "SC4212E",
        "SC4221E",
        "SC4222E",
        "SC4231E",
        "SC4232E",
        "SC4251E",
        "SC4252E",
        "SC4261F",
        "SC4262F",
        "SC4281G",
        "SC4282G",
        "SC4301E",
        "SC4302E",
        "SC4311E",
        "SC4312E",
        "SC4321E",
        "SC4322E",
        "SC4331F",
        "SC4332F",
        "SC4341F",
        "SC4342F",
        "SC4351F",
        "SC4352F",
        "SC4362F",
        "SC4371F",
        "SC4372F",
        "SC4381F",
        "SC4382F",
        "SC4401E",
        "SC4402E",
        "SC4411E",
        "SC4412E",
        "SC4421E",
        "SC4422E",
        "SC4431E",
        "SC4432E",
        "SC4451F",
        "SC4452F",
        "SC4471F",
        "SC4472F",
        "SC4481F",
        "SC4482F",
        "SC4491G",
        "SC4492G",
        "SC4501E",
        "SC4502E",
        "SC4511E",
        "SC4512E",
        "SC4522E",
        "SC4531E",
        "SC4532E",
        "SC4541F",
        "SC4542F",
        "SC4551F",
        "SC4552F",
        "SC4561F",
        "SC4562F",
        "SC4571F",
        "SC4572F",
        "SC4591G",
        "SC4592G",
        "SC4601E",
        "SC4602E",
        "SC4611E",
        "SC4612E",
        "SC4621E",
        "SC4622E",
        "SC4631E",
        "SC4632E",
        "SC4651E",
        "SC4652E",
        "SC4661E",
        "SC4662E",
        "SC4671G",
        "SC4672G",
        "SC4701E",
        "SC4702E",
        "SC4711E",
        "SC4712E",
        "SC4721E",
        "SC4722E",
        "SC4751E",
        "SC4752E",
        "SC4761E",
        "SC4762E",
        "SC4771G",
        "SC4772G",
        "SC4801G",
        "SC4802G"
      ],
      "validation": [
        "SC4011E",
        "SC4012E",
        "SC4021E",
        "SC4022E",
        "SC4051E",
        "SC4052E",
        "SC4441E",
        "SC4442E",
        "SC4461F",
        "SC4462F",
        "SC4581G",
        "SC4582G",
        "SC4641E",
        "SC4642E",
        "SC4741E",
        "SC4742E"
      ],
      "test": "locked_until_best_checkpoint"
    },
    "extractor_sha256": "0ec6f2c48ae8bc8aa7d9e5312a84592a34f0dea175bcd5a130a6d5ec43a64779",
    "sequence_checkpoint_sha256": "c4c7b7cf0acb7286de914c1b087419ffd5f4f12bfdfcb17c35acd183a5f6c4cc",
    "metrics_roles": [
      "validation"
    ]
  },
  "metrics": {
    "validation": {
      "n_valid_epochs": 19396,
      "accuracy": 0.854145184574139,
      "macro_f1": 0.8123163423094907,
      "cohen_kappa": 0.7954679173961253,
      "confusion_matrix": [
        [
          5492,
          353,
          28,
          4,
          35
        ],
        [
          236,
          1411,
          506,
          8,
          201
        ],
        [
          26,
          640,
          6902,
          109,
          187
        ],
        [
          0,
          2,
          198,
          691,
          0
        ],
        [
          51,
          119,
          125,
          1,
          2071
        ]
      ],
      "per_class": {
        "W": {
          "precision": 0.9460809646856159,
          "recall": 0.928958051420839,
          "f1": 0.9374413245711359,
          "support": 5912
        },
        "N1": {
          "precision": 0.5588118811881189,
          "recall": 0.5973751058425063,
          "f1": 0.577450378555351,
          "support": 2362
        },
        "N2": {
          "precision": 0.889547622116252,
          "recall": 0.8776703967446592,
          "f1": 0.883569096844396,
          "support": 7864
        },
        "N3": {
          "precision": 0.8499384993849939,
          "recall": 0.7755331088664422,
          "f1": 0.8110328638497654,
          "support": 891
        },
        "REM": {
          "precision": 0.8303929430633521,
          "recall": 0.8749471905365441,
          "f1": 0.8520880477268052,
          "support": 2367
        }
      }
    }
  }
}
{
  "schema_version": 1,
  "passed": true,
  "experiment_id": "E1",
  "outer_fold": 2,
  "seed": 123,
  "smoke": false,
  "manifest_sha256": "d1f751c505cd79dfe31f6dafa72debd48e1feb1adb96b1e6bd6a49e0a0a36915",
  "sequence_checkpoint_sha256": "c4c7b7cf0acb7286de914c1b087419ffd5f4f12bfdfcb17c35acd183a5f6c4cc",
  "roles": {
    "validation": {
      "records": 16,
      "valid_epochs": 19396,
      "prediction_sha256": "e2ad5e54ae3ff9e9ec9409df220e718aecd9785f0a601901371dda4de2b21956",
      "metrics_sha256": "5b4cc0389ec784a8dda167e34a558a8d60c625ceee29a4a717121b62fc4695aa"
    }
  }
}
{
  "run_manifest": {
    "schema_version": 1,
    "status": "complete",
    "experiment_id": "E2",
    "outer_fold": 2,
    "seed": 123,
    "device": "cuda",
    "smoke": false,
    "allow_test_evaluation": false,
    "resume": false,
    "config_sha256": "1d812bbfb45e9ca90e2654b41311954fd6e66a56e1bbcdbfba48df8147d0ae1b",
    "split_sha256": "6bc7ad74c07ff05f1d880cb5e720eea12386824ef465b966507906fa248925de",
    "git_commit": "88a5d2ccc231e2529b35847ba9b127a6aebe2e8e",
    "git_dirty": false,
    "runner_code_sha256": "12245ec0d2fe51a0843ed873d3080f752db23621c6e2b583bba4922be9be9a39",
    "config_path": "configs/experiments_v2.json",
    "split_path": "data/splits/sleepedf_sc_10fold_seed42_v2.json",
    "data_variant": "paper_raw_v1",
    "role_records": {
      "train": [
        "SC4001E",
        "SC4002E",
        "SC4031E",
        "SC4032E",
        "SC4041E",
        "SC4042E",
        "SC4061E",
        "SC4062E",
        "SC4081E",
        "SC4082E",
        "SC4091E",
        "SC4092E",
        "SC4101E",
        "SC4102E",
        "SC4111E",
        "SC4112E",
        "SC4121E",
        "SC4122E",
        "SC4131E",
        "SC4141E",
        "SC4142E",
        "SC4151E",
        "SC4152E",
        "SC4161E",
        "SC4162E",
        "SC4181E",
        "SC4182E",
        "SC4191E",
        "SC4192E",
        "SC4201E",
        "SC4202E",
        "SC4211E",
        "SC4212E",
        "SC4221E",
        "SC4222E",
        "SC4231E",
        "SC4232E",
        "SC4251E",
        "SC4252E",
        "SC4261F",
        "SC4262F",
        "SC4281G",
        "SC4282G",
        "SC4301E",
        "SC4302E",
        "SC4311E",
        "SC4312E",
        "SC4321E",
        "SC4322E",
        "SC4331F",
        "SC4332F",
        "SC4341F",
        "SC4342F",
        "SC4351F",
        "SC4352F",
        "SC4362F",
        "SC4371F",
        "SC4372F",
        "SC4381F",
        "SC4382F",
        "SC4401E",
        "SC4402E",
        "SC4411E",
        "SC4412E",
        "SC4421E",
        "SC4422E",
        "SC4431E",
        "SC4432E",
        "SC4451F",
        "SC4452F",
        "SC4471F",
        "SC4472F",
        "SC4481F",
        "SC4482F",
        "SC4491G",
        "SC4492G",
        "SC4501E",
        "SC4502E",
        "SC4511E",
        "SC4512E",
        "SC4522E",
        "SC4531E",
        "SC4532E",
        "SC4541F",
        "SC4542F",
        "SC4551F",
        "SC4552F",
        "SC4561F",
        "SC4562F",
        "SC4571F",
        "SC4572F",
        "SC4591G",
        "SC4592G",
        "SC4601E",
        "SC4602E",
        "SC4611E",
        "SC4612E",
        "SC4621E",
        "SC4622E",
        "SC4631E",
        "SC4632E",
        "SC4651E",
        "SC4652E",
        "SC4661E",
        "SC4662E",
        "SC4671G",
        "SC4672G",
        "SC4701E",
        "SC4702E",
        "SC4711E",
        "SC4712E",
        "SC4721E",
        "SC4722E",
        "SC4751E",
        "SC4752E",
        "SC4761E",
        "SC4762E",
        "SC4771G",
        "SC4772G",
        "SC4801G",
        "SC4802G"
      ],
      "validation": [
        "SC4011E",
        "SC4012E",
        "SC4021E",
        "SC4022E",
        "SC4051E",
        "SC4052E",
        "SC4441E",
        "SC4442E",
        "SC4461F",
        "SC4462F",
        "SC4581G",
        "SC4582G",
        "SC4641E",
        "SC4642E",
        "SC4741E",
        "SC4742E"
      ],
      "test": "locked_until_best_checkpoint"
    },
    "extractor_sha256": "72136ff85cc6e213ed409dd767d6ffe0b2ddb1230dd118760cba215b43046a9a",
    "sequence_checkpoint_sha256": "6cb1c4b0befc19684c7453a4bf23c0de7e5fdb567716892f4ba12046f3361a2e",
    "metrics_roles": [
      "validation"
    ]
  },
  "metrics": {
    "validation": {
      "n_valid_epochs": 19396,
      "accuracy": 0.8508455351618891,
      "macro_f1": 0.8105177522667641,
      "cohen_kappa": 0.7918750643614116,
      "confusion_matrix": [
        [
          5412,
          433,
          30,
          8,
          29
        ],
        [
          233,
          1343,
          592,
          16,
          178
        ],
        [
          22,
          566,
          6831,
          265,
          180
        ],
        [
          0,
          0,
          78,
          813,
          0
        ],
        [
          9,
          104,
          147,
          3,
          2104
        ]
      ],
      "per_class": {
        "W": {
          "precision": 0.9534883720930233,
          "recall": 0.915426251691475,
          "f1": 0.9340697273041078,
          "support": 5912
        },
        "N1": {
          "precision": 0.5490596892886345,
          "recall": 0.5685859441151566,
          "f1": 0.5586522462562395,
          "support": 2362
        },
        "N2": {
          "precision": 0.8896848137535817,
          "recall": 0.8686419125127162,
          "f1": 0.8790374469180285,
          "support": 7864
        },
        "N3": {
          "precision": 0.7357466063348417,
          "recall": 0.9124579124579124,
          "f1": 0.8146292585170342,
          "support": 891
        },
        "REM": {
          "precision": 0.8446407065435568,
          "recall": 0.8888888888888888,
          "f1": 0.8662000823384108,
          "support": 2367
        }
      }
    }
  }
}
{
  "schema_version": 1,
  "passed": true,
  "experiment_id": "E2",
  "outer_fold": 2,
  "seed": 123,
  "smoke": false,
  "manifest_sha256": "74dfa2e923fcef0752a12eb1839cd9e6b4c522906217a63c1be1d7a730a952dd",
  "sequence_checkpoint_sha256": "6cb1c4b0befc19684c7453a4bf23c0de7e5fdb567716892f4ba12046f3361a2e",
  "roles": {
    "validation": {
      "records": 16,
      "valid_epochs": 19396,
      "prediction_sha256": "3ef8938ef98ad56cd3f1c71cf1fec8006b1b59f72632bfe4cfa233f39bf5c28c",
      "metrics_sha256": "914d69905085c16a7cc27e3582b572afb42f3e3e76c952fa13003b2ac887e848"
    }
  }
}
{
  "run_manifest": {
    "schema_version": 1,
    "status": "complete",
    "experiment_id": "E3",
    "outer_fold": 2,
    "seed": 123,
    "device": "cuda",
    "smoke": false,
    "allow_test_evaluation": false,
    "resume": false,
    "config_sha256": "1d812bbfb45e9ca90e2654b41311954fd6e66a56e1bbcdbfba48df8147d0ae1b",
    "split_sha256": "6bc7ad74c07ff05f1d880cb5e720eea12386824ef465b966507906fa248925de",
    "git_commit": "88a5d2ccc231e2529b35847ba9b127a6aebe2e8e",
    "git_dirty": false,
    "runner_code_sha256": "12245ec0d2fe51a0843ed873d3080f752db23621c6e2b583bba4922be9be9a39",
    "config_path": "configs/experiments_v2.json",
    "split_path": "data/splits/sleepedf_sc_10fold_seed42_v2.json",
    "data_variant": "filtered_v2",
    "role_records": {
      "train": [
        "SC4001E",
        "SC4002E",
        "SC4031E",
        "SC4032E",
        "SC4041E",
        "SC4042E",
        "SC4061E",
        "SC4062E",
        "SC4081E",
        "SC4082E",
        "SC4091E",
        "SC4092E",
        "SC4101E",
        "SC4102E",
        "SC4111E",
        "SC4112E",
        "SC4121E",
        "SC4122E",
        "SC4131E",
        "SC4141E",
        "SC4142E",
        "SC4151E",
        "SC4152E",
        "SC4161E",
        "SC4162E",
        "SC4181E",
        "SC4182E",
        "SC4191E",
        "SC4192E",
        "SC4201E",
        "SC4202E",
        "SC4211E",
        "SC4212E",
        "SC4221E",
        "SC4222E",
        "SC4231E",
        "SC4232E",
        "SC4251E",
        "SC4252E",
        "SC4261F",
        "SC4262F",
        "SC4281G",
        "SC4282G",
        "SC4301E",
        "SC4302E",
        "SC4311E",
        "SC4312E",
        "SC4321E",
        "SC4322E",
        "SC4331F",
        "SC4332F",
        "SC4341F",
        "SC4342F",
        "SC4351F",
        "SC4352F",
        "SC4362F",
        "SC4371F",
        "SC4372F",
        "SC4381F",
        "SC4382F",
        "SC4401E",
        "SC4402E",
        "SC4411E",
        "SC4412E",
        "SC4421E",
        "SC4422E",
        "SC4431E",
        "SC4432E",
        "SC4451F",
        "SC4452F",
        "SC4471F",
        "SC4472F",
        "SC4481F",
        "SC4482F",
        "SC4491G",
        "SC4492G",
        "SC4501E",
        "SC4502E",
        "SC4511E",
        "SC4512E",
        "SC4522E",
        "SC4531E",
        "SC4532E",
        "SC4541F",
        "SC4542F",
        "SC4551F",
        "SC4552F",
        "SC4561F",
        "SC4562F",
        "SC4571F",
        "SC4572F",
        "SC4591G",
        "SC4592G",
        "SC4601E",
        "SC4602E",
        "SC4611E",
        "SC4612E",
        "SC4621E",
        "SC4622E",
        "SC4631E",
        "SC4632E",
        "SC4651E",
        "SC4652E",
        "SC4661E",
        "SC4662E",
        "SC4671G",
        "SC4672G",
        "SC4701E",
        "SC4702E",
        "SC4711E",
        "SC4712E",
        "SC4721E",
        "SC4722E",
        "SC4751E",
        "SC4752E",
        "SC4761E",
        "SC4762E",
        "SC4771G",
        "SC4772G",
        "SC4801G",
        "SC4802G"
      ],
      "validation": [
        "SC4011E",
        "SC4012E",
        "SC4021E",
        "SC4022E",
        "SC4051E",
        "SC4052E",
        "SC4441E",
        "SC4442E",
        "SC4461F",
        "SC4462F",
        "SC4581G",
        "SC4582G",
        "SC4641E",
        "SC4642E",
        "SC4741E",
        "SC4742E"
      ],
      "test": "locked_until_best_checkpoint"
    },
    "extractor_sha256": "4d018eec54843839addf4c03a4c9ded43cdf8c2c5b712c690600a8fbce99d603",
    "sequence_checkpoint_sha256": "6e3dc4fba723ff468a6becb0744d2ee71a94d752f9c870a32463a3e6cd288044",
    "metrics_roles": [
      "validation"
    ]
  },
  "metrics": {
    "validation": {
      "n_valid_epochs": 19396,
      "accuracy": 0.8344504021447721,
      "macro_f1": 0.7958588217864879,
      "cohen_kappa": 0.7698037918624681,
      "confusion_matrix": [
        [
          5338,
          483,
          29,
          4,
          58
        ],
        [
          234,
          1344,
          520,
          14,
          250
        ],
        [
          31,
          733,
          6693,
          125,
          282
        ],
        [
          0,
          1,
          153,
          737,
          0
        ],
        [
          14,
          187,
          90,
          3,
          2073
        ]
      ],
      "per_class": {
        "W": {
          "precision": 0.9503293573081716,
          "recall": 0.9029093369418133,
          "f1": 0.9260126637175818,
          "support": 5912
        },
        "N1": {
          "precision": 0.4890829694323144,
          "recall": 0.5690093141405589,
          "f1": 0.5260273972602739,
          "support": 2362
        },
        "N2": {
          "precision": 0.894188376753507,
          "recall": 0.8510935910478128,
          "f1": 0.8721089321779921,
          "support": 7864
        },
        "N3": {
          "precision": 0.8346545866364666,
          "recall": 0.8271604938271605,
          "f1": 0.8308906426155581,
          "support": 891
        },
        "REM": {
          "precision": 0.7784453623732632,
          "recall": 0.8757921419518377,
          "f1": 0.8242544731610338,
          "support": 2367
        }
      }
    }
  }
}
{
  "schema_version": 1,
  "passed": true,
  "experiment_id": "E3",
  "outer_fold": 2,
  "seed": 123,
  "smoke": false,
  "manifest_sha256": "d7893ea1792f3f2b8c4c57b8a0e3cc963d09ea18c667928acfc24bcf2f187e66",
  "sequence_checkpoint_sha256": "6e3dc4fba723ff468a6becb0744d2ee71a94d752f9c870a32463a3e6cd288044",
  "roles": {
    "validation": {
      "records": 16,
      "valid_epochs": 19396,
      "prediction_sha256": "b34c5d1a9f816e34b183747ed2f818c47bf040c46cc94907138be0a9e7e36359",
      "metrics_sha256": "0e5fb84983e11b7b9b61c30eff21301f0e7c89dd4965212e54ce873ce625a2f7"
    }
  }
}
{
  "run_manifest": {
    "schema_version": 1,
    "status": "complete",
    "experiment_id": "E4",
    "outer_fold": 2,
    "seed": 123,
    "device": "cuda",
    "smoke": false,
    "allow_test_evaluation": false,
    "resume": false,
    "config_sha256": "1d812bbfb45e9ca90e2654b41311954fd6e66a56e1bbcdbfba48df8147d0ae1b",
    "split_sha256": "6bc7ad74c07ff05f1d880cb5e720eea12386824ef465b966507906fa248925de",
    "git_commit": "88a5d2ccc231e2529b35847ba9b127a6aebe2e8e",
    "git_dirty": false,
    "runner_code_sha256": "12245ec0d2fe51a0843ed873d3080f752db23621c6e2b583bba4922be9be9a39",
    "config_path": "configs/experiments_v2.json",
    "split_path": "data/splits/sleepedf_sc_10fold_seed42_v2.json",
    "data_variant": "bandpass_v2",
    "role_records": {
      "train": [
        "SC4001E",
        "SC4002E",
        "SC4031E",
        "SC4032E",
        "SC4041E",
        "SC4042E",
        "SC4061E",
        "SC4062E",
        "SC4081E",
        "SC4082E",
        "SC4091E",
        "SC4092E",
        "SC4101E",
        "SC4102E",
        "SC4111E",
        "SC4112E",
        "SC4121E",
        "SC4122E",
        "SC4131E",
        "SC4141E",
        "SC4142E",
        "SC4151E",
        "SC4152E",
        "SC4161E",
        "SC4162E",
        "SC4181E",
        "SC4182E",
        "SC4191E",
        "SC4192E",
        "SC4201E",
        "SC4202E",
        "SC4211E",
        "SC4212E",
        "SC4221E",
        "SC4222E",
        "SC4231E",
        "SC4232E",
        "SC4251E",
        "SC4252E",
        "SC4261F",
        "SC4262F",
        "SC4281G",
        "SC4282G",
        "SC4301E",
        "SC4302E",
        "SC4311E",
        "SC4312E",
        "SC4321E",
        "SC4322E",
        "SC4331F",
        "SC4332F",
        "SC4341F",
        "SC4342F",
        "SC4351F",
        "SC4352F",
        "SC4362F",
        "SC4371F",
        "SC4372F",
        "SC4381F",
        "SC4382F",
        "SC4401E",
        "SC4402E",
        "SC4411E",
        "SC4412E",
        "SC4421E",
        "SC4422E",
        "SC4431E",
        "SC4432E",
        "SC4451F",
        "SC4452F",
        "SC4471F",
        "SC4472F",
        "SC4481F",
        "SC4482F",
        "SC4491G",
        "SC4492G",
        "SC4501E",
        "SC4502E",
        "SC4511E",
        "SC4512E",
        "SC4522E",
        "SC4531E",
        "SC4532E",
        "SC4541F",
        "SC4542F",
        "SC4551F",
        "SC4552F",
        "SC4561F",
        "SC4562F",
        "SC4571F",
        "SC4572F",
        "SC4591G",
        "SC4592G",
        "SC4601E",
        "SC4602E",
        "SC4611E",
        "SC4612E",
        "SC4621E",
        "SC4622E",
        "SC4631E",
        "SC4632E",
        "SC4651E",
        "SC4652E",
        "SC4661E",
        "SC4662E",
        "SC4671G",
        "SC4672G",
        "SC4701E",
        "SC4702E",
        "SC4711E",
        "SC4712E",
        "SC4721E",
        "SC4722E",
        "SC4751E",
        "SC4752E",
        "SC4761E",
        "SC4762E",
        "SC4771G",
        "SC4772G",
        "SC4801G",
        "SC4802G"
      ],
      "validation": [
        "SC4011E",
        "SC4012E",
        "SC4021E",
        "SC4022E",
        "SC4051E",
        "SC4052E",
        "SC4441E",
        "SC4442E",
        "SC4461F",
        "SC4462F",
        "SC4581G",
        "SC4582G",
        "SC4641E",
        "SC4642E",
        "SC4741E",
        "SC4742E"
      ],
      "test": "locked_until_best_checkpoint"
    },
    "extractor_sha256": "932204f556c21d062755950f2b919a4fc3ab4b4251d368cc02ccd7ccd3405f87",
    "sequence_checkpoint_sha256": "93e840b96cc127ead5548a60dd1b4a5045b7cd5bec022eec4cc478e1c4260283",
    "metrics_roles": [
      "validation"
    ]
  },
  "metrics": {
    "validation": {
      "n_valid_epochs": 19396,
      "accuracy": 0.8442977933594555,
      "macro_f1": 0.8075664925063706,
      "cohen_kappa": 0.7823810031017511,
      "confusion_matrix": [
        [
          5333,
          485,
          49,
          4,
          41
        ],
        [
          221,
          1347,
          569,
          10,
          215
        ],
        [
          16,
          635,
          6837,
          114,
          262
        ],
        [
          0,
          0,
          153,
          738,
          0
        ],
        [
          15,
          82,
          146,
          3,
          2121
        ]
      ],
      "per_class": {
        "W": {
          "precision": 0.9548791405550582,
          "recall": 0.902063599458728,
          "f1": 0.9277202748543097,
          "support": 5912
        },
        "N1": {
          "precision": 0.5284425264809729,
          "recall": 0.5702794242167655,
          "f1": 0.548564447159438,
          "support": 2362
        },
        "N2": {
          "precision": 0.8817384575702863,
          "recall": 0.8694048830111902,
          "f1": 0.8755282366500192,
          "support": 7864
        },
        "N3": {
          "precision": 0.8492520138089759,
          "recall": 0.8282828282828283,
          "f1": 0.8386363636363636,
          "support": 891
        },
        "REM": {
          "precision": 0.8037135278514589,
          "recall": 0.8960709759188846,
          "f1": 0.847383140231722,
          "support": 2367
        }
      }
    }
  }
}
{
  "schema_version": 1,
  "passed": true,
  "experiment_id": "E4",
  "outer_fold": 2,
  "seed": 123,
  "smoke": false,
  "manifest_sha256": "3b283fa0e11862a6d8e9092568b3928a57ca6d933eb52479d844a34f1f7ae068",
  "sequence_checkpoint_sha256": "93e840b96cc127ead5548a60dd1b4a5045b7cd5bec022eec4cc478e1c4260283",
  "roles": {
    "validation": {
      "records": 16,
      "valid_epochs": 19396,
      "prediction_sha256": "cf136fed9a1384f83b727ed688720affa58e9c08b4fd8f25770b6ad69a9ab3cb",
      "metrics_sha256": "6ed9abdc73053460115b4d04d4ea704186b166474d2211f89ac2bb6ae8908f3a"
    }
  }
}
{
  "run_manifest": {
    "schema_version": 1,
    "status": "complete",
    "experiment_id": "E6",
    "outer_fold": 2,
    "seed": 123,
    "device": "cuda",
    "smoke": false,
    "allow_test_evaluation": false,
    "resume": false,
    "config_sha256": "1d812bbfb45e9ca90e2654b41311954fd6e66a56e1bbcdbfba48df8147d0ae1b",
    "split_sha256": "6bc7ad74c07ff05f1d880cb5e720eea12386824ef465b966507906fa248925de",
    "git_commit": "88a5d2ccc231e2529b35847ba9b127a6aebe2e8e",
    "git_dirty": false,
    "runner_code_sha256": "12245ec0d2fe51a0843ed873d3080f752db23621c6e2b583bba4922be9be9a39",
    "config_path": "configs/experiments_v2.json",
    "split_path": "data/splits/sleepedf_sc_10fold_seed42_v2.json",
    "data_variant": "filtered_zscore_v2",
    "role_records": {
      "train": [
        "SC4001E",
        "SC4002E",
        "SC4031E",
        "SC4032E",
        "SC4041E",
        "SC4042E",
        "SC4061E",
        "SC4062E",
        "SC4081E",
        "SC4082E",
        "SC4091E",
        "SC4092E",
        "SC4101E",
        "SC4102E",
        "SC4111E",
        "SC4112E",
        "SC4121E",
        "SC4122E",
        "SC4131E",
        "SC4141E",
        "SC4142E",
        "SC4151E",
        "SC4152E",
        "SC4161E",
        "SC4162E",
        "SC4181E",
        "SC4182E",
        "SC4191E",
        "SC4192E",
        "SC4201E",
        "SC4202E",
        "SC4211E",
        "SC4212E",
        "SC4221E",
        "SC4222E",
        "SC4231E",
        "SC4232E",
        "SC4251E",
        "SC4252E",
        "SC4261F",
        "SC4262F",
        "SC4281G",
        "SC4282G",
        "SC4301E",
        "SC4302E",
        "SC4311E",
        "SC4312E",
        "SC4321E",
        "SC4322E",
        "SC4331F",
        "SC4332F",
        "SC4341F",
        "SC4342F",
        "SC4351F",
        "SC4352F",
        "SC4362F",
        "SC4371F",
        "SC4372F",
        "SC4381F",
        "SC4382F",
        "SC4401E",
        "SC4402E",
        "SC4411E",
        "SC4412E",
        "SC4421E",
        "SC4422E",
        "SC4431E",
        "SC4432E",
        "SC4451F",
        "SC4452F",
        "SC4471F",
        "SC4472F",
        "SC4481F",
        "SC4482F",
        "SC4491G",
        "SC4492G",
        "SC4501E",
        "SC4502E",
        "SC4511E",
        "SC4512E",
        "SC4522E",
        "SC4531E",
        "SC4532E",
        "SC4541F",
        "SC4542F",
        "SC4551F",
        "SC4552F",
        "SC4561F",
        "SC4562F",
        "SC4571F",
        "SC4572F",
        "SC4591G",
        "SC4592G",
        "SC4601E",
        "SC4602E",
        "SC4611E",
        "SC4612E",
        "SC4621E",
        "SC4622E",
        "SC4631E",
        "SC4632E",
        "SC4651E",
        "SC4652E",
        "SC4661E",
        "SC4662E",
        "SC4671G",
        "SC4672G",
        "SC4701E",
        "SC4702E",
        "SC4711E",
        "SC4712E",
        "SC4721E",
        "SC4722E",
        "SC4751E",
        "SC4752E",
        "SC4761E",
        "SC4762E",
        "SC4771G",
        "SC4772G",
        "SC4801G",
        "SC4802G"
      ],
      "validation": [
        "SC4011E",
        "SC4012E",
        "SC4021E",
        "SC4022E",
        "SC4051E",
        "SC4052E",
        "SC4441E",
        "SC4442E",
        "SC4461F",
        "SC4462F",
        "SC4581G",
        "SC4582G",
        "SC4641E",
        "SC4642E",
        "SC4741E",
        "SC4742E"
      ],
      "test": "locked_until_best_checkpoint"
    },
    "extractor_sha256": "c31abb2d6459ac589450b4e593678746f66b401053305c4c682c16d38c7bf205",
    "sequence_checkpoint_sha256": "dd27b1165d6a96e24407b55a928c0bf10f621baef4d0e3e633560cb9403c6e03",
    "metrics_roles": [
      "validation"
    ]
  },
  "metrics": {
    "validation": {
      "n_valid_epochs": 19396,
      "accuracy": 0.8353784285419674,
      "macro_f1": 0.7800831666676412,
      "cohen_kappa": 0.7704018039647792,
      "confusion_matrix": [
        [
          5385,
          417,
          35,
          4,
          71
        ],
        [
          248,
          1278,
          597,
          13,
          226
        ],
        [
          25,
          508,
          6680,
          321,
          330
        ],
        [
          0,
          2,
          205,
          684,
          0
        ],
        [
          15,
          55,
          118,
          3,
          2176
        ]
      ],
      "per_class": {
        "W": {
          "precision": 0.9492332099418297,
          "recall": 0.9108592692828146,
          "f1": 0.9296504100129478,
          "support": 5912
        },
        "N1": {
          "precision": 0.5654867256637168,
          "recall": 0.5410668924640135,
          "f1": 0.5530073561228905,
          "support": 2362
        },
        "N2": {
          "precision": 0.8749181401440733,
          "recall": 0.8494404883011191,
          "f1": 0.8619910961997549,
          "support": 7864
        },
        "N3": {
          "precision": 0.6673170731707317,
          "recall": 0.7676767676767676,
          "f1": 0.7139874739039667,
          "support": 891
        },
        "REM": {
          "precision": 0.7763110952550838,
          "recall": 0.9193071398394592,
          "f1": 0.841779497098646,
          "support": 2367
        }
      }
    }
  }
}
{
  "schema_version": 1,
  "passed": true,
  "experiment_id": "E6",
  "outer_fold": 2,
  "seed": 123,
  "smoke": false,
  "manifest_sha256": "f1081978a0986e9563493e35cd0cc62e44b445349865f60793e6bc0147ecd719",
  "sequence_checkpoint_sha256": "dd27b1165d6a96e24407b55a928c0bf10f621baef4d0e3e633560cb9403c6e03",
  "roles": {
    "validation": {
      "records": 16,
      "valid_epochs": 19396,
      "prediction_sha256": "daf0b2e22defed576a7fd5051fbd43206fc1af50d6dc71c7f9d9024e2d53908c",
      "metrics_sha256": "8b5cd01002be5523b644d03e224baf54a21a4505585eae728289bbb5642126ce"
    }
  }
}
========== DONE fold_02 seed 123 2026-08-20T20:38:10+00:00 ==========
========== START fold_03 seed 123 2026-08-20T20:38:10+00:00 ==========
{
  "run_manifest": {
    "schema_version": 1,
    "status": "complete",
    "experiment_id": "E0",
    "outer_fold": 3,
    "seed": 123,
    "device": "cuda",
    "smoke": false,
    "allow_test_evaluation": false,
    "resume": false,
    "config_sha256": "1d812bbfb45e9ca90e2654b41311954fd6e66a56e1bbcdbfba48df8147d0ae1b",
    "split_sha256": "6bc7ad74c07ff05f1d880cb5e720eea12386824ef465b966507906fa248925de",
    "git_commit": "88a5d2ccc231e2529b35847ba9b127a6aebe2e8e",
    "git_dirty": false,
    "runner_code_sha256": "12245ec0d2fe51a0843ed873d3080f752db23621c6e2b583bba4922be9be9a39",
    "config_path": "configs/experiments_v2.json",
    "split_path": "data/splits/sleepedf_sc_10fold_seed42_v2.json",
    "data_variant": "paper_raw_v1",
    "role_records": {
      "train": [
        "SC4001E",
        "SC4002E",
        "SC4031E",
        "SC4032E",
        "SC4041E",
        "SC4042E",
        "SC4061E",
        "SC4062E",
        "SC4071E",
        "SC4072E",
        "SC4081E",
        "SC4082E",
        "SC4091E",
        "SC4092E",
        "SC4101E",
        "SC4102E",
        "SC4111E",
        "SC4112E",
        "SC4121E",
        "SC4122E",
        "SC4131E",
        "SC4141E",
        "SC4142E",
        "SC4151E",
        "SC4152E",
        "SC4161E",
        "SC4162E",
        "SC4171E",
        "SC4172E",
        "SC4181E",
        "SC4182E",
        "SC4191E",
        "SC4192E",
        "SC4211E",
        "SC4212E",
        "SC4221E",
        "SC4222E",
        "SC4241E",
        "SC4242E",
        "SC4251E",
        "SC4252E",
        "SC4261F",
        "SC4262F",
        "SC4271F",
        "SC4272F",
        "SC4281G",
        "SC4282G",
        "SC4291G",
        "SC4292G",
        "SC4301E",
        "SC4302E",
        "SC4311E",
        "SC4312E",
        "SC4331F",
        "SC4332F",
        "SC4341F",
        "SC4342F",
        "SC4351F",
        "SC4352F",
        "SC4362F",
        "SC4371F",
        "SC4372F",
        "SC4381F",
        "SC4382F",
        "SC4411E",
        "SC4412E",
        "SC4421E",
        "SC4422E",
        "SC4431E",
        "SC4432E",
        "SC4451F",
        "SC4452F",
        "SC4471F",
        "SC4472F",
        "SC4481F",
        "SC4482F",
        "SC4491G",
        "SC4492G",
        "SC4501E",
        "SC4502E",
        "SC4511E",
        "SC4512E",
        "SC4522E",
        "SC4541F",
        "SC4542F",
        "SC4551F",
        "SC4552F",
        "SC4561F",
        "SC4562F",
        "SC4571F",
        "SC4572F",
        "SC4591G",
        "SC4592G",
        "SC4601E",
        "SC4602E",
        "SC4611E",
        "SC4612E",
        "SC4621E",
        "SC4622E",
        "SC4651E",
        "SC4652E",
        "SC4661E",
        "SC4662E",
        "SC4671G",
        "SC4672G",
        "SC4701E",
        "SC4702E",
        "SC4711E",
        "SC4712E",
        "SC4721E",
        "SC4722E",
        "SC4731E",
        "SC4732E",
        "SC4761E",
        "SC4762E",
        "SC4801G",
        "SC4802G",
        "SC4811G",
        "SC4812G",
        "SC4821G",
        "SC4822G"
      ],
      "validation": [
        "SC4201E",
        "SC4202E",
        "SC4231E",
        "SC4232E",
        "SC4321E",
        "SC4322E",
        "SC4401E",
        "SC4402E",
        "SC4531E",
        "SC4532E",
        "SC4631E",
        "SC4632E",
        "SC4751E",
        "SC4752E",
        "SC4771G",
        "SC4772G"
      ],
      "test": "locked_until_best_checkpoint"
    },
    "extractor_sha256": "2549abf4dad527483f1600471f5ae584ad9015a298813546877fad09b9572e68",
    "sequence_checkpoint_sha256": "7335a0bdc3fd845bb0e6cad6117078aa7a9c1ffd4bff30a8f186ede31e55bc63",
    "metrics_roles": [
      "validation"
    ]
  },
  "metrics": {
    "validation": {
      "n_valid_epochs": 19457,
      "accuracy": 0.8249473197306881,
      "macro_f1": 0.7346440137095168,
      "cohen_kappa": 0.7526865782110879,
      "confusion_matrix": [
        [
          6289,
          505,
          35,
          0,
          11
        ],
        [
          324,
          1273,
          777,
          10,
          162
        ],
        [
          38,
          455,
          6124,
          135,
          195
        ],
        [
          1,
          1,
          217,
          230,
          0
        ],
        [
          177,
          196,
          167,
          0,
          2135
        ]
      ],
      "per_class": {
        "W": {
          "precision": 0.9209254649289793,
          "recall": 0.9194444444444444,
          "f1": 0.9201843587680152,
          "support": 6840
        },
        "N1": {
          "precision": 0.5238683127572017,
          "recall": 0.5,
          "f1": 0.5116559485530547,
          "support": 2546
        },
        "N2": {
          "precision": 0.8366120218579235,
          "recall": 0.8815315963725349,
          "f1": 0.8584846148454476,
          "support": 6947
        },
        "N3": {
          "precision": 0.6133333333333333,
          "recall": 0.512249443207127,
          "f1": 0.558252427184466,
          "support": 449
        },
        "REM": {
          "precision": 0.8529764282860567,
          "recall": 0.7981308411214953,
          "f1": 0.824642719196601,
          "support": 2675
        }
      }
    }
  }
}
{
  "schema_version": 1,
  "passed": true,
  "experiment_id": "E0",
  "outer_fold": 3,
  "seed": 123,
  "smoke": false,
  "manifest_sha256": "85c6caf452c5d5dec4c91bb166ddf2c9547e867abd283e4da9c1111a53dcb11b",
  "sequence_checkpoint_sha256": "7335a0bdc3fd845bb0e6cad6117078aa7a9c1ffd4bff30a8f186ede31e55bc63",
  "roles": {
    "validation": {
      "records": 16,
      "valid_epochs": 19457,
      "prediction_sha256": "25442ebdd210001e2ee16950a62132e371ae2460ea50e2fabac88f5fb4351fd9",
      "metrics_sha256": "c125a277bb4290eabe5d6cf7aec23581836423f6e124a71200efb9d990cac0d9"
    }
  }
}
{
  "run_manifest": {
    "schema_version": 1,
    "status": "complete",
    "experiment_id": "E1",
    "outer_fold": 3,
    "seed": 123,
    "device": "cuda",
    "smoke": false,
    "allow_test_evaluation": false,
    "resume": false,
    "config_sha256": "1d812bbfb45e9ca90e2654b41311954fd6e66a56e1bbcdbfba48df8147d0ae1b",
    "split_sha256": "6bc7ad74c07ff05f1d880cb5e720eea12386824ef465b966507906fa248925de",
    "git_commit": "88a5d2ccc231e2529b35847ba9b127a6aebe2e8e",
    "git_dirty": false,
    "runner_code_sha256": "12245ec0d2fe51a0843ed873d3080f752db23621c6e2b583bba4922be9be9a39",
    "config_path": "configs/experiments_v2.json",
    "split_path": "data/splits/sleepedf_sc_10fold_seed42_v2.json",
    "data_variant": "paper_raw_v1",
    "role_records": {
      "train": [
        "SC4001E",
        "SC4002E",
        "SC4031E",
        "SC4032E",
        "SC4041E",
        "SC4042E",
        "SC4061E",
        "SC4062E",
        "SC4071E",
        "SC4072E",
        "SC4081E",
        "SC4082E",
        "SC4091E",
        "SC4092E",
        "SC4101E",
        "SC4102E",
        "SC4111E",
        "SC4112E",
        "SC4121E",
        "SC4122E",
        "SC4131E",
        "SC4141E",
        "SC4142E",
        "SC4151E",
        "SC4152E",
        "SC4161E",
        "SC4162E",
        "SC4171E",
        "SC4172E",
        "SC4181E",
        "SC4182E",
        "SC4191E",
        "SC4192E",
        "SC4211E",
        "SC4212E",
        "SC4221E",
        "SC4222E",
        "SC4241E",
        "SC4242E",
        "SC4251E",
        "SC4252E",
        "SC4261F",
        "SC4262F",
        "SC4271F",
        "SC4272F",
        "SC4281G",
        "SC4282G",
        "SC4291G",
        "SC4292G",
        "SC4301E",
        "SC4302E",
        "SC4311E",
        "SC4312E",
        "SC4331F",
        "SC4332F",
        "SC4341F",
        "SC4342F",
        "SC4351F",
        "SC4352F",
        "SC4362F",
        "SC4371F",
        "SC4372F",
        "SC4381F",
        "SC4382F",
        "SC4411E",
        "SC4412E",
        "SC4421E",
        "SC4422E",
        "SC4431E",
        "SC4432E",
        "SC4451F",
        "SC4452F",
        "SC4471F",
        "SC4472F",
        "SC4481F",
        "SC4482F",
        "SC4491G",
        "SC4492G",
        "SC4501E",
        "SC4502E",
        "SC4511E",
        "SC4512E",
        "SC4522E",
        "SC4541F",
        "SC4542F",
        "SC4551F",
        "SC4552F",
        "SC4561F",
        "SC4562F",
        "SC4571F",
        "SC4572F",
        "SC4591G",
        "SC4592G",
        "SC4601E",
        "SC4602E",
        "SC4611E",
        "SC4612E",
        "SC4621E",
        "SC4622E",
        "SC4651E",
        "SC4652E",
        "SC4661E",
        "SC4662E",
        "SC4671G",
        "SC4672G",
        "SC4701E",
        "SC4702E",
        "SC4711E",
        "SC4712E",
        "SC4721E",
        "SC4722E",
        "SC4731E",
        "SC4732E",
        "SC4761E",
        "SC4762E",
        "SC4801G",
        "SC4802G",
        "SC4811G",
        "SC4812G",
        "SC4821G",
        "SC4822G"
      ],
      "validation": [
        "SC4201E",
        "SC4202E",
        "SC4231E",
        "SC4232E",
        "SC4321E",
        "SC4322E",
        "SC4401E",
        "SC4402E",
        "SC4531E",
        "SC4532E",
        "SC4631E",
        "SC4632E",
        "SC4751E",
        "SC4752E",
        "SC4771G",
        "SC4772G"
      ],
      "test": "locked_until_best_checkpoint"
    },
    "extractor_sha256": "2549abf4dad527483f1600471f5ae584ad9015a298813546877fad09b9572e68",
    "sequence_checkpoint_sha256": "8d5206115e5f6d49732fb308cd3a584ef324d9421f372259831049db9ec44412",
    "metrics_roles": [
      "validation"
    ]
  },
  "metrics": {
    "validation": {
      "n_valid_epochs": 19457,
      "accuracy": 0.8202189443387984,
      "macro_f1": 0.743187875002042,
      "cohen_kappa": 0.747878536170343,
      "confusion_matrix": [
        [
          6267,
          521,
          33,
          0,
          19
        ],
        [
          322,
          1408,
          691,
          16,
          109
        ],
        [
          28,
          692,
          5894,
          217,
          116
        ],
        [
          1,
          2,
          162,
          284,
          0
        ],
        [
          171,
          196,
          200,
          2,
          2106
        ]
      ],
      "per_class": {
        "W": {
          "precision": 0.9231109147149801,
          "recall": 0.9162280701754386,
          "f1": 0.9196566145718689,
          "support": 6840
        },
        "N1": {
          "precision": 0.4994678964171692,
          "recall": 0.5530243519245875,
          "f1": 0.524883504193849,
          "support": 2546
        },
        "N2": {
          "precision": 0.8444126074498567,
          "recall": 0.848423780048942,
          "f1": 0.8464134415164788,
          "support": 6947
        },
        "N3": {
          "precision": 0.5472061657032755,
          "recall": 0.6325167037861915,
          "f1": 0.5867768595041323,
          "support": 449
        },
        "REM": {
          "precision": 0.8961702127659574,
          "recall": 0.7872897196261682,
          "f1": 0.8382089552238806,
          "support": 2675
        }
      }
    }
  }
}
{
  "schema_version": 1,
  "passed": true,
  "experiment_id": "E1",
  "outer_fold": 3,
  "seed": 123,
  "smoke": false,
  "manifest_sha256": "2e7e0b0d1b14350fe27f4f687cb9637ad980740119897229e599c0267856138e",
  "sequence_checkpoint_sha256": "8d5206115e5f6d49732fb308cd3a584ef324d9421f372259831049db9ec44412",
  "roles": {
    "validation": {
      "records": 16,
      "valid_epochs": 19457,
      "prediction_sha256": "f5009b32d1de143dfbd28133f04d67039ed258c647957dfd36628dcd4a00917c",
      "metrics_sha256": "f386f09fe761185c73e010741cafa9a1e61bc30a79326627200ec58573f46151"
    }
  }
}
{
  "run_manifest": {
    "schema_version": 1,
    "status": "complete",
    "experiment_id": "E2",
    "outer_fold": 3,
    "seed": 123,
    "device": "cuda",
    "smoke": false,
    "allow_test_evaluation": false,
    "resume": false,
    "config_sha256": "1d812bbfb45e9ca90e2654b41311954fd6e66a56e1bbcdbfba48df8147d0ae1b",
    "split_sha256": "6bc7ad74c07ff05f1d880cb5e720eea12386824ef465b966507906fa248925de",
    "git_commit": "88a5d2ccc231e2529b35847ba9b127a6aebe2e8e",
    "git_dirty": false,
    "runner_code_sha256": "12245ec0d2fe51a0843ed873d3080f752db23621c6e2b583bba4922be9be9a39",
    "config_path": "configs/experiments_v2.json",
    "split_path": "data/splits/sleepedf_sc_10fold_seed42_v2.json",
    "data_variant": "paper_raw_v1",
    "role_records": {
      "train": [
        "SC4001E",
        "SC4002E",
        "SC4031E",
        "SC4032E",
        "SC4041E",
        "SC4042E",
        "SC4061E",
        "SC4062E",
        "SC4071E",
        "SC4072E",
        "SC4081E",
        "SC4082E",
        "SC4091E",
        "SC4092E",
        "SC4101E",
        "SC4102E",
        "SC4111E",
        "SC4112E",
        "SC4121E",
        "SC4122E",
        "SC4131E",
        "SC4141E",
        "SC4142E",
        "SC4151E",
        "SC4152E",
        "SC4161E",
        "SC4162E",
        "SC4171E",
        "SC4172E",
        "SC4181E",
        "SC4182E",
        "SC4191E",
        "SC4192E",
        "SC4211E",
        "SC4212E",
        "SC4221E",
        "SC4222E",
        "SC4241E",
        "SC4242E",
        "SC4251E",
        "SC4252E",
        "SC4261F",
        "SC4262F",
        "SC4271F",
        "SC4272F",
        "SC4281G",
        "SC4282G",
        "SC4291G",
        "SC4292G",
        "SC4301E",
        "SC4302E",
        "SC4311E",
        "SC4312E",
        "SC4331F",
        "SC4332F",
        "SC4341F",
        "SC4342F",
        "SC4351F",
        "SC4352F",
        "SC4362F",
        "SC4371F",
        "SC4372F",
        "SC4381F",
        "SC4382F",
        "SC4411E",
        "SC4412E",
        "SC4421E",
        "SC4422E",
        "SC4431E",
        "SC4432E",
        "SC4451F",
        "SC4452F",
        "SC4471F",
        "SC4472F",
        "SC4481F",
        "SC4482F",
        "SC4491G",
        "SC4492G",
        "SC4501E",
        "SC4502E",
        "SC4511E",
        "SC4512E",
        "SC4522E",
        "SC4541F",
        "SC4542F",
        "SC4551F",
        "SC4552F",
        "SC4561F",
        "SC4562F",
        "SC4571F",
        "SC4572F",
        "SC4591G",
        "SC4592G",
        "SC4601E",
        "SC4602E",
        "SC4611E",
        "SC4612E",
        "SC4621E",
        "SC4622E",
        "SC4651E",
        "SC4652E",
        "SC4661E",
        "SC4662E",
        "SC4671G",
        "SC4672G",
        "SC4701E",
        "SC4702E",
        "SC4711E",
        "SC4712E",
        "SC4721E",
        "SC4722E",
        "SC4731E",
        "SC4732E",
        "SC4761E",
        "SC4762E",
        "SC4801G",
        "SC4802G",
        "SC4811G",
        "SC4812G",
        "SC4821G",
        "SC4822G"
      ],
      "validation": [
        "SC4201E",
        "SC4202E",
        "SC4231E",
        "SC4232E",
        "SC4321E",
        "SC4322E",
        "SC4401E",
        "SC4402E",
        "SC4531E",
        "SC4532E",
        "SC4631E",
        "SC4632E",
        "SC4751E",
        "SC4752E",
        "SC4771G",
        "SC4772G"
      ],
      "test": "locked_until_best_checkpoint"
    },
    "extractor_sha256": "992c07151b94079ad323ac24f7ca4a85bde3e2655ad7857b2640696f6bc79e83",
    "sequence_checkpoint_sha256": "35f2fd0572bcef920719a455ac45d3aa9e6154bbaf8395012a7fb4d948c4f26a",
    "metrics_roles": [
      "validation"
    ]
  },
  "metrics": {
    "validation": {
      "n_valid_epochs": 19457,
      "accuracy": 0.8275684843501053,
      "macro_f1": 0.7440471878707161,
      "cohen_kappa": 0.7561471591571309,
      "confusion_matrix": [
        [
          6409,
          388,
          26,
          0,
          17
        ],
        [
          392,
          1264,
          725,
          12,
          153
        ],
        [
          37,
          530,
          6106,
          127,
          147
        ],
        [
          0,
          0,
          191,
          258,
          0
        ],
        [
          172,
          268,
          170,
          0,
          2065
        ]
      ],
      "per_class": {
        "W": {
          "precision": 0.914265335235378,
          "recall": 0.9369883040935673,
          "f1": 0.9254873646209387,
          "support": 6840
        },
        "N1": {
          "precision": 0.5159183673469387,
          "recall": 0.4964650432050275,
          "f1": 0.5060048038430744,
          "support": 2546
        },
        "N2": {
          "precision": 0.8459407037960653,
          "recall": 0.878940549877645,
          "f1": 0.8621249558771621,
          "support": 6947
        },
        "N3": {
          "precision": 0.6498740554156172,
          "recall": 0.5746102449888641,
          "f1": 0.6099290780141845,
          "support": 449
        },
        "REM": {
          "precision": 0.8669185558354324,
          "recall": 0.77196261682243,
          "f1": 0.8166897369982203,
          "support": 2675
        }
      }
    }
  }
}
{
  "schema_version": 1,
  "passed": true,
  "experiment_id": "E2",
  "outer_fold": 3,
  "seed": 123,
  "smoke": false,
  "manifest_sha256": "41b7635c18e588bab8e871292080206c91a7a8287b3e806ea8642c25399071d5",
  "sequence_checkpoint_sha256": "35f2fd0572bcef920719a455ac45d3aa9e6154bbaf8395012a7fb4d948c4f26a",
  "roles": {
    "validation": {
      "records": 16,
      "valid_epochs": 19457,
      "prediction_sha256": "6fa0d5d1e6451a6f23d88b63cee1eac7bec9bacd8db67875682d16db56a12218",
      "metrics_sha256": "175839454ccb328f986e240371b498bdf23ed42ad771f24454dc0b3f836d7f8d"
    }
  }
}
{
  "run_manifest": {
    "schema_version": 1,
    "status": "complete",
    "experiment_id": "E3",
    "outer_fold": 3,
    "seed": 123,
    "device": "cuda",
    "smoke": false,
    "allow_test_evaluation": false,
    "resume": false,
    "config_sha256": "1d812bbfb45e9ca90e2654b41311954fd6e66a56e1bbcdbfba48df8147d0ae1b",
    "split_sha256": "6bc7ad74c07ff05f1d880cb5e720eea12386824ef465b966507906fa248925de",
    "git_commit": "88a5d2ccc231e2529b35847ba9b127a6aebe2e8e",
    "git_dirty": false,
    "runner_code_sha256": "12245ec0d2fe51a0843ed873d3080f752db23621c6e2b583bba4922be9be9a39",
    "config_path": "configs/experiments_v2.json",
    "split_path": "data/splits/sleepedf_sc_10fold_seed42_v2.json",
    "data_variant": "filtered_v2",
    "role_records": {
      "train": [
        "SC4001E",
        "SC4002E",
        "SC4031E",
        "SC4032E",
        "SC4041E",
        "SC4042E",
        "SC4061E",
        "SC4062E",
        "SC4071E",
        "SC4072E",
        "SC4081E",
        "SC4082E",
        "SC4091E",
        "SC4092E",
        "SC4101E",
        "SC4102E",
        "SC4111E",
        "SC4112E",
        "SC4121E",
        "SC4122E",
        "SC4131E",
        "SC4141E",
        "SC4142E",
        "SC4151E",
        "SC4152E",
        "SC4161E",
        "SC4162E",
        "SC4171E",
        "SC4172E",
        "SC4181E",
        "SC4182E",
        "SC4191E",
        "SC4192E",
        "SC4211E",
        "SC4212E",
        "SC4221E",
        "SC4222E",
        "SC4241E",
        "SC4242E",
        "SC4251E",
        "SC4252E",
        "SC4261F",
        "SC4262F",
        "SC4271F",
        "SC4272F",
        "SC4281G",
        "SC4282G",
        "SC4291G",
        "SC4292G",
        "SC4301E",
        "SC4302E",
        "SC4311E",
        "SC4312E",
        "SC4331F",
        "SC4332F",
        "SC4341F",
        "SC4342F",
        "SC4351F",
        "SC4352F",
        "SC4362F",
        "SC4371F",
        "SC4372F",
        "SC4381F",
        "SC4382F",
        "SC4411E",
        "SC4412E",
        "SC4421E",
        "SC4422E",
        "SC4431E",
        "SC4432E",
        "SC4451F",
        "SC4452F",
        "SC4471F",
        "SC4472F",
        "SC4481F",
        "SC4482F",
        "SC4491G",
        "SC4492G",
        "SC4501E",
        "SC4502E",
        "SC4511E",
        "SC4512E",
        "SC4522E",
        "SC4541F",
        "SC4542F",
        "SC4551F",
        "SC4552F",
        "SC4561F",
        "SC4562F",
        "SC4571F",
        "SC4572F",
        "SC4591G",
        "SC4592G",
        "SC4601E",
        "SC4602E",
        "SC4611E",
        "SC4612E",
        "SC4621E",
        "SC4622E",
        "SC4651E",
        "SC4652E",
        "SC4661E",
        "SC4662E",
        "SC4671G",
        "SC4672G",
        "SC4701E",
        "SC4702E",
        "SC4711E",
        "SC4712E",
        "SC4721E",
        "SC4722E",
        "SC4731E",
        "SC4732E",
        "SC4761E",
        "SC4762E",
        "SC4801G",
        "SC4802G",
        "SC4811G",
        "SC4812G",
        "SC4821G",
        "SC4822G"
      ],
      "validation": [
        "SC4201E",
        "SC4202E",
        "SC4231E",
        "SC4232E",
        "SC4321E",
        "SC4322E",
        "SC4401E",
        "SC4402E",
        "SC4531E",
        "SC4532E",
        "SC4631E",
        "SC4632E",
        "SC4751E",
        "SC4752E",
        "SC4771G",
        "SC4772G"
      ],
      "test": "locked_until_best_checkpoint"
    },
    "extractor_sha256": "9570c9a8b4ec9c8553fbffe49ff76dc43038aa70ac80d8b7b2180202a379106a",
    "sequence_checkpoint_sha256": "beaed40305a48ad2eb35a3da7499e3ffcc3bba46d9eea34c80327f6c24f4217d",
    "metrics_roles": [
      "validation"
    ]
  },
  "metrics": {
    "validation": {
      "n_valid_epochs": 19457,
      "accuracy": 0.836922444364496,
      "macro_f1": 0.7432411439034847,
      "cohen_kappa": 0.7691026231703069,
      "confusion_matrix": [
        [
          6440,
          337,
          29,
          0,
          34
        ],
        [
          349,
          1206,
          774,
          16,
          201
        ],
        [
          38,
          462,
          6197,
          148,
          102
        ],
        [
          0,
          0,
          208,
          241,
          0
        ],
        [
          94,
          213,
          168,
          0,
          2200
        ]
      ],
      "per_class": {
        "W": {
          "precision": 0.9305013726340124,
          "recall": 0.9415204678362573,
          "f1": 0.9359784899353245,
          "support": 6840
        },
        "N1": {
          "precision": 0.5437330928764653,
          "recall": 0.47368421052631576,
          "f1": 0.5062972292191436,
          "support": 2546
        },
        "N2": {
          "precision": 0.8401572668112798,
          "recall": 0.8920397293795883,
          "f1": 0.8653215108566641,
          "support": 6947
        },
        "N3": {
          "precision": 0.5950617283950618,
          "recall": 0.5367483296213809,
          "f1": 0.5644028103044497,
          "support": 449
        },
        "REM": {
          "precision": 0.86716594402838,
          "recall": 0.822429906542056,
          "f1": 0.8442056792018419,
          "support": 2675
        }
      }
    }
  }
}
{
  "schema_version": 1,
  "passed": true,
  "experiment_id": "E3",
  "outer_fold": 3,
  "seed": 123,
  "smoke": false,
  "manifest_sha256": "250152a65bb7d33364ff2a9442572a266e2786c819d131e1ee661abb25d2ce5f",
  "sequence_checkpoint_sha256": "beaed40305a48ad2eb35a3da7499e3ffcc3bba46d9eea34c80327f6c24f4217d",
  "roles": {
    "validation": {
      "records": 16,
      "valid_epochs": 19457,
      "prediction_sha256": "8a8138597653ce24926a21b7f2deee6010592995f7180fecd0cb7120f88c729f",
      "metrics_sha256": "7144a39582d92d47c01f3e22cbd21e938fa857ff6f835c67ddbed71a0cdc73d2"
    }
  }
}
{
  "run_manifest": {
    "schema_version": 1,
    "status": "complete",
    "experiment_id": "E4",
    "outer_fold": 3,
    "seed": 123,
    "device": "cuda",
    "smoke": false,
    "allow_test_evaluation": false,
    "resume": false,
    "config_sha256": "1d812bbfb45e9ca90e2654b41311954fd6e66a56e1bbcdbfba48df8147d0ae1b",
    "split_sha256": "6bc7ad74c07ff05f1d880cb5e720eea12386824ef465b966507906fa248925de",
    "git_commit": "88a5d2ccc231e2529b35847ba9b127a6aebe2e8e",
    "git_dirty": false,
    "runner_code_sha256": "12245ec0d2fe51a0843ed873d3080f752db23621c6e2b583bba4922be9be9a39",
    "config_path": "configs/experiments_v2.json",
    "split_path": "data/splits/sleepedf_sc_10fold_seed42_v2.json",
    "data_variant": "bandpass_v2",
    "role_records": {
      "train": [
        "SC4001E",
        "SC4002E",
        "SC4031E",
        "SC4032E",
        "SC4041E",
        "SC4042E",
        "SC4061E",
        "SC4062E",
        "SC4071E",
        "SC4072E",
        "SC4081E",
        "SC4082E",
        "SC4091E",
        "SC4092E",
        "SC4101E",
        "SC4102E",
        "SC4111E",
        "SC4112E",
        "SC4121E",
        "SC4122E",
        "SC4131E",
        "SC4141E",
        "SC4142E",
        "SC4151E",
        "SC4152E",
        "SC4161E",
        "SC4162E",
        "SC4171E",
        "SC4172E",
        "SC4181E",
        "SC4182E",
        "SC4191E",
        "SC4192E",
        "SC4211E",
        "SC4212E",
        "SC4221E",
        "SC4222E",
        "SC4241E",
        "SC4242E",
        "SC4251E",
        "SC4252E",
        "SC4261F",
        "SC4262F",
        "SC4271F",
        "SC4272F",
        "SC4281G",
        "SC4282G",
        "SC4291G",
        "SC4292G",
        "SC4301E",
        "SC4302E",
        "SC4311E",
        "SC4312E",
        "SC4331F",
        "SC4332F",
        "SC4341F",
        "SC4342F",
        "SC4351F",
        "SC4352F",
        "SC4362F",
        "SC4371F",
        "SC4372F",
        "SC4381F",
        "SC4382F",
        "SC4411E",
        "SC4412E",
        "SC4421E",
        "SC4422E",
        "SC4431E",
        "SC4432E",
        "SC4451F",
        "SC4452F",
        "SC4471F",
        "SC4472F",
        "SC4481F",
        "SC4482F",
        "SC4491G",
        "SC4492G",
        "SC4501E",
        "SC4502E",
        "SC4511E",
        "SC4512E",
        "SC4522E",
        "SC4541F",
        "SC4542F",
        "SC4551F",
        "SC4552F",
        "SC4561F",
        "SC4562F",
        "SC4571F",
        "SC4572F",
        "SC4591G",
        "SC4592G",
        "SC4601E",
        "SC4602E",
        "SC4611E",
        "SC4612E",
        "SC4621E",
        "SC4622E",
        "SC4651E",
        "SC4652E",
        "SC4661E",
        "SC4662E",
        "SC4671G",
        "SC4672G",
        "SC4701E",
        "SC4702E",
        "SC4711E",
        "SC4712E",
        "SC4721E",
        "SC4722E",
        "SC4731E",
        "SC4732E",
        "SC4761E",
        "SC4762E",
        "SC4801G",
        "SC4802G",
        "SC4811G",
        "SC4812G",
        "SC4821G",
        "SC4822G"
      ],
      "validation": [
        "SC4201E",
        "SC4202E",
        "SC4231E",
        "SC4232E",
        "SC4321E",
        "SC4322E",
        "SC4401E",
        "SC4402E",
        "SC4531E",
        "SC4532E",
        "SC4631E",
        "SC4632E",
        "SC4751E",
        "SC4752E",
        "SC4771G",
        "SC4772G"
      ],
      "test": "locked_until_best_checkpoint"
    },
    "extractor_sha256": "2dcab438e7beb8a754555abd4bb838c8fe942e0cd9102289931bf1db9a02c62b",
    "sequence_checkpoint_sha256": "24877277b3f141ab6d8d6d8ecb9c7fa7b4ee8db37deccab7b967ef3e372b01b4",
    "metrics_roles": [
      "validation"
    ]
  },
  "metrics": {
    "validation": {
      "n_valid_epochs": 19457,
      "accuracy": 0.8306522074317726,
      "macro_f1": 0.740140268661212,
      "cohen_kappa": 0.7615260258151584,
      "confusion_matrix": [
        [
          6334,
          447,
          31,
          0,
          28
        ],
        [
          282,
          1252,
          801,
          16,
          195
        ],
        [
          24,
          452,
          6127,
          200,
          144
        ],
        [
          0,
          1,
          185,
          262,
          1
        ],
        [
          86,
          277,
          125,
          0,
          2187
        ]
      ],
      "per_class": {
        "W": {
          "precision": 0.9417187035385073,
          "recall": 0.9260233918128655,
          "f1": 0.9338051009877635,
          "support": 6840
        },
        "N1": {
          "precision": 0.5154384520378756,
          "recall": 0.4917517674783975,
          "f1": 0.5033165829145728,
          "support": 2546
        },
        "N2": {
          "precision": 0.8428944834227542,
          "recall": 0.8819634374550166,
          "f1": 0.861986494091165,
          "support": 6947
        },
        "N3": {
          "precision": 0.5481171548117155,
          "recall": 0.5835189309576837,
          "f1": 0.5652642934196332,
          "support": 449
        },
        "REM": {
          "precision": 0.8559686888454012,
          "recall": 0.817570093457944,
          "f1": 0.8363288718929255,
          "support": 2675
        }
      }
    }
  }
}
{
  "schema_version": 1,
  "passed": true,
  "experiment_id": "E4",
  "outer_fold": 3,
  "seed": 123,
  "smoke": false,
  "manifest_sha256": "4ee4c7eb8faee4e6ed0946b9f93e5b6f77cefc1d6aefd9674e980083327c8ee4",
  "sequence_checkpoint_sha256": "24877277b3f141ab6d8d6d8ecb9c7fa7b4ee8db37deccab7b967ef3e372b01b4",
  "roles": {
    "validation": {
      "records": 16,
      "valid_epochs": 19457,
      "prediction_sha256": "329eabef094098b15a4828ce911ac7fc03a57e805a9225c2189987fd6dffbb4c",
      "metrics_sha256": "a7a9371988888b4c8cd2871b3a27e9a1131c77c240945fa2302229dd2600c71a"
    }
  }
}
{
  "run_manifest": {
    "schema_version": 1,
    "status": "complete",
    "experiment_id": "E6",
    "outer_fold": 3,
    "seed": 123,
    "device": "cuda",
    "smoke": false,
    "allow_test_evaluation": false,
    "resume": false,
    "config_sha256": "1d812bbfb45e9ca90e2654b41311954fd6e66a56e1bbcdbfba48df8147d0ae1b",
    "split_sha256": "6bc7ad74c07ff05f1d880cb5e720eea12386824ef465b966507906fa248925de",
    "git_commit": "88a5d2ccc231e2529b35847ba9b127a6aebe2e8e",
    "git_dirty": false,
    "runner_code_sha256": "12245ec0d2fe51a0843ed873d3080f752db23621c6e2b583bba4922be9be9a39",
    "config_path": "configs/experiments_v2.json",
    "split_path": "data/splits/sleepedf_sc_10fold_seed42_v2.json",
    "data_variant": "filtered_zscore_v2",
    "role_records": {
      "train": [
        "SC4001E",
        "SC4002E",
        "SC4031E",
        "SC4032E",
        "SC4041E",
        "SC4042E",
        "SC4061E",
        "SC4062E",
        "SC4071E",
        "SC4072E",
        "SC4081E",
        "SC4082E",
        "SC4091E",
        "SC4092E",
        "SC4101E",
        "SC4102E",
        "SC4111E",
        "SC4112E",
        "SC4121E",
        "SC4122E",
        "SC4131E",
        "SC4141E",
        "SC4142E",
        "SC4151E",
        "SC4152E",
        "SC4161E",
        "SC4162E",
        "SC4171E",
        "SC4172E",
        "SC4181E",
        "SC4182E",
        "SC4191E",
        "SC4192E",
        "SC4211E",
        "SC4212E",
        "SC4221E",
        "SC4222E",
        "SC4241E",
        "SC4242E",
        "SC4251E",
        "SC4252E",
        "SC4261F",
        "SC4262F",
        "SC4271F",
        "SC4272F",
        "SC4281G",
        "SC4282G",
        "SC4291G",
        "SC4292G",
        "SC4301E",
        "SC4302E",
        "SC4311E",
        "SC4312E",
        "SC4331F",
        "SC4332F",
        "SC4341F",
        "SC4342F",
        "SC4351F",
        "SC4352F",
        "SC4362F",
        "SC4371F",
        "SC4372F",
        "SC4381F",
        "SC4382F",
        "SC4411E",
        "SC4412E",
        "SC4421E",
        "SC4422E",
        "SC4431E",
        "SC4432E",
        "SC4451F",
        "SC4452F",
        "SC4471F",
        "SC4472F",
        "SC4481F",
        "SC4482F",
        "SC4491G",
        "SC4492G",
        "SC4501E",
        "SC4502E",
        "SC4511E",
        "SC4512E",
        "SC4522E",
        "SC4541F",
        "SC4542F",
        "SC4551F",
        "SC4552F",
        "SC4561F",
        "SC4562F",
        "SC4571F",
        "SC4572F",
        "SC4591G",
        "SC4592G",
        "SC4601E",
        "SC4602E",
        "SC4611E",
        "SC4612E",
        "SC4621E",
        "SC4622E",
        "SC4651E",
        "SC4652E",
        "SC4661E",
        "SC4662E",
        "SC4671G",
        "SC4672G",
        "SC4701E",
        "SC4702E",
        "SC4711E",
        "SC4712E",
        "SC4721E",
        "SC4722E",
        "SC4731E",
        "SC4732E",
        "SC4761E",
        "SC4762E",
        "SC4801G",
        "SC4802G",
        "SC4811G",
        "SC4812G",
        "SC4821G",
        "SC4822G"
      ],
      "validation": [
        "SC4201E",
        "SC4202E",
        "SC4231E",
        "SC4232E",
        "SC4321E",
        "SC4322E",
        "SC4401E",
        "SC4402E",
        "SC4531E",
        "SC4532E",
        "SC4631E",
        "SC4632E",
        "SC4751E",
        "SC4752E",
        "SC4771G",
        "SC4772G"
      ],
      "test": "locked_until_best_checkpoint"
    },
    "extractor_sha256": "d8e18ea31dbb56930ecfd0df89e851a1ad55c40ccd843af7cbcf5730e2548fd9",
    "sequence_checkpoint_sha256": "20f10ff78074bcc64af6aa242cbf81632470c144ab393984492adb5dce2fb585",
    "metrics_roles": [
      "validation"
    ]
  },
  "metrics": {
    "validation": {
      "n_valid_epochs": 19457,
      "accuracy": 0.8267461581949941,
      "macro_f1": 0.7285847236636597,
      "cohen_kappa": 0.7548440710995079,
      "confusion_matrix": [
        [
          6439,
          336,
          38,
          0,
          27
        ],
        [
          424,
          1125,
          795,
          30,
          172
        ],
        [
          31,
          408,
          6113,
          299,
          96
        ],
        [
          0,
          0,
          164,
          285,
          0
        ],
        [
          134,
          188,
          228,
          1,
          2124
        ]
      ],
      "per_class": {
        "W": {
          "precision": 0.9161923733636881,
          "recall": 0.941374269005848,
          "f1": 0.9286126334006346,
          "support": 6840
        },
        "N1": {
          "precision": 0.5469129800680603,
          "recall": 0.4418695993715632,
          "f1": 0.48881164457962195,
          "support": 2546
        },
        "N2": {
          "precision": 0.8330607795039521,
          "recall": 0.8799481790701023,
          "f1": 0.8558627931396571,
          "support": 6947
        },
        "N3": {
          "precision": 0.4634146341463415,
          "recall": 0.6347438752783965,
          "f1": 0.5357142857142858,
          "support": 449
        },
        "REM": {
          "precision": 0.8780487804878049,
          "recall": 0.794018691588785,
          "f1": 0.8339222614840989,
          "support": 2675
        }
      }
    }
  }
}
{
  "schema_version": 1,
  "passed": true,
  "experiment_id": "E6",
  "outer_fold": 3,
  "seed": 123,
  "smoke": false,
  "manifest_sha256": "d4964038003bfb2e37150b0033e62d13faa5e70e975a18e8fddb9c6275168ef7",
  "sequence_checkpoint_sha256": "20f10ff78074bcc64af6aa242cbf81632470c144ab393984492adb5dce2fb585",
  "roles": {
    "validation": {
      "records": 16,
      "valid_epochs": 19457,
      "prediction_sha256": "c386706483e8ac9a6d4de09b5587ab7eca96e67759c8f66c21bd94e99dd3d6bc",
      "metrics_sha256": "f0e1aa18fb3c6351281b4e98844336f7ca385e3189273c396f8af9cce98bcede"
    }
  }
}
========== DONE fold_03 seed 123 2026-08-21T01:28:57+00:00 ==========
========== START fold_04 seed 123 2026-08-21T01:28:57+00:00 ==========
{
  "run_manifest": {
    "schema_version": 1,
    "status": "complete",
    "experiment_id": "E0",
    "outer_fold": 4,
    "seed": 123,
    "device": "cuda",
    "smoke": false,
    "allow_test_evaluation": false,
    "resume": false,
    "config_sha256": "1d812bbfb45e9ca90e2654b41311954fd6e66a56e1bbcdbfba48df8147d0ae1b",
    "split_sha256": "6bc7ad74c07ff05f1d880cb5e720eea12386824ef465b966507906fa248925de",
    "git_commit": "88a5d2ccc231e2529b35847ba9b127a6aebe2e8e",
    "git_dirty": false,
    "runner_code_sha256": "12245ec0d2fe51a0843ed873d3080f752db23621c6e2b583bba4922be9be9a39",
    "config_path": "configs/experiments_v2.json",
    "split_path": "data/splits/sleepedf_sc_10fold_seed42_v2.json",
    "data_variant": "paper_raw_v1",
    "role_records": {
      "train": [
        "SC4001E",
        "SC4002E",
        "SC4011E",
        "SC4012E",
        "SC4021E",
        "SC4022E",
        "SC4031E",
        "SC4032E",
        "SC4041E",
        "SC4042E",
        "SC4051E",
        "SC4052E",
        "SC4061E",
        "SC4062E",
        "SC4071E",
        "SC4072E",
        "SC4081E",
        "SC4082E",
        "SC4101E",
        "SC4102E",
        "SC4111E",
        "SC4112E",
        "SC4121E",
        "SC4122E",
        "SC4131E",
        "SC4141E",
        "SC4142E",
        "SC4171E",
        "SC4172E",
        "SC4181E",
        "SC4182E",
        "SC4191E",
        "SC4192E",
        "SC4211E",
        "SC4212E",
        "SC4221E",
        "SC4222E",
        "SC4241E",
        "SC4242E",
        "SC4251E",
        "SC4252E",
        "SC4261F",
        "SC4262F",
        "SC4271F",
        "SC4272F",
        "SC4281G",
        "SC4282G",
        "SC4291G",
        "SC4292G",
        "SC4301E",
        "SC4302E",
        "SC4331F",
        "SC4332F",
        "SC4341F",
        "SC4342F",
        "SC4351F",
        "SC4352F",
        "SC4362F",
        "SC4371F",
        "SC4372F",
        "SC4381F",
        "SC4382F",
        "SC4411E",
        "SC4412E",
        "SC4421E",
        "SC4422E",
        "SC4431E",
        "SC4432E",
        "SC4441E",
        "SC4442E",
        "SC4461F",
        "SC4462F",
        "SC4471F",
        "SC4472F",
        "SC4481F",
        "SC4482F",
        "SC4501E",
        "SC4502E",
        "SC4511E",
        "SC4512E",
        "SC4541F",
        "SC4542F",
        "SC4551F",
        "SC4552F",
        "SC4561F",
        "SC4562F",
        "SC4571F",
        "SC4572F",
        "SC4581G",
        "SC4582G",
        "SC4591G",
        "SC4592G",
        "SC4601E",
        "SC4602E",
        "SC4611E",
        "SC4612E",
        "SC4621E",
        "SC4622E",
        "SC4641E",
        "SC4642E",
        "SC4651E",
        "SC4652E",
        "SC4661E",
        "SC4662E",
        "SC4671G",
        "SC4672G",
        "SC4701E",
        "SC4702E",
        "SC4711E",
        "SC4712E",
        "SC4721E",
        "SC4722E",
        "SC4731E",
        "SC4732E",
        "SC4741E",
        "SC4742E",
        "SC4761E",
        "SC4762E",
        "SC4811G",
        "SC4812G",
        "SC4821G",
        "SC4822G"
      ],
      "validation": [
        "SC4091E",
        "SC4092E",
        "SC4151E",
        "SC4152E",
        "SC4161E",
        "SC4162E",
        "SC4311E",
        "SC4312E",
        "SC4451F",
        "SC4452F",
        "SC4491G",
        "SC4492G",
        "SC4522E",
        "SC4801G",
        "SC4802G"
      ],
      "test": "locked_until_best_checkpoint"
    },
    "extractor_sha256": "7bad3f50743bde4b41d77eb41d2e9214171eb4629662cdc3db8bcc861eb83519",
    "sequence_checkpoint_sha256": "36781fe29bcb860e8f997203cb288ad06525a7b04ccc99f7d48885e26d4a31e8",
    "metrics_roles": [
      "validation"
    ]
  },
  "metrics": {
    "validation": {
      "n_valid_epochs": 17314,
      "accuracy": 0.8527780986484925,
      "macro_f1": 0.8196933855013991,
      "cohen_kappa": 0.8020009399231475,
      "confusion_matrix": [
        [
          3758,
          401,
          18,
          6,
          41
        ],
        [
          222,
          1048,
          313,
          3,
          129
        ],
        [
          17,
          306,
          5932,
          279,
          144
        ],
        [
          5,
          4,
          283,
          1582,
          0
        ],
        [
          26,
          103,
          249,
          0,
          2445
        ]
      ],
      "per_class": {
        "W": {
          "precision": 0.9329692154915591,
          "recall": 0.8896780303030303,
          "f1": 0.9108095007270964,
          "support": 4224
        },
        "N1": {
          "precision": 0.5628356605800214,
          "recall": 0.6110787172011661,
          "f1": 0.5859658932065976,
          "support": 1715
        },
        "N2": {
          "precision": 0.8729948491537896,
          "recall": 0.8882899071578317,
          "f1": 0.8805759667483115,
          "support": 6678
        },
        "N3": {
          "precision": 0.8459893048128342,
          "recall": 0.8441835645677694,
          "f1": 0.8450854700854701,
          "support": 1874
        },
        "REM": {
          "precision": 0.8861906487857919,
          "recall": 0.8660998937300743,
          "f1": 0.8760300967395198,
          "support": 2823
        }
      }
    }
  }
}
{
  "schema_version": 1,
  "passed": true,
  "experiment_id": "E0",
  "outer_fold": 4,
  "seed": 123,
  "smoke": false,
  "manifest_sha256": "42d03f5b9a59218310e602955b3021ad689ca8f10b2fcc3ab033f03143db245a",
  "sequence_checkpoint_sha256": "36781fe29bcb860e8f997203cb288ad06525a7b04ccc99f7d48885e26d4a31e8",
  "roles": {
    "validation": {
      "records": 15,
      "valid_epochs": 17314,
      "prediction_sha256": "9f7b7604844cf9f3b721273922e3bfd8c2bf5aa191a22d464ab5e77c00757c58",
      "metrics_sha256": "8df90656d48568e275eb7aa871c7d76b4eac4be1d4c654ea5272acc9f961d0a9"
    }
  }
}
{
  "run_manifest": {
    "schema_version": 1,
    "status": "complete",
    "experiment_id": "E1",
    "outer_fold": 4,
    "seed": 123,
    "device": "cuda",
    "smoke": false,
    "allow_test_evaluation": false,
    "resume": false,
    "config_sha256": "1d812bbfb45e9ca90e2654b41311954fd6e66a56e1bbcdbfba48df8147d0ae1b",
    "split_sha256": "6bc7ad74c07ff05f1d880cb5e720eea12386824ef465b966507906fa248925de",
    "git_commit": "88a5d2ccc231e2529b35847ba9b127a6aebe2e8e",
    "git_dirty": false,
    "runner_code_sha256": "12245ec0d2fe51a0843ed873d3080f752db23621c6e2b583bba4922be9be9a39",
    "config_path": "configs/experiments_v2.json",
    "split_path": "data/splits/sleepedf_sc_10fold_seed42_v2.json",
    "data_variant": "paper_raw_v1",
    "role_records": {
      "train": [
        "SC4001E",
        "SC4002E",
        "SC4011E",
        "SC4012E",
        "SC4021E",
        "SC4022E",
        "SC4031E",
        "SC4032E",
        "SC4041E",
        "SC4042E",
        "SC4051E",
        "SC4052E",
        "SC4061E",
        "SC4062E",
        "SC4071E",
        "SC4072E",
        "SC4081E",
        "SC4082E",
        "SC4101E",
        "SC4102E",
        "SC4111E",
        "SC4112E",
        "SC4121E",
        "SC4122E",
        "SC4131E",
        "SC4141E",
        "SC4142E",
        "SC4171E",
        "SC4172E",
        "SC4181E",
        "SC4182E",
        "SC4191E",
        "SC4192E",
        "SC4211E",
        "SC4212E",
        "SC4221E",
        "SC4222E",
        "SC4241E",
        "SC4242E",
        "SC4251E",
        "SC4252E",
        "SC4261F",
        "SC4262F",
        "SC4271F",
        "SC4272F",
        "SC4281G",
        "SC4282G",
        "SC4291G",
        "SC4292G",
        "SC4301E",
        "SC4302E",
        "SC4331F",
        "SC4332F",
        "SC4341F",
        "SC4342F",
        "SC4351F",
        "SC4352F",
        "SC4362F",
        "SC4371F",
        "SC4372F",
        "SC4381F",
        "SC4382F",
        "SC4411E",
        "SC4412E",
        "SC4421E",
        "SC4422E",
        "SC4431E",
        "SC4432E",
        "SC4441E",
        "SC4442E",
        "SC4461F",
        "SC4462F",
        "SC4471F",
        "SC4472F",
        "SC4481F",
        "SC4482F",
        "SC4501E",
        "SC4502E",
        "SC4511E",
        "SC4512E",
        "SC4541F",
        "SC4542F",
        "SC4551F",
        "SC4552F",
        "SC4561F",
        "SC4562F",
        "SC4571F",
        "SC4572F",
        "SC4581G",
        "SC4582G",
        "SC4591G",
        "SC4592G",
        "SC4601E",
        "SC4602E",
        "SC4611E",
        "SC4612E",
        "SC4621E",
        "SC4622E",
        "SC4641E",
        "SC4642E",
        "SC4651E",
        "SC4652E",
        "SC4661E",
        "SC4662E",
        "SC4671G",
        "SC4672G",
        "SC4701E",
        "SC4702E",
        "SC4711E",
        "SC4712E",
        "SC4721E",
        "SC4722E",
        "SC4731E",
        "SC4732E",
        "SC4741E",
        "SC4742E",
        "SC4761E",
        "SC4762E",
        "SC4811G",
        "SC4812G",
        "SC4821G",
        "SC4822G"
      ],
      "validation": [
        "SC4091E",
        "SC4092E",
        "SC4151E",
        "SC4152E",
        "SC4161E",
        "SC4162E",
        "SC4311E",
        "SC4312E",
        "SC4451F",
        "SC4452F",
        "SC4491G",
        "SC4492G",
        "SC4522E",
        "SC4801G",
        "SC4802G"
      ],
      "test": "locked_until_best_checkpoint"
    },
    "extractor_sha256": "7bad3f50743bde4b41d77eb41d2e9214171eb4629662cdc3db8bcc861eb83519",
    "sequence_checkpoint_sha256": "213bfe0d7caafa22615c0aadeeffe12952b681cfc54cfbc765734d2fe5d339f2",
    "metrics_roles": [
      "validation"
    ]
  },
  "metrics": {
    "validation": {
      "n_valid_epochs": 17314,
      "accuracy": 0.8495437218435947,
      "macro_f1": 0.8192824743297831,
      "cohen_kappa": 0.7982021036157251,
      "confusion_matrix": [
        [
          3706,
          428,
          23,
          6,
          61
        ],
        [
          185,
          1104,
          277,
          1,
          148
        ],
        [
          11,
          403,
          5852,
          267,
          145
        ],
        [
          4,
          4,
          308,
          1557,
          1
        ],
        [
          14,
          70,
          249,
          0,
          2490
        ]
      ],
      "per_class": {
        "W": {
          "precision": 0.9454081632653061,
          "recall": 0.8773674242424242,
          "f1": 0.9101178781925343,
          "support": 4224
        },
        "N1": {
          "precision": 0.5495271279243404,
          "recall": 0.643731778425656,
          "f1": 0.5929108485499462,
          "support": 1715
        },
        "N2": {
          "precision": 0.8722611417498882,
          "recall": 0.8763102725366876,
          "f1": 0.8742810188989317,
          "support": 6678
        },
        "N3": {
          "precision": 0.8503549972692518,
          "recall": 0.8308431163287087,
          "f1": 0.8404858299595142,
          "support": 1874
        },
        "REM": {
          "precision": 0.875219683655536,
          "recall": 0.8820403825717322,
          "f1": 0.8786167960479888,
          "support": 2823
        }
      }
    }
  }
}
{
  "schema_version": 1,
  "passed": true,
  "experiment_id": "E1",
  "outer_fold": 4,
  "seed": 123,
  "smoke": false,
  "manifest_sha256": "0f15f61380266a2fa5658685cc63f0b83449977311bf34f0489687b029d64542",
  "sequence_checkpoint_sha256": "213bfe0d7caafa22615c0aadeeffe12952b681cfc54cfbc765734d2fe5d339f2",
  "roles": {
    "validation": {
      "records": 15,
      "valid_epochs": 17314,
      "prediction_sha256": "32ac42df774af6f32b1424a1009c7732fb9a58d941db2a91960a58cf48d5e9df",
      "metrics_sha256": "3de384000a531c956d1319d4110dd048cee0e2bee3e32b0574099c64e1ebb665"
    }
  }
}
{
  "run_manifest": {
    "schema_version": 1,
    "status": "complete",
    "experiment_id": "E2",
    "outer_fold": 4,
    "seed": 123,
    "device": "cuda",
    "smoke": false,
    "allow_test_evaluation": false,
    "resume": false,
    "config_sha256": "1d812bbfb45e9ca90e2654b41311954fd6e66a56e1bbcdbfba48df8147d0ae1b",
    "split_sha256": "6bc7ad74c07ff05f1d880cb5e720eea12386824ef465b966507906fa248925de",
    "git_commit": "88a5d2ccc231e2529b35847ba9b127a6aebe2e8e",
    "git_dirty": false,
    "runner_code_sha256": "12245ec0d2fe51a0843ed873d3080f752db23621c6e2b583bba4922be9be9a39",
    "config_path": "configs/experiments_v2.json",
    "split_path": "data/splits/sleepedf_sc_10fold_seed42_v2.json",
    "data_variant": "paper_raw_v1",
    "role_records": {
      "train": [
        "SC4001E",
        "SC4002E",
        "SC4011E",
        "SC4012E",
        "SC4021E",
        "SC4022E",
        "SC4031E",
        "SC4032E",
        "SC4041E",
        "SC4042E",
        "SC4051E",
        "SC4052E",
        "SC4061E",
        "SC4062E",
        "SC4071E",
        "SC4072E",
        "SC4081E",
        "SC4082E",
        "SC4101E",
        "SC4102E",
        "SC4111E",
        "SC4112E",
        "SC4121E",
        "SC4122E",
        "SC4131E",
        "SC4141E",
        "SC4142E",
        "SC4171E",
        "SC4172E",
        "SC4181E",
        "SC4182E",
        "SC4191E",
        "SC4192E",
        "SC4211E",
        "SC4212E",
        "SC4221E",
        "SC4222E",
        "SC4241E",
        "SC4242E",
        "SC4251E",
        "SC4252E",
        "SC4261F",
        "SC4262F",
        "SC4271F",
        "SC4272F",
        "SC4281G",
        "SC4282G",
        "SC4291G",
        "SC4292G",
        "SC4301E",
        "SC4302E",
        "SC4331F",
        "SC4332F",
        "SC4341F",
        "SC4342F",
        "SC4351F",
        "SC4352F",
        "SC4362F",
        "SC4371F",
        "SC4372F",
        "SC4381F",
        "SC4382F",
        "SC4411E",
        "SC4412E",
        "SC4421E",
        "SC4422E",
        "SC4431E",
        "SC4432E",
        "SC4441E",
        "SC4442E",
        "SC4461F",
        "SC4462F",
        "SC4471F",
        "SC4472F",
        "SC4481F",
        "SC4482F",
        "SC4501E",
        "SC4502E",
        "SC4511E",
        "SC4512E",
        "SC4541F",
        "SC4542F",
        "SC4551F",
        "SC4552F",
        "SC4561F",
        "SC4562F",
        "SC4571F",
        "SC4572F",
        "SC4581G",
        "SC4582G",
        "SC4591G",
        "SC4592G",
        "SC4601E",
        "SC4602E",
        "SC4611E",
        "SC4612E",
        "SC4621E",
        "SC4622E",
        "SC4641E",
        "SC4642E",
        "SC4651E",
        "SC4652E",
        "SC4661E",
        "SC4662E",
        "SC4671G",
        "SC4672G",
        "SC4701E",
        "SC4702E",
        "SC4711E",
        "SC4712E",
        "SC4721E",
        "SC4722E",
        "SC4731E",
        "SC4732E",
        "SC4741E",
        "SC4742E",
        "SC4761E",
        "SC4762E",
        "SC4811G",
        "SC4812G",
        "SC4821G",
        "SC4822G"
      ],
      "validation": [
        "SC4091E",
        "SC4092E",
        "SC4151E",
        "SC4152E",
        "SC4161E",
        "SC4162E",
        "SC4311E",
        "SC4312E",
        "SC4451F",
        "SC4452F",
        "SC4491G",
        "SC4492G",
        "SC4522E",
        "SC4801G",
        "SC4802G"
      ],
      "test": "locked_until_best_checkpoint"
    },
    "extractor_sha256": "ef4513171122a0d6353907e28757a5925bcc872dfdbdc0adb0450a98f3aad301",
    "sequence_checkpoint_sha256": "2a1adccb2b38db08fc9c61da0a74dad8b082f759007c56d0a0851b60e67a08b1",
    "metrics_roles": [
      "validation"
    ]
  },
  "metrics": {
    "validation": {
      "n_valid_epochs": 17314,
      "accuracy": 0.8512186669747025,
      "macro_f1": 0.8161340826306145,
      "cohen_kappa": 0.8011652249975854,
      "confusion_matrix": [
        [
          3974,
          192,
          11,
          7,
          40
        ],
        [
          383,
          980,
          211,
          6,
          135
        ],
        [
          46,
          532,
          5631,
          307,
          162
        ],
        [
          9,
          0,
          281,
          1583,
          1
        ],
        [
          17,
          97,
          139,
          0,
          2570
        ]
      ],
      "per_class": {
        "W": {
          "precision": 0.8972680063219688,
          "recall": 0.9408143939393939,
          "f1": 0.9185253669247659,
          "support": 4224
        },
        "N1": {
          "precision": 0.5441421432537479,
          "recall": 0.5714285714285714,
          "f1": 0.5574516496018201,
          "support": 1715
        },
        "N2": {
          "precision": 0.8976566236250598,
          "recall": 0.8432165318957772,
          "f1": 0.8695853602038452,
          "support": 6678
        },
        "N3": {
          "precision": 0.8318444561219128,
          "recall": 0.844717182497332,
          "f1": 0.8382314005824729,
          "support": 1874
        },
        "REM": {
          "precision": 0.8837689133425034,
          "recall": 0.9103790294013461,
          "f1": 0.8968766358401675,
          "support": 2823
        }
      }
    }
  }
}
{
  "schema_version": 1,
  "passed": true,
  "experiment_id": "E2",
  "outer_fold": 4,
  "seed": 123,
  "smoke": false,
  "manifest_sha256": "e51dba0a77da8768c34891377911a4fbf87cb297ed17cf6130c453db60c9b19e",
  "sequence_checkpoint_sha256": "2a1adccb2b38db08fc9c61da0a74dad8b082f759007c56d0a0851b60e67a08b1",
  "roles": {
    "validation": {
      "records": 15,
      "valid_epochs": 17314,
      "prediction_sha256": "f31f47b76db20830ba99d5f0f46865a8d50ebb5c5e63436250eaf7f9ae064bea",
      "metrics_sha256": "6668b70921fd1d1ef69bd0b7ccb65f635d1e6eada8779a2b2596f51fe77637e8"
    }
  }
}
{
  "run_manifest": {
    "schema_version": 1,
    "status": "complete",
    "experiment_id": "E3",
    "outer_fold": 4,
    "seed": 123,
    "device": "cuda",
    "smoke": false,
    "allow_test_evaluation": false,
    "resume": false,
    "config_sha256": "1d812bbfb45e9ca90e2654b41311954fd6e66a56e1bbcdbfba48df8147d0ae1b",
    "split_sha256": "6bc7ad74c07ff05f1d880cb5e720eea12386824ef465b966507906fa248925de",
    "git_commit": "88a5d2ccc231e2529b35847ba9b127a6aebe2e8e",
    "git_dirty": false,
    "runner_code_sha256": "12245ec0d2fe51a0843ed873d3080f752db23621c6e2b583bba4922be9be9a39",
    "config_path": "configs/experiments_v2.json",
    "split_path": "data/splits/sleepedf_sc_10fold_seed42_v2.json",
    "data_variant": "filtered_v2",
    "role_records": {
      "train": [
        "SC4001E",
        "SC4002E",
        "SC4011E",
        "SC4012E",
        "SC4021E",
        "SC4022E",
        "SC4031E",
        "SC4032E",
        "SC4041E",
        "SC4042E",
        "SC4051E",
        "SC4052E",
        "SC4061E",
        "SC4062E",
        "SC4071E",
        "SC4072E",
        "SC4081E",
        "SC4082E",
        "SC4101E",
        "SC4102E",
        "SC4111E",
        "SC4112E",
        "SC4121E",
        "SC4122E",
        "SC4131E",
        "SC4141E",
        "SC4142E",
        "SC4171E",
        "SC4172E",
        "SC4181E",
        "SC4182E",
        "SC4191E",
        "SC4192E",
        "SC4211E",
        "SC4212E",
        "SC4221E",
        "SC4222E",
        "SC4241E",
        "SC4242E",
        "SC4251E",
        "SC4252E",
        "SC4261F",
        "SC4262F",
        "SC4271F",
        "SC4272F",
        "SC4281G",
        "SC4282G",
        "SC4291G",
        "SC4292G",
        "SC4301E",
        "SC4302E",
        "SC4331F",
        "SC4332F",
        "SC4341F",
        "SC4342F",
        "SC4351F",
        "SC4352F",
        "SC4362F",
        "SC4371F",
        "SC4372F",
        "SC4381F",
        "SC4382F",
        "SC4411E",
        "SC4412E",
        "SC4421E",
        "SC4422E",
        "SC4431E",
        "SC4432E",
        "SC4441E",
        "SC4442E",
        "SC4461F",
        "SC4462F",
        "SC4471F",
        "SC4472F",
        "SC4481F",
        "SC4482F",
        "SC4501E",
        "SC4502E",
        "SC4511E",
        "SC4512E",
        "SC4541F",
        "SC4542F",
        "SC4551F",
        "SC4552F",
        "SC4561F",
        "SC4562F",
        "SC4571F",
        "SC4572F",
        "SC4581G",
        "SC4582G",
        "SC4591G",
        "SC4592G",
        "SC4601E",
        "SC4602E",
        "SC4611E",
        "SC4612E",
        "SC4621E",
        "SC4622E",
        "SC4641E",
        "SC4642E",
        "SC4651E",
        "SC4652E",
        "SC4661E",
        "SC4662E",
        "SC4671G",
        "SC4672G",
        "SC4701E",
        "SC4702E",
        "SC4711E",
        "SC4712E",
        "SC4721E",
        "SC4722E",
        "SC4731E",
        "SC4732E",
        "SC4741E",
        "SC4742E",
        "SC4761E",
        "SC4762E",
        "SC4811G",
        "SC4812G",
        "SC4821G",
        "SC4822G"
      ],
      "validation": [
        "SC4091E",
        "SC4092E",
        "SC4151E",
        "SC4152E",
        "SC4161E",
        "SC4162E",
        "SC4311E",
        "SC4312E",
        "SC4451F",
        "SC4452F",
        "SC4491G",
        "SC4492G",
        "SC4522E",
        "SC4801G",
        "SC4802G"
      ],
      "test": "locked_until_best_checkpoint"
    },
    "extractor_sha256": "a61aad575c0833d23efbf770250740fe761e24f316efef1f94d609a8900285bd",
    "sequence_checkpoint_sha256": "49eebb6d0fd8fb09562ea932dd796b168dd8ef758512dc47f9f90b6957d5dadf",
    "metrics_roles": [
      "validation"
    ]
  },
  "metrics": {
    "validation": {
      "n_valid_epochs": 17314,
      "accuracy": 0.847406722883216,
      "macro_f1": 0.8131297104849912,
      "cohen_kappa": 0.795418122539709,
      "confusion_matrix": [
        [
          3848,
          305,
          16,
          7,
          48
        ],
        [
          305,
          1005,
          275,
          4,
          126
        ],
        [
          25,
          425,
          5749,
          342,
          137
        ],
        [
          2,
          4,
          290,
          1578,
          0
        ],
        [
          23,
          84,
          224,
          0,
          2492
        ]
      ],
      "per_class": {
        "W": {
          "precision": 0.9155365215322389,
          "recall": 0.9109848484848485,
          "f1": 0.9132550136466122,
          "support": 4224
        },
        "N1": {
          "precision": 0.5512890839275919,
          "recall": 0.5860058309037901,
          "f1": 0.5681175805539853,
          "support": 1715
        },
        "N2": {
          "precision": 0.8771742447360391,
          "recall": 0.8608864929619646,
          "f1": 0.8689540507859734,
          "support": 6678
        },
        "N3": {
          "precision": 0.8171931641636457,
          "recall": 0.8420490928495198,
          "f1": 0.8294349540078844,
          "support": 1874
        },
        "REM": {
          "precision": 0.8890474491616126,
          "recall": 0.8827488487424725,
          "f1": 0.8858869534305012,
          "support": 2823
        }
      }
    }
  }
}
{
  "schema_version": 1,
  "passed": true,
  "experiment_id": "E3",
  "outer_fold": 4,
  "seed": 123,
  "smoke": false,
  "manifest_sha256": "51c1026bf8b02916354092980c516a3d154bb14dfb19117a29646797ca99f1ee",
  "sequence_checkpoint_sha256": "49eebb6d0fd8fb09562ea932dd796b168dd8ef758512dc47f9f90b6957d5dadf",
  "roles": {
    "validation": {
      "records": 15,
      "valid_epochs": 17314,
      "prediction_sha256": "6e1923d723bfdceb40fc486d10cf87f559e8c25162097c2b107b5c5f84aa6850",
      "metrics_sha256": "fba383580f10572bb03ad83abb5c2862ae8d627ccc971a084cd7f02c19b36d51"
    }
  }
}
{
  "run_manifest": {
    "schema_version": 1,
    "status": "complete",
    "experiment_id": "E4",
    "outer_fold": 4,
    "seed": 123,
    "device": "cuda",
    "smoke": false,
    "allow_test_evaluation": false,
    "resume": false,
    "config_sha256": "1d812bbfb45e9ca90e2654b41311954fd6e66a56e1bbcdbfba48df8147d0ae1b",
    "split_sha256": "6bc7ad74c07ff05f1d880cb5e720eea12386824ef465b966507906fa248925de",
    "git_commit": "88a5d2ccc231e2529b35847ba9b127a6aebe2e8e",
    "git_dirty": false,
    "runner_code_sha256": "12245ec0d2fe51a0843ed873d3080f752db23621c6e2b583bba4922be9be9a39",
    "config_path": "configs/experiments_v2.json",
    "split_path": "data/splits/sleepedf_sc_10fold_seed42_v2.json",
    "data_variant": "bandpass_v2",
    "role_records": {
      "train": [
        "SC4001E",
        "SC4002E",
        "SC4011E",
        "SC4012E",
        "SC4021E",
        "SC4022E",
        "SC4031E",
        "SC4032E",
        "SC4041E",
        "SC4042E",
        "SC4051E",
        "SC4052E",
        "SC4061E",
        "SC4062E",
        "SC4071E",
        "SC4072E",
        "SC4081E",
        "SC4082E",
        "SC4101E",
        "SC4102E",
        "SC4111E",
        "SC4112E",
        "SC4121E",
        "SC4122E",
        "SC4131E",
        "SC4141E",
        "SC4142E",
        "SC4171E",
        "SC4172E",
        "SC4181E",
        "SC4182E",
        "SC4191E",
        "SC4192E",
        "SC4211E",
        "SC4212E",
        "SC4221E",
        "SC4222E",
        "SC4241E",
        "SC4242E",
        "SC4251E",
        "SC4252E",
        "SC4261F",
        "SC4262F",
        "SC4271F",
        "SC4272F",
        "SC4281G",
        "SC4282G",
        "SC4291G",
        "SC4292G",
        "SC4301E",
        "SC4302E",
        "SC4331F",
        "SC4332F",
        "SC4341F",
        "SC4342F",
        "SC4351F",
        "SC4352F",
        "SC4362F",
        "SC4371F",
        "SC4372F",
        "SC4381F",
        "SC4382F",
        "SC4411E",
        "SC4412E",
        "SC4421E",
        "SC4422E",
        "SC4431E",
        "SC4432E",
        "SC4441E",
        "SC4442E",
        "SC4461F",
        "SC4462F",
        "SC4471F",
        "SC4472F",
        "SC4481F",
        "SC4482F",
        "SC4501E",
        "SC4502E",
        "SC4511E",
        "SC4512E",
        "SC4541F",
        "SC4542F",
        "SC4551F",
        "SC4552F",
        "SC4561F",
        "SC4562F",
        "SC4571F",
        "SC4572F",
        "SC4581G",
        "SC4582G",
        "SC4591G",
        "SC4592G",
        "SC4601E",
        "SC4602E",
        "SC4611E",
        "SC4612E",
        "SC4621E",
        "SC4622E",
        "SC4641E",
        "SC4642E",
        "SC4651E",
        "SC4652E",
        "SC4661E",
        "SC4662E",
        "SC4671G",
        "SC4672G",
        "SC4701E",
        "SC4702E",
        "SC4711E",
        "SC4712E",
        "SC4721E",
        "SC4722E",
        "SC4731E",
        "SC4732E",
        "SC4741E",
        "SC4742E",
        "SC4761E",
        "SC4762E",
        "SC4811G",
        "SC4812G",
        "SC4821G",
        "SC4822G"
      ],
      "validation": [
        "SC4091E",
        "SC4092E",
        "SC4151E",
        "SC4152E",
        "SC4161E",
        "SC4162E",
        "SC4311E",
        "SC4312E",
        "SC4451F",
        "SC4452F",
        "SC4491G",
        "SC4492G",
        "SC4522E",
        "SC4801G",
        "SC4802G"
      ],
      "test": "locked_until_best_checkpoint"
    },
    "extractor_sha256": "92649f4bdbb970fba5a796d4d702670e53ce2415fe32b9bed1b9e6ce5c3cd9ce",
    "sequence_checkpoint_sha256": "a9f98c9259a239bc0c02aef47a9ea13e9179cbd22adb1c6fe8a6e5ffe5d85dc6",
    "metrics_roles": [
      "validation"
    ]
  },
  "metrics": {
    "validation": {
      "n_valid_epochs": 17314,
      "accuracy": 0.8467713988679682,
      "macro_f1": 0.8139386243664353,
      "cohen_kappa": 0.7949622584534392,
      "confusion_matrix": [
        [
          3813,
          333,
          18,
          7,
          53
        ],
        [
          279,
          1065,
          246,
          3,
          122
        ],
        [
          19,
          495,
          5745,
          270,
          149
        ],
        [
          2,
          3,
          336,
          1532,
          1
        ],
        [
          12,
          146,
          159,
          0,
          2506
        ]
      ],
      "per_class": {
        "W": {
          "precision": 0.9243636363636364,
          "recall": 0.9026988636363636,
          "f1": 0.913402802730866,
          "support": 4224
        },
        "N1": {
          "precision": 0.5215475024485798,
          "recall": 0.6209912536443148,
          "f1": 0.566941708810221,
          "support": 1715
        },
        "N2": {
          "precision": 0.8833025830258303,
          "recall": 0.8602875112309074,
          "f1": 0.8716431497496586,
          "support": 6678
        },
        "N3": {
          "precision": 0.8454746136865342,
          "recall": 0.8175026680896478,
          "f1": 0.8312533912099836,
          "support": 1874
        },
        "REM": {
          "precision": 0.8851995761215118,
          "recall": 0.887708111937655,
          "f1": 0.8864520693314467,
          "support": 2823
        }
      }
    }
  }
}
{
  "schema_version": 1,
  "passed": true,
  "experiment_id": "E4",
  "outer_fold": 4,
  "seed": 123,
  "smoke": false,
  "manifest_sha256": "980e001eb8f6396c8cdd006e54d65e44f616fc3be600c29f54447a9ee127dc92",
  "sequence_checkpoint_sha256": "a9f98c9259a239bc0c02aef47a9ea13e9179cbd22adb1c6fe8a6e5ffe5d85dc6",
  "roles": {
    "validation": {
      "records": 15,
      "valid_epochs": 17314,
      "prediction_sha256": "829d46a5f70b3d0dbb4aab4ecb1c64944ba6645ce2cb4c97e86408ee2eafbee6",
      "metrics_sha256": "110261de2307040d825f15fcc5acfff8c785f76cbe8e82c52c366982a72502d5"
    }
  }
}
{
  "run_manifest": {
    "schema_version": 1,
    "status": "complete",
    "experiment_id": "E6",
    "outer_fold": 4,
    "seed": 123,
    "device": "cuda",
    "smoke": false,
    "allow_test_evaluation": false,
    "resume": false,
    "config_sha256": "1d812bbfb45e9ca90e2654b41311954fd6e66a56e1bbcdbfba48df8147d0ae1b",
    "split_sha256": "6bc7ad74c07ff05f1d880cb5e720eea12386824ef465b966507906fa248925de",
    "git_commit": "88a5d2ccc231e2529b35847ba9b127a6aebe2e8e",
    "git_dirty": false,
    "runner_code_sha256": "12245ec0d2fe51a0843ed873d3080f752db23621c6e2b583bba4922be9be9a39",
    "config_path": "configs/experiments_v2.json",
    "split_path": "data/splits/sleepedf_sc_10fold_seed42_v2.json",
    "data_variant": "filtered_zscore_v2",
    "role_records": {
      "train": [
        "SC4001E",
        "SC4002E",
        "SC4011E",
        "SC4012E",
        "SC4021E",
        "SC4022E",
        "SC4031E",
        "SC4032E",
        "SC4041E",
        "SC4042E",
        "SC4051E",
        "SC4052E",
        "SC4061E",
        "SC4062E",
        "SC4071E",
        "SC4072E",
        "SC4081E",
        "SC4082E",
        "SC4101E",
        "SC4102E",
        "SC4111E",
        "SC4112E",
        "SC4121E",
        "SC4122E",
        "SC4131E",
        "SC4141E",
        "SC4142E",
        "SC4171E",
        "SC4172E",
        "SC4181E",
        "SC4182E",
        "SC4191E",
        "SC4192E",
        "SC4211E",
        "SC4212E",
        "SC4221E",
        "SC4222E",
        "SC4241E",
        "SC4242E",
        "SC4251E",
        "SC4252E",
        "SC4261F",
        "SC4262F",
        "SC4271F",
        "SC4272F",
        "SC4281G",
        "SC4282G",
        "SC4291G",
        "SC4292G",
        "SC4301E",
        "SC4302E",
        "SC4331F",
        "SC4332F",
        "SC4341F",
        "SC4342F",
        "SC4351F",
        "SC4352F",
        "SC4362F",
        "SC4371F",
        "SC4372F",
        "SC4381F",
        "SC4382F",
        "SC4411E",
        "SC4412E",
        "SC4421E",
        "SC4422E",
        "SC4431E",
        "SC4432E",
        "SC4441E",
        "SC4442E",
        "SC4461F",
        "SC4462F",
        "SC4471F",
        "SC4472F",
        "SC4481F",
        "SC4482F",
        "SC4501E",
        "SC4502E",
        "SC4511E",
        "SC4512E",
        "SC4541F",
        "SC4542F",
        "SC4551F",
        "SC4552F",
        "SC4561F",
        "SC4562F",
        "SC4571F",
        "SC4572F",
        "SC4581G",
        "SC4582G",
        "SC4591G",
        "SC4592G",
        "SC4601E",
        "SC4602E",
        "SC4611E",
        "SC4612E",
        "SC4621E",
        "SC4622E",
        "SC4641E",
        "SC4642E",
        "SC4651E",
        "SC4652E",
        "SC4661E",
        "SC4662E",
        "SC4671G",
        "SC4672G",
        "SC4701E",
        "SC4702E",
        "SC4711E",
        "SC4712E",
        "SC4721E",
        "SC4722E",
        "SC4731E",
        "SC4732E",
        "SC4741E",
        "SC4742E",
        "SC4761E",
        "SC4762E",
        "SC4811G",
        "SC4812G",
        "SC4821G",
        "SC4822G"
      ],
      "validation": [
        "SC4091E",
        "SC4092E",
        "SC4151E",
        "SC4152E",
        "SC4161E",
        "SC4162E",
        "SC4311E",
        "SC4312E",
        "SC4451F",
        "SC4452F",
        "SC4491G",
        "SC4492G",
        "SC4522E",
        "SC4801G",
        "SC4802G"
      ],
      "test": "locked_until_best_checkpoint"
    },
    "extractor_sha256": "b35e599b0ab8b01bc09642f3b1326d75d2bc0fdf86b30fa532a2ab245a5d0a70",
    "sequence_checkpoint_sha256": "c2870b4795200d5ca2f19a90af28cb3b89f8712991358bf5aab3eb6570068816",
    "metrics_roles": [
      "validation"
    ]
  },
  "metrics": {
    "validation": {
      "n_valid_epochs": 17314,
      "accuracy": 0.853066882291787,
      "macro_f1": 0.8146100592963108,
      "cohen_kappa": 0.8016843961401057,
      "confusion_matrix": [
        [
          3829,
          296,
          21,
          8,
          70
        ],
        [
          226,
          990,
          328,
          6,
          165
        ],
        [
          13,
          279,
          5926,
          303,
          157
        ],
        [
          3,
          1,
          442,
          1428,
          0
        ],
        [
          11,
          52,
          163,
          0,
          2597
        ]
      ],
      "per_class": {
        "W": {
          "precision": 0.9380205781479667,
          "recall": 0.9064867424242424,
          "f1": 0.9219841078738261,
          "support": 4224
        },
        "N1": {
          "precision": 0.6118665018541409,
          "recall": 0.577259475218659,
          "f1": 0.5940594059405941,
          "support": 1715
        },
        "N2": {
          "precision": 0.8613372093023256,
          "recall": 0.8873914345612459,
          "f1": 0.8741702315975808,
          "support": 6678
        },
        "N3": {
          "precision": 0.8183381088825215,
          "recall": 0.7620064034151548,
          "f1": 0.7891682785299806,
          "support": 1874
        },
        "REM": {
          "precision": 0.8688524590163934,
          "recall": 0.9199433227063408,
          "f1": 0.8936682725395733,
          "support": 2823
        }
      }
    }
  }
}
{
  "schema_version": 1,
  "passed": true,
  "experiment_id": "E6",
  "outer_fold": 4,
  "seed": 123,
  "smoke": false,
  "manifest_sha256": "9bdc3f5f7221455ed8d649eff4c022edb5b89b46c3f868dbcb400bcd4437d1c4",
  "sequence_checkpoint_sha256": "c2870b4795200d5ca2f19a90af28cb3b89f8712991358bf5aab3eb6570068816",
  "roles": {
    "validation": {
      "records": 15,
      "valid_epochs": 17314,
      "prediction_sha256": "dae2ae7c23fc9fbcab7a3730b805218d29675e5ca26e870edbdfad5add6e1f84",
      "metrics_sha256": "c83f6de73daf939a95503c77895983f0f372ccff262a68c0af4c6200829e9c9a"
    }
  }
}
========== DONE fold_04 seed 123 2026-08-21T06:25:40+00:00 ==========
========== START fold_05 seed 123 2026-08-21T06:25:40+00:00 ==========
{
  "run_manifest": {
    "schema_version": 1,
    "status": "complete",
    "experiment_id": "E0",
    "outer_fold": 5,
    "seed": 123,
    "device": "cuda",
    "smoke": false,
    "allow_test_evaluation": false,
    "resume": false,
    "config_sha256": "1d812bbfb45e9ca90e2654b41311954fd6e66a56e1bbcdbfba48df8147d0ae1b",
    "split_sha256": "6bc7ad74c07ff05f1d880cb5e720eea12386824ef465b966507906fa248925de",
    "git_commit": "88a5d2ccc231e2529b35847ba9b127a6aebe2e8e",
    "git_dirty": false,
    "runner_code_sha256": "12245ec0d2fe51a0843ed873d3080f752db23621c6e2b583bba4922be9be9a39",
    "config_path": "configs/experiments_v2.json",
    "split_path": "data/splits/sleepedf_sc_10fold_seed42_v2.json",
    "data_variant": "paper_raw_v1",
    "role_records": {
      "train": [
        "SC4001E",
        "SC4002E",
        "SC4011E",
        "SC4012E",
        "SC4021E",
        "SC4022E",
        "SC4041E",
        "SC4042E",
        "SC4051E",
        "SC4052E",
        "SC4061E",
        "SC4062E",
        "SC4071E",
        "SC4072E",
        "SC4081E",
        "SC4082E",
        "SC4111E",
        "SC4112E",
        "SC4121E",
        "SC4122E",
        "SC4131E",
        "SC4141E",
        "SC4142E",
        "SC4171E",
        "SC4172E",
        "SC4181E",
        "SC4182E",
        "SC4191E",
        "SC4192E",
        "SC4201E",
        "SC4202E",
        "SC4211E",
        "SC4212E",
        "SC4221E",
        "SC4222E",
        "SC4231E",
        "SC4232E",
        "SC4241E",
        "SC4242E",
        "SC4251E",
        "SC4252E",
        "SC4261F",
        "SC4262F",
        "SC4271F",
        "SC4272F",
        "SC4281G",
        "SC4282G",
        "SC4291G",
        "SC4292G",
        "SC4321E",
        "SC4322E",
        "SC4331F",
        "SC4332F",
        "SC4351F",
        "SC4352F",
        "SC4362F",
        "SC4371F",
        "SC4372F",
        "SC4381F",
        "SC4382F",
        "SC4401E",
        "SC4402E",
        "SC4411E",
        "SC4412E",
        "SC4421E",
        "SC4422E",
        "SC4431E",
        "SC4432E",
        "SC4441E",
        "SC4442E",
        "SC4461F",
        "SC4462F",
        "SC4481F",
        "SC4482F",
        "SC4501E",
        "SC4502E",
        "SC4511E",
        "SC4512E",
        "SC4531E",
        "SC4532E",
        "SC4541F",
        "SC4542F",
        "SC4551F",
        "SC4552F",
        "SC4571F",
        "SC4572F",
        "SC4581G",
        "SC4582G",
        "SC4591G",
        "SC4592G",
        "SC4601E",
        "SC4602E",
        "SC4611E",
        "SC4612E",
        "SC4631E",
        "SC4632E",
        "SC4641E",
        "SC4642E",
        "SC4651E",
        "SC4652E",
        "SC4661E",
        "SC4662E",
        "SC4671G",
        "SC4672G",
        "SC4711E",
        "SC4712E",
        "SC4721E",
        "SC4722E",
        "SC4731E",
        "SC4732E",
        "SC4741E",
        "SC4742E",
        "SC4751E",
        "SC4752E",
        "SC4761E",
        "SC4762E",
        "SC4771G",
        "SC4772G",
        "SC4811G",
        "SC4812G",
        "SC4821G",
        "SC4822G"
      ],
      "validation": [
        "SC4031E",
        "SC4032E",
        "SC4101E",
        "SC4102E",
        "SC4301E",
        "SC4302E",
        "SC4341F",
        "SC4342F",
        "SC4471F",
        "SC4472F",
        "SC4561F",
        "SC4562F",
        "SC4621E",
        "SC4622E",
        "SC4701E",
        "SC4702E"
      ],
      "test": "locked_until_best_checkpoint"
    },
    "extractor_sha256": "2301217b80dc95f9eec18de4899032d82f5230ee2b5c55d645baa8a739ff9ad8",
    "sequence_checkpoint_sha256": "a1ccc443d3fa086862fc3a7036e19a7618579ce05da9d13d8f4a38de4df80415",
    "metrics_roles": [
      "validation"
    ]
  },
  "metrics": {
    "validation": {
      "n_valid_epochs": 21158,
      "accuracy": 0.8246053502221382,
      "macro_f1": 0.7888240833452869,
      "cohen_kappa": 0.7562946595788096,
      "confusion_matrix": [
        [
          6380,
          844,
          37,
          1,
          66
        ],
        [
          327,
          1735,
          645,
          1,
          195
        ],
        [
          69,
          550,
          6607,
          112,
          430
        ],
        [
          1,
          1,
          212,
          641,
          9
        ],
        [
          7,
          44,
          160,
          0,
          2084
        ]
      ],
      "per_class": {
        "W": {
          "precision": 0.9404481132075472,
          "recall": 0.8706331877729258,
          "f1": 0.9041950113378685,
          "support": 7328
        },
        "N1": {
          "precision": 0.5466288594833019,
          "recall": 0.5976575955907681,
          "f1": 0.5710054303110087,
          "support": 2903
        },
        "N2": {
          "precision": 0.8624200496018797,
          "recall": 0.8505406797116375,
          "f1": 0.8564391729859356,
          "support": 7768
        },
        "N3": {
          "precision": 0.8490066225165563,
          "recall": 0.7418981481481481,
          "f1": 0.7918468190240888,
          "support": 864
        },
        "REM": {
          "precision": 0.7485632183908046,
          "recall": 0.9080610021786493,
          "f1": 0.820633983067533,
          "support": 2295
        }
      }
    }
  }
}
{
  "schema_version": 1,
  "passed": true,
  "experiment_id": "E0",
  "outer_fold": 5,
  "seed": 123,
  "smoke": false,
  "manifest_sha256": "1173d53f97209e9764c61c34b200cf9dde161e4e7a1c559ee5640b22cc89f13a",
  "sequence_checkpoint_sha256": "a1ccc443d3fa086862fc3a7036e19a7618579ce05da9d13d8f4a38de4df80415",
  "roles": {
    "validation": {
      "records": 16,
      "valid_epochs": 21158,
      "prediction_sha256": "6ef882b8fb0cb12dfe315e5765ad05e7211859b8101113ee51199628a3dd33d4",
      "metrics_sha256": "54276257a17964f485e2db3a11e6cf4f6c74ccf07311dd91bc18b3fe9687dfc1"
    }
  }
}
{
  "run_manifest": {
    "schema_version": 1,
    "status": "complete",
    "experiment_id": "E1",
    "outer_fold": 5,
    "seed": 123,
    "device": "cuda",
    "smoke": false,
    "allow_test_evaluation": false,
    "resume": false,
    "config_sha256": "1d812bbfb45e9ca90e2654b41311954fd6e66a56e1bbcdbfba48df8147d0ae1b",
    "split_sha256": "6bc7ad74c07ff05f1d880cb5e720eea12386824ef465b966507906fa248925de",
    "git_commit": "88a5d2ccc231e2529b35847ba9b127a6aebe2e8e",
    "git_dirty": false,
    "runner_code_sha256": "12245ec0d2fe51a0843ed873d3080f752db23621c6e2b583bba4922be9be9a39",
    "config_path": "configs/experiments_v2.json",
    "split_path": "data/splits/sleepedf_sc_10fold_seed42_v2.json",
    "data_variant": "paper_raw_v1",
    "role_records": {
      "train": [
        "SC4001E",
        "SC4002E",
        "SC4011E",
        "SC4012E",
        "SC4021E",
        "SC4022E",
        "SC4041E",
        "SC4042E",
        "SC4051E",
        "SC4052E",
        "SC4061E",
        "SC4062E",
        "SC4071E",
        "SC4072E",
        "SC4081E",
        "SC4082E",
        "SC4111E",
        "SC4112E",
        "SC4121E",
        "SC4122E",
        "SC4131E",
        "SC4141E",
        "SC4142E",
        "SC4171E",
        "SC4172E",
        "SC4181E",
        "SC4182E",
        "SC4191E",
        "SC4192E",
        "SC4201E",
        "SC4202E",
        "SC4211E",
        "SC4212E",
        "SC4221E",
        "SC4222E",
        "SC4231E",
        "SC4232E",
        "SC4241E",
        "SC4242E",
        "SC4251E",
        "SC4252E",
        "SC4261F",
        "SC4262F",
        "SC4271F",
        "SC4272F",
        "SC4281G",
        "SC4282G",
        "SC4291G",
        "SC4292G",
        "SC4321E",
        "SC4322E",
        "SC4331F",
        "SC4332F",
        "SC4351F",
        "SC4352F",
        "SC4362F",
        "SC4371F",
        "SC4372F",
        "SC4381F",
        "SC4382F",
        "SC4401E",
        "SC4402E",
        "SC4411E",
        "SC4412E",
        "SC4421E",
        "SC4422E",
        "SC4431E",
        "SC4432E",
        "SC4441E",
        "SC4442E",
        "SC4461F",
        "SC4462F",
        "SC4481F",
        "SC4482F",
        "SC4501E",
        "SC4502E",
        "SC4511E",
        "SC4512E",
        "SC4531E",
        "SC4532E",
        "SC4541F",
        "SC4542F",
        "SC4551F",
        "SC4552F",
        "SC4571F",
        "SC4572F",
        "SC4581G",
        "SC4582G",
        "SC4591G",
        "SC4592G",
        "SC4601E",
        "SC4602E",
        "SC4611E",
        "SC4612E",
        "SC4631E",
        "SC4632E",
        "SC4641E",
        "SC4642E",
        "SC4651E",
        "SC4652E",
        "SC4661E",
        "SC4662E",
        "SC4671G",
        "SC4672G",
        "SC4711E",
        "SC4712E",
        "SC4721E",
        "SC4722E",
        "SC4731E",
        "SC4732E",
        "SC4741E",
        "SC4742E",
        "SC4751E",
        "SC4752E",
        "SC4761E",
        "SC4762E",
        "SC4771G",
        "SC4772G",
        "SC4811G",
        "SC4812G",
        "SC4821G",
        "SC4822G"
      ],
      "validation": [
        "SC4031E",
        "SC4032E",
        "SC4101E",
        "SC4102E",
        "SC4301E",
        "SC4302E",
        "SC4341F",
        "SC4342F",
        "SC4471F",
        "SC4472F",
        "SC4561F",
        "SC4562F",
        "SC4621E",
        "SC4622E",
        "SC4701E",
        "SC4702E"
      ],
      "test": "locked_until_best_checkpoint"
    },
    "extractor_sha256": "2301217b80dc95f9eec18de4899032d82f5230ee2b5c55d645baa8a739ff9ad8",
    "sequence_checkpoint_sha256": "3adcbc546eb59f7d2ca0f52bb3d07ff8d2c36b378991980be76f1f9ca57fe453",
    "metrics_roles": [
      "validation"
    ]
  },
  "metrics": {
    "validation": {
      "n_valid_epochs": 21158,
      "accuracy": 0.8204934303809434,
      "macro_f1": 0.7740021499572164,
      "cohen_kappa": 0.7484200427022388,
      "confusion_matrix": [
        [
          6693,
          418,
          30,
          0,
          187
        ],
        [
          569,
          1452,
          699,
          2,
          181
        ],
        [
          105,
          623,
          6576,
          139,
          325
        ],
        [
          2,
          2,
          205,
          647,
          8
        ],
        [
          8,
          112,
          183,
          0,
          1992
        ]
      ],
      "per_class": {
        "W": {
          "precision": 0.9072793818625458,
          "recall": 0.9133460698689956,
          "f1": 0.9103026181570895,
          "support": 7328
        },
        "N1": {
          "precision": 0.5569620253164557,
          "recall": 0.5001722356183259,
          "f1": 0.5270417422867514,
          "support": 2903
        },
        "N2": {
          "precision": 0.8548030677239048,
          "recall": 0.8465499485066942,
          "f1": 0.8506564905245457,
          "support": 7768
        },
        "N3": {
          "precision": 0.8210659898477157,
          "recall": 0.7488425925925926,
          "f1": 0.7832929782082324,
          "support": 864
        },
        "REM": {
          "precision": 0.7396955068696621,
          "recall": 0.8679738562091504,
          "f1": 0.7987169206094629,
          "support": 2295
        }
      }
    }
  }
}
{
  "schema_version": 1,
  "passed": true,
  "experiment_id": "E1",
  "outer_fold": 5,
  "seed": 123,
  "smoke": false,
  "manifest_sha256": "c191e03071c1ea98480df43f820e1c7c4fd5cf1567c55f05c03f1f6aae1d45b8",
  "sequence_checkpoint_sha256": "3adcbc546eb59f7d2ca0f52bb3d07ff8d2c36b378991980be76f1f9ca57fe453",
  "roles": {
    "validation": {
      "records": 16,
      "valid_epochs": 21158,
      "prediction_sha256": "4b23762d400697bdd25a091468c2c10704cfedb6cdae43afc82240a0decc5a6d",
      "metrics_sha256": "009371f43ebcd36501a3e23cd79a3e1dca2845a0b42290bcae70e67ace147a77"
    }
  }
}
{
  "run_manifest": {
    "schema_version": 1,
    "status": "complete",
    "experiment_id": "E2",
    "outer_fold": 5,
    "seed": 123,
    "device": "cuda",
    "smoke": false,
    "allow_test_evaluation": false,
    "resume": false,
    "config_sha256": "1d812bbfb45e9ca90e2654b41311954fd6e66a56e1bbcdbfba48df8147d0ae1b",
    "split_sha256": "6bc7ad74c07ff05f1d880cb5e720eea12386824ef465b966507906fa248925de",
    "git_commit": "88a5d2ccc231e2529b35847ba9b127a6aebe2e8e",
    "git_dirty": false,
    "runner_code_sha256": "12245ec0d2fe51a0843ed873d3080f752db23621c6e2b583bba4922be9be9a39",
    "config_path": "configs/experiments_v2.json",
    "split_path": "data/splits/sleepedf_sc_10fold_seed42_v2.json",
    "data_variant": "paper_raw_v1",
    "role_records": {
      "train": [
        "SC4001E",
        "SC4002E",
        "SC4011E",
        "SC4012E",
        "SC4021E",
        "SC4022E",
        "SC4041E",
        "SC4042E",
        "SC4051E",
        "SC4052E",
        "SC4061E",
        "SC4062E",
        "SC4071E",
        "SC4072E",
        "SC4081E",
        "SC4082E",
        "SC4111E",
        "SC4112E",
        "SC4121E",
        "SC4122E",
        "SC4131E",
        "SC4141E",
        "SC4142E",
        "SC4171E",
        "SC4172E",
        "SC4181E",
        "SC4182E",
        "SC4191E",
        "SC4192E",
        "SC4201E",
        "SC4202E",
        "SC4211E",
        "SC4212E",
        "SC4221E",
        "SC4222E",
        "SC4231E",
        "SC4232E",
        "SC4241E",
        "SC4242E",
        "SC4251E",
        "SC4252E",
        "SC4261F",
        "SC4262F",
        "SC4271F",
        "SC4272F",
        "SC4281G",
        "SC4282G",
        "SC4291G",
        "SC4292G",
        "SC4321E",
        "SC4322E",
        "SC4331F",
        "SC4332F",
        "SC4351F",
        "SC4352F",
        "SC4362F",
        "SC4371F",
        "SC4372F",
        "SC4381F",
        "SC4382F",
        "SC4401E",
        "SC4402E",
        "SC4411E",
        "SC4412E",
        "SC4421E",
        "SC4422E",
        "SC4431E",
        "SC4432E",
        "SC4441E",
        "SC4442E",
        "SC4461F",
        "SC4462F",
        "SC4481F",
        "SC4482F",
        "SC4501E",
        "SC4502E",
        "SC4511E",
        "SC4512E",
        "SC4531E",
        "SC4532E",
        "SC4541F",
        "SC4542F",
        "SC4551F",
        "SC4552F",
        "SC4571F",
        "SC4572F",
        "SC4581G",
        "SC4582G",
        "SC4591G",
        "SC4592G",
        "SC4601E",
        "SC4602E",
        "SC4611E",
        "SC4612E",
        "SC4631E",
        "SC4632E",
        "SC4641E",
        "SC4642E",
        "SC4651E",
        "SC4652E",
        "SC4661E",
        "SC4662E",
        "SC4671G",
        "SC4672G",
        "SC4711E",
        "SC4712E",
        "SC4721E",
        "SC4722E",
        "SC4731E",
        "SC4732E",
        "SC4741E",
        "SC4742E",
        "SC4751E",
        "SC4752E",
        "SC4761E",
        "SC4762E",
        "SC4771G",
        "SC4772G",
        "SC4811G",
        "SC4812G",
        "SC4821G",
        "SC4822G"
      ],
      "validation": [
        "SC4031E",
        "SC4032E",
        "SC4101E",
        "SC4102E",
        "SC4301E",
        "SC4302E",
        "SC4341F",
        "SC4342F",
        "SC4471F",
        "SC4472F",
        "SC4561F",
        "SC4562F",
        "SC4621E",
        "SC4622E",
        "SC4701E",
        "SC4702E"
      ],
      "test": "locked_until_best_checkpoint"
    },
    "extractor_sha256": "31bff705924c47799d6d76309b5e9608e39259e6ae9e8567ff71da05b64009e8",
    "sequence_checkpoint_sha256": "be4ead8c143df8c9d254db8c5e74b29fe88f8b432a0261fdd2910d5bb088dae7",
    "metrics_roles": [
      "validation"
    ]
  },
  "metrics": {
    "validation": {
      "n_valid_epochs": 21158,
      "accuracy": 0.8201625862557897,
      "macro_f1": 0.7810921082960459,
      "cohen_kappa": 0.7490219779986824,
      "confusion_matrix": [
        [
          6317,
          782,
          45,
          0,
          184
        ],
        [
          277,
          1680,
          726,
          9,
          211
        ],
        [
          63,
          583,
          6780,
          80,
          262
        ],
        [
          0,
          1,
          230,
          627,
          6
        ],
        [
          2,
          98,
          246,
          0,
          1949
        ]
      ],
      "per_class": {
        "W": {
          "precision": 0.9486409370776393,
          "recall": 0.8620360262008734,
          "f1": 0.9032673196539643,
          "support": 7328
        },
        "N1": {
          "precision": 0.5343511450381679,
          "recall": 0.5787116775749225,
          "f1": 0.5556474284769308,
          "support": 2903
        },
        "N2": {
          "precision": 0.8446493085835306,
          "recall": 0.872811534500515,
          "f1": 0.8584995251661918,
          "support": 7768
        },
        "N3": {
          "precision": 0.8756983240223464,
          "recall": 0.7256944444444444,
          "f1": 0.7936708860759494,
          "support": 864
        },
        "REM": {
          "precision": 0.7461715160796325,
          "recall": 0.8492374727668845,
          "f1": 0.7943753821071938,
          "support": 2295
        }
      }
    }
  }
}
{
  "schema_version": 1,
  "passed": true,
  "experiment_id": "E2",
  "outer_fold": 5,
  "seed": 123,
  "smoke": false,
  "manifest_sha256": "b67411356db2b8321712668808b3763b9217adcee2a6174f04f92d1ae2f70130",
  "sequence_checkpoint_sha256": "be4ead8c143df8c9d254db8c5e74b29fe88f8b432a0261fdd2910d5bb088dae7",
  "roles": {
    "validation": {
      "records": 16,
      "valid_epochs": 21158,
      "prediction_sha256": "23bc050901ab89d7c6e7140edfb5a7be09025cf16b38b9c52dcd731226fe4ee5",
      "metrics_sha256": "7bb73f7b6e99eb7c8b2412f8a76f86eba2eb94bc584917fbb37f3050df63aa15"
    }
  }
}
{
  "run_manifest": {
    "schema_version": 1,
    "status": "complete",
    "experiment_id": "E3",
    "outer_fold": 5,
    "seed": 123,
    "device": "cuda",
    "smoke": false,
    "allow_test_evaluation": false,
    "resume": false,
    "config_sha256": "1d812bbfb45e9ca90e2654b41311954fd6e66a56e1bbcdbfba48df8147d0ae1b",
    "split_sha256": "6bc7ad74c07ff05f1d880cb5e720eea12386824ef465b966507906fa248925de",
    "git_commit": "88a5d2ccc231e2529b35847ba9b127a6aebe2e8e",
    "git_dirty": false,
    "runner_code_sha256": "12245ec0d2fe51a0843ed873d3080f752db23621c6e2b583bba4922be9be9a39",
    "config_path": "configs/experiments_v2.json",
    "split_path": "data/splits/sleepedf_sc_10fold_seed42_v2.json",
    "data_variant": "filtered_v2",
    "role_records": {
      "train": [
        "SC4001E",
        "SC4002E",
        "SC4011E",
        "SC4012E",
        "SC4021E",
        "SC4022E",
        "SC4041E",
        "SC4042E",
        "SC4051E",
        "SC4052E",
        "SC4061E",
        "SC4062E",
        "SC4071E",
        "SC4072E",
        "SC4081E",
        "SC4082E",
        "SC4111E",
        "SC4112E",
        "SC4121E",
        "SC4122E",
        "SC4131E",
        "SC4141E",
        "SC4142E",
        "SC4171E",
        "SC4172E",
        "SC4181E",
        "SC4182E",
        "SC4191E",
        "SC4192E",
        "SC4201E",
        "SC4202E",
        "SC4211E",
        "SC4212E",
        "SC4221E",
        "SC4222E",
        "SC4231E",
        "SC4232E",
        "SC4241E",
        "SC4242E",
        "SC4251E",
        "SC4252E",
        "SC4261F",
        "SC4262F",
        "SC4271F",
        "SC4272F",
        "SC4281G",
        "SC4282G",
        "SC4291G",
        "SC4292G",
        "SC4321E",
        "SC4322E",
        "SC4331F",
        "SC4332F",
        "SC4351F",
        "SC4352F",
        "SC4362F",
        "SC4371F",
        "SC4372F",
        "SC4381F",
        "SC4382F",
        "SC4401E",
        "SC4402E",
        "SC4411E",
        "SC4412E",
        "SC4421E",
        "SC4422E",
        "SC4431E",
        "SC4432E",
        "SC4441E",
        "SC4442E",
        "SC4461F",
        "SC4462F",
        "SC4481F",
        "SC4482F",
        "SC4501E",
        "SC4502E",
        "SC4511E",
        "SC4512E",
        "SC4531E",
        "SC4532E",
        "SC4541F",
        "SC4542F",
        "SC4551F",
        "SC4552F",
        "SC4571F",
        "SC4572F",
        "SC4581G",
        "SC4582G",
        "SC4591G",
        "SC4592G",
        "SC4601E",
        "SC4602E",
        "SC4611E",
        "SC4612E",
        "SC4631E",
        "SC4632E",
        "SC4641E",
        "SC4642E",
        "SC4651E",
        "SC4652E",
        "SC4661E",
        "SC4662E",
        "SC4671G",
        "SC4672G",
        "SC4711E",
        "SC4712E",
        "SC4721E",
        "SC4722E",
        "SC4731E",
        "SC4732E",
        "SC4741E",
        "SC4742E",
        "SC4751E",
        "SC4752E",
        "SC4761E",
        "SC4762E",
        "SC4771G",
        "SC4772G",
        "SC4811G",
        "SC4812G",
        "SC4821G",
        "SC4822G"
      ],
      "validation": [
        "SC4031E",
        "SC4032E",
        "SC4101E",
        "SC4102E",
        "SC4301E",
        "SC4302E",
        "SC4341F",
        "SC4342F",
        "SC4471F",
        "SC4472F",
        "SC4561F",
        "SC4562F",
        "SC4621E",
        "SC4622E",
        "SC4701E",
        "SC4702E"
      ],
      "test": "locked_until_best_checkpoint"
    },
    "extractor_sha256": "e896977db98021ad4e59b995a16a3d9f652d9af941101ae108ca895dcebf5399",
    "sequence_checkpoint_sha256": "d85c3961930ac0b3ebdb7d3db9e05b392f45765958ee54ac8b872c68117cad36",
    "metrics_roles": [
      "validation"
    ]
  },
  "metrics": {
    "validation": {
      "n_valid_epochs": 21158,
      "accuracy": 0.8249361943472918,
      "macro_f1": 0.7810766275940318,
      "cohen_kappa": 0.7543660445180599,
      "confusion_matrix": [
        [
          6700,
          430,
          41,
          0,
          157
        ],
        [
          526,
          1499,
          657,
          5,
          216
        ],
        [
          94,
          647,
          6629,
          63,
          335
        ],
        [
          7,
          0,
          235,
          618,
          4
        ],
        [
          10,
          74,
          203,
          0,
          2008
        ]
      ],
      "per_class": {
        "W": {
          "precision": 0.9131797737494889,
          "recall": 0.9143013100436681,
          "f1": 0.9137401977497442,
          "support": 7328
        },
        "N1": {
          "precision": 0.5656603773584906,
          "recall": 0.5163623837409577,
          "f1": 0.5398883486403747,
          "support": 2903
        },
        "N2": {
          "precision": 0.8537025112685126,
          "recall": 0.8533728115345005,
          "f1": 0.8535376295628662,
          "support": 7768
        },
        "N3": {
          "precision": 0.9008746355685131,
          "recall": 0.7152777777777778,
          "f1": 0.7974193548387096,
          "support": 864
        },
        "REM": {
          "precision": 0.7382352941176471,
          "recall": 0.8749455337690631,
          "f1": 0.8007976071784647,
          "support": 2295
        }
      }
    }
  }
}
{
  "schema_version": 1,
  "passed": true,
  "experiment_id": "E3",
  "outer_fold": 5,
  "seed": 123,
  "smoke": false,
  "manifest_sha256": "2946aa15cd3acfb057217fc079bcbf31af311d242a46b121afbdff0e3db0fc67",
  "sequence_checkpoint_sha256": "d85c3961930ac0b3ebdb7d3db9e05b392f45765958ee54ac8b872c68117cad36",
  "roles": {
    "validation": {
      "records": 16,
      "valid_epochs": 21158,
      "prediction_sha256": "4319cab8390d48882f6b81a0722f220519ffa5ba64e00a389d623f718f098138",
      "metrics_sha256": "edf6acf8055e96d5aad277c4741ba7c7b61ad4224f236a1edf5f55a16eb485ff"
    }
  }
}
{
  "run_manifest": {
    "schema_version": 1,
    "status": "complete",
    "experiment_id": "E4",
    "outer_fold": 5,
    "seed": 123,
    "device": "cuda",
    "smoke": false,
    "allow_test_evaluation": false,
    "resume": false,
    "config_sha256": "1d812bbfb45e9ca90e2654b41311954fd6e66a56e1bbcdbfba48df8147d0ae1b",
    "split_sha256": "6bc7ad74c07ff05f1d880cb5e720eea12386824ef465b966507906fa248925de",
    "git_commit": "88a5d2ccc231e2529b35847ba9b127a6aebe2e8e",
    "git_dirty": false,
    "runner_code_sha256": "12245ec0d2fe51a0843ed873d3080f752db23621c6e2b583bba4922be9be9a39",
    "config_path": "configs/experiments_v2.json",
    "split_path": "data/splits/sleepedf_sc_10fold_seed42_v2.json",
    "data_variant": "bandpass_v2",
    "role_records": {
      "train": [
        "SC4001E",
        "SC4002E",
        "SC4011E",
        "SC4012E",
        "SC4021E",
        "SC4022E",
        "SC4041E",
        "SC4042E",
        "SC4051E",
        "SC4052E",
        "SC4061E",
        "SC4062E",
        "SC4071E",
        "SC4072E",
        "SC4081E",
        "SC4082E",
        "SC4111E",
        "SC4112E",
        "SC4121E",
        "SC4122E",
        "SC4131E",
        "SC4141E",
        "SC4142E",
        "SC4171E",
        "SC4172E",
        "SC4181E",
        "SC4182E",
        "SC4191E",
        "SC4192E",
        "SC4201E",
        "SC4202E",
        "SC4211E",
        "SC4212E",
        "SC4221E",
        "SC4222E",
        "SC4231E",
        "SC4232E",
        "SC4241E",
        "SC4242E",
        "SC4251E",
        "SC4252E",
        "SC4261F",
        "SC4262F",
        "SC4271F",
        "SC4272F",
        "SC4281G",
        "SC4282G",
        "SC4291G",
        "SC4292G",
        "SC4321E",
        "SC4322E",
        "SC4331F",
        "SC4332F",
        "SC4351F",
        "SC4352F",
        "SC4362F",
        "SC4371F",
        "SC4372F",
        "SC4381F",
        "SC4382F",
        "SC4401E",
        "SC4402E",
        "SC4411E",
        "SC4412E",
        "SC4421E",
        "SC4422E",
        "SC4431E",
        "SC4432E",
        "SC4441E",
        "SC4442E",
        "SC4461F",
        "SC4462F",
        "SC4481F",
        "SC4482F",
        "SC4501E",
        "SC4502E",
        "SC4511E",
        "SC4512E",
        "SC4531E",
        "SC4532E",
        "SC4541F",
        "SC4542F",
        "SC4551F",
        "SC4552F",
        "SC4571F",
        "SC4572F",
        "SC4581G",
        "SC4582G",
        "SC4591G",
        "SC4592G",
        "SC4601E",
        "SC4602E",
        "SC4611E",
        "SC4612E",
        "SC4631E",
        "SC4632E",
        "SC4641E",
        "SC4642E",
        "SC4651E",
        "SC4652E",
        "SC4661E",
        "SC4662E",
        "SC4671G",
        "SC4672G",
        "SC4711E",
        "SC4712E",
        "SC4721E",
        "SC4722E",
        "SC4731E",
        "SC4732E",
        "SC4741E",
        "SC4742E",
        "SC4751E",
        "SC4752E",
        "SC4761E",
        "SC4762E",
        "SC4771G",
        "SC4772G",
        "SC4811G",
        "SC4812G",
        "SC4821G",
        "SC4822G"
      ],
      "validation": [
        "SC4031E",
        "SC4032E",
        "SC4101E",
        "SC4102E",
        "SC4301E",
        "SC4302E",
        "SC4341F",
        "SC4342F",
        "SC4471F",
        "SC4472F",
        "SC4561F",
        "SC4562F",
        "SC4621E",
        "SC4622E",
        "SC4701E",
        "SC4702E"
      ],
      "test": "locked_until_best_checkpoint"
    },
    "extractor_sha256": "a7bdcd8ebe737a8f842798424a44f9ed1fcc7646693d09667d49ca54fa12206a",
    "sequence_checkpoint_sha256": "4a812336ad0c4bc91998c449cef93d78afc548b6d6789d5904febdb1788d3ef7",
    "metrics_roles": [
      "validation"
    ]
  },
  "metrics": {
    "validation": {
      "n_valid_epochs": 21158,
      "accuracy": 0.8244162964363362,
      "macro_f1": 0.7802080639431265,
      "cohen_kappa": 0.7540256472656777,
      "confusion_matrix": [
        [
          6611,
          506,
          37,
          0,
          174
        ],
        [
          411,
          1498,
          727,
          6,
          261
        ],
        [
          80,
          548,
          6684,
          82,
          374
        ],
        [
          5,
          0,
          220,
          636,
          3
        ],
        [
          4,
          49,
          228,
          0,
          2014
        ]
      ],
      "per_class": {
        "W": {
          "precision": 0.9296864013500211,
          "recall": 0.9021561135371179,
          "f1": 0.9157143846526767,
          "support": 7328
        },
        "N1": {
          "precision": 0.5759323337178008,
          "recall": 0.5160179125043058,
          "f1": 0.5443313953488372,
          "support": 2903
        },
        "N2": {
          "precision": 0.8465045592705167,
          "recall": 0.860453141091658,
          "f1": 0.8534218590398366,
          "support": 7768
        },
        "N3": {
          "precision": 0.8784530386740331,
          "recall": 0.7361111111111112,
          "f1": 0.801007556675063,
          "support": 864
        },
        "REM": {
          "precision": 0.7126680820948337,
          "recall": 0.8775599128540305,
          "f1": 0.7865651239992187,
          "support": 2295
        }
      }
    }
  }
}
{
  "schema_version": 1,
  "passed": true,
  "experiment_id": "E4",
  "outer_fold": 5,
  "seed": 123,
  "smoke": false,
  "manifest_sha256": "8b528a97fae56ec6feda92e03504285b086e4a38348904e93446a9ffdfe5099a",
  "sequence_checkpoint_sha256": "4a812336ad0c4bc91998c449cef93d78afc548b6d6789d5904febdb1788d3ef7",
  "roles": {
    "validation": {
      "records": 16,
      "valid_epochs": 21158,
      "prediction_sha256": "469686da98950683ddeacb3c68d77912472c4d0c582942ecb0858f5fe3d200e9",
      "metrics_sha256": "cea3c3042a170a9f283ec17684a664e29bc47d7ec146faa1aeff284b361c8e48"
    }
  }
}
{
  "run_manifest": {
    "schema_version": 1,
    "status": "complete",
    "experiment_id": "E6",
    "outer_fold": 5,
    "seed": 123,
    "device": "cuda",
    "smoke": false,
    "allow_test_evaluation": false,
    "resume": false,
    "config_sha256": "1d812bbfb45e9ca90e2654b41311954fd6e66a56e1bbcdbfba48df8147d0ae1b",
    "split_sha256": "6bc7ad74c07ff05f1d880cb5e720eea12386824ef465b966507906fa248925de",
    "git_commit": "88a5d2ccc231e2529b35847ba9b127a6aebe2e8e",
    "git_dirty": false,
    "runner_code_sha256": "12245ec0d2fe51a0843ed873d3080f752db23621c6e2b583bba4922be9be9a39",
    "config_path": "configs/experiments_v2.json",
    "split_path": "data/splits/sleepedf_sc_10fold_seed42_v2.json",
    "data_variant": "filtered_zscore_v2",
    "role_records": {
      "train": [
        "SC4001E",
        "SC4002E",
        "SC4011E",
        "SC4012E",
        "SC4021E",
        "SC4022E",
        "SC4041E",
        "SC4042E",
        "SC4051E",
        "SC4052E",
        "SC4061E",
        "SC4062E",
        "SC4071E",
        "SC4072E",
        "SC4081E",
        "SC4082E",
        "SC4111E",
        "SC4112E",
        "SC4121E",
        "SC4122E",
        "SC4131E",
        "SC4141E",
        "SC4142E",
        "SC4171E",
        "SC4172E",
        "SC4181E",
        "SC4182E",
        "SC4191E",
        "SC4192E",
        "SC4201E",
        "SC4202E",
        "SC4211E",
        "SC4212E",
        "SC4221E",
        "SC4222E",
        "SC4231E",
        "SC4232E",
        "SC4241E",
        "SC4242E",
        "SC4251E",
        "SC4252E",
        "SC4261F",
        "SC4262F",
        "SC4271F",
        "SC4272F",
        "SC4281G",
        "SC4282G",
        "SC4291G",
        "SC4292G",
        "SC4321E",
        "SC4322E",
        "SC4331F",
        "SC4332F",
        "SC4351F",
        "SC4352F",
        "SC4362F",
        "SC4371F",
        "SC4372F",
        "SC4381F",
        "SC4382F",
        "SC4401E",
        "SC4402E",
        "SC4411E",
        "SC4412E",
        "SC4421E",
        "SC4422E",
        "SC4431E",
        "SC4432E",
        "SC4441E",
        "SC4442E",
        "SC4461F",
        "SC4462F",
        "SC4481F",
        "SC4482F",
        "SC4501E",
        "SC4502E",
        "SC4511E",
        "SC4512E",
        "SC4531E",
        "SC4532E",
        "SC4541F",
        "SC4542F",
        "SC4551F",
        "SC4552F",
        "SC4571F",
        "SC4572F",
        "SC4581G",
        "SC4582G",
        "SC4591G",
        "SC4592G",
        "SC4601E",
        "SC4602E",
        "SC4611E",
        "SC4612E",
        "SC4631E",
        "SC4632E",
        "SC4641E",
        "SC4642E",
        "SC4651E",
        "SC4652E",
        "SC4661E",
        "SC4662E",
        "SC4671G",
        "SC4672G",
        "SC4711E",
        "SC4712E",
        "SC4721E",
        "SC4722E",
        "SC4731E",
        "SC4732E",
        "SC4741E",
        "SC4742E",
        "SC4751E",
        "SC4752E",
        "SC4761E",
        "SC4762E",
        "SC4771G",
        "SC4772G",
        "SC4811G",
        "SC4812G",
        "SC4821G",
        "SC4822G"
      ],
      "validation": [
        "SC4031E",
        "SC4032E",
        "SC4101E",
        "SC4102E",
        "SC4301E",
        "SC4302E",
        "SC4341F",
        "SC4342F",
        "SC4471F",
        "SC4472F",
        "SC4561F",
        "SC4562F",
        "SC4621E",
        "SC4622E",
        "SC4701E",
        "SC4702E"
      ],
      "test": "locked_until_best_checkpoint"
    },
    "extractor_sha256": "1fb06a104a50389475d596e697a59e55037b51168b993b3b60d1f412cffb482d",
    "sequence_checkpoint_sha256": "3c1d069011f036dc6e56763b9981fe7c4b99dfed27bcad36f9435ddbbe65cd28",
    "metrics_roles": [
      "validation"
    ]
  },
  "metrics": {
    "validation": {
      "n_valid_epochs": 21158,
      "accuracy": 0.8228566027034692,
      "macro_f1": 0.7723024004983015,
      "cohen_kappa": 0.753289412168402,
      "confusion_matrix": [
        [
          6461,
          719,
          83,
          0,
          65
        ],
        [
          261,
          1646,
          803,
          9,
          184
        ],
        [
          76,
          412,
          6593,
          317,
          370
        ],
        [
          5,
          1,
          216,
          639,
          3
        ],
        [
          2,
          44,
          178,
          0,
          2071
        ]
      ],
      "per_class": {
        "W": {
          "precision": 0.9494489346069067,
          "recall": 0.8816866812227074,
          "f1": 0.9143140168400199,
          "support": 7328
        },
        "N1": {
          "precision": 0.5832742735648476,
          "recall": 0.5669996555287633,
          "f1": 0.5750218340611354,
          "support": 2903
        },
        "N2": {
          "precision": 0.83741902705449,
          "recall": 0.8487384140061792,
          "f1": 0.8430407262962727,
          "support": 7768
        },
        "N3": {
          "precision": 0.6621761658031088,
          "recall": 0.7395833333333334,
          "f1": 0.6987424822307272,
          "support": 864
        },
        "REM": {
          "precision": 0.7690308206461196,
          "recall": 0.90239651416122,
          "f1": 0.830392943063352,
          "support": 2295
        }
      }
    }
  }
}
{
  "schema_version": 1,
  "passed": true,
  "experiment_id": "E6",
  "outer_fold": 5,
  "seed": 123,
  "smoke": false,
  "manifest_sha256": "068f991295dfead3cf291671b6f8384fbfd3ee09c9e88784fd4ec0c54e33a206",
  "sequence_checkpoint_sha256": "3c1d069011f036dc6e56763b9981fe7c4b99dfed27bcad36f9435ddbbe65cd28",
  "roles": {
    "validation": {
      "records": 16,
      "valid_epochs": 21158,
      "prediction_sha256": "bdffdee5edcd1105248343051750e4e9780d5d80634d985266075d745b8e8435",
      "metrics_sha256": "8d1c6e78a87cdb34479676df0b5d8b4b3dee5eea32a2b1d91ab514469c5ad1c1"
    }
  }
}
========== DONE fold_05 seed 123 2026-08-21T10:36:10+00:00 ==========
========== START fold_06 seed 123 2026-08-21T10:36:10+00:00 ==========
{
  "run_manifest": {
    "schema_version": 1,
    "status": "complete",
    "experiment_id": "E0",
    "outer_fold": 6,
    "seed": 123,
    "device": "cuda",
    "smoke": false,
    "allow_test_evaluation": false,
    "resume": false,
    "config_sha256": "1d812bbfb45e9ca90e2654b41311954fd6e66a56e1bbcdbfba48df8147d0ae1b",
    "split_sha256": "6bc7ad74c07ff05f1d880cb5e720eea12386824ef465b966507906fa248925de",
    "git_commit": "88a5d2ccc231e2529b35847ba9b127a6aebe2e8e",
    "git_dirty": false,
    "runner_code_sha256": "12245ec0d2fe51a0843ed873d3080f752db23621c6e2b583bba4922be9be9a39",
    "config_path": "configs/experiments_v2.json",
    "split_path": "data/splits/sleepedf_sc_10fold_seed42_v2.json",
    "data_variant": "paper_raw_v1",
    "role_records": {
      "train": [
        "SC4001E",
        "SC4002E",
        "SC4011E",
        "SC4012E",
        "SC4021E",
        "SC4022E",
        "SC4041E",
        "SC4042E",
        "SC4051E",
        "SC4052E",
        "SC4071E",
        "SC4072E",
        "SC4081E",
        "SC4082E",
        "SC4091E",
        "SC4092E",
        "SC4121E",
        "SC4122E",
        "SC4131E",
        "SC4141E",
        "SC4142E",
        "SC4151E",
        "SC4152E",
        "SC4161E",
        "SC4162E",
        "SC4171E",
        "SC4172E",
        "SC4181E",
        "SC4182E",
        "SC4191E",
        "SC4192E",
        "SC4201E",
        "SC4202E",
        "SC4211E",
        "SC4212E",
        "SC4221E",
        "SC4222E",
        "SC4231E",
        "SC4232E",
        "SC4241E",
        "SC4242E",
        "SC4251E",
        "SC4252E",
        "SC4261F",
        "SC4262F",
        "SC4271F",
        "SC4272F",
        "SC4281G",
        "SC4282G",
        "SC4291G",
        "SC4292G",
        "SC4311E",
        "SC4312E",
        "SC4321E",
        "SC4322E",
        "SC4331F",
        "SC4332F",
        "SC4351F",
        "SC4352F",
        "SC4362F",
        "SC4371F",
        "SC4372F",
        "SC4401E",
        "SC4402E",
        "SC4411E",
        "SC4412E",
        "SC4421E",
        "SC4422E",
        "SC4431E",
        "SC4432E",
        "SC4441E",
        "SC4442E",
        "SC4451F",
        "SC4452F",
        "SC4461F",
        "SC4462F",
        "SC4481F",
        "SC4482F",
        "SC4491G",
        "SC4492G",
        "SC4511E",
        "SC4512E",
        "SC4522E",
        "SC4531E",
        "SC4532E",
        "SC4541F",
        "SC4542F",
        "SC4571F",
        "SC4572F",
        "SC4581G",
        "SC4582G",
        "SC4591G",
        "SC4592G",
        "SC4601E",
        "SC4602E",
        "SC4611E",
        "SC4612E",
        "SC4631E",
        "SC4632E",
        "SC4641E",
        "SC4642E",
        "SC4651E",
        "SC4652E",
        "SC4661E",
        "SC4662E",
        "SC4671G",
        "SC4672G",
        "SC4731E",
        "SC4732E",
        "SC4741E",
        "SC4742E",
        "SC4751E",
        "SC4752E",
        "SC4771G",
        "SC4772G",
        "SC4801G",
        "SC4802G",
        "SC4811G",
        "SC4812G",
        "SC4821G",
        "SC4822G"
      ],
      "validation": [
        "SC4061E",
        "SC4062E",
        "SC4111E",
        "SC4112E",
        "SC4381F",
        "SC4382F",
        "SC4501E",
        "SC4502E",
        "SC4551F",
        "SC4552F",
        "SC4711E",
        "SC4712E",
        "SC4721E",
        "SC4722E",
        "SC4761E",
        "SC4762E"
      ],
      "test": "locked_until_best_checkpoint"
    },
    "extractor_sha256": "dcbd6b5417ab339d66ff220f365566ca7d6e2da11038278802bd86a295155cc6",
    "sequence_checkpoint_sha256": "c53576fd3ac9918605d9981179b76342efa0e4bf9a2666112198c95bf8a6197f",
    "metrics_roles": [
      "validation"
    ]
  },
  "metrics": {
    "validation": {
      "n_valid_epochs": 20962,
      "accuracy": 0.8449575422192539,
      "macro_f1": 0.7775255542566505,
      "cohen_kappa": 0.7766712403280329,
      "confusion_matrix": [
        [
          7869,
          313,
          50,
          0,
          70
        ],
        [
          466,
          970,
          535,
          0,
          129
        ],
        [
          147,
          327,
          6241,
          78,
          430
        ],
        [
          1,
          3,
          138,
          531,
          9
        ],
        [
          54,
          294,
          206,
          0,
          2101
        ]
      ],
      "per_class": {
        "W": {
          "precision": 0.9217523720276444,
          "recall": 0.9478438930378222,
          "f1": 0.9346160698378765,
          "support": 8302
        },
        "N1": {
          "precision": 0.508652333508128,
          "recall": 0.46190476190476193,
          "f1": 0.484152732717744,
          "support": 2100
        },
        "N2": {
          "precision": 0.8704323570432357,
          "recall": 0.8640454104942544,
          "f1": 0.867227124296533,
          "support": 7223
        },
        "N3": {
          "precision": 0.8719211822660099,
          "recall": 0.7785923753665689,
          "f1": 0.8226181254841208,
          "support": 682
        },
        "REM": {
          "precision": 0.7670682730923695,
          "recall": 0.7913370998116761,
          "f1": 0.7790137189469782,
          "support": 2655
        }
      }
    }
  }
}
{
  "schema_version": 1,
  "passed": true,
  "experiment_id": "E0",
  "outer_fold": 6,
  "seed": 123,
  "smoke": false,
  "manifest_sha256": "c5b5b956171edb871411f2e2b460c8cb600cd7f5e486b6a3c189865e8d6d724b",
  "sequence_checkpoint_sha256": "c53576fd3ac9918605d9981179b76342efa0e4bf9a2666112198c95bf8a6197f",
  "roles": {
    "validation": {
      "records": 16,
      "valid_epochs": 20962,
      "prediction_sha256": "c7ec223bdaf3ec32a31c7f48103799ef9ab1b62e81669da5ecfcb020b6dd14ab",
      "metrics_sha256": "0e83c01613d8f0a3b876a4309013b4312c81087cac88140c02460421b1cd544c"
    }
  }
}
{
  "run_manifest": {
    "schema_version": 1,
    "status": "complete",
    "experiment_id": "E1",
    "outer_fold": 6,
    "seed": 123,
    "device": "cuda",
    "smoke": false,
    "allow_test_evaluation": false,
    "resume": false,
    "config_sha256": "1d812bbfb45e9ca90e2654b41311954fd6e66a56e1bbcdbfba48df8147d0ae1b",
    "split_sha256": "6bc7ad74c07ff05f1d880cb5e720eea12386824ef465b966507906fa248925de",
    "git_commit": "88a5d2ccc231e2529b35847ba9b127a6aebe2e8e",
    "git_dirty": false,
    "runner_code_sha256": "12245ec0d2fe51a0843ed873d3080f752db23621c6e2b583bba4922be9be9a39",
    "config_path": "configs/experiments_v2.json",
    "split_path": "data/splits/sleepedf_sc_10fold_seed42_v2.json",
    "data_variant": "paper_raw_v1",
    "role_records": {
      "train": [
        "SC4001E",
        "SC4002E",
        "SC4011E",
        "SC4012E",
        "SC4021E",
        "SC4022E",
        "SC4041E",
        "SC4042E",
        "SC4051E",
        "SC4052E",
        "SC4071E",
        "SC4072E",
        "SC4081E",
        "SC4082E",
        "SC4091E",
        "SC4092E",
        "SC4121E",
        "SC4122E",
        "SC4131E",
        "SC4141E",
        "SC4142E",
        "SC4151E",
        "SC4152E",
        "SC4161E",
        "SC4162E",
        "SC4171E",
        "SC4172E",
        "SC4181E",
        "SC4182E",
        "SC4191E",
        "SC4192E",
        "SC4201E",
        "SC4202E",
        "SC4211E",
        "SC4212E",
        "SC4221E",
        "SC4222E",
        "SC4231E",
        "SC4232E",
        "SC4241E",
        "SC4242E",
        "SC4251E",
        "SC4252E",
        "SC4261F",
        "SC4262F",
        "SC4271F",
        "SC4272F",
        "SC4281G",
        "SC4282G",
        "SC4291G",
        "SC4292G",
        "SC4311E",
        "SC4312E",
        "SC4321E",
        "SC4322E",
        "SC4331F",
        "SC4332F",
        "SC4351F",
        "SC4352F",
        "SC4362F",
        "SC4371F",
        "SC4372F",
        "SC4401E",
        "SC4402E",
        "SC4411E",
        "SC4412E",
        "SC4421E",
        "SC4422E",
        "SC4431E",
        "SC4432E",
        "SC4441E",
        "SC4442E",
        "SC4451F",
        "SC4452F",
        "SC4461F",
        "SC4462F",
        "SC4481F",
        "SC4482F",
        "SC4491G",
        "SC4492G",
        "SC4511E",
        "SC4512E",
        "SC4522E",
        "SC4531E",
        "SC4532E",
        "SC4541F",
        "SC4542F",
        "SC4571F",
        "SC4572F",
        "SC4581G",
        "SC4582G",
        "SC4591G",
        "SC4592G",
        "SC4601E",
        "SC4602E",
        "SC4611E",
        "SC4612E",
        "SC4631E",
        "SC4632E",
        "SC4641E",
        "SC4642E",
        "SC4651E",
        "SC4652E",
        "SC4661E",
        "SC4662E",
        "SC4671G",
        "SC4672G",
        "SC4731E",
        "SC4732E",
        "SC4741E",
        "SC4742E",
        "SC4751E",
        "SC4752E",
        "SC4771G",
        "SC4772G",
        "SC4801G",
        "SC4802G",
        "SC4811G",
        "SC4812G",
        "SC4821G",
        "SC4822G"
      ],
      "validation": [
        "SC4061E",
        "SC4062E",
        "SC4111E",
        "SC4112E",
        "SC4381F",
        "SC4382F",
        "SC4501E",
        "SC4502E",
        "SC4551F",
        "SC4552F",
        "SC4711E",
        "SC4712E",
        "SC4721E",
        "SC4722E",
        "SC4761E",
        "SC4762E"
      ],
      "test": "locked_until_best_checkpoint"
    },
    "extractor_sha256": "dcbd6b5417ab339d66ff220f365566ca7d6e2da11038278802bd86a295155cc6",
    "sequence_checkpoint_sha256": "66b7470d1e297c33be9d88bf3d08c0fb9fa1173e74493e3aea21d153f3b98828",
    "metrics_roles": [
      "validation"
    ]
  },
  "metrics": {
    "validation": {
      "n_valid_epochs": 20962,
      "accuracy": 0.8544509111725981,
      "macro_f1": 0.7875923242627592,
      "cohen_kappa": 0.7909771476653199,
      "confusion_matrix": [
        [
          7871,
          252,
          71,
          2,
          106
        ],
        [
          435,
          993,
          473,
          0,
          199
        ],
        [
          81,
          393,
          6261,
          82,
          406
        ],
        [
          1,
          4,
          145,
          530,
          2
        ],
        [
          38,
          210,
          151,
          0,
          2256
        ]
      ],
      "per_class": {
        "W": {
          "precision": 0.9341324471872775,
          "recall": 0.9480847988436522,
          "f1": 0.9410569105691058,
          "support": 8302
        },
        "N1": {
          "precision": 0.5361771058315334,
          "recall": 0.47285714285714286,
          "f1": 0.5025303643724697,
          "support": 2100
        },
        "N2": {
          "precision": 0.8817068018588932,
          "recall": 0.8668143430707462,
          "f1": 0.8741971516336219,
          "support": 7223
        },
        "N3": {
          "precision": 0.8631921824104235,
          "recall": 0.7771260997067448,
          "f1": 0.8179012345679012,
          "support": 682
        },
        "REM": {
          "precision": 0.7598518019535198,
          "recall": 0.8497175141242937,
          "f1": 0.802275960170697,
          "support": 2655
        }
      }
    }
  }
}
{
  "schema_version": 1,
  "passed": true,
  "experiment_id": "E1",
  "outer_fold": 6,
  "seed": 123,
  "smoke": false,
  "manifest_sha256": "508f613d6875ae6c1dd36af672076f96469ec2a9c79bdf719f3a2696bc946522",
  "sequence_checkpoint_sha256": "66b7470d1e297c33be9d88bf3d08c0fb9fa1173e74493e3aea21d153f3b98828",
  "roles": {
    "validation": {
      "records": 16,
      "valid_epochs": 20962,
      "prediction_sha256": "a4b8963260b1198b9c6b9beda94a9e73c52f0bd2ae0432cbb7bb256a7c0828be",
      "metrics_sha256": "4e49500f286f4780c0367339cf9f762283103b9f314dda828bdd299036207a36"
    }
  }
}
{
  "run_manifest": {
    "schema_version": 1,
    "status": "complete",
    "experiment_id": "E2",
    "outer_fold": 6,
    "seed": 123,
    "device": "cuda",
    "smoke": false,
    "allow_test_evaluation": false,
    "resume": false,
    "config_sha256": "1d812bbfb45e9ca90e2654b41311954fd6e66a56e1bbcdbfba48df8147d0ae1b",
    "split_sha256": "6bc7ad74c07ff05f1d880cb5e720eea12386824ef465b966507906fa248925de",
    "git_commit": "88a5d2ccc231e2529b35847ba9b127a6aebe2e8e",
    "git_dirty": false,
    "runner_code_sha256": "12245ec0d2fe51a0843ed873d3080f752db23621c6e2b583bba4922be9be9a39",
    "config_path": "configs/experiments_v2.json",
    "split_path": "data/splits/sleepedf_sc_10fold_seed42_v2.json",
    "data_variant": "paper_raw_v1",
    "role_records": {
      "train": [
        "SC4001E",
        "SC4002E",
        "SC4011E",
        "SC4012E",
        "SC4021E",
        "SC4022E",
        "SC4041E",
        "SC4042E",
        "SC4051E",
        "SC4052E",
        "SC4071E",
        "SC4072E",
        "SC4081E",
        "SC4082E",
        "SC4091E",
        "SC4092E",
        "SC4121E",
        "SC4122E",
        "SC4131E",
        "SC4141E",
        "SC4142E",
        "SC4151E",
        "SC4152E",
        "SC4161E",
        "SC4162E",
        "SC4171E",
        "SC4172E",
        "SC4181E",
        "SC4182E",
        "SC4191E",
        "SC4192E",
        "SC4201E",
        "SC4202E",
        "SC4211E",
        "SC4212E",
        "SC4221E",
        "SC4222E",
        "SC4231E",
        "SC4232E",
        "SC4241E",
        "SC4242E",
        "SC4251E",
        "SC4252E",
        "SC4261F",
        "SC4262F",
        "SC4271F",
        "SC4272F",
        "SC4281G",
        "SC4282G",
        "SC4291G",
        "SC4292G",
        "SC4311E",
        "SC4312E",
        "SC4321E",
        "SC4322E",
        "SC4331F",
        "SC4332F",
        "SC4351F",
        "SC4352F",
        "SC4362F",
        "SC4371F",
        "SC4372F",
        "SC4401E",
        "SC4402E",
        "SC4411E",
        "SC4412E",
        "SC4421E",
        "SC4422E",
        "SC4431E",
        "SC4432E",
        "SC4441E",
        "SC4442E",
        "SC4451F",
        "SC4452F",
        "SC4461F",
        "SC4462F",
        "SC4481F",
        "SC4482F",
        "SC4491G",
        "SC4492G",
        "SC4511E",
        "SC4512E",
        "SC4522E",
        "SC4531E",
        "SC4532E",
        "SC4541F",
        "SC4542F",
        "SC4571F",
        "SC4572F",
        "SC4581G",
        "SC4582G",
        "SC4591G",
        "SC4592G",
        "SC4601E",
        "SC4602E",
        "SC4611E",
        "SC4612E",
        "SC4631E",
        "SC4632E",
        "SC4641E",
        "SC4642E",
        "SC4651E",
        "SC4652E",
        "SC4661E",
        "SC4662E",
        "SC4671G",
        "SC4672G",
        "SC4731E",
        "SC4732E",
        "SC4741E",
        "SC4742E",
        "SC4751E",
        "SC4752E",
        "SC4771G",
        "SC4772G",
        "SC4801G",
        "SC4802G",
        "SC4811G",
        "SC4812G",
        "SC4821G",
        "SC4822G"
      ],
      "validation": [
        "SC4061E",
        "SC4062E",
        "SC4111E",
        "SC4112E",
        "SC4381F",
        "SC4382F",
        "SC4501E",
        "SC4502E",
        "SC4551F",
        "SC4552F",
        "SC4711E",
        "SC4712E",
        "SC4721E",
        "SC4722E",
        "SC4761E",
        "SC4762E"
      ],
      "test": "locked_until_best_checkpoint"
    },
    "extractor_sha256": "6fdc92330bc8ceed71a9ff10c3508cdfec12220b56be109bee87fb5cc3af4a69",
    "sequence_checkpoint_sha256": "2862fed1c86f8823e7adf8fe6dfce64d0fc3e8fd0ba7ecf474c99e4ca807ccb8",
    "metrics_roles": [
      "validation"
    ]
  },
  "metrics": {
    "validation": {
      "n_valid_epochs": 20962,
      "accuracy": 0.8409502910027669,
      "macro_f1": 0.7866091922202827,
      "cohen_kappa": 0.7721881681646482,
      "confusion_matrix": [
        [
          7804,
          402,
          62,
          1,
          33
        ],
        [
          490,
          1159,
          354,
          1,
          96
        ],
        [
          181,
          580,
          5995,
          63,
          404
        ],
        [
          2,
          6,
          141,
          525,
          8
        ],
        [
          148,
          187,
          175,
          0,
          2145
        ]
      ],
      "per_class": {
        "W": {
          "precision": 0.9048115942028986,
          "recall": 0.9400144543483498,
          "f1": 0.9220771548413776,
          "support": 8302
        },
        "N1": {
          "precision": 0.49657240788346185,
          "recall": 0.5519047619047619,
          "f1": 0.5227785295444294,
          "support": 2100
        },
        "N2": {
          "precision": 0.8911847777612606,
          "recall": 0.8299875398034058,
          "f1": 0.8594982078853047,
          "support": 7223
        },
        "N3": {
          "precision": 0.8898305084745762,
          "recall": 0.7697947214076246,
          "f1": 0.8254716981132075,
          "support": 682
        },
        "REM": {
          "precision": 0.7985852568875651,
          "recall": 0.807909604519774,
          "f1": 0.8032203707170942,
          "support": 2655
        }
      }
    }
  }
}
{
  "schema_version": 1,
  "passed": true,
  "experiment_id": "E2",
  "outer_fold": 6,
  "seed": 123,
  "smoke": false,
  "manifest_sha256": "260895221b87dcff073e5eec3a652390a1a6c1d55225137281b1c0b5ee9cd008",
  "sequence_checkpoint_sha256": "2862fed1c86f8823e7adf8fe6dfce64d0fc3e8fd0ba7ecf474c99e4ca807ccb8",
  "roles": {
    "validation": {
      "records": 16,
      "valid_epochs": 20962,
      "prediction_sha256": "252698d693b55d8504219d2cb41d47f2356c6eb7c2d78d240d8ba40034abe4f8",
      "metrics_sha256": "d11fd8776cc554497ce9bc04c8155bc3927dfcf3a7a538fab611757b7913702c"
    }
  }
}
{
  "run_manifest": {
    "schema_version": 1,
    "status": "complete",
    "experiment_id": "E3",
    "outer_fold": 6,
    "seed": 123,
    "device": "cuda",
    "smoke": false,
    "allow_test_evaluation": false,
    "resume": false,
    "config_sha256": "1d812bbfb45e9ca90e2654b41311954fd6e66a56e1bbcdbfba48df8147d0ae1b",
    "split_sha256": "6bc7ad74c07ff05f1d880cb5e720eea12386824ef465b966507906fa248925de",
    "git_commit": "88a5d2ccc231e2529b35847ba9b127a6aebe2e8e",
    "git_dirty": false,
    "runner_code_sha256": "12245ec0d2fe51a0843ed873d3080f752db23621c6e2b583bba4922be9be9a39",
    "config_path": "configs/experiments_v2.json",
    "split_path": "data/splits/sleepedf_sc_10fold_seed42_v2.json",
    "data_variant": "filtered_v2",
    "role_records": {
      "train": [
        "SC4001E",
        "SC4002E",
        "SC4011E",
        "SC4012E",
        "SC4021E",
        "SC4022E",
        "SC4041E",
        "SC4042E",
        "SC4051E",
        "SC4052E",
        "SC4071E",
        "SC4072E",
        "SC4081E",
        "SC4082E",
        "SC4091E",
        "SC4092E",
        "SC4121E",
        "SC4122E",
        "SC4131E",
        "SC4141E",
        "SC4142E",
        "SC4151E",
        "SC4152E",
        "SC4161E",
        "SC4162E",
        "SC4171E",
        "SC4172E",
        "SC4181E",
        "SC4182E",
        "SC4191E",
        "SC4192E",
        "SC4201E",
        "SC4202E",
        "SC4211E",
        "SC4212E",
        "SC4221E",
        "SC4222E",
        "SC4231E",
        "SC4232E",
        "SC4241E",
        "SC4242E",
        "SC4251E",
        "SC4252E",
        "SC4261F",
        "SC4262F",
        "SC4271F",
        "SC4272F",
        "SC4281G",
        "SC4282G",
        "SC4291G",
        "SC4292G",
        "SC4311E",
        "SC4312E",
        "SC4321E",
        "SC4322E",
        "SC4331F",
        "SC4332F",
        "SC4351F",
        "SC4352F",
        "SC4362F",
        "SC4371F",
        "SC4372F",
        "SC4401E",
        "SC4402E",
        "SC4411E",
        "SC4412E",
        "SC4421E",
        "SC4422E",
        "SC4431E",
        "SC4432E",
        "SC4441E",
        "SC4442E",
        "SC4451F",
        "SC4452F",
        "SC4461F",
        "SC4462F",
        "SC4481F",
        "SC4482F",
        "SC4491G",
        "SC4492G",
        "SC4511E",
        "SC4512E",
        "SC4522E",
        "SC4531E",
        "SC4532E",
        "SC4541F",
        "SC4542F",
        "SC4571F",
        "SC4572F",
        "SC4581G",
        "SC4582G",
        "SC4591G",
        "SC4592G",
        "SC4601E",
        "SC4602E",
        "SC4611E",
        "SC4612E",
        "SC4631E",
        "SC4632E",
        "SC4641E",
        "SC4642E",
        "SC4651E",
        "SC4652E",
        "SC4661E",
        "SC4662E",
        "SC4671G",
        "SC4672G",
        "SC4731E",
        "SC4732E",
        "SC4741E",
        "SC4742E",
        "SC4751E",
        "SC4752E",
        "SC4771G",
        "SC4772G",
        "SC4801G",
        "SC4802G",
        "SC4811G",
        "SC4812G",
        "SC4821G",
        "SC4822G"
      ],
      "validation": [
        "SC4061E",
        "SC4062E",
        "SC4111E",
        "SC4112E",
        "SC4381F",
        "SC4382F",
        "SC4501E",
        "SC4502E",
        "SC4551F",
        "SC4552F",
        "SC4711E",
        "SC4712E",
        "SC4721E",
        "SC4722E",
        "SC4761E",
        "SC4762E"
      ],
      "test": "locked_until_best_checkpoint"
    },
    "extractor_sha256": "4a561be435648a9b80a479193193fdea80ab1fb9c7344cb1f5ba62818a0374eb",
    "sequence_checkpoint_sha256": "977cd4601833c51f1fcc48b9f568f7f68957b3891987317b0995566ae1fc20a4",
    "metrics_roles": [
      "validation"
    ]
  },
  "metrics": {
    "validation": {
      "n_valid_epochs": 20962,
      "accuracy": 0.8346054765766625,
      "macro_f1": 0.7734342084454764,
      "cohen_kappa": 0.7642847078802677,
      "confusion_matrix": [
        [
          7720,
          479,
          75,
          0,
          28
        ],
        [
          362,
          1164,
          427,
          1,
          146
        ],
        [
          117,
          469,
          6003,
          94,
          540
        ],
        [
          2,
          4,
          138,
          522,
          16
        ],
        [
          94,
          299,
          176,
          0,
          2086
        ]
      ],
      "per_class": {
        "W": {
          "precision": 0.9306811332127788,
          "recall": 0.9298964105034931,
          "f1": 0.930288606374646,
          "support": 8302
        },
        "N1": {
          "precision": 0.48198757763975153,
          "recall": 0.5542857142857143,
          "f1": 0.5156146179401994,
          "support": 2100
        },
        "N2": {
          "precision": 0.8803343598768147,
          "recall": 0.8310951128340025,
          "f1": 0.8550064093433983,
          "support": 7223
        },
        "N3": {
          "precision": 0.8460291734197731,
          "recall": 0.7653958944281525,
          "f1": 0.8036951501154734,
          "support": 682
        },
        "REM": {
          "precision": 0.7407670454545454,
          "recall": 0.7856873822975518,
          "f1": 0.7625662584536649,
          "support": 2655
        }
      }
    }
  }
}
{
  "schema_version": 1,
  "passed": true,
  "experiment_id": "E3",
  "outer_fold": 6,
  "seed": 123,
  "smoke": false,
  "manifest_sha256": "140fbc86e0df4b09fecb660925b4669c4ca94b1f4f8f87b153568b3af027da9b",
  "sequence_checkpoint_sha256": "977cd4601833c51f1fcc48b9f568f7f68957b3891987317b0995566ae1fc20a4",
  "roles": {
    "validation": {
      "records": 16,
      "valid_epochs": 20962,
      "prediction_sha256": "e37916e8792808667aaab181dd0452d227df19948f844a7ffe189083466a6a71",
      "metrics_sha256": "fe4053d4a35348ec40b02b1e7350885cc729b02add498f795337feea7add37c2"
    }
  }
}
{
  "run_manifest": {
    "schema_version": 1,
    "status": "complete",
    "experiment_id": "E4",
    "outer_fold": 6,
    "seed": 123,
    "device": "cuda",
    "smoke": false,
    "allow_test_evaluation": false,
    "resume": false,
    "config_sha256": "1d812bbfb45e9ca90e2654b41311954fd6e66a56e1bbcdbfba48df8147d0ae1b",
    "split_sha256": "6bc7ad74c07ff05f1d880cb5e720eea12386824ef465b966507906fa248925de",
    "git_commit": "88a5d2ccc231e2529b35847ba9b127a6aebe2e8e",
    "git_dirty": false,
    "runner_code_sha256": "12245ec0d2fe51a0843ed873d3080f752db23621c6e2b583bba4922be9be9a39",
    "config_path": "configs/experiments_v2.json",
    "split_path": "data/splits/sleepedf_sc_10fold_seed42_v2.json",
    "data_variant": "bandpass_v2",
    "role_records": {
      "train": [
        "SC4001E",
        "SC4002E",
        "SC4011E",
        "SC4012E",
        "SC4021E",
        "SC4022E",
        "SC4041E",
        "SC4042E",
        "SC4051E",
        "SC4052E",
        "SC4071E",
        "SC4072E",
        "SC4081E",
        "SC4082E",
        "SC4091E",
        "SC4092E",
        "SC4121E",
        "SC4122E",
        "SC4131E",
        "SC4141E",
        "SC4142E",
        "SC4151E",
        "SC4152E",
        "SC4161E",
        "SC4162E",
        "SC4171E",
        "SC4172E",
        "SC4181E",
        "SC4182E",
        "SC4191E",
        "SC4192E",
        "SC4201E",
        "SC4202E",
        "SC4211E",
        "SC4212E",
        "SC4221E",
        "SC4222E",
        "SC4231E",
        "SC4232E",
        "SC4241E",
        "SC4242E",
        "SC4251E",
        "SC4252E",
        "SC4261F",
        "SC4262F",
        "SC4271F",
        "SC4272F",
        "SC4281G",
        "SC4282G",
        "SC4291G",
        "SC4292G",
        "SC4311E",
        "SC4312E",
        "SC4321E",
        "SC4322E",
        "SC4331F",
        "SC4332F",
        "SC4351F",
        "SC4352F",
        "SC4362F",
        "SC4371F",
        "SC4372F",
        "SC4401E",
        "SC4402E",
        "SC4411E",
        "SC4412E",
        "SC4421E",
        "SC4422E",
        "SC4431E",
        "SC4432E",
        "SC4441E",
        "SC4442E",
        "SC4451F",
        "SC4452F",
        "SC4461F",
        "SC4462F",
        "SC4481F",
        "SC4482F",
        "SC4491G",
        "SC4492G",
        "SC4511E",
        "SC4512E",
        "SC4522E",
        "SC4531E",
        "SC4532E",
        "SC4541F",
        "SC4542F",
        "SC4571F",
        "SC4572F",
        "SC4581G",
        "SC4582G",
        "SC4591G",
        "SC4592G",
        "SC4601E",
        "SC4602E",
        "SC4611E",
        "SC4612E",
        "SC4631E",
        "SC4632E",
        "SC4641E",
        "SC4642E",
        "SC4651E",
        "SC4652E",
        "SC4661E",
        "SC4662E",
        "SC4671G",
        "SC4672G",
        "SC4731E",
        "SC4732E",
        "SC4741E",
        "SC4742E",
        "SC4751E",
        "SC4752E",
        "SC4771G",
        "SC4772G",
        "SC4801G",
        "SC4802G",
        "SC4811G",
        "SC4812G",
        "SC4821G",
        "SC4822G"
      ],
      "validation": [
        "SC4061E",
        "SC4062E",
        "SC4111E",
        "SC4112E",
        "SC4381F",
        "SC4382F",
        "SC4501E",
        "SC4502E",
        "SC4551F",
        "SC4552F",
        "SC4711E",
        "SC4712E",
        "SC4721E",
        "SC4722E",
        "SC4761E",
        "SC4762E"
      ],
      "test": "locked_until_best_checkpoint"
    },
    "extractor_sha256": "82034be44a62ec39f83a66242bf82e1d813e5455e90bd2e9868b49c2b69d2c78",
    "sequence_checkpoint_sha256": "c617f97c34a88f1dd9cc5f5241fd4b17819aaa8fc76014ff87783ba16e0222be",
    "metrics_roles": [
      "validation"
    ]
  },
  "metrics": {
    "validation": {
      "n_valid_epochs": 20962,
      "accuracy": 0.8309798683331743,
      "macro_f1": 0.778378244457385,
      "cohen_kappa": 0.7620562590001588,
      "confusion_matrix": [
        [
          7663,
          555,
          43,
          0,
          41
        ],
        [
          307,
          1364,
          257,
          1,
          171
        ],
        [
          113,
          751,
          5722,
          90,
          547
        ],
        [
          1,
          3,
          135,
          526,
          17
        ],
        [
          47,
          358,
          106,
          0,
          2144
        ]
      ],
      "per_class": {
        "W": {
          "precision": 0.9424425039970483,
          "recall": 0.9230305950373404,
          "f1": 0.9326355504168441,
          "support": 8302
        },
        "N1": {
          "precision": 0.45001649620587264,
          "recall": 0.6495238095238095,
          "f1": 0.531670239719353,
          "support": 2100
        },
        "N2": {
          "precision": 0.913619671084145,
          "recall": 0.7921916101342932,
          "f1": 0.8485837164466855,
          "support": 7223
        },
        "N3": {
          "precision": 0.8525121555915721,
          "recall": 0.7712609970674487,
          "f1": 0.8098537336412623,
          "support": 682
        },
        "REM": {
          "precision": 0.7342465753424657,
          "recall": 0.8075329566854991,
          "f1": 0.7691479820627802,
          "support": 2655
        }
      }
    }
  }
}
{
  "schema_version": 1,
  "passed": true,
  "experiment_id": "E4",
  "outer_fold": 6,
  "seed": 123,
  "smoke": false,
  "manifest_sha256": "2e5c7a6bd404715eb86ca605534d964342717cc135ad2391ca824312c45e9d54",
  "sequence_checkpoint_sha256": "c617f97c34a88f1dd9cc5f5241fd4b17819aaa8fc76014ff87783ba16e0222be",
  "roles": {
    "validation": {
      "records": 16,
      "valid_epochs": 20962,
      "prediction_sha256": "b5e2c49f50beccadee2ab8e434e102933476d199675db797bb1841d8a63e15ed",
      "metrics_sha256": "3ce9be8fbe861f8fef52b2f37dcb7e819287976292b7dc39aa3b110336b2437f"
    }
  }
}
{
  "run_manifest": {
    "schema_version": 1,
    "status": "complete",
    "experiment_id": "E6",
    "outer_fold": 6,
    "seed": 123,
    "device": "cuda",
    "smoke": false,
    "allow_test_evaluation": false,
    "resume": false,
    "config_sha256": "1d812bbfb45e9ca90e2654b41311954fd6e66a56e1bbcdbfba48df8147d0ae1b",
    "split_sha256": "6bc7ad74c07ff05f1d880cb5e720eea12386824ef465b966507906fa248925de",
    "git_commit": "88a5d2ccc231e2529b35847ba9b127a6aebe2e8e",
    "git_dirty": false,
    "runner_code_sha256": "12245ec0d2fe51a0843ed873d3080f752db23621c6e2b583bba4922be9be9a39",
    "config_path": "configs/experiments_v2.json",
    "split_path": "data/splits/sleepedf_sc_10fold_seed42_v2.json",
    "data_variant": "filtered_zscore_v2",
    "role_records": {
      "train": [
        "SC4001E",
        "SC4002E",
        "SC4011E",
        "SC4012E",
        "SC4021E",
        "SC4022E",
        "SC4041E",
        "SC4042E",
        "SC4051E",
        "SC4052E",
        "SC4071E",
        "SC4072E",
        "SC4081E",
        "SC4082E",
        "SC4091E",
        "SC4092E",
        "SC4121E",
        "SC4122E",
        "SC4131E",
        "SC4141E",
        "SC4142E",
        "SC4151E",
        "SC4152E",
        "SC4161E",
        "SC4162E",
        "SC4171E",
        "SC4172E",
        "SC4181E",
        "SC4182E",
        "SC4191E",
        "SC4192E",
        "SC4201E",
        "SC4202E",
        "SC4211E",
        "SC4212E",
        "SC4221E",
        "SC4222E",
        "SC4231E",
        "SC4232E",
        "SC4241E",
        "SC4242E",
        "SC4251E",
        "SC4252E",
        "SC4261F",
        "SC4262F",
        "SC4271F",
        "SC4272F",
        "SC4281G",
        "SC4282G",
        "SC4291G",
        "SC4292G",
        "SC4311E",
        "SC4312E",
        "SC4321E",
        "SC4322E",
        "SC4331F",
        "SC4332F",
        "SC4351F",
        "SC4352F",
        "SC4362F",
        "SC4371F",
        "SC4372F",
        "SC4401E",
        "SC4402E",
        "SC4411E",
        "SC4412E",
        "SC4421E",
        "SC4422E",
        "SC4431E",
        "SC4432E",
        "SC4441E",
        "SC4442E",
        "SC4451F",
        "SC4452F",
        "SC4461F",
        "SC4462F",
        "SC4481F",
        "SC4482F",
        "SC4491G",
        "SC4492G",
        "SC4511E",
        "SC4512E",
        "SC4522E",
        "SC4531E",
        "SC4532E",
        "SC4541F",
        "SC4542F",
        "SC4571F",
        "SC4572F",
        "SC4581G",
        "SC4582G",
        "SC4591G",
        "SC4592G",
        "SC4601E",
        "SC4602E",
        "SC4611E",
        "SC4612E",
        "SC4631E",
        "SC4632E",
        "SC4641E",
        "SC4642E",
        "SC4651E",
        "SC4652E",
        "SC4661E",
        "SC4662E",
        "SC4671G",
        "SC4672G",
        "SC4731E",
        "SC4732E",
        "SC4741E",
        "SC4742E",
        "SC4751E",
        "SC4752E",
        "SC4771G",
        "SC4772G",
        "SC4801G",
        "SC4802G",
        "SC4811G",
        "SC4812G",
        "SC4821G",
        "SC4822G"
      ],
      "validation": [
        "SC4061E",
        "SC4062E",
        "SC4111E",
        "SC4112E",
        "SC4381F",
        "SC4382F",
        "SC4501E",
        "SC4502E",
        "SC4551F",
        "SC4552F",
        "SC4711E",
        "SC4712E",
        "SC4721E",
        "SC4722E",
        "SC4761E",
        "SC4762E"
      ],
      "test": "locked_until_best_checkpoint"
    },
    "extractor_sha256": "412ab88a72d40282da52999ceda0669e9e0acb209cb2ade7462e27d322559d88",
    "sequence_checkpoint_sha256": "dc111faeee45b877e8c71114a720e8cb00d48218361388d55edd20be35c10819",
    "metrics_roles": [
      "validation"
    ]
  },
  "metrics": {
    "validation": {
      "n_valid_epochs": 20962,
      "accuracy": 0.8190535254269631,
      "macro_f1": 0.7386768403539804,
      "cohen_kappa": 0.7408053181156926,
      "confusion_matrix": [
        [
          7869,
          364,
          58,
          0,
          11
        ],
        [
          413,
          1054,
          515,
          1,
          117
        ],
        [
          140,
          557,
          5884,
          144,
          498
        ],
        [
          1,
          9,
          188,
          473,
          11
        ],
        [
          143,
          440,
          183,
          0,
          1889
        ]
      ],
      "per_class": {
        "W": {
          "precision": 0.9186318001400887,
          "recall": 0.9478438930378222,
          "f1": 0.9330092482807684,
          "support": 8302
        },
        "N1": {
          "precision": 0.43481848184818483,
          "recall": 0.5019047619047619,
          "f1": 0.46595932802829354,
          "support": 2100
        },
        "N2": {
          "precision": 0.8617457527826596,
          "recall": 0.8146199640038765,
          "f1": 0.8375204611771405,
          "support": 7223
        },
        "N3": {
          "precision": 0.7653721682847896,
          "recall": 0.6935483870967742,
          "f1": 0.7276923076923077,
          "support": 682
        },
        "REM": {
          "precision": 0.7478226444972288,
          "recall": 0.7114877589453861,
          "f1": 0.7292028565913917,
          "support": 2655
        }
      }
    }
  }
}
{
  "schema_version": 1,
  "passed": true,
  "experiment_id": "E6",
  "outer_fold": 6,
  "seed": 123,
  "smoke": false,
  "manifest_sha256": "23673a02da89e2f8183be4bc6de77d89192de1b45bca1ad3ee5dcd5b1d030428",
  "sequence_checkpoint_sha256": "dc111faeee45b877e8c71114a720e8cb00d48218361388d55edd20be35c10819",
  "roles": {
    "validation": {
      "records": 16,
      "valid_epochs": 20962,
      "prediction_sha256": "8080891d99c9ae027724cd0ceb30a526fe2bbbf903c770fcfee77fe337945a65",
      "metrics_sha256": "361032e8b5cd8284684c1da00d14653789a63a9f3d2f4ddf613c795446e5622b"
    }
  }
}
========== DONE fold_06 seed 123 2026-08-21T14:32:27+00:00 ==========
========== START fold_07 seed 123 2026-08-21T14:32:27+00:00 ==========
{
  "run_manifest": {
    "schema_version": 1,
    "status": "complete",
    "experiment_id": "E0",
    "outer_fold": 7,
    "seed": 123,
    "device": "cuda",
    "smoke": false,
    "allow_test_evaluation": false,
    "resume": false,
    "config_sha256": "1d812bbfb45e9ca90e2654b41311954fd6e66a56e1bbcdbfba48df8147d0ae1b",
    "split_sha256": "6bc7ad74c07ff05f1d880cb5e720eea12386824ef465b966507906fa248925de",
    "git_commit": "88a5d2ccc231e2529b35847ba9b127a6aebe2e8e",
    "git_dirty": false,
    "runner_code_sha256": "12245ec0d2fe51a0843ed873d3080f752db23621c6e2b583bba4922be9be9a39",
    "config_path": "configs/experiments_v2.json",
    "split_path": "data/splits/sleepedf_sc_10fold_seed42_v2.json",
    "data_variant": "paper_raw_v1",
    "role_records": {
      "train": [
        "SC4001E",
        "SC4002E",
        "SC4011E",
        "SC4012E",
        "SC4021E",
        "SC4022E",
        "SC4031E",
        "SC4032E",
        "SC4041E",
        "SC4042E",
        "SC4051E",
        "SC4052E",
        "SC4071E",
        "SC4072E",
        "SC4081E",
        "SC4082E",
        "SC4091E",
        "SC4092E",
        "SC4101E",
        "SC4102E",
        "SC4131E",
        "SC4141E",
        "SC4142E",
        "SC4151E",
        "SC4152E",
        "SC4161E",
        "SC4162E",
        "SC4171E",
        "SC4172E",
        "SC4181E",
        "SC4182E",
        "SC4201E",
        "SC4202E",
        "SC4211E",
        "SC4212E",
        "SC4231E",
        "SC4232E",
        "SC4241E",
        "SC4242E",
        "SC4251E",
        "SC4252E",
        "SC4261F",
        "SC4262F",
        "SC4271F",
        "SC4272F",
        "SC4281G",
        "SC4282G",
        "SC4291G",
        "SC4292G",
        "SC4301E",
        "SC4302E",
        "SC4311E",
        "SC4312E",
        "SC4321E",
        "SC4322E",
        "SC4331F",
        "SC4332F",
        "SC4341F",
        "SC4342F",
        "SC4362F",
        "SC4371F",
        "SC4372F",
        "SC4401E",
        "SC4402E",
        "SC4411E",
        "SC4412E",
        "SC4431E",
        "SC4432E",
        "SC4441E",
        "SC4442E",
        "SC4451F",
        "SC4452F",
        "SC4461F",
        "SC4462F",
        "SC4471F",
        "SC4472F",
        "SC4491G",
        "SC4492G",
        "SC4511E",
        "SC4512E",
        "SC4522E",
        "SC4531E",
        "SC4532E",
        "SC4541F",
        "SC4542F",
        "SC4561F",
        "SC4562F",
        "SC4571F",
        "SC4572F",
        "SC4581G",
        "SC4582G",
        "SC4591G",
        "SC4592G",
        "SC4601E",
        "SC4602E",
        "SC4611E",
        "SC4612E",
        "SC4621E",
        "SC4622E",
        "SC4631E",
        "SC4632E",
        "SC4641E",
        "SC4642E",
        "SC4661E",
        "SC4662E",
        "SC4671G",
        "SC4672G",
        "SC4701E",
        "SC4702E",
        "SC4731E",
        "SC4732E",
        "SC4741E",
        "SC4742E",
        "SC4751E",
        "SC4752E",
        "SC4771G",
        "SC4772G",
        "SC4801G",
        "SC4802G",
        "SC4811G",
        "SC4812G",
        "SC4821G",
        "SC4822G"
      ],
      "validation": [
        "SC4121E",
        "SC4122E",
        "SC4191E",
        "SC4192E",
        "SC4221E",
        "SC4222E",
        "SC4351F",
        "SC4352F",
        "SC4421E",
        "SC4422E",
        "SC4481F",
        "SC4482F",
        "SC4651E",
        "SC4652E"
      ],
      "test": "locked_until_best_checkpoint"
    },
    "extractor_sha256": "2a340b8870d49998f4668dcedadcb7134b4d86c50c0cc731edb86b268c7188f2",
    "sequence_checkpoint_sha256": "8d3f72b9948e06c767c9561de9eee5b984cbefa7afff98c5b9b4efdd1186ea54",
    "metrics_roles": [
      "validation"
    ]
  },
  "metrics": {
    "validation": {
      "n_valid_epochs": 19163,
      "accuracy": 0.8508584250900172,
      "macro_f1": 0.7969174451880653,
      "cohen_kappa": 0.7956478335041808,
      "confusion_matrix": [
        [
          5981,
          453,
          38,
          4,
          12
        ],
        [
          333,
          883,
          424,
          5,
          111
        ],
        [
          32,
          314,
          5879,
          418,
          105
        ],
        [
          10,
          8,
          169,
          1399,
          0
        ],
        [
          23,
          157,
          242,
          0,
          2163
        ]
      ],
      "per_class": {
        "W": {
          "precision": 0.9376077755134034,
          "recall": 0.9218557336621455,
          "f1": 0.9296650345845963,
          "support": 6488
        },
        "N1": {
          "precision": 0.48650137741046834,
          "recall": 0.5028473804100227,
          "f1": 0.49453934472136657,
          "support": 1756
        },
        "N2": {
          "precision": 0.8707049763033176,
          "recall": 0.8712211025489034,
          "f1": 0.8709629629629629,
          "support": 6748
        },
        "N3": {
          "precision": 0.7661555312157722,
          "recall": 0.882093316519546,
          "f1": 0.8200468933177023,
          "support": 1586
        },
        "REM": {
          "precision": 0.904642409033877,
          "recall": 0.8367504835589942,
          "f1": 0.8693729903536977,
          "support": 2585
        }
      }
    }
  }
}
{
  "schema_version": 1,
  "passed": true,
  "experiment_id": "E0",
  "outer_fold": 7,
  "seed": 123,
  "smoke": false,
  "manifest_sha256": "20bdf7ca4cff17e92db02b6da2e381d6e224322e090611681ea361e523258fd7",
  "sequence_checkpoint_sha256": "8d3f72b9948e06c767c9561de9eee5b984cbefa7afff98c5b9b4efdd1186ea54",
  "roles": {
    "validation": {
      "records": 14,
      "valid_epochs": 19163,
      "prediction_sha256": "70b81540cef284f99ccc2eec6503eddaf0f530e5122a9e558b4deaccfda8e324",
      "metrics_sha256": "105e7449e8919c6c6b80b6a21d6aab5e6f8dd8a49429d2530d16466004d8c7a0"
    }
  }
}
{
  "run_manifest": {
    "schema_version": 1,
    "status": "complete",
    "experiment_id": "E1",
    "outer_fold": 7,
    "seed": 123,
    "device": "cuda",
    "smoke": false,
    "allow_test_evaluation": false,
    "resume": false,
    "config_sha256": "1d812bbfb45e9ca90e2654b41311954fd6e66a56e1bbcdbfba48df8147d0ae1b",
    "split_sha256": "6bc7ad74c07ff05f1d880cb5e720eea12386824ef465b966507906fa248925de",
    "git_commit": "88a5d2ccc231e2529b35847ba9b127a6aebe2e8e",
    "git_dirty": false,
    "runner_code_sha256": "12245ec0d2fe51a0843ed873d3080f752db23621c6e2b583bba4922be9be9a39",
    "config_path": "configs/experiments_v2.json",
    "split_path": "data/splits/sleepedf_sc_10fold_seed42_v2.json",
    "data_variant": "paper_raw_v1",
    "role_records": {
      "train": [
        "SC4001E",
        "SC4002E",
        "SC4011E",
        "SC4012E",
        "SC4021E",
        "SC4022E",
        "SC4031E",
        "SC4032E",
        "SC4041E",
        "SC4042E",
        "SC4051E",
        "SC4052E",
        "SC4071E",
        "SC4072E",
        "SC4081E",
        "SC4082E",
        "SC4091E",
        "SC4092E",
        "SC4101E",
        "SC4102E",
        "SC4131E",
        "SC4141E",
        "SC4142E",
        "SC4151E",
        "SC4152E",
        "SC4161E",
        "SC4162E",
        "SC4171E",
        "SC4172E",
        "SC4181E",
        "SC4182E",
        "SC4201E",
        "SC4202E",
        "SC4211E",
        "SC4212E",
        "SC4231E",
        "SC4232E",
        "SC4241E",
        "SC4242E",
        "SC4251E",
        "SC4252E",
        "SC4261F",
        "SC4262F",
        "SC4271F",
        "SC4272F",
        "SC4281G",
        "SC4282G",
        "SC4291G",
        "SC4292G",
        "SC4301E",
        "SC4302E",
        "SC4311E",
        "SC4312E",
        "SC4321E",
        "SC4322E",
        "SC4331F",
        "SC4332F",
        "SC4341F",
        "SC4342F",
        "SC4362F",
        "SC4371F",
        "SC4372F",
        "SC4401E",
        "SC4402E",
        "SC4411E",
        "SC4412E",
        "SC4431E",
        "SC4432E",
        "SC4441E",
        "SC4442E",
        "SC4451F",
        "SC4452F",
        "SC4461F",
        "SC4462F",
        "SC4471F",
        "SC4472F",
        "SC4491G",
        "SC4492G",
        "SC4511E",
        "SC4512E",
        "SC4522E",
        "SC4531E",
        "SC4532E",
        "SC4541F",
        "SC4542F",
        "SC4561F",
        "SC4562F",
        "SC4571F",
        "SC4572F",
        "SC4581G",
        "SC4582G",
        "SC4591G",
        "SC4592G",
        "SC4601E",
        "SC4602E",
        "SC4611E",
        "SC4612E",
        "SC4621E",
        "SC4622E",
        "SC4631E",
        "SC4632E",
        "SC4641E",
        "SC4642E",
        "SC4661E",
        "SC4662E",
        "SC4671G",
        "SC4672G",
        "SC4701E",
        "SC4702E",
        "SC4731E",
        "SC4732E",
        "SC4741E",
        "SC4742E",
        "SC4751E",
        "SC4752E",
        "SC4771G",
        "SC4772G",
        "SC4801G",
        "SC4802G",
        "SC4811G",
        "SC4812G",
        "SC4821G",
        "SC4822G"
      ],
      "validation": [
        "SC4121E",
        "SC4122E",
        "SC4191E",
        "SC4192E",
        "SC4221E",
        "SC4222E",
        "SC4351F",
        "SC4352F",
        "SC4421E",
        "SC4422E",
        "SC4481F",
        "SC4482F",
        "SC4651E",
        "SC4652E"
      ],
      "test": "locked_until_best_checkpoint"
    },
    "extractor_sha256": "2a340b8870d49998f4668dcedadcb7134b4d86c50c0cc731edb86b268c7188f2",
    "sequence_checkpoint_sha256": "9a73b9601ffdb453f9324e95a3e44bac97bb1370012e1ab6eeeba7f62605f120",
    "metrics_roles": [
      "validation"
    ]
  },
  "metrics": {
    "validation": {
      "n_valid_epochs": 19163,
      "accuracy": 0.855137504566091,
      "macro_f1": 0.795706072639941,
      "cohen_kappa": 0.7999582073073015,
      "confusion_matrix": [
        [
          6055,
          353,
          58,
          2,
          20
        ],
        [
          331,
          823,
          449,
          2,
          151
        ],
        [
          30,
          316,
          6018,
          273,
          111
        ],
        [
          9,
          17,
          313,
          1247,
          0
        ],
        [
          11,
          86,
          244,
          0,
          2244
        ]
      ],
      "per_class": {
        "W": {
          "precision": 0.9408017402113114,
          "recall": 0.9332614056720099,
          "f1": 0.9370164035902198,
          "support": 6488
        },
        "N1": {
          "precision": 0.515987460815047,
          "recall": 0.46867881548974943,
          "f1": 0.4911966577141152,
          "support": 1756
        },
        "N2": {
          "precision": 0.849759954815024,
          "recall": 0.8918197984588027,
          "f1": 0.8702819956616051,
          "support": 6748
        },
        "N3": {
          "precision": 0.818241469816273,
          "recall": 0.7862547288776797,
          "f1": 0.8019292604501608,
          "support": 1586
        },
        "REM": {
          "precision": 0.8883610451306413,
          "recall": 0.8680851063829788,
          "f1": 0.878106045783604,
          "support": 2585
        }
      }
    }
  }
}
{
  "schema_version": 1,
  "passed": true,
  "experiment_id": "E1",
  "outer_fold": 7,
  "seed": 123,
  "smoke": false,
  "manifest_sha256": "0830912e0a70a050787d6dce5555b11afaa261bf5ebd03cc191fd470777a5198",
  "sequence_checkpoint_sha256": "9a73b9601ffdb453f9324e95a3e44bac97bb1370012e1ab6eeeba7f62605f120",
  "roles": {
    "validation": {
      "records": 14,
      "valid_epochs": 19163,
      "prediction_sha256": "9faed783f3bb71184eec8c5d7947bd580eb741a429070ace02026f80662ddb3e",
      "metrics_sha256": "3800e14ae554beb218266e4472fddb5ab298c964a435bfb6e691c2f812fc3719"
    }
  }
}
{
  "run_manifest": {
    "schema_version": 1,
    "status": "complete",
    "experiment_id": "E2",
    "outer_fold": 7,
    "seed": 123,
    "device": "cuda",
    "smoke": false,
    "allow_test_evaluation": false,
    "resume": false,
    "config_sha256": "1d812bbfb45e9ca90e2654b41311954fd6e66a56e1bbcdbfba48df8147d0ae1b",
    "split_sha256": "6bc7ad74c07ff05f1d880cb5e720eea12386824ef465b966507906fa248925de",
    "git_commit": "88a5d2ccc231e2529b35847ba9b127a6aebe2e8e",
    "git_dirty": false,
    "runner_code_sha256": "12245ec0d2fe51a0843ed873d3080f752db23621c6e2b583bba4922be9be9a39",
    "config_path": "configs/experiments_v2.json",
    "split_path": "data/splits/sleepedf_sc_10fold_seed42_v2.json",
    "data_variant": "paper_raw_v1",
    "role_records": {
      "train": [
        "SC4001E",
        "SC4002E",
        "SC4011E",
        "SC4012E",
        "SC4021E",
        "SC4022E",
        "SC4031E",
        "SC4032E",
        "SC4041E",
        "SC4042E",
        "SC4051E",
        "SC4052E",
        "SC4071E",
        "SC4072E",
        "SC4081E",
        "SC4082E",
        "SC4091E",
        "SC4092E",
        "SC4101E",
        "SC4102E",
        "SC4131E",
        "SC4141E",
        "SC4142E",
        "SC4151E",
        "SC4152E",
        "SC4161E",
        "SC4162E",
        "SC4171E",
        "SC4172E",
        "SC4181E",
        "SC4182E",
        "SC4201E",
        "SC4202E",
        "SC4211E",
        "SC4212E",
        "SC4231E",
        "SC4232E",
        "SC4241E",
        "SC4242E",
        "SC4251E",
        "SC4252E",
        "SC4261F",
        "SC4262F",
        "SC4271F",
        "SC4272F",
        "SC4281G",
        "SC4282G",
        "SC4291G",
        "SC4292G",
        "SC4301E",
        "SC4302E",
        "SC4311E",
        "SC4312E",
        "SC4321E",
        "SC4322E",
        "SC4331F",
        "SC4332F",
        "SC4341F",
        "SC4342F",
        "SC4362F",
        "SC4371F",
        "SC4372F",
        "SC4401E",
        "SC4402E",
        "SC4411E",
        "SC4412E",
        "SC4431E",
        "SC4432E",
        "SC4441E",
        "SC4442E",
        "SC4451F",
        "SC4452F",
        "SC4461F",
        "SC4462F",
        "SC4471F",
        "SC4472F",
        "SC4491G",
        "SC4492G",
        "SC4511E",
        "SC4512E",
        "SC4522E",
        "SC4531E",
        "SC4532E",
        "SC4541F",
        "SC4542F",
        "SC4561F",
        "SC4562F",
        "SC4571F",
        "SC4572F",
        "SC4581G",
        "SC4582G",
        "SC4591G",
        "SC4592G",
        "SC4601E",
        "SC4602E",
        "SC4611E",
        "SC4612E",
        "SC4621E",
        "SC4622E",
        "SC4631E",
        "SC4632E",
        "SC4641E",
        "SC4642E",
        "SC4661E",
        "SC4662E",
        "SC4671G",
        "SC4672G",
        "SC4701E",
        "SC4702E",
        "SC4731E",
        "SC4732E",
        "SC4741E",
        "SC4742E",
        "SC4751E",
        "SC4752E",
        "SC4771G",
        "SC4772G",
        "SC4801G",
        "SC4802G",
        "SC4811G",
        "SC4812G",
        "SC4821G",
        "SC4822G"
      ],
      "validation": [
        "SC4121E",
        "SC4122E",
        "SC4191E",
        "SC4192E",
        "SC4221E",
        "SC4222E",
        "SC4351F",
        "SC4352F",
        "SC4421E",
        "SC4422E",
        "SC4481F",
        "SC4482F",
        "SC4651E",
        "SC4652E"
      ],
      "test": "locked_until_best_checkpoint"
    },
    "extractor_sha256": "6866e72972858614b2e924a928c0a0765e64d64250ed56f414c2efaf84ae0d21",
    "sequence_checkpoint_sha256": "3e6e8de2902379c9ee7a0897d9cd53129e01585eb80b6d6c58461c1875c17d65",
    "metrics_roles": [
      "validation"
    ]
  },
  "metrics": {
    "validation": {
      "n_valid_epochs": 19163,
      "accuracy": 0.8431352084746647,
      "macro_f1": 0.7876719630410838,
      "cohen_kappa": 0.7843179903778768,
      "confusion_matrix": [
        [
          6061,
          308,
          57,
          1,
          61
        ],
        [
          302,
          949,
          374,
          6,
          125
        ],
        [
          16,
          450,
          5816,
          362,
          104
        ],
        [
          1,
          14,
          311,
          1260,
          0
        ],
        [
          10,
          134,
          368,
          2,
          2071
        ]
      ],
      "per_class": {
        "W": {
          "precision": 0.9485133020344287,
          "recall": 0.9341861898890259,
          "f1": 0.9412952321789099,
          "support": 6488
        },
        "N1": {
          "precision": 0.5115902964959569,
          "recall": 0.5404328018223234,
          "f1": 0.5256161728053171,
          "support": 1756
        },
        "N2": {
          "precision": 0.8397343343921455,
          "recall": 0.8618850029638412,
          "f1": 0.85066549656282,
          "support": 6748
        },
        "N3": {
          "precision": 0.7725321888412017,
          "recall": 0.7944514501891551,
          "f1": 0.7833385141436121,
          "support": 1586
        },
        "REM": {
          "precision": 0.8771706903854299,
          "recall": 0.8011605415860735,
          "f1": 0.8374443995147595,
          "support": 2585
        }
      }
    }
  }
}
{
  "schema_version": 1,
  "passed": true,
  "experiment_id": "E2",
  "outer_fold": 7,
  "seed": 123,
  "smoke": false,
  "manifest_sha256": "0df74efedf704596f92fafc48249f9b64105e1e7504d3c6b6f7ad73dce0eb94a",
  "sequence_checkpoint_sha256": "3e6e8de2902379c9ee7a0897d9cd53129e01585eb80b6d6c58461c1875c17d65",
  "roles": {
    "validation": {
      "records": 14,
      "valid_epochs": 19163,
      "prediction_sha256": "692f932d872aefcd83fab33dda1bc8b8d442d551570ca41c13f2819a30c44554",
      "metrics_sha256": "ba2163dd8f580dcc8b9c804fe8393e64b74d01534d7500f12a84e99bb5a484e2"
    }
  }
}
{
  "run_manifest": {
    "schema_version": 1,
    "status": "complete",
    "experiment_id": "E3",
    "outer_fold": 7,
    "seed": 123,
    "device": "cuda",
    "smoke": false,
    "allow_test_evaluation": false,
    "resume": false,
    "config_sha256": "1d812bbfb45e9ca90e2654b41311954fd6e66a56e1bbcdbfba48df8147d0ae1b",
    "split_sha256": "6bc7ad74c07ff05f1d880cb5e720eea12386824ef465b966507906fa248925de",
    "git_commit": "88a5d2ccc231e2529b35847ba9b127a6aebe2e8e",
    "git_dirty": false,
    "runner_code_sha256": "12245ec0d2fe51a0843ed873d3080f752db23621c6e2b583bba4922be9be9a39",
    "config_path": "configs/experiments_v2.json",
    "split_path": "data/splits/sleepedf_sc_10fold_seed42_v2.json",
    "data_variant": "filtered_v2",
    "role_records": {
      "train": [
        "SC4001E",
        "SC4002E",
        "SC4011E",
        "SC4012E",
        "SC4021E",
        "SC4022E",
        "SC4031E",
        "SC4032E",
        "SC4041E",
        "SC4042E",
        "SC4051E",
        "SC4052E",
        "SC4071E",
        "SC4072E",
        "SC4081E",
        "SC4082E",
        "SC4091E",
        "SC4092E",
        "SC4101E",
        "SC4102E",
        "SC4131E",
        "SC4141E",
        "SC4142E",
        "SC4151E",
        "SC4152E",
        "SC4161E",
        "SC4162E",
        "SC4171E",
        "SC4172E",
        "SC4181E",
        "SC4182E",
        "SC4201E",
        "SC4202E",
        "SC4211E",
        "SC4212E",
        "SC4231E",
        "SC4232E",
        "SC4241E",
        "SC4242E",
        "SC4251E",
        "SC4252E",
        "SC4261F",
        "SC4262F",
        "SC4271F",
        "SC4272F",
        "SC4281G",
        "SC4282G",
        "SC4291G",
        "SC4292G",
        "SC4301E",
        "SC4302E",
        "SC4311E",
        "SC4312E",
        "SC4321E",
        "SC4322E",
        "SC4331F",
        "SC4332F",
        "SC4341F",
        "SC4342F",
        "SC4362F",
        "SC4371F",
        "SC4372F",
        "SC4401E",
        "SC4402E",
        "SC4411E",
        "SC4412E",
        "SC4431E",
        "SC4432E",
        "SC4441E",
        "SC4442E",
        "SC4451F",
        "SC4452F",
        "SC4461F",
        "SC4462F",
        "SC4471F",
        "SC4472F",
        "SC4491G",
        "SC4492G",
        "SC4511E",
        "SC4512E",
        "SC4522E",
        "SC4531E",
        "SC4532E",
        "SC4541F",
        "SC4542F",
        "SC4561F",
        "SC4562F",
        "SC4571F",
        "SC4572F",
        "SC4581G",
        "SC4582G",
        "SC4591G",
        "SC4592G",
        "SC4601E",
        "SC4602E",
        "SC4611E",
        "SC4612E",
        "SC4621E",
        "SC4622E",
        "SC4631E",
        "SC4632E",
        "SC4641E",
        "SC4642E",
        "SC4661E",
        "SC4662E",
        "SC4671G",
        "SC4672G",
        "SC4701E",
        "SC4702E",
        "SC4731E",
        "SC4732E",
        "SC4741E",
        "SC4742E",
        "SC4751E",
        "SC4752E",
        "SC4771G",
        "SC4772G",
        "SC4801G",
        "SC4802G",
        "SC4811G",
        "SC4812G",
        "SC4821G",
        "SC4822G"
      ],
      "validation": [
        "SC4121E",
        "SC4122E",
        "SC4191E",
        "SC4192E",
        "SC4221E",
        "SC4222E",
        "SC4351F",
        "SC4352F",
        "SC4421E",
        "SC4422E",
        "SC4481F",
        "SC4482F",
        "SC4651E",
        "SC4652E"
      ],
      "test": "locked_until_best_checkpoint"
    },
    "extractor_sha256": "1d5de1b45d66e6a8bdab41c1060c8ef1eee0a363530ae8fea74e5cdc65f7959d",
    "sequence_checkpoint_sha256": "1b257a012700fe671aa9bba701b44ea71748c8263d6678bb4a871352823ebde9",
    "metrics_roles": [
      "validation"
    ]
  },
  "metrics": {
    "validation": {
      "n_valid_epochs": 19163,
      "accuracy": 0.8620257788446486,
      "macro_f1": 0.8109109026244612,
      "cohen_kappa": 0.8115375498425468,
      "confusion_matrix": [
        [
          6143,
          286,
          43,
          2,
          14
        ],
        [
          288,
          941,
          364,
          5,
          158
        ],
        [
          33,
          432,
          5708,
          410,
          165
        ],
        [
          9,
          19,
          178,
          1380,
          0
        ],
        [
          6,
          84,
          147,
          1,
          2347
        ]
      ],
      "per_class": {
        "W": {
          "precision": 0.9481401450841179,
          "recall": 0.9468249075215783,
          "f1": 0.9474820698696691,
          "support": 6488
        },
        "N1": {
          "precision": 0.5340522133938707,
          "recall": 0.535876993166287,
          "f1": 0.5349630471859012,
          "support": 1756
        },
        "N2": {
          "precision": 0.886335403726708,
          "recall": 0.8458802608180201,
          "f1": 0.8656354261449803,
          "support": 6748
        },
        "N3": {
          "precision": 0.7675194660734149,
          "recall": 0.8701134930643127,
          "f1": 0.8156028368794326,
          "support": 1586
        },
        "REM": {
          "precision": 0.874441132637854,
          "recall": 0.9079303675048356,
          "f1": 0.890871133042323,
          "support": 2585
        }
      }
    }
  }
}
{
  "schema_version": 1,
  "passed": true,
  "experiment_id": "E3",
  "outer_fold": 7,
  "seed": 123,
  "smoke": false,
  "manifest_sha256": "f65c52820690a5ac2cd5286d3a7e626d6843e212434400041d4ab36767ce7661",
  "sequence_checkpoint_sha256": "1b257a012700fe671aa9bba701b44ea71748c8263d6678bb4a871352823ebde9",
  "roles": {
    "validation": {
      "records": 14,
      "valid_epochs": 19163,
      "prediction_sha256": "ea24282c7866edc428a28f0d446de058082f6aaf3f2557c181a1a7a205c6351a",
      "metrics_sha256": "47f25902848a0270d74b3b7072473649181cfd7f9021fea5f46fae48ac367ee0"
    }
  }
}
{
  "run_manifest": {
    "schema_version": 1,
    "status": "complete",
    "experiment_id": "E4",
    "outer_fold": 7,
    "seed": 123,
    "device": "cuda",
    "smoke": false,
    "allow_test_evaluation": false,
    "resume": false,
    "config_sha256": "1d812bbfb45e9ca90e2654b41311954fd6e66a56e1bbcdbfba48df8147d0ae1b",
    "split_sha256": "6bc7ad74c07ff05f1d880cb5e720eea12386824ef465b966507906fa248925de",
    "git_commit": "88a5d2ccc231e2529b35847ba9b127a6aebe2e8e",
    "git_dirty": false,
    "runner_code_sha256": "12245ec0d2fe51a0843ed873d3080f752db23621c6e2b583bba4922be9be9a39",
    "config_path": "configs/experiments_v2.json",
    "split_path": "data/splits/sleepedf_sc_10fold_seed42_v2.json",
    "data_variant": "bandpass_v2",
    "role_records": {
      "train": [
        "SC4001E",
        "SC4002E",
        "SC4011E",
        "SC4012E",
        "SC4021E",
        "SC4022E",
        "SC4031E",
        "SC4032E",
        "SC4041E",
        "SC4042E",
        "SC4051E",
        "SC4052E",
        "SC4071E",
        "SC4072E",
        "SC4081E",
        "SC4082E",
        "SC4091E",
        "SC4092E",
        "SC4101E",
        "SC4102E",
        "SC4131E",
        "SC4141E",
        "SC4142E",
        "SC4151E",
        "SC4152E",
        "SC4161E",
        "SC4162E",
        "SC4171E",
        "SC4172E",
        "SC4181E",
        "SC4182E",
        "SC4201E",
        "SC4202E",
        "SC4211E",
        "SC4212E",
        "SC4231E",
        "SC4232E",
        "SC4241E",
        "SC4242E",
        "SC4251E",
        "SC4252E",
        "SC4261F",
        "SC4262F",
        "SC4271F",
        "SC4272F",
        "SC4281G",
        "SC4282G",
        "SC4291G",
        "SC4292G",
        "SC4301E",
        "SC4302E",
        "SC4311E",
        "SC4312E",
        "SC4321E",
        "SC4322E",
        "SC4331F",
        "SC4332F",
        "SC4341F",
        "SC4342F",
        "SC4362F",
        "SC4371F",
        "SC4372F",
        "SC4401E",
        "SC4402E",
        "SC4411E",
        "SC4412E",
        "SC4431E",
        "SC4432E",
        "SC4441E",
        "SC4442E",
        "SC4451F",
        "SC4452F",
        "SC4461F",
        "SC4462F",
        "SC4471F",
        "SC4472F",
        "SC4491G",
        "SC4492G",
        "SC4511E",
        "SC4512E",
        "SC4522E",
        "SC4531E",
        "SC4532E",
        "SC4541F",
        "SC4542F",
        "SC4561F",
        "SC4562F",
        "SC4571F",
        "SC4572F",
        "SC4581G",
        "SC4582G",
        "SC4591G",
        "SC4592G",
        "SC4601E",
        "SC4602E",
        "SC4611E",
        "SC4612E",
        "SC4621E",
        "SC4622E",
        "SC4631E",
        "SC4632E",
        "SC4641E",
        "SC4642E",
        "SC4661E",
        "SC4662E",
        "SC4671G",
        "SC4672G",
        "SC4701E",
        "SC4702E",
        "SC4731E",
        "SC4732E",
        "SC4741E",
        "SC4742E",
        "SC4751E",
        "SC4752E",
        "SC4771G",
        "SC4772G",
        "SC4801G",
        "SC4802G",
        "SC4811G",
        "SC4812G",
        "SC4821G",
        "SC4822G"
      ],
      "validation": [
        "SC4121E",
        "SC4122E",
        "SC4191E",
        "SC4192E",
        "SC4221E",
        "SC4222E",
        "SC4351F",
        "SC4352F",
        "SC4421E",
        "SC4422E",
        "SC4481F",
        "SC4482F",
        "SC4651E",
        "SC4652E"
      ],
      "test": "locked_until_best_checkpoint"
    },
    "extractor_sha256": "659f4fe2b5b279922aa4a1bd54f9f055a70c006c1c637a35461bcda05b249c69",
    "sequence_checkpoint_sha256": "895bca0d8e4ad8285bc1b9160aaee01c9b7b7e655812186dfe114dbeac475419",
    "metrics_roles": [
      "validation"
    ]
  },
  "metrics": {
    "validation": {
      "n_valid_epochs": 19163,
      "accuracy": 0.8595209518342639,
      "macro_f1": 0.8084850093402913,
      "cohen_kappa": 0.8082551924403354,
      "confusion_matrix": [
        [
          6134,
          298,
          42,
          2,
          12
        ],
        [
          296,
          943,
          352,
          5,
          160
        ],
        [
          31,
          458,
          5676,
          416,
          167
        ],
        [
          6,
          19,
          181,
          1380,
          0
        ],
        [
          6,
          83,
          157,
          1,
          2338
        ]
      ],
      "per_class": {
        "W": {
          "precision": 0.9476286111540244,
          "recall": 0.9454377311960542,
          "f1": 0.9465319034025153,
          "support": 6488
        },
        "N1": {
          "precision": 0.5235980011104941,
          "recall": 0.5370159453302962,
          "f1": 0.530222097272983,
          "support": 1756
        },
        "N2": {
          "precision": 0.8857677902621723,
          "recall": 0.8411381149970362,
          "f1": 0.8628762541806021,
          "support": 6748
        },
        "N3": {
          "precision": 0.7649667405764967,
          "recall": 0.8701134930643127,
          "f1": 0.8141592920353983,
          "support": 1586
        },
        "REM": {
          "precision": 0.8733657078819574,
          "recall": 0.9044487427466151,
          "f1": 0.8886354998099583,
          "support": 2585
        }
      }
    }
  }
}
{
  "schema_version": 1,
  "passed": true,
  "experiment_id": "E4",
  "outer_fold": 7,
  "seed": 123,
  "smoke": false,
  "manifest_sha256": "788cadb73e9cd3a724eed2db0108a17a92defe816d7bb06db76c18da56cc06c8",
  "sequence_checkpoint_sha256": "895bca0d8e4ad8285bc1b9160aaee01c9b7b7e655812186dfe114dbeac475419",
  "roles": {
    "validation": {
      "records": 14,
      "valid_epochs": 19163,
      "prediction_sha256": "af7a9562f82b15197777ed798ecff7348f5bb088f2d2a7236fec9fb78148f6d0",
      "metrics_sha256": "b659f8a45e35203cc65b96a4b689a036ef753c4d5d8f19685e240378dc05246c"
    }
  }
}
{
  "run_manifest": {
    "schema_version": 1,
    "status": "complete",
    "experiment_id": "E6",
    "outer_fold": 7,
    "seed": 123,
    "device": "cuda",
    "smoke": false,
    "allow_test_evaluation": false,
    "resume": false,
    "config_sha256": "1d812bbfb45e9ca90e2654b41311954fd6e66a56e1bbcdbfba48df8147d0ae1b",
    "split_sha256": "6bc7ad74c07ff05f1d880cb5e720eea12386824ef465b966507906fa248925de",
    "git_commit": "88a5d2ccc231e2529b35847ba9b127a6aebe2e8e",
    "git_dirty": false,
    "runner_code_sha256": "12245ec0d2fe51a0843ed873d3080f752db23621c6e2b583bba4922be9be9a39",
    "config_path": "configs/experiments_v2.json",
    "split_path": "data/splits/sleepedf_sc_10fold_seed42_v2.json",
    "data_variant": "filtered_zscore_v2",
    "role_records": {
      "train": [
        "SC4001E",
        "SC4002E",
        "SC4011E",
        "SC4012E",
        "SC4021E",
        "SC4022E",
        "SC4031E",
        "SC4032E",
        "SC4041E",
        "SC4042E",
        "SC4051E",
        "SC4052E",
        "SC4071E",
        "SC4072E",
        "SC4081E",
        "SC4082E",
        "SC4091E",
        "SC4092E",
        "SC4101E",
        "SC4102E",
        "SC4131E",
        "SC4141E",
        "SC4142E",
        "SC4151E",
        "SC4152E",
        "SC4161E",
        "SC4162E",
        "SC4171E",
        "SC4172E",
        "SC4181E",
        "SC4182E",
        "SC4201E",
        "SC4202E",
        "SC4211E",
        "SC4212E",
        "SC4231E",
        "SC4232E",
        "SC4241E",
        "SC4242E",
        "SC4251E",
        "SC4252E",
        "SC4261F",
        "SC4262F",
        "SC4271F",
        "SC4272F",
        "SC4281G",
        "SC4282G",
        "SC4291G",
        "SC4292G",
        "SC4301E",
        "SC4302E",
        "SC4311E",
        "SC4312E",
        "SC4321E",
        "SC4322E",
        "SC4331F",
        "SC4332F",
        "SC4341F",
        "SC4342F",
        "SC4362F",
        "SC4371F",
        "SC4372F",
        "SC4401E",
        "SC4402E",
        "SC4411E",
        "SC4412E",
        "SC4431E",
        "SC4432E",
        "SC4441E",
        "SC4442E",
        "SC4451F",
        "SC4452F",
        "SC4461F",
        "SC4462F",
        "SC4471F",
        "SC4472F",
        "SC4491G",
        "SC4492G",
        "SC4511E",
        "SC4512E",
        "SC4522E",
        "SC4531E",
        "SC4532E",
        "SC4541F",
        "SC4542F",
        "SC4561F",
        "SC4562F",
        "SC4571F",
        "SC4572F",
        "SC4581G",
        "SC4582G",
        "SC4591G",
        "SC4592G",
        "SC4601E",
        "SC4602E",
        "SC4611E",
        "SC4612E",
        "SC4621E",
        "SC4622E",
        "SC4631E",
        "SC4632E",
        "SC4641E",
        "SC4642E",
        "SC4661E",
        "SC4662E",
        "SC4671G",
        "SC4672G",
        "SC4701E",
        "SC4702E",
        "SC4731E",
        "SC4732E",
        "SC4741E",
        "SC4742E",
        "SC4751E",
        "SC4752E",
        "SC4771G",
        "SC4772G",
        "SC4801G",
        "SC4802G",
        "SC4811G",
        "SC4812G",
        "SC4821G",
        "SC4822G"
      ],
      "validation": [
        "SC4121E",
        "SC4122E",
        "SC4191E",
        "SC4192E",
        "SC4221E",
        "SC4222E",
        "SC4351F",
        "SC4352F",
        "SC4421E",
        "SC4422E",
        "SC4481F",
        "SC4482F",
        "SC4651E",
        "SC4652E"
      ],
      "test": "locked_until_best_checkpoint"
    },
    "extractor_sha256": "5a47d0e4d95e4ef87e4fe8a401fb2cdf3dba7d84c4853ad46ac40d5118ff9ac9",
    "sequence_checkpoint_sha256": "3bfbda3da54d73b3b7bc1b61d5f03f68348aa8badd74926ed3038ebc24635f1d",
    "metrics_roles": [
      "validation"
    ]
  },
  "metrics": {
    "validation": {
      "n_valid_epochs": 19163,
      "accuracy": 0.846005322757397,
      "macro_f1": 0.7984019368858175,
      "cohen_kappa": 0.7908639845793087,
      "confusion_matrix": [
        [
          6041,
          395,
          40,
          3,
          9
        ],
        [
          193,
          1107,
          341,
          4,
          111
        ],
        [
          28,
          487,
          5515,
          591,
          127
        ],
        [
          4,
          21,
          238,
          1323,
          0
        ],
        [
          4,
          122,
          232,
          1,
          2226
        ]
      ],
      "per_class": {
        "W": {
          "precision": 0.9634768740031898,
          "recall": 0.9311035758323057,
          "f1": 0.9470136385013326,
          "support": 6488
        },
        "N1": {
          "precision": 0.5192307692307693,
          "recall": 0.6304100227790432,
          "f1": 0.5694444444444443,
          "support": 1756
        },
        "N2": {
          "precision": 0.8663210807414389,
          "recall": 0.8172791938352104,
          "f1": 0.8410858624370902,
          "support": 6748
        },
        "N3": {
          "precision": 0.6883454734651405,
          "recall": 0.8341740226986128,
          "f1": 0.7542759407069556,
          "support": 1586
        },
        "REM": {
          "precision": 0.9001213101496158,
          "recall": 0.8611218568665377,
          "f1": 0.8801897983392645,
          "support": 2585
        }
      }
    }
  }
}
{
  "schema_version": 1,
  "passed": true,
  "experiment_id": "E6",
  "outer_fold": 7,
  "seed": 123,
  "smoke": false,
  "manifest_sha256": "55b8656bda94ce109cede3cd340c5f346b7e16b239b73b931d637acd32d5fa68",
  "sequence_checkpoint_sha256": "3bfbda3da54d73b3b7bc1b61d5f03f68348aa8badd74926ed3038ebc24635f1d",
  "roles": {
    "validation": {
      "records": 14,
      "valid_epochs": 19163,
      "prediction_sha256": "6fc31f64b881dc2f0e205aa34d3541bea21f3c15117394b1e2fd42f7b9f7f3df",
      "metrics_sha256": "833d79d293043b8a80daad5c2f8fd5b75d813ad0f3074bdf5113453e661d8c64"
    }
  }
}
========== DONE fold_07 seed 123 2026-08-21T19:00:42+00:00 ==========
========== START fold_08 seed 123 2026-08-21T19:00:42+00:00 ==========
{
  "run_manifest": {
    "schema_version": 1,
    "status": "complete",
    "experiment_id": "E0",
    "outer_fold": 8,
    "seed": 123,
    "device": "cuda",
    "smoke": false,
    "allow_test_evaluation": false,
    "resume": false,
    "config_sha256": "1d812bbfb45e9ca90e2654b41311954fd6e66a56e1bbcdbfba48df8147d0ae1b",
    "split_sha256": "6bc7ad74c07ff05f1d880cb5e720eea12386824ef465b966507906fa248925de",
    "git_commit": "88a5d2ccc231e2529b35847ba9b127a6aebe2e8e",
    "git_dirty": false,
    "runner_code_sha256": "12245ec0d2fe51a0843ed873d3080f752db23621c6e2b583bba4922be9be9a39",
    "config_path": "configs/experiments_v2.json",
    "split_path": "data/splits/sleepedf_sc_10fold_seed42_v2.json",
    "data_variant": "paper_raw_v1",
    "role_records": {
      "train": [
        "SC4001E",
        "SC4002E",
        "SC4011E",
        "SC4012E",
        "SC4021E",
        "SC4022E",
        "SC4031E",
        "SC4032E",
        "SC4041E",
        "SC4042E",
        "SC4051E",
        "SC4052E",
        "SC4061E",
        "SC4062E",
        "SC4071E",
        "SC4072E",
        "SC4091E",
        "SC4092E",
        "SC4101E",
        "SC4102E",
        "SC4111E",
        "SC4112E",
        "SC4151E",
        "SC4152E",
        "SC4161E",
        "SC4162E",
        "SC4171E",
        "SC4172E",
        "SC4181E",
        "SC4182E",
        "SC4201E",
        "SC4202E",
        "SC4211E",
        "SC4212E",
        "SC4231E",
        "SC4232E",
        "SC4241E",
        "SC4242E",
        "SC4251E",
        "SC4252E",
        "SC4261F",
        "SC4262F",
        "SC4271F",
        "SC4272F",
        "SC4281G",
        "SC4282G",
        "SC4291G",
        "SC4292G",
        "SC4301E",
        "SC4302E",
        "SC4311E",
        "SC4312E",
        "SC4321E",
        "SC4322E",
        "SC4331F",
        "SC4332F",
        "SC4341F",
        "SC4342F",
        "SC4371F",
        "SC4372F",
        "SC4381F",
        "SC4382F",
        "SC4401E",
        "SC4402E",
        "SC4411E",
        "SC4412E",
        "SC4431E",
        "SC4432E",
        "SC4441E",
        "SC4442E",
        "SC4451F",
        "SC4452F",
        "SC4461F",
        "SC4462F",
        "SC4471F",
        "SC4472F",
        "SC4491G",
        "SC4492G",
        "SC4501E",
        "SC4502E",
        "SC4511E",
        "SC4512E",
        "SC4522E",
        "SC4531E",
        "SC4532E",
        "SC4551F",
        "SC4552F",
        "SC4561F",
        "SC4562F",
        "SC4571F",
        "SC4572F",
        "SC4581G",
        "SC4582G",
        "SC4591G",
        "SC4592G",
        "SC4601E",
        "SC4602E",
        "SC4611E",
        "SC4612E",
        "SC4621E",
        "SC4622E",
        "SC4631E",
        "SC4632E",
        "SC4641E",
        "SC4642E",
        "SC4701E",
        "SC4702E",
        "SC4711E",
        "SC4712E",
        "SC4721E",
        "SC4722E",
        "SC4731E",
        "SC4732E",
        "SC4741E",
        "SC4742E",
        "SC4751E",
        "SC4752E",
        "SC4761E",
        "SC4762E",
        "SC4771G",
        "SC4772G",
        "SC4801G",
        "SC4802G",
        "SC4811G",
        "SC4812G",
        "SC4821G",
        "SC4822G"
      ],
      "validation": [
        "SC4081E",
        "SC4082E",
        "SC4131E",
        "SC4141E",
        "SC4142E",
        "SC4362F",
        "SC4541F",
        "SC4542F",
        "SC4661E",
        "SC4662E",
        "SC4671G",
        "SC4672G"
      ],
      "test": "locked_until_best_checkpoint"
    },
    "extractor_sha256": "f6a4fe32f8953af6396448edb1f9b9a0ee326d247e55463427bd59b68c7c9704",
    "sequence_checkpoint_sha256": "d1f8ab68de2b9b10ad3a3c7c987bd984128bb00953c3c39f6073f3971dcb101b",
    "metrics_roles": [
      "validation"
    ]
  },
  "metrics": {
    "validation": {
      "n_valid_epochs": 15869,
      "accuracy": 0.862373180414645,
      "macro_f1": 0.8254191254552758,
      "cohen_kappa": 0.8123880299003213,
      "confusion_matrix": [
        [
          5338,
          230,
          42,
          5,
          12
        ],
        [
          395,
          1008,
          334,
          4,
          118
        ],
        [
          12,
          325,
          4409,
          208,
          123
        ],
        [
          2,
          1,
          186,
          1181,
          0
        ],
        [
          3,
          40,
          143,
          1,
          1749
        ]
      ],
      "per_class": {
        "W": {
          "precision": 0.9283478260869565,
          "recall": 0.9486404833836858,
          "f1": 0.9383844598751867,
          "support": 5627
        },
        "N1": {
          "precision": 0.628428927680798,
          "recall": 0.5422270037654653,
          "f1": 0.5821542015593416,
          "support": 1859
        },
        "N2": {
          "precision": 0.862143136488072,
          "recall": 0.8684262359661217,
          "f1": 0.8652732803454027,
          "support": 5077
        },
        "N3": {
          "precision": 0.8441744102930665,
          "recall": 0.862043795620438,
          "f1": 0.8530155290718671,
          "support": 1370
        },
        "REM": {
          "precision": 0.8736263736263736,
          "recall": 0.9034090909090909,
          "f1": 0.8882681564245811,
          "support": 1936
        }
      }
    }
  }
}
{
  "schema_version": 1,
  "passed": true,
  "experiment_id": "E0",
  "outer_fold": 8,
  "seed": 123,
  "smoke": false,
  "manifest_sha256": "c3cbe5037a2ac17dbe057934bc8c56ffdc1c2a02de610f0bd79b84009d687632",
  "sequence_checkpoint_sha256": "d1f8ab68de2b9b10ad3a3c7c987bd984128bb00953c3c39f6073f3971dcb101b",
  "roles": {
    "validation": {
      "records": 12,
      "valid_epochs": 15869,
      "prediction_sha256": "10db245ca7df68ca120456902b8011de1f497c5ab13ab314328a6e5e3cf6ca1a",
      "metrics_sha256": "86937ac8e2ffcb21cfb73a2730fb6a0128c6e7eff1d732fda4101e9abbbabf7a"
    }
  }
}
{
  "run_manifest": {
    "schema_version": 1,
    "status": "complete",
    "experiment_id": "E1",
    "outer_fold": 8,
    "seed": 123,
    "device": "cuda",
    "smoke": false,
    "allow_test_evaluation": false,
    "resume": false,
    "config_sha256": "1d812bbfb45e9ca90e2654b41311954fd6e66a56e1bbcdbfba48df8147d0ae1b",
    "split_sha256": "6bc7ad74c07ff05f1d880cb5e720eea12386824ef465b966507906fa248925de",
    "git_commit": "88a5d2ccc231e2529b35847ba9b127a6aebe2e8e",
    "git_dirty": false,
    "runner_code_sha256": "12245ec0d2fe51a0843ed873d3080f752db23621c6e2b583bba4922be9be9a39",
    "config_path": "configs/experiments_v2.json",
    "split_path": "data/splits/sleepedf_sc_10fold_seed42_v2.json",
    "data_variant": "paper_raw_v1",
    "role_records": {
      "train": [
        "SC4001E",
        "SC4002E",
        "SC4011E",
        "SC4012E",
        "SC4021E",
        "SC4022E",
        "SC4031E",
        "SC4032E",
        "SC4041E",
        "SC4042E",
        "SC4051E",
        "SC4052E",
        "SC4061E",
        "SC4062E",
        "SC4071E",
        "SC4072E",
        "SC4091E",
        "SC4092E",
        "SC4101E",
        "SC4102E",
        "SC4111E",
        "SC4112E",
        "SC4151E",
        "SC4152E",
        "SC4161E",
        "SC4162E",
        "SC4171E",
        "SC4172E",
        "SC4181E",
        "SC4182E",
        "SC4201E",
        "SC4202E",
        "SC4211E",
        "SC4212E",
        "SC4231E",
        "SC4232E",
        "SC4241E",
        "SC4242E",
        "SC4251E",
        "SC4252E",
        "SC4261F",
        "SC4262F",
        "SC4271F",
        "SC4272F",
        "SC4281G",
        "SC4282G",
        "SC4291G",
        "SC4292G",
        "SC4301E",
        "SC4302E",
        "SC4311E",
        "SC4312E",
        "SC4321E",
        "SC4322E",
        "SC4331F",
        "SC4332F",
        "SC4341F",
        "SC4342F",
        "SC4371F",
        "SC4372F",
        "SC4381F",
        "SC4382F",
        "SC4401E",
        "SC4402E",
        "SC4411E",
        "SC4412E",
        "SC4431E",
        "SC4432E",
        "SC4441E",
        "SC4442E",
        "SC4451F",
        "SC4452F",
        "SC4461F",
        "SC4462F",
        "SC4471F",
        "SC4472F",
        "SC4491G",
        "SC4492G",
        "SC4501E",
        "SC4502E",
        "SC4511E",
        "SC4512E",
        "SC4522E",
        "SC4531E",
        "SC4532E",
        "SC4551F",
        "SC4552F",
        "SC4561F",
        "SC4562F",
        "SC4571F",
        "SC4572F",
        "SC4581G",
        "SC4582G",
        "SC4591G",
        "SC4592G",
        "SC4601E",
        "SC4602E",
        "SC4611E",
        "SC4612E",
        "SC4621E",
        "SC4622E",
        "SC4631E",
        "SC4632E",
        "SC4641E",
        "SC4642E",
        "SC4701E",
        "SC4702E",
        "SC4711E",
        "SC4712E",
        "SC4721E",
        "SC4722E",
        "SC4731E",
        "SC4732E",
        "SC4741E",
        "SC4742E",
        "SC4751E",
        "SC4752E",
        "SC4761E",
        "SC4762E",
        "SC4771G",
        "SC4772G",
        "SC4801G",
        "SC4802G",
        "SC4811G",
        "SC4812G",
        "SC4821G",
        "SC4822G"
      ],
      "validation": [
        "SC4081E",
        "SC4082E",
        "SC4131E",
        "SC4141E",
        "SC4142E",
        "SC4362F",
        "SC4541F",
        "SC4542F",
        "SC4661E",
        "SC4662E",
        "SC4671G",
        "SC4672G"
      ],
      "test": "locked_until_best_checkpoint"
    },
    "extractor_sha256": "f6a4fe32f8953af6396448edb1f9b9a0ee326d247e55463427bd59b68c7c9704",
    "sequence_checkpoint_sha256": "eb31284f388143d39a5cd2ad40c4aa1eb05f58f0e8052e957af48a2a54b520a4",
    "metrics_roles": [
      "validation"
    ]
  },
  "metrics": {
    "validation": {
      "n_valid_epochs": 15869,
      "accuracy": 0.8564496817694877,
      "macro_f1": 0.8156187744814488,
      "cohen_kappa": 0.8031840163668295,
      "confusion_matrix": [
        [
          5381,
          201,
          33,
          3,
          9
        ],
        [
          423,
          977,
          348,
          3,
          108
        ],
        [
          15,
          318,
          4484,
          152,
          108
        ],
        [
          2,
          3,
          224,
          1141,
          0
        ],
        [
          48,
          75,
          204,
          1,
          1608
        ]
      ],
      "per_class": {
        "W": {
          "precision": 0.9168512523428182,
          "recall": 0.9562822107695041,
          "f1": 0.936151704940849,
          "support": 5627
        },
        "N1": {
          "precision": 0.6207115628970775,
          "recall": 0.5255513717052178,
          "f1": 0.5691814739295078,
          "support": 1859
        },
        "N2": {
          "precision": 0.8471566219535235,
          "recall": 0.8831987394130392,
          "f1": 0.8648023143683702,
          "support": 5077
        },
        "N3": {
          "precision": 0.8776923076923077,
          "recall": 0.8328467153284671,
          "f1": 0.8546816479400747,
          "support": 1370
        },
        "REM": {
          "precision": 0.8772504091653028,
          "recall": 0.8305785123966942,
          "f1": 0.8532767312284426,
          "support": 1936
        }
      }
    }
  }
}
{
  "schema_version": 1,
  "passed": true,
  "experiment_id": "E1",
  "outer_fold": 8,
  "seed": 123,
  "smoke": false,
  "manifest_sha256": "bf9af104a4704aea48f28d27f3969249d907fee4888d27980ee4ae0ddc52b64c",
  "sequence_checkpoint_sha256": "eb31284f388143d39a5cd2ad40c4aa1eb05f58f0e8052e957af48a2a54b520a4",
  "roles": {
    "validation": {
      "records": 12,
      "valid_epochs": 15869,
      "prediction_sha256": "2cc261adf5bdd5a87e119da5922fd5cf05724097045c3dde68fe37bf7d5658c5",
      "metrics_sha256": "c33810f3c4fa4cdbfef48407a9562e582d8ee4e0f7a9307a054568a919e4b794"
    }
  }
}
{
  "run_manifest": {
    "schema_version": 1,
    "status": "complete",
    "experiment_id": "E2",
    "outer_fold": 8,
    "seed": 123,
    "device": "cuda",
    "smoke": false,
    "allow_test_evaluation": false,
    "resume": false,
    "config_sha256": "1d812bbfb45e9ca90e2654b41311954fd6e66a56e1bbcdbfba48df8147d0ae1b",
    "split_sha256": "6bc7ad74c07ff05f1d880cb5e720eea12386824ef465b966507906fa248925de",
    "git_commit": "88a5d2ccc231e2529b35847ba9b127a6aebe2e8e",
    "git_dirty": false,
    "runner_code_sha256": "12245ec0d2fe51a0843ed873d3080f752db23621c6e2b583bba4922be9be9a39",
    "config_path": "configs/experiments_v2.json",
    "split_path": "data/splits/sleepedf_sc_10fold_seed42_v2.json",
    "data_variant": "paper_raw_v1",
    "role_records": {
      "train": [
        "SC4001E",
        "SC4002E",
        "SC4011E",
        "SC4012E",
        "SC4021E",
        "SC4022E",
        "SC4031E",
        "SC4032E",
        "SC4041E",
        "SC4042E",
        "SC4051E",
        "SC4052E",
        "SC4061E",
        "SC4062E",
        "SC4071E",
        "SC4072E",
        "SC4091E",
        "SC4092E",
        "SC4101E",
        "SC4102E",
        "SC4111E",
        "SC4112E",
        "SC4151E",
        "SC4152E",
        "SC4161E",
        "SC4162E",
        "SC4171E",
        "SC4172E",
        "SC4181E",
        "SC4182E",
        "SC4201E",
        "SC4202E",
        "SC4211E",
        "SC4212E",
        "SC4231E",
        "SC4232E",
        "SC4241E",
        "SC4242E",
        "SC4251E",
        "SC4252E",
        "SC4261F",
        "SC4262F",
        "SC4271F",
        "SC4272F",
        "SC4281G",
        "SC4282G",
        "SC4291G",
        "SC4292G",
        "SC4301E",
        "SC4302E",
        "SC4311E",
        "SC4312E",
        "SC4321E",
        "SC4322E",
        "SC4331F",
        "SC4332F",
        "SC4341F",
        "SC4342F",
        "SC4371F",
        "SC4372F",
        "SC4381F",
        "SC4382F",
        "SC4401E",
        "SC4402E",
        "SC4411E",
        "SC4412E",
        "SC4431E",
        "SC4432E",
        "SC4441E",
        "SC4442E",
        "SC4451F",
        "SC4452F",
        "SC4461F",
        "SC4462F",
        "SC4471F",
        "SC4472F",
        "SC4491G",
        "SC4492G",
        "SC4501E",
        "SC4502E",
        "SC4511E",
        "SC4512E",
        "SC4522E",
        "SC4531E",
        "SC4532E",
        "SC4551F",
        "SC4552F",
        "SC4561F",
        "SC4562F",
        "SC4571F",
        "SC4572F",
        "SC4581G",
        "SC4582G",
        "SC4591G",
        "SC4592G",
        "SC4601E",
        "SC4602E",
        "SC4611E",
        "SC4612E",
        "SC4621E",
        "SC4622E",
        "SC4631E",
        "SC4632E",
        "SC4641E",
        "SC4642E",
        "SC4701E",
        "SC4702E",
        "SC4711E",
        "SC4712E",
        "SC4721E",
        "SC4722E",
        "SC4731E",
        "SC4732E",
        "SC4741E",
        "SC4742E",
        "SC4751E",
        "SC4752E",
        "SC4761E",
        "SC4762E",
        "SC4771G",
        "SC4772G",
        "SC4801G",
        "SC4802G",
        "SC4811G",
        "SC4812G",
        "SC4821G",
        "SC4822G"
      ],
      "validation": [
        "SC4081E",
        "SC4082E",
        "SC4131E",
        "SC4141E",
        "SC4142E",
        "SC4362F",
        "SC4541F",
        "SC4542F",
        "SC4661E",
        "SC4662E",
        "SC4671G",
        "SC4672G"
      ],
      "test": "locked_until_best_checkpoint"
    },
    "extractor_sha256": "86375fa5df473d9ecb89ca20a0d2c9d0b5ce9650b4a54009187dcb65c535e4ab",
    "sequence_checkpoint_sha256": "aa7eb94149c3fc0d3d4e21e07d0af01be2f236639e29632d8d5855ad2b9808b8",
    "metrics_roles": [
      "validation"
    ]
  },
  "metrics": {
    "validation": {
      "n_valid_epochs": 15869,
      "accuracy": 0.8576469846871259,
      "macro_f1": 0.8124455689653954,
      "cohen_kappa": 0.8042167621555903,
      "confusion_matrix": [
        [
          5432,
          150,
          30,
          3,
          12
        ],
        [
          491,
          882,
          401,
          6,
          79
        ],
        [
          27,
          234,
          4520,
          170,
          126
        ],
        [
          4,
          5,
          205,
          1156,
          0
        ],
        [
          83,
          110,
          123,
          0,
          1620
        ]
      ],
      "per_class": {
        "W": {
          "precision": 0.8997846612555905,
          "recall": 0.9653456548782655,
          "f1": 0.9314128943758573,
          "support": 5627
        },
        "N1": {
          "precision": 0.6386676321506155,
          "recall": 0.4744486282947821,
          "f1": 0.5444444444444444,
          "support": 1859
        },
        "N2": {
          "precision": 0.8562227694639136,
          "recall": 0.8902895410675595,
          "f1": 0.8729239088451141,
          "support": 5077
        },
        "N3": {
          "precision": 0.8659176029962546,
          "recall": 0.8437956204379562,
          "f1": 0.854713493530499,
          "support": 1370
        },
        "REM": {
          "precision": 0.8818726183995645,
          "recall": 0.8367768595041323,
          "f1": 0.8587331036310629,
          "support": 1936
        }
      }
    }
  }
}
{
  "schema_version": 1,
  "passed": true,
  "experiment_id": "E2",
  "outer_fold": 8,
  "seed": 123,
  "smoke": false,
  "manifest_sha256": "1a1401e74f040ed42a611971e80a6b9d42df2cad8e563eebe9a7f04d731cd65e",
  "sequence_checkpoint_sha256": "aa7eb94149c3fc0d3d4e21e07d0af01be2f236639e29632d8d5855ad2b9808b8",
  "roles": {
    "validation": {
      "records": 12,
      "valid_epochs": 15869,
      "prediction_sha256": "c63e37bbe8d1db2c0d03c6328aa32ce6df478a254b0de5e32c15068047cfcf6a",
      "metrics_sha256": "5091afdea770b3f664011261b7038ebec68082ce751b8225fbf5027bb6bc9277"
    }
  }
}
{
  "run_manifest": {
    "schema_version": 1,
    "status": "complete",
    "experiment_id": "E3",
    "outer_fold": 8,
    "seed": 123,
    "device": "cuda",
    "smoke": false,
    "allow_test_evaluation": false,
    "resume": false,
    "config_sha256": "1d812bbfb45e9ca90e2654b41311954fd6e66a56e1bbcdbfba48df8147d0ae1b",
    "split_sha256": "6bc7ad74c07ff05f1d880cb5e720eea12386824ef465b966507906fa248925de",
    "git_commit": "88a5d2ccc231e2529b35847ba9b127a6aebe2e8e",
    "git_dirty": false,
    "runner_code_sha256": "12245ec0d2fe51a0843ed873d3080f752db23621c6e2b583bba4922be9be9a39",
    "config_path": "configs/experiments_v2.json",
    "split_path": "data/splits/sleepedf_sc_10fold_seed42_v2.json",
    "data_variant": "filtered_v2",
    "role_records": {
      "train": [
        "SC4001E",
        "SC4002E",
        "SC4011E",
        "SC4012E",
        "SC4021E",
        "SC4022E",
        "SC4031E",
        "SC4032E",
        "SC4041E",
        "SC4042E",
        "SC4051E",
        "SC4052E",
        "SC4061E",
        "SC4062E",
        "SC4071E",
        "SC4072E",
        "SC4091E",
        "SC4092E",
        "SC4101E",
        "SC4102E",
        "SC4111E",
        "SC4112E",
        "SC4151E",
        "SC4152E",
        "SC4161E",
        "SC4162E",
        "SC4171E",
        "SC4172E",
        "SC4181E",
        "SC4182E",
        "SC4201E",
        "SC4202E",
        "SC4211E",
        "SC4212E",
        "SC4231E",
        "SC4232E",
        "SC4241E",
        "SC4242E",
        "SC4251E",
        "SC4252E",
        "SC4261F",
        "SC4262F",
        "SC4271F",
        "SC4272F",
        "SC4281G",
        "SC4282G",
        "SC4291G",
        "SC4292G",
        "SC4301E",
        "SC4302E",
        "SC4311E",
        "SC4312E",
        "SC4321E",
        "SC4322E",
        "SC4331F",
        "SC4332F",
        "SC4341F",
        "SC4342F",
        "SC4371F",
        "SC4372F",
        "SC4381F",
        "SC4382F",
        "SC4401E",
        "SC4402E",
        "SC4411E",
        "SC4412E",
        "SC4431E",
        "SC4432E",
        "SC4441E",
        "SC4442E",
        "SC4451F",
        "SC4452F",
        "SC4461F",
        "SC4462F",
        "SC4471F",
        "SC4472F",
        "SC4491G",
        "SC4492G",
        "SC4501E",
        "SC4502E",
        "SC4511E",
        "SC4512E",
        "SC4522E",
        "SC4531E",
        "SC4532E",
        "SC4551F",
        "SC4552F",
        "SC4561F",
        "SC4562F",
        "SC4571F",
        "SC4572F",
        "SC4581G",
        "SC4582G",
        "SC4591G",
        "SC4592G",
        "SC4601E",
        "SC4602E",
        "SC4611E",
        "SC4612E",
        "SC4621E",
        "SC4622E",
        "SC4631E",
        "SC4632E",
        "SC4641E",
        "SC4642E",
        "SC4701E",
        "SC4702E",
        "SC4711E",
        "SC4712E",
        "SC4721E",
        "SC4722E",
        "SC4731E",
        "SC4732E",
        "SC4741E",
        "SC4742E",
        "SC4751E",
        "SC4752E",
        "SC4761E",
        "SC4762E",
        "SC4771G",
        "SC4772G",
        "SC4801G",
        "SC4802G",
        "SC4811G",
        "SC4812G",
        "SC4821G",
        "SC4822G"
      ],
      "validation": [
        "SC4081E",
        "SC4082E",
        "SC4131E",
        "SC4141E",
        "SC4142E",
        "SC4362F",
        "SC4541F",
        "SC4542F",
        "SC4661E",
        "SC4662E",
        "SC4671G",
        "SC4672G"
      ],
      "test": "locked_until_best_checkpoint"
    },
    "extractor_sha256": "73c6d266f2dbad9caa415a6a8cc68608f7c2436c7a85be7425cd02e4f51888ae",
    "sequence_checkpoint_sha256": "0eeabf1bc80c1978797778c633a47ead48877f8672d7e8325c280590effe6d6e",
    "metrics_roles": [
      "validation"
    ]
  },
  "metrics": {
    "validation": {
      "n_valid_epochs": 15869,
      "accuracy": 0.8597265108072343,
      "macro_f1": 0.8191101327356873,
      "cohen_kappa": 0.8073172703236053,
      "confusion_matrix": [
        [
          5405,
          182,
          27,
          5,
          8
        ],
        [
          438,
          990,
          360,
          4,
          67
        ],
        [
          21,
          259,
          4517,
          168,
          112
        ],
        [
          5,
          2,
          223,
          1140,
          0
        ],
        [
          90,
          84,
          171,
          0,
          1591
        ]
      ],
      "per_class": {
        "W": {
          "precision": 0.9070313811042121,
          "recall": 0.960547360938333,
          "f1": 0.9330226134990506,
          "support": 5627
        },
        "N1": {
          "precision": 0.6526038233355307,
          "recall": 0.5325443786982249,
          "f1": 0.5864928909952607,
          "support": 1859
        },
        "N2": {
          "precision": 0.8525858814647037,
          "recall": 0.8896986409296829,
          "f1": 0.8707469879518073,
          "support": 5077
        },
        "N3": {
          "precision": 0.8656036446469249,
          "recall": 0.8321167883211679,
          "f1": 0.8485299590621511,
          "support": 1370
        },
        "REM": {
          "precision": 0.8948256467941508,
          "recall": 0.8217975206611571,
          "f1": 0.856758212170167,
          "support": 1936
        }
      }
    }
  }
}
{
  "schema_version": 1,
  "passed": true,
  "experiment_id": "E3",
  "outer_fold": 8,
  "seed": 123,
  "smoke": false,
  "manifest_sha256": "99d8d299df8988e05b1898faaa2c8933a3c98795141ff69515da625c48bf38f3",
  "sequence_checkpoint_sha256": "0eeabf1bc80c1978797778c633a47ead48877f8672d7e8325c280590effe6d6e",
  "roles": {
    "validation": {
      "records": 12,
      "valid_epochs": 15869,
      "prediction_sha256": "4b2e3f0d0fa05cc5fb2acba00672949729539a476a4c46c7636e38db7869da48",
      "metrics_sha256": "3eabe0fb682bebacd2384cc8771c2cb5cfba771501258765b6773b831279188d"
    }
  }
}
{
  "run_manifest": {
    "schema_version": 1,
    "status": "complete",
    "experiment_id": "E4",
    "outer_fold": 8,
    "seed": 123,
    "device": "cuda",
    "smoke": false,
    "allow_test_evaluation": false,
    "resume": false,
    "config_sha256": "1d812bbfb45e9ca90e2654b41311954fd6e66a56e1bbcdbfba48df8147d0ae1b",
    "split_sha256": "6bc7ad74c07ff05f1d880cb5e720eea12386824ef465b966507906fa248925de",
    "git_commit": "88a5d2ccc231e2529b35847ba9b127a6aebe2e8e",
    "git_dirty": false,
    "runner_code_sha256": "12245ec0d2fe51a0843ed873d3080f752db23621c6e2b583bba4922be9be9a39",
    "config_path": "configs/experiments_v2.json",
    "split_path": "data/splits/sleepedf_sc_10fold_seed42_v2.json",
    "data_variant": "bandpass_v2",
    "role_records": {
      "train": [
        "SC4001E",
        "SC4002E",
        "SC4011E",
        "SC4012E",
        "SC4021E",
        "SC4022E",
        "SC4031E",
        "SC4032E",
        "SC4041E",
        "SC4042E",
        "SC4051E",
        "SC4052E",
        "SC4061E",
        "SC4062E",
        "SC4071E",
        "SC4072E",
        "SC4091E",
        "SC4092E",
        "SC4101E",
        "SC4102E",
        "SC4111E",
        "SC4112E",
        "SC4151E",
        "SC4152E",
        "SC4161E",
        "SC4162E",
        "SC4171E",
        "SC4172E",
        "SC4181E",
        "SC4182E",
        "SC4201E",
        "SC4202E",
        "SC4211E",
        "SC4212E",
        "SC4231E",
        "SC4232E",
        "SC4241E",
        "SC4242E",
        "SC4251E",
        "SC4252E",
        "SC4261F",
        "SC4262F",
        "SC4271F",
        "SC4272F",
        "SC4281G",
        "SC4282G",
        "SC4291G",
        "SC4292G",
        "SC4301E",
        "SC4302E",
        "SC4311E",
        "SC4312E",
        "SC4321E",
        "SC4322E",
        "SC4331F",
        "SC4332F",
        "SC4341F",
        "SC4342F",
        "SC4371F",
        "SC4372F",
        "SC4381F",
        "SC4382F",
        "SC4401E",
        "SC4402E",
        "SC4411E",
        "SC4412E",
        "SC4431E",
        "SC4432E",
        "SC4441E",
        "SC4442E",
        "SC4451F",
        "SC4452F",
        "SC4461F",
        "SC4462F",
        "SC4471F",
        "SC4472F",
        "SC4491G",
        "SC4492G",
        "SC4501E",
        "SC4502E",
        "SC4511E",
        "SC4512E",
        "SC4522E",
        "SC4531E",
        "SC4532E",
        "SC4551F",
        "SC4552F",
        "SC4561F",
        "SC4562F",
        "SC4571F",
        "SC4572F",
        "SC4581G",
        "SC4582G",
        "SC4591G",
        "SC4592G",
        "SC4601E",
        "SC4602E",
        "SC4611E",
        "SC4612E",
        "SC4621E",
        "SC4622E",
        "SC4631E",
        "SC4632E",
        "SC4641E",
        "SC4642E",
        "SC4701E",
        "SC4702E",
        "SC4711E",
        "SC4712E",
        "SC4721E",
        "SC4722E",
        "SC4731E",
        "SC4732E",
        "SC4741E",
        "SC4742E",
        "SC4751E",
        "SC4752E",
        "SC4761E",
        "SC4762E",
        "SC4771G",
        "SC4772G",
        "SC4801G",
        "SC4802G",
        "SC4811G",
        "SC4812G",
        "SC4821G",
        "SC4822G"
      ],
      "validation": [
        "SC4081E",
        "SC4082E",
        "SC4131E",
        "SC4141E",
        "SC4142E",
        "SC4362F",
        "SC4541F",
        "SC4542F",
        "SC4661E",
        "SC4662E",
        "SC4671G",
        "SC4672G"
      ],
      "test": "locked_until_best_checkpoint"
    },
    "extractor_sha256": "2894b2fb125997a4703c412ee172b58420f46e2afd06b2327085650888e1f751",
    "sequence_checkpoint_sha256": "90ba82a257526f79239b097c21fff67dc5de0f368cff0835015a53b7a1d00fc9",
    "metrics_roles": [
      "validation"
    ]
  },
  "metrics": {
    "validation": {
      "n_valid_epochs": 15869,
      "accuracy": 0.8616169890982418,
      "macro_f1": 0.822039039242409,
      "cohen_kappa": 0.8104441268915077,
      "confusion_matrix": [
        [
          5320,
          265,
          27,
          7,
          8
        ],
        [
          349,
          1006,
          416,
          4,
          84
        ],
        [
          10,
          211,
          4574,
          185,
          97
        ],
        [
          2,
          6,
          200,
          1162,
          0
        ],
        [
          58,
          82,
          185,
          0,
          1611
        ]
      ],
      "per_class": {
        "W": {
          "precision": 0.9269907649416275,
          "recall": 0.9454416207570642,
          "f1": 0.9361252859405244,
          "support": 5627
        },
        "N1": {
          "precision": 0.640764331210191,
          "recall": 0.541151156535772,
          "f1": 0.5867599883347915,
          "support": 1859
        },
        "N2": {
          "precision": 0.8467234357645317,
          "recall": 0.9009257435493402,
          "f1": 0.872984063364825,
          "support": 5077
        },
        "N3": {
          "precision": 0.8556701030927835,
          "recall": 0.8481751824817518,
          "f1": 0.8519061583577713,
          "support": 1370
        },
        "REM": {
          "precision": 0.895,
          "recall": 0.8321280991735537,
          "f1": 0.8624197002141327,
          "support": 1936
        }
      }
    }
  }
}
{
  "schema_version": 1,
  "passed": true,
  "experiment_id": "E4",
  "outer_fold": 8,
  "seed": 123,
  "smoke": false,
  "manifest_sha256": "ee325966024a6b440482fce5dc6520b105b4933dcfae08bb4e465e16c85be5a8",
  "sequence_checkpoint_sha256": "90ba82a257526f79239b097c21fff67dc5de0f368cff0835015a53b7a1d00fc9",
  "roles": {
    "validation": {
      "records": 12,
      "valid_epochs": 15869,
      "prediction_sha256": "0ce4e611fdf16af6fbd129b0fdb39e94d45ef2eafec33cd7e13f7d1745023ceb",
      "metrics_sha256": "ba3ca90a11d28f429dd20553080c73af796be859550f54d60800328cb0394c86"
    }
  }
}
{
  "run_manifest": {
    "schema_version": 1,
    "status": "complete",
    "experiment_id": "E6",
    "outer_fold": 8,
    "seed": 123,
    "device": "cuda",
    "smoke": false,
    "allow_test_evaluation": false,
    "resume": false,
    "config_sha256": "1d812bbfb45e9ca90e2654b41311954fd6e66a56e1bbcdbfba48df8147d0ae1b",
    "split_sha256": "6bc7ad74c07ff05f1d880cb5e720eea12386824ef465b966507906fa248925de",
    "git_commit": "88a5d2ccc231e2529b35847ba9b127a6aebe2e8e",
    "git_dirty": false,
    "runner_code_sha256": "12245ec0d2fe51a0843ed873d3080f752db23621c6e2b583bba4922be9be9a39",
    "config_path": "configs/experiments_v2.json",
    "split_path": "data/splits/sleepedf_sc_10fold_seed42_v2.json",
    "data_variant": "filtered_zscore_v2",
    "role_records": {
      "train": [
        "SC4001E",
        "SC4002E",
        "SC4011E",
        "SC4012E",
        "SC4021E",
        "SC4022E",
        "SC4031E",
        "SC4032E",
        "SC4041E",
        "SC4042E",
        "SC4051E",
        "SC4052E",
        "SC4061E",
        "SC4062E",
        "SC4071E",
        "SC4072E",
        "SC4091E",
        "SC4092E",
        "SC4101E",
        "SC4102E",
        "SC4111E",
        "SC4112E",
        "SC4151E",
        "SC4152E",
        "SC4161E",
        "SC4162E",
        "SC4171E",
        "SC4172E",
        "SC4181E",
        "SC4182E",
        "SC4201E",
        "SC4202E",
        "SC4211E",
        "SC4212E",
        "SC4231E",
        "SC4232E",
        "SC4241E",
        "SC4242E",
        "SC4251E",
        "SC4252E",
        "SC4261F",
        "SC4262F",
        "SC4271F",
        "SC4272F",
        "SC4281G",
        "SC4282G",
        "SC4291G",
        "SC4292G",
        "SC4301E",
        "SC4302E",
        "SC4311E",
        "SC4312E",
        "SC4321E",
        "SC4322E",
        "SC4331F",
        "SC4332F",
        "SC4341F",
        "SC4342F",
        "SC4371F",
        "SC4372F",
        "SC4381F",
        "SC4382F",
        "SC4401E",
        "SC4402E",
        "SC4411E",
        "SC4412E",
        "SC4431E",
        "SC4432E",
        "SC4441E",
        "SC4442E",
        "SC4451F",
        "SC4452F",
        "SC4461F",
        "SC4462F",
        "SC4471F",
        "SC4472F",
        "SC4491G",
        "SC4492G",
        "SC4501E",
        "SC4502E",
        "SC4511E",
        "SC4512E",
        "SC4522E",
        "SC4531E",
        "SC4532E",
        "SC4551F",
        "SC4552F",
        "SC4561F",
        "SC4562F",
        "SC4571F",
        "SC4572F",
        "SC4581G",
        "SC4582G",
        "SC4591G",
        "SC4592G",
        "SC4601E",
        "SC4602E",
        "SC4611E",
        "SC4612E",
        "SC4621E",
        "SC4622E",
        "SC4631E",
        "SC4632E",
        "SC4641E",
        "SC4642E",
        "SC4701E",
        "SC4702E",
        "SC4711E",
        "SC4712E",
        "SC4721E",
        "SC4722E",
        "SC4731E",
        "SC4732E",
        "SC4741E",
        "SC4742E",
        "SC4751E",
        "SC4752E",
        "SC4761E",
        "SC4762E",
        "SC4771G",
        "SC4772G",
        "SC4801G",
        "SC4802G",
        "SC4811G",
        "SC4812G",
        "SC4821G",
        "SC4822G"
      ],
      "validation": [
        "SC4081E",
        "SC4082E",
        "SC4131E",
        "SC4141E",
        "SC4142E",
        "SC4362F",
        "SC4541F",
        "SC4542F",
        "SC4661E",
        "SC4662E",
        "SC4671G",
        "SC4672G"
      ],
      "test": "locked_until_best_checkpoint"
    },
    "extractor_sha256": "ab8f4d2ecac8ebf8dce6b6b213aa1402d8509bef172e2e055085dee25271dfef",
    "sequence_checkpoint_sha256": "17ddd9861041882ed0b44d9ec1268d5096cd05ab8816420bb24c304c33ed8a11",
    "metrics_roles": [
      "validation"
    ]
  },
  "metrics": {
    "validation": {
      "n_valid_epochs": 15869,
      "accuracy": 0.8585292078895961,
      "macro_f1": 0.8179464109746973,
      "cohen_kappa": 0.8059898952519629,
      "confusion_matrix": [
        [
          5420,
          158,
          36,
          8,
          5
        ],
        [
          463,
          973,
          367,
          4,
          52
        ],
        [
          11,
          301,
          4440,
          223,
          102
        ],
        [
          0,
          1,
          216,
          1153,
          0
        ],
        [
          66,
          77,
          155,
          0,
          1638
        ]
      ],
      "per_class": {
        "W": {
          "precision": 0.9093959731543624,
          "recall": 0.9632130797938511,
          "f1": 0.9355311987572278,
          "support": 5627
        },
        "N1": {
          "precision": 0.6443708609271523,
          "recall": 0.5233996772458311,
          "f1": 0.5776194716533096,
          "support": 1859
        },
        "N2": {
          "precision": 0.8515535097813579,
          "recall": 0.8745322040575143,
          "f1": 0.8628899037994363,
          "support": 5077
        },
        "N3": {
          "precision": 0.8306916426512968,
          "recall": 0.8416058394160584,
          "f1": 0.8361131254532269,
          "support": 1370
        },
        "REM": {
          "precision": 0.9115191986644408,
          "recall": 0.8460743801652892,
          "f1": 0.8775783552102867,
          "support": 1936
        }
      }
    }
  }
}
{
  "schema_version": 1,
  "passed": true,
  "experiment_id": "E6",
  "outer_fold": 8,
  "seed": 123,
  "smoke": false,
  "manifest_sha256": "54fb05aa0fa564fd93b44f049ef208e3b9f705ce29ddf49b162f099c44d16ab5",
  "sequence_checkpoint_sha256": "17ddd9861041882ed0b44d9ec1268d5096cd05ab8816420bb24c304c33ed8a11",
  "roles": {
    "validation": {
      "records": 12,
      "valid_epochs": 15869,
      "prediction_sha256": "25ea99b09fad7bb99ceda270477fb38bbc3a63ebdff59d7c3835fc9900242548",
      "metrics_sha256": "8cc8d8c8d6e8bf484d17d525c3ea7d76708c22ab50acc930cff018628e027037"
    }
  }
}
========== DONE fold_08 seed 123 2026-08-22T00:07:30+00:00 ==========
========== START fold_09 seed 123 2026-08-22T00:07:30+00:00 ==========
{
  "run_manifest": {
    "schema_version": 1,
    "status": "complete",
    "experiment_id": "E0",
    "outer_fold": 9,
    "seed": 123,
    "device": "cuda",
    "smoke": false,
    "allow_test_evaluation": false,
    "resume": false,
    "config_sha256": "1d812bbfb45e9ca90e2654b41311954fd6e66a56e1bbcdbfba48df8147d0ae1b",
    "split_sha256": "6bc7ad74c07ff05f1d880cb5e720eea12386824ef465b966507906fa248925de",
    "git_commit": "88a5d2ccc231e2529b35847ba9b127a6aebe2e8e",
    "git_dirty": false,
    "runner_code_sha256": "12245ec0d2fe51a0843ed873d3080f752db23621c6e2b583bba4922be9be9a39",
    "config_path": "configs/experiments_v2.json",
    "split_path": "data/splits/sleepedf_sc_10fold_seed42_v2.json",
    "data_variant": "paper_raw_v1",
    "role_records": {
      "train": [
        "SC4011E",
        "SC4012E",
        "SC4021E",
        "SC4022E",
        "SC4031E",
        "SC4032E",
        "SC4041E",
        "SC4042E",
        "SC4051E",
        "SC4052E",
        "SC4061E",
        "SC4062E",
        "SC4071E",
        "SC4072E",
        "SC4091E",
        "SC4092E",
        "SC4101E",
        "SC4102E",
        "SC4111E",
        "SC4112E",
        "SC4121E",
        "SC4122E",
        "SC4151E",
        "SC4152E",
        "SC4161E",
        "SC4162E",
        "SC4171E",
        "SC4172E",
        "SC4181E",
        "SC4182E",
        "SC4191E",
        "SC4192E",
        "SC4201E",
        "SC4202E",
        "SC4211E",
        "SC4212E",
        "SC4221E",
        "SC4222E",
        "SC4231E",
        "SC4232E",
        "SC4241E",
        "SC4242E",
        "SC4261F",
        "SC4262F",
        "SC4271F",
        "SC4272F",
        "SC4291G",
        "SC4292G",
        "SC4301E",
        "SC4302E",
        "SC4311E",
        "SC4312E",
        "SC4321E",
        "SC4322E",
        "SC4341F",
        "SC4342F",
        "SC4351F",
        "SC4352F",
        "SC4371F",
        "SC4372F",
        "SC4381F",
        "SC4382F",
        "SC4401E",
        "SC4402E",
        "SC4421E",
        "SC4422E",
        "SC4431E",
        "SC4432E",
        "SC4441E",
        "SC4442E",
        "SC4451F",
        "SC4452F",
        "SC4461F",
        "SC4462F",
        "SC4471F",
        "SC4472F",
        "SC4481F",
        "SC4482F",
        "SC4491G",
        "SC4492G",
        "SC4501E",
        "SC4502E",
        "SC4522E",
        "SC4531E",
        "SC4532E",
        "SC4551F",
        "SC4552F",
        "SC4561F",
        "SC4562F",
        "SC4571F",
        "SC4572F",
        "SC4581G",
        "SC4582G",
        "SC4591G",
        "SC4592G",
        "SC4621E",
        "SC4622E",
        "SC4631E",
        "SC4632E",
        "SC4641E",
        "SC4642E",
        "SC4651E",
        "SC4652E",
        "SC4701E",
        "SC4702E",
        "SC4711E",
        "SC4712E",
        "SC4721E",
        "SC4722E",
        "SC4731E",
        "SC4732E",
        "SC4741E",
        "SC4742E",
        "SC4751E",
        "SC4752E",
        "SC4761E",
        "SC4762E",
        "SC4771G",
        "SC4772G",
        "SC4801G",
        "SC4802G",
        "SC4811G",
        "SC4812G",
        "SC4821G",
        "SC4822G"
      ],
      "validation": [
        "SC4001E",
        "SC4002E",
        "SC4251E",
        "SC4252E",
        "SC4281G",
        "SC4282G",
        "SC4331F",
        "SC4332F",
        "SC4411E",
        "SC4412E",
        "SC4511E",
        "SC4512E",
        "SC4601E",
        "SC4602E",
        "SC4611E",
        "SC4612E"
      ],
      "test": "locked_until_best_checkpoint"
    },
    "extractor_sha256": "f40b42fdc6ae8d20af73d42b180c9ab62a439ce84405fe447ef16f4c50307eb7",
    "sequence_checkpoint_sha256": "74e49af707fc5e198f836758005c8def3db5fe8ddaecf75b3b78269c0e10adb8",
    "metrics_roles": [
      "validation"
    ]
  },
  "metrics": {
    "validation": {
      "n_valid_epochs": 19506,
      "accuracy": 0.8061109402235209,
      "macro_f1": 0.7509047188704787,
      "cohen_kappa": 0.7369787201447745,
      "confusion_matrix": [
        [
          5446,
          408,
          62,
          0,
          56
        ],
        [
          289,
          790,
          830,
          36,
          124
        ],
        [
          27,
          224,
          5835,
          407,
          191
        ],
        [
          1,
          0,
          290,
          1614,
          1
        ],
        [
          16,
          89,
          674,
          57,
          2039
        ]
      ],
      "per_class": {
        "W": {
          "precision": 0.9423775739747361,
          "recall": 0.9119223040857334,
          "f1": 0.926899838311633,
          "support": 5972
        },
        "N1": {
          "precision": 0.5228325612177366,
          "recall": 0.3818269695505075,
          "f1": 0.441340782122905,
          "support": 2069
        },
        "N2": {
          "precision": 0.7586789754258224,
          "recall": 0.8729802513464991,
          "f1": 0.8118260869565217,
          "support": 6684
        },
        "N3": {
          "precision": 0.7634815515610217,
          "recall": 0.8467995802728226,
          "f1": 0.8029850746268656,
          "support": 1906
        },
        "REM": {
          "precision": 0.845707175445873,
          "recall": 0.7092173913043478,
          "f1": 0.7714718123344684,
          "support": 2875
        }
      }
    }
  }
}
{
  "schema_version": 1,
  "passed": true,
  "experiment_id": "E0",
  "outer_fold": 9,
  "seed": 123,
  "smoke": false,
  "manifest_sha256": "6068db8ecfa56731b8fecd117d624f500ee7cef437b6402b910a82f7fd8fbee2",
  "sequence_checkpoint_sha256": "74e49af707fc5e198f836758005c8def3db5fe8ddaecf75b3b78269c0e10adb8",
  "roles": {
    "validation": {
      "records": 16,
      "valid_epochs": 19506,
      "prediction_sha256": "41cea9af5366652c5c0f49eef1dfef6889a20a8f1d834a142f430ebfbb820df5",
      "metrics_sha256": "039f70979dc74369fe214bb37aff8f248419f0644f78e6e1f7a112fa48bdf146"
    }
  }
}
{
  "run_manifest": {
    "schema_version": 1,
    "status": "complete",
    "experiment_id": "E1",
    "outer_fold": 9,
    "seed": 123,
    "device": "cuda",
    "smoke": false,
    "allow_test_evaluation": false,
    "resume": false,
    "config_sha256": "1d812bbfb45e9ca90e2654b41311954fd6e66a56e1bbcdbfba48df8147d0ae1b",
    "split_sha256": "6bc7ad74c07ff05f1d880cb5e720eea12386824ef465b966507906fa248925de",
    "git_commit": "88a5d2ccc231e2529b35847ba9b127a6aebe2e8e",
    "git_dirty": false,
    "runner_code_sha256": "12245ec0d2fe51a0843ed873d3080f752db23621c6e2b583bba4922be9be9a39",
    "config_path": "configs/experiments_v2.json",
    "split_path": "data/splits/sleepedf_sc_10fold_seed42_v2.json",
    "data_variant": "paper_raw_v1",
    "role_records": {
      "train": [
        "SC4011E",
        "SC4012E",
        "SC4021E",
        "SC4022E",
        "SC4031E",
        "SC4032E",
        "SC4041E",
        "SC4042E",
        "SC4051E",
        "SC4052E",
        "SC4061E",
        "SC4062E",
        "SC4071E",
        "SC4072E",
        "SC4091E",
        "SC4092E",
        "SC4101E",
        "SC4102E",
        "SC4111E",
        "SC4112E",
        "SC4121E",
        "SC4122E",
        "SC4151E",
        "SC4152E",
        "SC4161E",
        "SC4162E",
        "SC4171E",
        "SC4172E",
        "SC4181E",
        "SC4182E",
        "SC4191E",
        "SC4192E",
        "SC4201E",
        "SC4202E",
        "SC4211E",
        "SC4212E",
        "SC4221E",
        "SC4222E",
        "SC4231E",
        "SC4232E",
        "SC4241E",
        "SC4242E",
        "SC4261F",
        "SC4262F",
        "SC4271F",
        "SC4272F",
        "SC4291G",
        "SC4292G",
        "SC4301E",
        "SC4302E",
        "SC4311E",
        "SC4312E",
        "SC4321E",
        "SC4322E",
        "SC4341F",
        "SC4342F",
        "SC4351F",
        "SC4352F",
        "SC4371F",
        "SC4372F",
        "SC4381F",
        "SC4382F",
        "SC4401E",
        "SC4402E",
        "SC4421E",
        "SC4422E",
        "SC4431E",
        "SC4432E",
        "SC4441E",
        "SC4442E",
        "SC4451F",
        "SC4452F",
        "SC4461F",
        "SC4462F",
        "SC4471F",
        "SC4472F",
        "SC4481F",
        "SC4482F",
        "SC4491G",
        "SC4492G",
        "SC4501E",
        "SC4502E",
        "SC4522E",
        "SC4531E",
        "SC4532E",
        "SC4551F",
        "SC4552F",
        "SC4561F",
        "SC4562F",
        "SC4571F",
        "SC4572F",
        "SC4581G",
        "SC4582G",
        "SC4591G",
        "SC4592G",
        "SC4621E",
        "SC4622E",
        "SC4631E",
        "SC4632E",
        "SC4641E",
        "SC4642E",
        "SC4651E",
        "SC4652E",
        "SC4701E",
        "SC4702E",
        "SC4711E",
        "SC4712E",
        "SC4721E",
        "SC4722E",
        "SC4731E",
        "SC4732E",
        "SC4741E",
        "SC4742E",
        "SC4751E",
        "SC4752E",
        "SC4761E",
        "SC4762E",
        "SC4771G",
        "SC4772G",
        "SC4801G",
        "SC4802G",
        "SC4811G",
        "SC4812G",
        "SC4821G",
        "SC4822G"
      ],
      "validation": [
        "SC4001E",
        "SC4002E",
        "SC4251E",
        "SC4252E",
        "SC4281G",
        "SC4282G",
        "SC4331F",
        "SC4332F",
        "SC4411E",
        "SC4412E",
        "SC4511E",
        "SC4512E",
        "SC4601E",
        "SC4602E",
        "SC4611E",
        "SC4612E"
      ],
      "test": "locked_until_best_checkpoint"
    },
    "extractor_sha256": "f40b42fdc6ae8d20af73d42b180c9ab62a439ce84405fe447ef16f4c50307eb7",
    "sequence_checkpoint_sha256": "0c23ac603d81c5758a2da2d455b31b4f177e432c114dd8d6ecba2240a05e9f84",
    "metrics_roles": [
      "validation"
    ]
  },
  "metrics": {
    "validation": {
      "n_valid_epochs": 19506,
      "accuracy": 0.8083153901363683,
      "macro_f1": 0.7616485712701306,
      "cohen_kappa": 0.7426543483661737,
      "confusion_matrix": [
        [
          5556,
          295,
          24,
          1,
          96
        ],
        [
          352,
          962,
          583,
          31,
          141
        ],
        [
          25,
          600,
          5473,
          336,
          250
        ],
        [
          1,
          3,
          345,
          1556,
          1
        ],
        [
          19,
          155,
          428,
          53,
          2220
        ]
      ],
      "per_class": {
        "W": {
          "precision": 0.9333109356626911,
          "recall": 0.9303415941058272,
          "f1": 0.9318238993710691,
          "support": 5972
        },
        "N1": {
          "precision": 0.4774193548387097,
          "recall": 0.46495891735137745,
          "f1": 0.47110675808031344,
          "support": 2069
        },
        "N2": {
          "precision": 0.7986283379541806,
          "recall": 0.818821065230401,
          "f1": 0.8085986555366773,
          "support": 6684
        },
        "N3": {
          "precision": 0.7870510875063227,
          "recall": 0.8163693599160545,
          "f1": 0.8014421838784445,
          "support": 1906
        },
        "REM": {
          "precision": 0.8197932053175776,
          "recall": 0.7721739130434783,
          "f1": 0.7952713594841483,
          "support": 2875
        }
      }
    }
  }
}
{
  "schema_version": 1,
  "passed": true,
  "experiment_id": "E1",
  "outer_fold": 9,
  "seed": 123,
  "smoke": false,
  "manifest_sha256": "da93dc84e7928dd9e4c8dabeaea040f959c0160b72f3fafb365c6c70a4e33f5a",
  "sequence_checkpoint_sha256": "0c23ac603d81c5758a2da2d455b31b4f177e432c114dd8d6ecba2240a05e9f84",
  "roles": {
    "validation": {
      "records": 16,
      "valid_epochs": 19506,
      "prediction_sha256": "5a9cbec96e2415eb5cb50755940919fb0ad550fe3752a9b43442b2d6a06cd9fc",
      "metrics_sha256": "112e08a40a84ae12604944d6789e57e4bfb78e8bcb50a1a2879393bb1dac85de"
    }
  }
}
{
  "run_manifest": {
    "schema_version": 1,
    "status": "complete",
    "experiment_id": "E2",
    "outer_fold": 9,
    "seed": 123,
    "device": "cuda",
    "smoke": false,
    "allow_test_evaluation": false,
    "resume": false,
    "config_sha256": "1d812bbfb45e9ca90e2654b41311954fd6e66a56e1bbcdbfba48df8147d0ae1b",
    "split_sha256": "6bc7ad74c07ff05f1d880cb5e720eea12386824ef465b966507906fa248925de",
    "git_commit": "88a5d2ccc231e2529b35847ba9b127a6aebe2e8e",
    "git_dirty": false,
    "runner_code_sha256": "12245ec0d2fe51a0843ed873d3080f752db23621c6e2b583bba4922be9be9a39",
    "config_path": "configs/experiments_v2.json",
    "split_path": "data/splits/sleepedf_sc_10fold_seed42_v2.json",
    "data_variant": "paper_raw_v1",
    "role_records": {
      "train": [
        "SC4011E",
        "SC4012E",
        "SC4021E",
        "SC4022E",
        "SC4031E",
        "SC4032E",
        "SC4041E",
        "SC4042E",
        "SC4051E",
        "SC4052E",
        "SC4061E",
        "SC4062E",
        "SC4071E",
        "SC4072E",
        "SC4091E",
        "SC4092E",
        "SC4101E",
        "SC4102E",
        "SC4111E",
        "SC4112E",
        "SC4121E",
        "SC4122E",
        "SC4151E",
        "SC4152E",
        "SC4161E",
        "SC4162E",
        "SC4171E",
        "SC4172E",
        "SC4181E",
        "SC4182E",
        "SC4191E",
        "SC4192E",
        "SC4201E",
        "SC4202E",
        "SC4211E",
        "SC4212E",
        "SC4221E",
        "SC4222E",
        "SC4231E",
        "SC4232E",
        "SC4241E",
        "SC4242E",
        "SC4261F",
        "SC4262F",
        "SC4271F",
        "SC4272F",
        "SC4291G",
        "SC4292G",
        "SC4301E",
        "SC4302E",
        "SC4311E",
        "SC4312E",
        "SC4321E",
        "SC4322E",
        "SC4341F",
        "SC4342F",
        "SC4351F",
        "SC4352F",
        "SC4371F",
        "SC4372F",
        "SC4381F",
        "SC4382F",
        "SC4401E",
        "SC4402E",
        "SC4421E",
        "SC4422E",
        "SC4431E",
        "SC4432E",
        "SC4441E",
        "SC4442E",
        "SC4451F",
        "SC4452F",
        "SC4461F",
        "SC4462F",
        "SC4471F",
        "SC4472F",
        "SC4481F",
        "SC4482F",
        "SC4491G",
        "SC4492G",
        "SC4501E",
        "SC4502E",
        "SC4522E",
        "SC4531E",
        "SC4532E",
        "SC4551F",
        "SC4552F",
        "SC4561F",
        "SC4562F",
        "SC4571F",
        "SC4572F",
        "SC4581G",
        "SC4582G",
        "SC4591G",
        "SC4592G",
        "SC4621E",
        "SC4622E",
        "SC4631E",
        "SC4632E",
        "SC4641E",
        "SC4642E",
        "SC4651E",
        "SC4652E",
        "SC4701E",
        "SC4702E",
        "SC4711E",
        "SC4712E",
        "SC4721E",
        "SC4722E",
        "SC4731E",
        "SC4732E",
        "SC4741E",
        "SC4742E",
        "SC4751E",
        "SC4752E",
        "SC4761E",
        "SC4762E",
        "SC4771G",
        "SC4772G",
        "SC4801G",
        "SC4802G",
        "SC4811G",
        "SC4812G",
        "SC4821G",
        "SC4822G"
      ],
      "validation": [
        "SC4001E",
        "SC4002E",
        "SC4251E",
        "SC4252E",
        "SC4281G",
        "SC4282G",
        "SC4331F",
        "SC4332F",
        "SC4411E",
        "SC4412E",
        "SC4511E",
        "SC4512E",
        "SC4601E",
        "SC4602E",
        "SC4611E",
        "SC4612E"
      ],
      "test": "locked_until_best_checkpoint"
    },
    "extractor_sha256": "8acb11f6c1539705d2fd9e7e456eb7671e5ae19719fa2e41d0fd92d167dac846",
    "sequence_checkpoint_sha256": "86f2ed1a41c0de637d35da880e04905736aab4d6bc68ef8923ec129892582bdb",
    "metrics_roles": [
      "validation"
    ]
  },
  "metrics": {
    "validation": {
      "n_valid_epochs": 19506,
      "accuracy": 0.810007177278786,
      "macro_f1": 0.768668097685253,
      "cohen_kappa": 0.7446730045696562,
      "confusion_matrix": [
        [
          5423,
          446,
          42,
          2,
          59
        ],
        [
          257,
          1078,
          581,
          38,
          115
        ],
        [
          29,
          601,
          5593,
          290,
          171
        ],
        [
          2,
          1,
          410,
          1493,
          0
        ],
        [
          17,
          82,
          501,
          62,
          2213
        ]
      ],
      "per_class": {
        "W": {
          "precision": 0.9467527932960894,
          "recall": 0.9080709979906229,
          "f1": 0.9270085470085471,
          "support": 5972
        },
        "N1": {
          "precision": 0.4882246376811594,
          "recall": 0.5210246495891735,
          "f1": 0.5040916530278232,
          "support": 2069
        },
        "N2": {
          "precision": 0.7847621720218886,
          "recall": 0.8367743865948534,
          "f1": 0.809934110491637,
          "support": 6684
        },
        "N3": {
          "precision": 0.7920424403183024,
          "recall": 0.7833158447009444,
          "f1": 0.7876549723028224,
          "support": 1906
        },
        "REM": {
          "precision": 0.8651290070367474,
          "recall": 0.7697391304347826,
          "f1": 0.8146512055954352,
          "support": 2875
        }
      }
    }
  }
}
{
  "schema_version": 1,
  "passed": true,
  "experiment_id": "E2",
  "outer_fold": 9,
  "seed": 123,
  "smoke": false,
  "manifest_sha256": "d628198e210a8604ed189bd1b5fd56f238997a88c42d207c1bfdd3804c0127ee",
  "sequence_checkpoint_sha256": "86f2ed1a41c0de637d35da880e04905736aab4d6bc68ef8923ec129892582bdb",
  "roles": {
    "validation": {
      "records": 16,
      "valid_epochs": 19506,
      "prediction_sha256": "164352d128cbeade830be05c750fe0eda36526d4113d2e1a1600b088cbfbbc2c",
      "metrics_sha256": "00d00854f3b8864f9b5cd71296aa32cc2379649eb20e07a9900e4fb60d7a8864"
    }
  }
}
{
  "run_manifest": {
    "schema_version": 1,
    "status": "complete",
    "experiment_id": "E3",
    "outer_fold": 9,
    "seed": 123,
    "device": "cuda",
    "smoke": false,
    "allow_test_evaluation": false,
    "resume": false,
    "config_sha256": "1d812bbfb45e9ca90e2654b41311954fd6e66a56e1bbcdbfba48df8147d0ae1b",
    "split_sha256": "6bc7ad74c07ff05f1d880cb5e720eea12386824ef465b966507906fa248925de",
    "git_commit": "88a5d2ccc231e2529b35847ba9b127a6aebe2e8e",
    "git_dirty": false,
    "runner_code_sha256": "12245ec0d2fe51a0843ed873d3080f752db23621c6e2b583bba4922be9be9a39",
    "config_path": "configs/experiments_v2.json",
    "split_path": "data/splits/sleepedf_sc_10fold_seed42_v2.json",
    "data_variant": "filtered_v2",
    "role_records": {
      "train": [
        "SC4011E",
        "SC4012E",
        "SC4021E",
        "SC4022E",
        "SC4031E",
        "SC4032E",
        "SC4041E",
        "SC4042E",
        "SC4051E",
        "SC4052E",
        "SC4061E",
        "SC4062E",
        "SC4071E",
        "SC4072E",
        "SC4091E",
        "SC4092E",
        "SC4101E",
        "SC4102E",
        "SC4111E",
        "SC4112E",
        "SC4121E",
        "SC4122E",
        "SC4151E",
        "SC4152E",
        "SC4161E",
        "SC4162E",
        "SC4171E",
        "SC4172E",
        "SC4181E",
        "SC4182E",
        "SC4191E",
        "SC4192E",
        "SC4201E",
        "SC4202E",
        "SC4211E",
        "SC4212E",
        "SC4221E",
        "SC4222E",
        "SC4231E",
        "SC4232E",
        "SC4241E",
        "SC4242E",
        "SC4261F",
        "SC4262F",
        "SC4271F",
        "SC4272F",
        "SC4291G",
        "SC4292G",
        "SC4301E",
        "SC4302E",
        "SC4311E",
        "SC4312E",
        "SC4321E",
        "SC4322E",
        "SC4341F",
        "SC4342F",
        "SC4351F",
        "SC4352F",
        "SC4371F",
        "SC4372F",
        "SC4381F",
        "SC4382F",
        "SC4401E",
        "SC4402E",
        "SC4421E",
        "SC4422E",
        "SC4431E",
        "SC4432E",
        "SC4441E",
        "SC4442E",
        "SC4451F",
        "SC4452F",
        "SC4461F",
        "SC4462F",
        "SC4471F",
        "SC4472F",
        "SC4481F",
        "SC4482F",
        "SC4491G",
        "SC4492G",
        "SC4501E",
        "SC4502E",
        "SC4522E",
        "SC4531E",
        "SC4532E",
        "SC4551F",
        "SC4552F",
        "SC4561F",
        "SC4562F",
        "SC4571F",
        "SC4572F",
        "SC4581G",
        "SC4582G",
        "SC4591G",
        "SC4592G",
        "SC4621E",
        "SC4622E",
        "SC4631E",
        "SC4632E",
        "SC4641E",
        "SC4642E",
        "SC4651E",
        "SC4652E",
        "SC4701E",
        "SC4702E",
        "SC4711E",
        "SC4712E",
        "SC4721E",
        "SC4722E",
        "SC4731E",
        "SC4732E",
        "SC4741E",
        "SC4742E",
        "SC4751E",
        "SC4752E",
        "SC4761E",
        "SC4762E",
        "SC4771G",
        "SC4772G",
        "SC4801G",
        "SC4802G",
        "SC4811G",
        "SC4812G",
        "SC4821G",
        "SC4822G"
      ],
      "validation": [
        "SC4001E",
        "SC4002E",
        "SC4251E",
        "SC4252E",
        "SC4281G",
        "SC4282G",
        "SC4331F",
        "SC4332F",
        "SC4411E",
        "SC4412E",
        "SC4511E",
        "SC4512E",
        "SC4601E",
        "SC4602E",
        "SC4611E",
        "SC4612E"
      ],
      "test": "locked_until_best_checkpoint"
    },
    "extractor_sha256": "bc35c341c16e15ec56545ba5e18b7ef8b62a1975acff1301ffccf73dd56e06a1",
    "sequence_checkpoint_sha256": "f3856f1c9ba63c5ad58ef87247b1f541d6af60af48d92c6ff2a0c99112a2dc71",
    "metrics_roles": [
      "validation"
    ]
  },
  "metrics": {
    "validation": {
      "n_valid_epochs": 19506,
      "accuracy": 0.8118527632523326,
      "macro_f1": 0.7728158713915529,
      "cohen_kappa": 0.747044544398419,
      "confusion_matrix": [
        [
          5398,
          461,
          27,
          1,
          85
        ],
        [
          210,
          1121,
          623,
          30,
          85
        ],
        [
          28,
          528,
          5655,
          335,
          138
        ],
        [
          5,
          2,
          323,
          1575,
          1
        ],
        [
          61,
          109,
          579,
          39,
          2087
        ]
      ],
      "per_class": {
        "W": {
          "precision": 0.9466853735531392,
          "recall": 0.9038847957133289,
          "f1": 0.9247901319170806,
          "support": 5972
        },
        "N1": {
          "precision": 0.5047276001800991,
          "recall": 0.541807636539391,
          "f1": 0.5226107226107225,
          "support": 2069
        },
        "N2": {
          "precision": 0.7846538087970029,
          "recall": 0.8460502692998204,
          "f1": 0.8141962421711898,
          "support": 6684
        },
        "N3": {
          "precision": 0.7954545454545454,
          "recall": 0.8263378803777545,
          "f1": 0.8106021616057644,
          "support": 1906
        },
        "REM": {
          "precision": 0.8710350584307178,
          "recall": 0.7259130434782609,
          "f1": 0.7918800986530069,
          "support": 2875
        }
      }
    }
  }
}
{
  "schema_version": 1,
  "passed": true,
  "experiment_id": "E3",
  "outer_fold": 9,
  "seed": 123,
  "smoke": false,
  "manifest_sha256": "17a24da0f7df753b39e09766b1758fdbe8e6c9de528d972d57c946a29393c391",
  "sequence_checkpoint_sha256": "f3856f1c9ba63c5ad58ef87247b1f541d6af60af48d92c6ff2a0c99112a2dc71",
  "roles": {
    "validation": {
      "records": 16,
      "valid_epochs": 19506,
      "prediction_sha256": "2c29baff65dcf000b509cf520480aae366bbe8565905d34ebde6173850ccb48f",
      "metrics_sha256": "d76e018d1a5e8f4eff5bdb3c53a2573019ed4778a4f4fef77941eafc3c356dbd"
    }
  }
}
{
  "run_manifest": {
    "schema_version": 1,
    "status": "complete",
    "experiment_id": "E4",
    "outer_fold": 9,
    "seed": 123,
    "device": "cuda",
    "smoke": false,
    "allow_test_evaluation": false,
    "resume": false,
    "config_sha256": "1d812bbfb45e9ca90e2654b41311954fd6e66a56e1bbcdbfba48df8147d0ae1b",
    "split_sha256": "6bc7ad74c07ff05f1d880cb5e720eea12386824ef465b966507906fa248925de",
    "git_commit": "88a5d2ccc231e2529b35847ba9b127a6aebe2e8e",
    "git_dirty": false,
    "runner_code_sha256": "12245ec0d2fe51a0843ed873d3080f752db23621c6e2b583bba4922be9be9a39",
    "config_path": "configs/experiments_v2.json",
    "split_path": "data/splits/sleepedf_sc_10fold_seed42_v2.json",
    "data_variant": "bandpass_v2",
    "role_records": {
      "train": [
        "SC4011E",
        "SC4012E",
        "SC4021E",
        "SC4022E",
        "SC4031E",
        "SC4032E",
        "SC4041E",
        "SC4042E",
        "SC4051E",
        "SC4052E",
        "SC4061E",
        "SC4062E",
        "SC4071E",
        "SC4072E",
        "SC4091E",
        "SC4092E",
        "SC4101E",
        "SC4102E",
        "SC4111E",
        "SC4112E",
        "SC4121E",
        "SC4122E",
        "SC4151E",
        "SC4152E",
        "SC4161E",
        "SC4162E",
        "SC4171E",
        "SC4172E",
        "SC4181E",
        "SC4182E",
        "SC4191E",
        "SC4192E",
        "SC4201E",
        "SC4202E",
        "SC4211E",
        "SC4212E",
        "SC4221E",
        "SC4222E",
        "SC4231E",
        "SC4232E",
        "SC4241E",
        "SC4242E",
        "SC4261F",
        "SC4262F",
        "SC4271F",
        "SC4272F",
        "SC4291G",
        "SC4292G",
        "SC4301E",
        "SC4302E",
        "SC4311E",
        "SC4312E",
        "SC4321E",
        "SC4322E",
        "SC4341F",
        "SC4342F",
        "SC4351F",
        "SC4352F",
        "SC4371F",
        "SC4372F",
        "SC4381F",
        "SC4382F",
        "SC4401E",
        "SC4402E",
        "SC4421E",
        "SC4422E",
        "SC4431E",
        "SC4432E",
        "SC4441E",
        "SC4442E",
        "SC4451F",
        "SC4452F",
        "SC4461F",
        "SC4462F",
        "SC4471F",
        "SC4472F",
        "SC4481F",
        "SC4482F",
        "SC4491G",
        "SC4492G",
        "SC4501E",
        "SC4502E",
        "SC4522E",
        "SC4531E",
        "SC4532E",
        "SC4551F",
        "SC4552F",
        "SC4561F",
        "SC4562F",
        "SC4571F",
        "SC4572F",
        "SC4581G",
        "SC4582G",
        "SC4591G",
        "SC4592G",
        "SC4621E",
        "SC4622E",
        "SC4631E",
        "SC4632E",
        "SC4641E",
        "SC4642E",
        "SC4651E",
        "SC4652E",
        "SC4701E",
        "SC4702E",
        "SC4711E",
        "SC4712E",
        "SC4721E",
        "SC4722E",
        "SC4731E",
        "SC4732E",
        "SC4741E",
        "SC4742E",
        "SC4751E",
        "SC4752E",
        "SC4761E",
        "SC4762E",
        "SC4771G",
        "SC4772G",
        "SC4801G",
        "SC4802G",
        "SC4811G",
        "SC4812G",
        "SC4821G",
        "SC4822G"
      ],
      "validation": [
        "SC4001E",
        "SC4002E",
        "SC4251E",
        "SC4252E",
        "SC4281G",
        "SC4282G",
        "SC4331F",
        "SC4332F",
        "SC4411E",
        "SC4412E",
        "SC4511E",
        "SC4512E",
        "SC4601E",
        "SC4602E",
        "SC4611E",
        "SC4612E"
      ],
      "test": "locked_until_best_checkpoint"
    },
    "extractor_sha256": "1863c9082714bf1c9cf8d8aa5ee7582ebb033c1f5bfa0566a79ed8f33e68510b",
    "sequence_checkpoint_sha256": "6c896701738d5f1634970bec6f7f6ef2a93145bc1888d192995ee36e8e16c4bf",
    "metrics_roles": [
      "validation"
    ]
  },
  "metrics": {
    "validation": {
      "n_valid_epochs": 19506,
      "accuracy": 0.819286373423562,
      "macro_f1": 0.7726947675279606,
      "cohen_kappa": 0.7570612251439447,
      "confusion_matrix": [
        [
          5550,
          286,
          26,
          4,
          106
        ],
        [
          319,
          952,
          633,
          47,
          118
        ],
        [
          39,
          455,
          5586,
          406,
          198
        ],
        [
          2,
          1,
          267,
          1634,
          2
        ],
        [
          60,
          65,
          419,
          72,
          2259
        ]
      ],
      "per_class": {
        "W": {
          "precision": 0.9296482412060302,
          "recall": 0.9293369055592766,
          "f1": 0.9294925473120081,
          "support": 5972
        },
        "N1": {
          "precision": 0.5412166003411029,
          "recall": 0.4601256645722571,
          "f1": 0.497387669801463,
          "support": 2069
        },
        "N2": {
          "precision": 0.8059443081806377,
          "recall": 0.8357271095152603,
          "f1": 0.8205655526992288,
          "support": 6684
        },
        "N3": {
          "precision": 0.7554322699953768,
          "recall": 0.857292759706191,
          "f1": 0.8031457360530843,
          "support": 1906
        },
        "REM": {
          "precision": 0.8419679463287365,
          "recall": 0.7857391304347826,
          "f1": 0.8128823317740195,
          "support": 2875
        }
      }
    }
  }
}
{
  "schema_version": 1,
  "passed": true,
  "experiment_id": "E4",
  "outer_fold": 9,
  "seed": 123,
  "smoke": false,
  "manifest_sha256": "8d336489b73746514b61ee39dbfd681895491dfd507ba41338f12855961943a4",
  "sequence_checkpoint_sha256": "6c896701738d5f1634970bec6f7f6ef2a93145bc1888d192995ee36e8e16c4bf",
  "roles": {
    "validation": {
      "records": 16,
      "valid_epochs": 19506,
      "prediction_sha256": "a27d78958bcb76cbb08f503f05fd90f061f292eaa7679f44c515f5e03f6fe904",
      "metrics_sha256": "29a6b9b033ff1037f10a9285377f846ff375a88dc7685ebab69722ae8611672b"
    }
  }
}
{
  "run_manifest": {
    "schema_version": 1,
    "status": "complete",
    "experiment_id": "E6",
    "outer_fold": 9,
    "seed": 123,
    "device": "cuda",
    "smoke": false,
    "allow_test_evaluation": false,
    "resume": false,
    "config_sha256": "1d812bbfb45e9ca90e2654b41311954fd6e66a56e1bbcdbfba48df8147d0ae1b",
    "split_sha256": "6bc7ad74c07ff05f1d880cb5e720eea12386824ef465b966507906fa248925de",
    "git_commit": "88a5d2ccc231e2529b35847ba9b127a6aebe2e8e",
    "git_dirty": false,
    "runner_code_sha256": "12245ec0d2fe51a0843ed873d3080f752db23621c6e2b583bba4922be9be9a39",
    "config_path": "configs/experiments_v2.json",
    "split_path": "data/splits/sleepedf_sc_10fold_seed42_v2.json",
    "data_variant": "filtered_zscore_v2",
    "role_records": {
      "train": [
        "SC4011E",
        "SC4012E",
        "SC4021E",
        "SC4022E",
        "SC4031E",
        "SC4032E",
        "SC4041E",
        "SC4042E",
        "SC4051E",
        "SC4052E",
        "SC4061E",
        "SC4062E",
        "SC4071E",
        "SC4072E",
        "SC4091E",
        "SC4092E",
        "SC4101E",
        "SC4102E",
        "SC4111E",
        "SC4112E",
        "SC4121E",
        "SC4122E",
        "SC4151E",
        "SC4152E",
        "SC4161E",
        "SC4162E",
        "SC4171E",
        "SC4172E",
        "SC4181E",
        "SC4182E",
        "SC4191E",
        "SC4192E",
        "SC4201E",
        "SC4202E",
        "SC4211E",
        "SC4212E",
        "SC4221E",
        "SC4222E",
        "SC4231E",
        "SC4232E",
        "SC4241E",
        "SC4242E",
        "SC4261F",
        "SC4262F",
        "SC4271F",
        "SC4272F",
        "SC4291G",
        "SC4292G",
        "SC4301E",
        "SC4302E",
        "SC4311E",
        "SC4312E",
        "SC4321E",
        "SC4322E",
        "SC4341F",
        "SC4342F",
        "SC4351F",
        "SC4352F",
        "SC4371F",
        "SC4372F",
        "SC4381F",
        "SC4382F",
        "SC4401E",
        "SC4402E",
        "SC4421E",
        "SC4422E",
        "SC4431E",
        "SC4432E",
        "SC4441E",
        "SC4442E",
        "SC4451F",
        "SC4452F",
        "SC4461F",
        "SC4462F",
        "SC4471F",
        "SC4472F",
        "SC4481F",
        "SC4482F",
        "SC4491G",
        "SC4492G",
        "SC4501E",
        "SC4502E",
        "SC4522E",
        "SC4531E",
        "SC4532E",
        "SC4551F",
        "SC4552F",
        "SC4561F",
        "SC4562F",
        "SC4571F",
        "SC4572F",
        "SC4581G",
        "SC4582G",
        "SC4591G",
        "SC4592G",
        "SC4621E",
        "SC4622E",
        "SC4631E",
        "SC4632E",
        "SC4641E",
        "SC4642E",
        "SC4651E",
        "SC4652E",
        "SC4701E",
        "SC4702E",
        "SC4711E",
        "SC4712E",
        "SC4721E",
        "SC4722E",
        "SC4731E",
        "SC4732E",
        "SC4741E",
        "SC4742E",
        "SC4751E",
        "SC4752E",
        "SC4761E",
        "SC4762E",
        "SC4771G",
        "SC4772G",
        "SC4801G",
        "SC4802G",
        "SC4811G",
        "SC4812G",
        "SC4821G",
        "SC4822G"
      ],
      "validation": [
        "SC4001E",
        "SC4002E",
        "SC4251E",
        "SC4252E",
        "SC4281G",
        "SC4282G",
        "SC4331F",
        "SC4332F",
        "SC4411E",
        "SC4412E",
        "SC4511E",
        "SC4512E",
        "SC4601E",
        "SC4602E",
        "SC4611E",
        "SC4612E"
      ],
      "test": "locked_until_best_checkpoint"
    },
    "extractor_sha256": "1d2ecfae7cebae107f759f590d77f5cdad04dde7aca8aa6bf479112cb9cfd4e7",
    "sequence_checkpoint_sha256": "5581725ebb50e26fa3d71924b40778b4a7869c398164de9b4de6644cd06196b1",
    "metrics_roles": [
      "validation"
    ]
  },
  "metrics": {
    "validation": {
      "n_valid_epochs": 19506,
      "accuracy": 0.8082128575822823,
      "macro_f1": 0.7581440962348466,
      "cohen_kappa": 0.7415652577885273,
      "confusion_matrix": [
        [
          5570,
          277,
          27,
          2,
          96
        ],
        [
          331,
          916,
          668,
          40,
          114
        ],
        [
          41,
          465,
          5523,
          439,
          216
        ],
        [
          1,
          0,
          387,
          1518,
          0
        ],
        [
          52,
          80,
          449,
          56,
          2238
        ]
      ],
      "per_class": {
        "W": {
          "precision": 0.9291075896580484,
          "recall": 0.9326858673811118,
          "f1": 0.9308932898805047,
          "support": 5972
        },
        "N1": {
          "precision": 0.5270425776754891,
          "recall": 0.44272595456742386,
          "f1": 0.4812188074599422,
          "support": 2069
        },
        "N2": {
          "precision": 0.7829600226821661,
          "recall": 0.8263016157989228,
          "f1": 0.8040471684379095,
          "support": 6684
        },
        "N3": {
          "precision": 0.7386861313868613,
          "recall": 0.7964323189926548,
          "f1": 0.7664731128502903,
          "support": 1906
        },
        "REM": {
          "precision": 0.8400900900900901,
          "recall": 0.7784347826086957,
          "f1": 0.8080881025455858,
          "support": 2875
        }
      }
    }
  }
}
{
  "schema_version": 1,
  "passed": true,
  "experiment_id": "E6",
  "outer_fold": 9,
  "seed": 123,
  "smoke": false,
  "manifest_sha256": "7ff090532dc186a76a7daf571a632fe737de380bb417663eaa23fef54ae1956b",
  "sequence_checkpoint_sha256": "5581725ebb50e26fa3d71924b40778b4a7869c398164de9b4de6644cd06196b1",
  "roles": {
    "validation": {
      "records": 16,
      "valid_epochs": 19506,
      "prediction_sha256": "656bcef977eb085ea4999dc85780fbaa838fca29b39a78b0c3145fb3b5da7ea9",
      "metrics_sha256": "3d58cdea4f57e37e3016ff1e9b1a133adc0cc4388ea072ec4516d15b8338761f"
    }
  }
}
========== DONE fold_09 seed 123 2026-08-22T04:15:18+00:00 ==========
ALL 10 FOLDS COMPLETED FOR SEED 123
[?2004h(.venv) root@blazing-kite:/workspace/SleepTCN# 