representation,x,y,stage,stage_id,subject_id
E1,-6.667150974273682,-12.16362476348877,N1,1,SC451
E1,-4.955046653747559,-14.383546829223633,REM,4,SC460
E1,29.841960906982422,-5.199873447418213,N3,3,SC461
E1,41.083457946777344,0.9106147885322571,N3,3,SC461
E1,-41.054603576660156,-15.243264198303223,REM,4,SC400
E1,-33.328651428222656,-2.395996570587158,N1,1,SC425
E1,-14.582266807556152,13.210875511169434,N1,1,SC441
E1,-17.75517463684082,1.459006905555725,N1,1,SC433
E1,-24.554492950439453,-6.501904487609863,REM,4,SC460
E1,-6.663263320922852,-5.115322589874268,N2,2,SC441
E1,-5.317322254180908,-12.87662124633789,REM,4,SC460
E1,7.284061431884766,-20.656633377075195,N2,2,SC425
E1,-15.570517539978027,-10.65948486328125,N2,2,SC425
E1,-0.2844551205635071,4.262556076049805,W,0,SC428
E1,2.2291436195373535,-15.86035442352295,N2,2,SC433
E1,3.8296685218811035,-12.756219863891602,N2,2,SC441
E1,52.8681526184082,5.036695957183838,N3,3,SC400
E1,13.596668243408203,-12.1373929977417,N2,2,SC460
E1,-0.36380770802497864,38.69298553466797,W,0,SC451
E1,-26.61139678955078,-12.46633529663086,REM,4,SC461
E1,5.123870372772217,-22.25116729736328,N2,2,SC425
E1,-25.797828674316406,-5.381590366363525,N1,1,SC400
E1,-22.973037719726562,-14.610916137695312,REM,4,SC441
E1,21.979473114013672,-15.385902404785156,N2,2,SC425
E1,-36.38356399536133,-15.488983154296875,N1,1,SC400
E1,4.058109760284424,-22.29296112060547,N2,2,SC428
E1,0.6049667596817017,0.5965862274169922,N1,1,SC441
E1,-6.018202304840088,44.96039581298828,W,0,SC451
E1,5.914113998413086,-22.09524917602539,N2,2,SC425
E1,-23.63642692565918,5.171492576599121,N1,1,SC425
E1,-16.748727798461914,-9.646051406860352,N2,2,SC451
E1,41.96661376953125,1.109540343284607,N3,3,SC461
E1,-10.405879020690918,20.283388137817383,N1,1,SC441
E1,-3.7806577682495117,46.75652313232422,W,0,SC451
E1,31.773191452026367,-6.531595706939697,N2,2,SC460
E1,15.4196138381958,-13.246288299560547,N2,2,SC461
E1,43.67976379394531,-0.5589718818664551,N3,3,SC441
E1,-6.780608177185059,-13.47330379486084,N2,2,SC451
E1,27.229663848876953,-9.555578231811523,N2,2,SC460
E1,-11.201302528381348,-13.778871536254883,N1,1,SC460
E1,-22.572284698486328,-13.497391700744629,N2,2,SC441
E1,-7.1225905418396,33.89003372192383,W,0,SC460
E1,-35.80870056152344,-18.79545021057129,REM,4,SC400
E1,-41.31071090698242,-14.284187316894531,REM,4,SC400
E1,-38.62394714355469,-13.491595268249512,REM,4,SC433
E1,13.934067726135254,-8.673995971679688,N2,2,SC460
E1,-14.58549976348877,0.4803447425365448,N1,1,SC433
E1,8.882575988769531,-8.919858932495117,N1,1,SC441
E1,20.801715850830078,-14.404614448547363,N2,2,SC441
E1,-10.26845932006836,-6.829545974731445,N1,1,SC460
E1,51.80734634399414,4.455097198486328,N3,3,SC428
E1,-4.473874092102051,38.15117645263672,W,0,SC451
E1,2.30938982963562,-15.385013580322266,N2,2,SC451
E1,-9.572914123535156,-4.5293755531311035,REM,4,SC460
E1,-0.13842833042144775,-18.482999801635742,N1,1,SC433
E1,-26.635746002197266,-7.053283214569092,N1,1,SC425
E1,18.562908172607422,-12.167863845825195,N2,2,SC441
E1,-6.816349506378174,-8.362467765808105,N2,2,SC451
E1,3.9078214168548584,-15.968463897705078,N2,2,SC433
E1,-1.2091363668441772,-16.489479064941406,REM,4,SC460
E1,1.21153724193573,-3.6411325931549072,N2,2,SC461
E1,-31.14737892150879,-11.459778785705566,REM,4,SC433
E1,-5.761224746704102,40.01041030883789,W,0,SC400
E1,-10.666924476623535,18.17048454284668,W,0,SC451
E1,-31.057876586914062,-5.808806419372559,REM,4,SC451
E1,-25.0047607421875,3.8524069786071777,N1,1,SC425
E1,0.17315717041492462,2.040468215942383,W,0,SC451
E1,-8.68915843963623,-6.333778381347656,N1,1,SC451
E1,28.453140258789062,-1.4359349012374878,N3,3,SC461
E1,-37.638023376464844,-14.84924602508545,REM,4,SC428
E1,34.41859817504883,3.415475845336914,N3,3,SC400
E1,-23.859432220458984,4.536317825317383,REM,4,SC433
E1,-37.0194206237793,-14.484750747680664,REM,4,SC400
E1,-7.513649940490723,22.951976776123047,W,0,SC400
E1,34.42008590698242,2.263911485671997,N3,3,SC460
E1,12.419623374938965,-20.480499267578125,N2,2,SC428
E1,-7.7967610359191895,-8.79670524597168,N2,2,SC451
E1,21.347949981689453,-14.894646644592285,N3,3,SC425
E1,-23.363697052001953,6.800293922424316,N1,1,SC400
E1,-20.03864860534668,3.8013486862182617,REM,4,SC433
E1,39.6195068359375,8.32679557800293,N3,3,SC400
E1,-20.530057907104492,-8.126750946044922,N1,1,SC400
E1,-16.151390075683594,8.54526424407959,W,0,SC425
E1,13.799848556518555,-22.023334503173828,N2,2,SC400
E1,-28.05606460571289,-3.523639440536499,REM,4,SC441
E1,-10.520126342773438,-4.650295257568359,N1,1,SC400
E1,-38.08304214477539,-16.32683563232422,REM,4,SC428
E1,-30.381872177124023,-8.547832489013672,REM,4,SC441
E1,-24.390283584594727,5.015130996704102,REM,4,SC433
E1,-23.81876564025879,-16.09522819519043,REM,4,SC400
E1,-14.651264190673828,0.8482932448387146,N1,1,SC433
E1,46.20924758911133,6.132734298706055,N3,3,SC428
E1,-13.512261390686035,-9.838934898376465,REM,4,SC461
E1,24.806066513061523,0.8057135343551636,N2,2,SC461
E1,-32.827789306640625,-6.821762561798096,REM,4,SC425
E1,38.37678146362305,0.27957233786582947,N1,1,SC461
E1,-35.29353713989258,-13.167743682861328,REM,4,SC433
E1,-10.180726051330566,21.058380126953125,W,0,SC441
E1,-18.986557006835938,-15.228056907653809,REM,4,SC460
E1,-35.677276611328125,-13.908987045288086,N1,1,SC400
E1,24.942590713500977,-10.31439208984375,N3,3,SC425
E1,12.08246898651123,-19.496761322021484,N2,2,SC400
E1,-9.316304206848145,1.5220551490783691,N1,1,SC400
E1,49.01103210449219,8.867140769958496,N3,3,SC400
E1,-34.64813995361328,-19.992158889770508,REM,4,SC428
E1,-32.42824935913086,-12.142053604125977,N1,1,SC425
E1,0.32687079906463623,-13.225132942199707,N1,1,SC461
E1,0.3614809215068817,39.59425354003906,W,0,SC428
E1,-40.42137908935547,-12.18895435333252,REM,4,SC428
E1,-9.042703628540039,-8.462590217590332,REM,4,SC451
E1,-8.957959175109863,40.45610809326172,W,0,SC433
E1,41.55794906616211,2.365231990814209,N3,3,SC461
E1,-5.155534267425537,-0.18559770286083221,REM,4,SC461
E1,0.7248510122299194,-18.619117736816406,N2,2,SC428
E1,-23.130373001098633,-10.376042366027832,N2,2,SC425
E1,-19.75242042541504,10.971198081970215,W,0,SC461
E1,53.325618743896484,5.472027778625488,N3,3,SC400
E1,17.96702766418457,-5.485795974731445,N3,3,SC451
E1,-12.304045677185059,19.57099151611328,W,0,SC441
E1,23.13553810119629,-2.3159732818603516,REM,4,SC461
E1,27.133441925048828,-1.4284121990203857,N3,3,SC425
E1,14.051448822021484,-19.179988861083984,N2,2,SC428
E1,-15.879374504089355,7.810183525085449,W,0,SC425
E1,50.62715148925781,6.418874740600586,N3,3,SC400
E1,40.21026611328125,4.236926078796387,N3,3,SC400
E1,-4.920473575592041,47.358551025390625,W,0,SC461
E1,37.70319366455078,2.2521305084228516,N1,1,SC461
E1,-19.14106559753418,4.806222915649414,N1,1,SC428
E1,50.14277648925781,5.590792179107666,N3,3,SC428
E1,-7.834606170654297,-14.539426803588867,N2,2,SC433
E1,-12.166513442993164,-3.5530200004577637,N1,1,SC460
E1,46.53241729736328,6.279737949371338,N3,3,SC428
E1,50.25874328613281,4.545638084411621,N3,3,SC428
E1,15.58254623413086,-14.630688667297363,N2,2,SC441
E1,0.8340524435043335,-0.8000956773757935,N1,1,SC433
E1,-5.981016159057617,34.35647201538086,W,0,SC433
E1,-18.28794288635254,0.5997052192687988,N1,1,SC460
E1,-10.816265106201172,31.659406661987305,W,0,SC428
E1,-7.964515209197998,23.634315490722656,W,0,SC451
E1,18.560131072998047,-1.3850431442260742,REM,4,SC461
E1,-10.07766342163086,17.992734909057617,W,0,SC451
E1,-9.483102798461914,38.768550872802734,W,0,SC461
E1,-39.736083984375,-16.418188095092773,REM,4,SC400
E1,44.518089294433594,5.850163459777832,N3,3,SC441
E1,7.964060306549072,-19.237581253051758,N2,2,SC451
E1,50.85801696777344,7.210397243499756,N3,3,SC460
E1,-8.816023826599121,39.41852951049805,W,0,SC425
E1,28.23065757751465,-3.3862438201904297,N3,3,SC425
E1,-10.151639938354492,-7.949263095855713,REM,4,SC451
E1,-3.5244944095611572,35.17142868041992,W,0,SC460
E1,-15.489383697509766,3.4929840564727783,W,0,SC460
E1,-22.70196533203125,0.04006033018231392,REM,4,SC441
E1,1.1181020736694336,3.2018380165100098,W,0,SC441
E1,31.19705581665039,-0.5908600687980652,N3,3,SC461
E1,-29.92123031616211,-11.19918155670166,N1,1,SC425
E1,-33.744232177734375,-15.241866111755371,REM,4,SC428
E1,55.01678466796875,7.688825607299805,N3,3,SC400
E1,-3.8304364681243896,45.50074005126953,W,0,SC433
E1,5.246806621551514,-16.967010498046875,N2,2,SC441
E1,-9.915792465209961,16.34491729736328,W,0,SC451
E1,-19.85159683227539,-17.530832290649414,N1,1,SC400
E1,-33.647239685058594,-11.946382522583008,REM,4,SC400
E1,-5.147258281707764,43.88092041015625,W,0,SC428
E1,-7.364093780517578,29.120271682739258,W,0,SC400
E1,-35.634517669677734,-12.45810604095459,REM,4,SC425
E1,48.87657165527344,5.173160552978516,N3,3,SC441
E1,-12.975869178771973,17.921119689941406,W,0,SC433
E1,-32.18619918823242,-15.808952331542969,REM,4,SC425
E1,1.6477141380310059,-17.74649429321289,N2,2,SC451
E1,-7.053371906280518,-10.979737281799316,REM,4,SC461
E1,16.673049926757812,-10.273679733276367,REM,4,SC460
E1,-33.26786804199219,-5.7026824951171875,REM,4,SC451
E1,-10.160444259643555,33.43492889404297,W,0,SC460
E1,-16.399105072021484,4.223142147064209,N2,2,SC428
E1,-19.13353157043457,-0.8143589496612549,REM,4,SC433
E1,22.236434936523438,-14.29829216003418,N3,3,SC441
E1,-6.222010135650635,39.79628372192383,W,0,SC433
E1,-9.2681884765625,17.025358200073242,W,0,SC400
E1,-4.5462493896484375,37.08391571044922,W,0,SC425
E1,5.61842679977417,-21.96707534790039,N2,2,SC433
E1,-19.40843391418457,4.169286727905273,N1,1,SC400
E1,-7.519547462463379,-7.104491233825684,REM,4,SC460
E1,-8.682717323303223,31.433813095092773,W,0,SC428
E1,-11.572941780090332,-9.216879844665527,N1,1,SC461
E1,14.004408836364746,-8.036330223083496,N3,3,SC451
E1,9.03847885131836,-7.52517557144165,N1,1,SC400
E1,-13.235048294067383,-8.340359687805176,N1,1,SC433
E1,8.364053726196289,-21.946699142456055,N2,2,SC425
E1,-4.648252964019775,35.95798873901367,W,0,SC433
E1,-6.292644500732422,27.561386108398438,W,0,SC428
E1,-32.31890869140625,-1.8168212175369263,N1,1,SC400
E1,-9.386857032775879,22.61087989807129,W,0,SC441
E1,53.408260345458984,7.571829319000244,N3,3,SC428
E1,21.672971725463867,-14.70535945892334,N2,2,SC428
E1,-19.280986785888672,7.068463325500488,N1,1,SC428
E1,-16.20352554321289,10.854952812194824,N1,1,SC428
E1,-7.926537036895752,-6.118502140045166,N2,2,SC428
E1,-9.968628883361816,22.90024757385254,W,0,SC441
E1,22.532331466674805,0.15452715754508972,REM,4,SC461
E1,7.581874847412109,-18.457551956176758,N2,2,SC433
E1,1.7796969413757324,-1.0573102235794067,W,0,SC441
E1,26.342634201049805,-1.6816093921661377,N3,3,SC461
E1,5.732914447784424,-17.88974952697754,N2,2,SC428
E1,-31.558935165405273,-8.142047882080078,REM,4,SC425
E1,-4.386608600616455,45.68060302734375,W,0,SC428
E1,12.89699649810791,-21.94537925720215,N2,2,SC425
E1,17.124420166015625,-19.53152847290039,N2,2,SC428
E1,10.333728790283203,-23.133413314819336,N2,2,SC400
E1,-1.949137806892395,38.97959518432617,W,0,SC428
E1,38.28504943847656,1.3854023218154907,N1,1,SC461
E1,4.494372844696045,-17.724027633666992,N2,2,SC433
E1,-30.717561721801758,-10.295401573181152,REM,4,SC460
E1,18.870817184448242,-16.334558486938477,N2,2,SC461
E1,-16.903430938720703,12.221616744995117,N1,1,SC428
E1,-19.728086471557617,4.991799354553223,N1,1,SC451
E1,19.006549835205078,-17.6547794342041,N3,3,SC425
E1,-5.445902347564697,29.72726821899414,W,0,SC428
E1,-32.05195999145508,-1.4850674867630005,REM,4,SC441
E1,55.45014572143555,7.338958740234375,N3,3,SC400
E1,11.94577693939209,-23.277118682861328,N2,2,SC400
E1,49.062442779541016,3.7305591106414795,N3,3,SC441
E1,-6.1898193359375,-12.341939926147461,N1,1,SC461
E1,26.286867141723633,-11.621546745300293,N3,3,SC425
E1,-11.142522811889648,36.415916442871094,W,0,SC451
E1,42.62603759765625,-0.12443247437477112,N3,3,SC441
E1,6.775128364562988,-14.805477142333984,N2,2,SC461
E1,-19.65079689025879,-16.086957931518555,REM,4,SC441
E1,-23.205595016479492,-4.602039813995361,REM,4,SC441
E1,-33.83707809448242,-0.6061882376670837,N1,1,SC400
E1,43.91763687133789,3.6741602420806885,N3,3,SC428
E1,-37.71841049194336,-13.523443222045898,REM,4,SC428
E1,-8.988069534301758,19.747215270996094,W,0,SC460
E1,-4.2038750648498535,33.82658386230469,W,0,SC441
E1,51.98130416870117,5.856109619140625,N3,3,SC428
E1,39.482215881347656,-0.4403783679008484,N3,3,SC461
E1,-40.41464614868164,-13.86392879486084,REM,4,SC400
E1,-22.160158157348633,-16.920330047607422,REM,4,SC400
E1,4.5609307289123535,-13.172290802001953,N2,2,SC460
E1,51.610557556152344,8.57492446899414,N3,3,SC400
E1,43.14486312866211,4.092431545257568,N3,3,SC461
E1,-15.16531753540039,-8.782586097717285,REM,4,SC461
E1,-19.167736053466797,-15.27625846862793,REM,4,SC441
E1,28.649354934692383,-10.803427696228027,N2,2,SC400
E1,22.72831153869629,-11.754791259765625,REM,4,SC460
E1,-11.78586483001709,14.914656639099121,N1,1,SC425
E1,-22.893199920654297,5.966758728027344,W,0,SC425
E1,-39.94934844970703,-12.946534156799316,REM,4,SC428
E1,-8.294339179992676,-12.948177337646484,N2,2,SC451
E1,28.83905029296875,0.38730794191360474,N3,3,SC400
E1,40.46680450439453,8.114805221557617,N3,3,SC441
E1,-16.889501571655273,0.9259579181671143,N1,1,SC433
E1,-4.495678901672363,39.69256591796875,W,0,SC433
E1,-40.12832260131836,-14.599506378173828,REM,4,SC425
E1,-20.414304733276367,3.0644776821136475,N1,1,SC425
E1,-39.69475173950195,-13.785428047180176,REM,4,SC428
E1,-0.0068747601471841335,-1.5295131206512451,N1,1,SC460
E1,-17.815629959106445,8.898138046264648,W,0,SC451
E1,20.843494415283203,-2.7517006397247314,REM,4,SC461
E1,16.22754669189453,-10.603835105895996,N2,2,SC451
E1,52.8254280090332,7.313351631164551,N3,3,SC428
E1,-5.975366115570068,43.166221618652344,W,0,SC425
E1,16.25863265991211,-11.931416511535645,N2,2,SC460
E1,-9.033112525939941,41.080535888671875,W,0,SC425
E1,6.506734371185303,-13.173090934753418,N2,2,SC461
E1,-37.14014434814453,-10.239005088806152,REM,4,SC428
E1,-0.6433828473091125,-3.199066638946533,N1,1,SC460
E1,51.19212341308594,7.5369343757629395,N3,3,SC428
E1,-13.51936149597168,21.237823486328125,W,0,SC425
E1,48.208438873291016,5.956974029541016,N3,3,SC428
E1,21.37450408935547,1.3583236932754517,N1,1,SC461
E1,1.2973711490631104,-14.913601875305176,N2,2,SC461
E1,30.0219783782959,-7.435347557067871,N3,3,SC441
E1,28.001096725463867,-0.39882174134254456,N3,3,SC425
E1,45.920997619628906,2.6555933952331543,N3,3,SC441
E1,11.101863861083984,-22.867643356323242,N2,2,SC425
E1,-9.161771774291992,1.4722707271575928,W,0,SC461
E1,1.7796212434768677,-11.804293632507324,N2,2,SC451
E1,-23.603796005249023,-9.816280364990234,REM,4,SC428
E1,3.6210103034973145,-17.232582092285156,N2,2,SC433
E1,-24.98988914489746,-11.394497871398926,REM,4,SC441
E1,-5.705755710601807,30.851781845092773,W,0,SC433
E1,25.308137893676758,-12.072794914245605,N2,2,SC441
E1,-20.71509552001953,5.647311210632324,N1,1,SC428
E1,28.076993942260742,-5.21386194229126,N3,3,SC451
E1,-21.694927215576172,-0.943416953086853,REM,4,SC433
E1,2.882383108139038,-19.51372528076172,N2,2,SC460
E1,-23.304439544677734,-7.562291622161865,REM,4,SC425
E1,2.7684574127197266,-15.244806289672852,N2,2,SC428
E1,-6.1592793464660645,41.611549377441406,W,0,SC428
E1,3.3123152256011963,-14.767107009887695,N2,2,SC451
E1,-19.1953125,4.351866245269775,N1,1,SC425
E1,0.5806010961532593,-18.417179107666016,N1,1,SC433
E1,-17.94505500793457,10.697942733764648,N1,1,SC428
E1,-1.3738985061645508,39.36015701293945,W,0,SC425
E1,-4.009771823883057,44.82556915283203,W,0,SC428
E1,-5.829687595367432,42.627235412597656,W,0,SC400
E1,26.015823364257812,-4.884798049926758,N3,3,SC441
E1,55.2022819519043,6.744906902313232,N3,3,SC400
E1,-34.47743606567383,-10.432266235351562,N1,1,SC400
E1,-32.86856460571289,-7.433931350708008,REM,4,SC425
E1,-15.713868141174316,11.743823051452637,N1,1,SC451
E1,51.246150970458984,6.4085187911987305,N3,3,SC428
E1,53.91166687011719,5.560493469238281,N3,3,SC428
E1,2.29538631439209,-20.075942993164062,N2,2,SC460
E1,52.4807243347168,4.302835464477539,N3,3,SC400
E1,-12.870752334594727,-8.874530792236328,N1,1,SC460
E1,7.041000843048096,-21.431560516357422,N2,2,SC433
E1,32.25408172607422,2.059095621109009,N3,3,SC441
E1,19.82590103149414,-18.56536865234375,N3,3,SC425
E1,-17.289880752563477,12.158766746520996,N1,1,SC451
E1,40.759918212890625,7.016256809234619,N3,3,SC460
E1,-8.890305519104004,23.171091079711914,W,0,SC441
E1,-4.177400588989258,41.62465286254883,W,0,SC460
E1,42.95661544799805,3.0445804595947266,N3,3,SC460
E1,36.18578338623047,-0.8959265947341919,N3,3,SC425
E1,-25.37350082397461,-7.282040119171143,REM,4,SC460
E1,-13.08497428894043,5.929100036621094,N1,1,SC425
E1,19.7601375579834,-18.49812126159668,N3,3,SC425
E1,36.878562927246094,3.8485076427459717,N3,3,SC461
E1,-3.509124994277954,46.09547805786133,W,0,SC428
E1,25.990007400512695,-11.60938835144043,N3,3,SC425
E1,-8.131451606750488,-2.321167469024658,N1,1,SC433
E1,-15.821053504943848,16.727657318115234,W,0,SC428
E1,-27.505722045898438,-3.2422118186950684,N1,1,SC425
E1,-34.63600158691406,-13.113865852355957,REM,4,SC425
E1,5.7395501136779785,-20.060726165771484,N2,2,SC433
E1,-6.5925750732421875,26.730817794799805,W,0,SC400
E1,-5.643139362335205,37.12627029418945,W,0,SC425
E1,21.482973098754883,-1.172242283821106,N2,2,SC461
E1,-5.416589736938477,32.53675079345703,W,0,SC441
E1,2.5224947929382324,-21.693645477294922,N1,1,SC433
E1,44.54232406616211,1.945438027381897,N3,3,SC441
E1,-33.75483703613281,-3.944023370742798,N1,1,SC451
E1,-29.531469345092773,-3.0150017738342285,REM,4,SC451
E1,19.221052169799805,-13.12358570098877,N2,2,SC441
E1,-33.99449920654297,-7.5172271728515625,REM,4,SC433
E1,-10.379339218139648,20.584796905517578,W,0,SC460
E1,-1.6102033853530884,-14.236757278442383,N2,2,SC433
E1,-10.94210433959961,16.9589900970459,W,0,SC460
E1,20.498159408569336,-4.1870198249816895,N3,3,SC441
E1,23.2031307220459,-14.727286338806152,N2,2,SC400
E1,-3.2397594451904297,33.17525100708008,W,0,SC460
E1,35.668880462646484,-2.401723861694336,N3,3,SC460
E1,-32.826759338378906,-10.977179527282715,REM,4,SC433
E1,30.142236709594727,0.26725876331329346,N3,3,SC461
E1,-1.8609089851379395,44.9461784362793,W,0,SC425
E1,3.7581253051757812,-21.055545806884766,N2,2,SC460
E1,43.772579193115234,1.3729311227798462,N3,3,SC441
E1,24.671220779418945,-4.299632549285889,N3,3,SC460
E1,43.34379959106445,6.142462253570557,N3,3,SC441
E1,-10.094529151916504,-8.45931339263916,N1,1,SC451
E1,4.774672985076904,-1.6777440309524536,N1,1,SC460
E1,27.774518966674805,-10.893548011779785,N3,3,SC460
E1,16.50481605529785,-11.12038803100586,N2,2,SC461
E1,22.857751846313477,-4.8609209060668945,N3,3,SC460
E1,-6.27325439453125,29.55415153503418,W,0,SC460
E1,-25.729185104370117,-1.0515727996826172,REM,4,SC451
E1,-7.854511737823486,-1.763919711112976,REM,4,SC460
E1,-8.678862571716309,25.61968421936035,W,0,SC428
E1,-34.5962028503418,-18.248199462890625,REM,4,SC428
E1,-6.58311653137207,45.686500549316406,W,0,SC461
E1,13.588507652282715,-20.952211380004883,N2,2,SC428
E1,19.22554588317871,-9.050533294677734,N2,2,SC461
E1,-2.7158336639404297,44.37458419799805,W,0,SC433
E1,30.723491668701172,-2.7173144817352295,N2,2,SC461
E1,-32.507991790771484,-12.774571418762207,N1,1,SC425
E1,4.781468868255615,-20.729537963867188,N2,2,SC433
E1,0.7161019444465637,1.672493577003479,N1,1,SC441
E1,-13.398994445800781,19.833749771118164,W,0,SC433
E1,-11.446842193603516,-3.51466965675354,N1,1,SC451
E1,-25.629425048828125,-0.4018881618976593,N1,1,SC425
E1,-17.488750457763672,-13.63491153717041,N2,2,SC425
E1,-5.927657127380371,-15.249505996704102,N1,1,SC433
E1,-22.571521759033203,-4.145413875579834,N1,1,SC400
E1,-0.21253830194473267,-0.9702908396720886,N1,1,SC433
E1,-33.207313537597656,-0.9209409356117249,REM,4,SC441
E1,-15.481096267700195,-1.4285868406295776,N1,1,SC433
E1,-16.427064895629883,13.287186622619629,N1,1,SC428
E1,-28.13228988647461,-3.9730722904205322,REM,4,SC451
E1,-5.1004109382629395,-9.031400680541992,N2,2,SC451
E1,-6.823143482208252,-7.089008331298828,N2,2,SC441
E1,-29.209341049194336,-16.681133270263672,N1,1,SC400
E1,-28.983510971069336,-2.819610834121704,REM,4,SC451
E1,19.71839141845703,-18.016544342041016,N3,3,SC425
E1,-11.0764799118042,21.814891815185547,W,0,SC441
E1,-7.993954658508301,34.34414291381836,W,0,SC428
E1,42.43937301635742,4.605905055999756,N3,3,SC461
E1,-1.4216564893722534,39.75374221801758,W,0,SC433
E1,11.875458717346191,-24.018556594848633,N2,2,SC400
E1,1.9548622369766235,-3.9222021102905273,REM,4,SC461
E1,43.32878494262695,6.894066333770752,N3,3,SC441
E1,-5.03602933883667,38.41959762573242,W,0,SC425
E1,-4.62894868850708,-8.816601753234863,N2,2,SC451
E1,-16.40213966369629,12.527283668518066,N1,1,SC428
E1,7.128884315490723,-9.384800910949707,N2,2,SC460
E1,-8.21964168548584,13.896858215332031,W,0,SC428
E1,11.700573921203613,-23.143959045410156,N2,2,SC400
E1,14.645181655883789,-8.612872123718262,N2,2,SC451
E1,22.279754638671875,-4.545530319213867,N1,1,SC460
E1,-18.94945526123047,3.0611765384674072,N1,1,SC428
E1,-5.94455623626709,-14.872239112854004,N1,1,SC433
E1,-5.160143852233887,45.318443298339844,W,0,SC433
E1,-39.360416412353516,-11.346246719360352,REM,4,SC400
E1,-2.807075023651123,-15.345969200134277,N2,2,SC428
E1,-15.74514102935791,14.495615005493164,W,0,SC460
E1,-13.663886070251465,-14.022916793823242,W,0,SC451
E1,19.42144012451172,-12.387673377990723,N2,2,SC451
E1,6.910953521728516,-9.547524452209473,N1,1,SC460
E1,-17.873720169067383,2.0322861671447754,N1,1,SC433
E1,-1.4100093841552734,41.693790435791016,W,0,SC451
E1,-23.164045333862305,-9.12814712524414,REM,4,SC460
E1,24.032920837402344,-6.149579048156738,N2,2,SC460
E1,-26.626880645751953,-12.548365592956543,REM,4,SC460
E1,-4.833855628967285,44.65843200683594,W,0,SC433
E1,-39.77035903930664,-17.494930267333984,REM,4,SC428
E1,-31.293941497802734,-1.7664391994476318,REM,4,SC441
E1,-7.077130317687988,-2.406038522720337,N2,2,SC400
E1,-21.29283905029297,-11.275762557983398,REM,4,SC425
E1,-10.33173942565918,19.195369720458984,W,0,SC400
E1,43.07032012939453,0.8381662964820862,N3,3,SC428
E1,1.2101097106933594,2.577629327774048,W,0,SC428
E1,20.939632415771484,-11.849893569946289,N1,1,SC460
E1,12.70272445678711,-10.420645713806152,N1,1,SC460
E1,3.823709487915039,-23.15094566345215,N2,2,SC425
E1,41.35182189941406,-0.4881173372268677,N3,3,SC461
E1,-8.01547622680664,-10.956119537353516,N2,2,SC451
E1,-18.36785888671875,15.987249374389648,W,0,SC400
E1,-10.05447006225586,35.0290412902832,W,0,SC425
E1,34.71782684326172,0.926260769367218,REM,4,SC461
E1,34.018131256103516,-0.5830910205841064,N3,3,SC460
E1,-16.20301055908203,-0.28046244382858276,W,0,SC461
E1,19.427885055541992,-15.65645694732666,N2,2,SC425
E1,-37.85746765136719,-12.994985580444336,REM,4,SC428
E1,-9.459991455078125,20.903244018554688,W,0,SC441
E1,27.019630432128906,-0.11027485877275467,N3,3,SC461
E1,-17.364408493041992,-10.422158241271973,N2,2,SC441
E1,17.826807022094727,-19.633922576904297,N3,3,SC425
E1,22.61634635925293,-13.549166679382324,N3,3,SC425
E1,-9.907428741455078,38.25146484375,W,0,SC425
E1,-5.717668533325195,45.96602249145508,W,0,SC425
E1,-35.550838470458984,-18.57747459411621,REM,4,SC400
E1,-24.119613647460938,-3.4649477005004883,N1,1,SC428
E1,-9.548575401306152,-6.516953945159912,N1,1,SC460
E1,25.546302795410156,-6.0342698097229,N2,2,SC400
E1,-6.927727222442627,-10.69042682647705,N1,1,SC460
E1,-1.2104344367980957,41.15620422363281,W,0,SC451
E1,22.217275619506836,-2.4271202087402344,N3,3,SC461
E1,5.387058734893799,-10.27078914642334,N1,1,SC441
E1,-2.9708311557769775,-9.3194580078125,REM,4,SC460
E1,-6.245809555053711,46.49849319458008,W,0,SC461
E1,-28.739290237426758,-10.930646896362305,REM,4,SC433
E1,-31.16629409790039,-0.6597381830215454,REM,4,SC433
E1,46.187110900878906,2.275106906890869,N3,3,SC428
E1,48.70844650268555,8.170806884765625,N3,3,SC400
E1,-5.943178176879883,30.85105323791504,W,0,SC441
E1,-13.370118141174316,21.15584373474121,W,0,SC400
E1,-34.677310943603516,-6.6935505867004395,REM,4,SC441
E1,-15.354024887084961,1.8433635234832764,N1,1,SC441
E1,-12.276371955871582,-0.3120119273662567,N1,1,SC460
E1,-5.352422714233398,-1.2809091806411743,N1,1,SC441
E1,-5.6854352951049805,-14.03015422821045,N2,2,SC441
E1,21.09758758544922,1.4635988473892212,REM,4,SC461
E1,-13.027647972106934,11.552623748779297,N1,1,SC425
E1,41.6458854675293,1.7788560390472412,N3,3,SC461
E1,1.3629000186920166,-20.830007553100586,N2,2,SC441
E1,35.51702880859375,-1.0143640041351318,N3,3,SC441
E1,55.07646942138672,5.637877941131592,N3,3,SC400
E1,-32.817195892333984,-5.793542861938477,REM,4,SC451
E1,-12.385177612304688,5.935116291046143,N1,1,SC400
E1,-9.467401504516602,37.65884017944336,W,0,SC460
E1,22.49016761779785,-14.57715129852295,N2,2,SC441
E1,20.384071350097656,-3.704488515853882,N2,2,SC461
E1,52.14238357543945,6.19753360748291,N3,3,SC428
E1,21.70966339111328,-5.6483612060546875,N3,3,SC460
E1,39.998802185058594,1.7722201347351074,N3,3,SC461
E1,-33.4780387878418,-6.571936130523682,REM,4,SC451
E1,33.97636413574219,1.710282564163208,N3,3,SC460
E1,-5.553149223327637,-9.20872974395752,N2,2,SC425
E1,-4.213918209075928,42.57128143310547,W,0,SC441
E1,12.84422492980957,-12.592083930969238,N2,2,SC400
E1,-31.331575393676758,-12.204612731933594,REM,4,SC425
E1,-20.6668758392334,-10.316837310791016,N2,2,SC425
E1,-9.724570274353027,21.329341888427734,W,0,SC441
E1,7.573421478271484,-22.00745391845703,N2,2,SC433
E1,-6.354701519012451,44.416751861572266,W,0,SC461
E1,-33.916748046875,-8.337449073791504,REM,4,SC451
E1,22.86455535888672,-14.085226058959961,N2,2,SC425
E1,1.2516634464263916,-12.914041519165039,N2,2,SC460
E1,-32.778865814208984,-11.46008014678955,REM,4,SC425
E1,31.647228240966797,3.564462423324585,N2,2,SC461
E1,0.2449030727148056,-1.3888620138168335,N1,1,SC441
E1,5.443457126617432,-20.955080032348633,N2,2,SC428
E1,30.022903442382812,-7.365118026733398,N3,3,SC460
E1,-19.611953735351562,15.951498031616211,N1,1,SC461
E1,-7.864082336425781,39.71001052856445,W,0,SC433
E1,-23.655994415283203,-0.03702168166637421,REM,4,SC433
E1,-11.163416862487793,31.788721084594727,W,0,SC400
E1,-4.360329627990723,43.845489501953125,W,0,SC428
E1,-4.252346992492676,33.495174407958984,W,0,SC400
E1,-5.569300174713135,41.17343521118164,W,0,SC425
E1,-29.269624710083008,-14.692651748657227,REM,4,SC425
E1,21.26004981994629,-4.754732608795166,N1,1,SC460
E1,2.582068681716919,-14.478535652160645,N2,2,SC460
E1,-12.129560470581055,-11.65208625793457,REM,4,SC461
E1,-26.365581512451172,-8.738945007324219,REM,4,SC433
E1,36.114410400390625,-1.9020825624465942,N3,3,SC461
E1,21.50578498840332,-12.272117614746094,N3,3,SC460
E1,-10.308493614196777,35.86750030517578,W,0,SC400
E1,41.54917526245117,7.150081634521484,N3,3,SC428
E1,-35.118492126464844,-9.176555633544922,REM,4,SC451
E1,-19.538291931152344,16.3300724029541,N1,1,SC433
E1,4.241059303283691,-12.678009033203125,N2,2,SC460
E1,42.355125427246094,8.147730827331543,N3,3,SC400
E1,15.17795181274414,-20.485546112060547,N3,3,SC425
E1,-1.0296074151992798,-4.203163146972656,N2,2,SC460
E1,30.050092697143555,-5.411584377288818,N3,3,SC461
E1,33.37803268432617,-3.9887144565582275,N3,3,SC460
E1,31.119779586791992,-5.502352714538574,N3,3,SC400
E1,-28.83133888244629,-17.806371688842773,N1,1,SC400
E1,49.53193664550781,7.777617454528809,N3,3,SC428
E1,18.283710479736328,-5.660963535308838,N2,2,SC441
E1,-29.256074905395508,-6.064409255981445,REM,4,SC441
E1,-33.572410583496094,-18.466829299926758,REM,4,SC428
E1,10.168845176696777,-14.84676742553711,N2,2,SC441
E1,-23.246641159057617,-3.3035268783569336,REM,4,SC441
E1,-5.923105716705322,46.7867546081543,W,0,SC461
E1,-23.482603073120117,-15.830958366394043,REM,4,SC425
E1,-7.70761251449585,23.98663902282715,W,0,SC433
E1,-12.24111557006836,-8.50121784210205,N1,1,SC441
E1,14.545422554016113,-8.529504776000977,N3,3,SC460
E1,-5.278724670410156,37.312355041503906,W,0,SC433
E1,-5.548721790313721,42.604793548583984,W,0,SC461
E1,-18.206735610961914,11.060426712036133,W,0,SC425
E1,24.850299835205078,0.21723124384880066,REM,4,SC461
E1,-32.8563117980957,-10.197184562683105,REM,4,SC441
E1,-21.33930015563965,-10.437439918518066,REM,4,SC433
E1,-8.760689735412598,21.719215393066406,W,0,SC441
E1,-12.51158332824707,16.141101837158203,N1,1,SC425
E1,7.2424845695495605,-17.648725509643555,REM,4,SC460
E1,2.6577866077423096,-13.351244926452637,N2,2,SC441
E1,-33.591102600097656,-0.3390183746814728,REM,4,SC433
E1,-31.823179244995117,-18.23468780517578,REM,4,SC400
E1,-28.044300079345703,-5.317544937133789,REM,4,SC451
E1,-13.468668937683105,14.404375076293945,N1,1,SC451
E1,-5.999828338623047,45.59004592895508,W,0,SC461
E1,-5.357855796813965,-5.381336212158203,N2,2,SC441
E1,-33.90979766845703,-15.425724983215332,N1,1,SC400
E1,-6.398542881011963,26.649402618408203,W,0,SC460
E1,-21.480125427246094,4.191171646118164,N1,1,SC425
E1,29.562116622924805,1.4384410381317139,N3,3,SC425
E1,-20.567211151123047,-16.476083755493164,REM,4,SC400
E1,-38.01752471923828,-10.88517951965332,REM,4,SC451
E1,-6.909657955169678,-9.855554580688477,REM,4,SC461
E1,28.327333450317383,-0.16804839670658112,N3,3,SC425
E1,41.46855545043945,6.518998622894287,N3,3,SC441
E1,-12.201322555541992,17.92957305908203,N1,1,SC425
E1,-4.646938800811768,43.54688262939453,W,0,SC461
E1,-21.103525161743164,5.4950666427612305,W,0,SC460
E1,31.64568328857422,5.18997859954834,N3,3,SC441
E1,-5.11923360824585,38.864864349365234,W,0,SC433
E1,-16.1639347076416,15.25236701965332,N1,1,SC441
E1,54.606101989746094,8.054415702819824,N3,3,SC400
E1,51.489402770996094,4.288613319396973,N3,3,SC400
E1,-15.035094261169434,12.024909019470215,N1,1,SC425
E1,-9.18821907043457,31.73529624938965,W,0,SC460
E1,12.575366973876953,-19.500181198120117,N2,2,SC400
E1,-15.906087875366211,11.842879295349121,N1,1,SC451
E1,-27.902605056762695,-2.255568742752075,N1,1,SC451
E1,19.262365341186523,-9.362479209899902,N2,2,SC460
E1,-22.738832473754883,5.69386100769043,W,0,SC425
E1,45.120521545410156,4.2801432609558105,N3,3,SC461
E1,-27.146800994873047,-2.4906418323516846,N1,1,SC428
E1,14.631448745727539,-6.41291618347168,N1,1,SC460
E1,-9.582781791687012,39.378929138183594,W,0,SC400
E1,-12.929938316345215,-11.30321216583252,N2,2,SC425
E1,50.548255920410156,4.087708473205566,N3,3,SC428
E1,-16.23581886291504,10.667238235473633,N1,1,SC428
E1,41.506324768066406,8.025766372680664,N3,3,SC441
E1,11.932231903076172,-13.606949806213379,N2,2,SC400
E1,-34.210105895996094,-18.850873947143555,REM,4,SC425
E1,39.457820892333984,3.8513057231903076,N3,3,SC428
E1,32.684112548828125,2.778501033782959,N3,3,SC460
E1,-7.449349880218506,23.362422943115234,W,0,SC451
E1,-6.526847839355469,41.49066925048828,W,0,SC451
E1,-17.25735092163086,11.582657814025879,N1,1,SC428
E1,34.57004165649414,-1.4944156408309937,N2,2,SC441
E1,34.61162185668945,-3.0109219551086426,N2,2,SC461
E1,21.558917999267578,-13.90415096282959,N3,3,SC425
E1,20.47238540649414,-13.190529823303223,N2,2,SC400
E1,-12.935491561889648,-1.580464243888855,N1,1,SC460
E1,-1.643244981765747,37.58984375,W,0,SC451
E1,13.47412395477295,-22.64446449279785,N2,2,SC400
E1,-3.64111065864563,-11.1625337600708,N2,2,SC461
E1,47.45649337768555,5.82595157623291,N3,3,SC428
E1,-31.347196578979492,-17.2087459564209,REM,4,SC400
E1,-24.124956130981445,-16.350067138671875,REM,4,SC400
E1,-30.989639282226562,-12.303886413574219,REM,4,SC425
E1,54.619720458984375,6.686295509338379,N3,3,SC400
E1,15.819938659667969,-12.519538879394531,REM,4,SC460
E1,-13.504181861877441,11.417860984802246,N1,1,SC441
E1,12.977775573730469,-23.102293014526367,N2,2,SC400
E1,-9.990625381469727,16.200923919677734,W,0,SC451
E1,1.027113437652588,-18.019018173217773,N2,2,SC433
E1,-12.70537281036377,12.765958786010742,W,0,SC451
E1,12.460993766784668,-22.354726791381836,N2,2,SC400
E1,18.388961791992188,-16.11642837524414,N2,2,SC428
E1,18.55609703063965,-14.227706909179688,N3,3,SC441
E1,4.304300308227539,-23.048221588134766,N2,2,SC441
E1,-24.344005584716797,-11.374216079711914,N2,2,SC451
E1,-19.264141082763672,5.7133026123046875,N1,1,SC428
E1,10.365644454956055,-22.418941497802734,N2,2,SC400
E1,-31.833906173706055,-6.996273040771484,REM,4,SC425
E1,-6.8071746826171875,23.856998443603516,W,0,SC451
E1,23.485553741455078,0.1453506350517273,REM,4,SC461
E1,12.801758766174316,-18.56220245361328,N2,2,SC461
E1,-5.477409839630127,45.112449645996094,W,0,SC461
E1,-7.922122955322266,20.160572052001953,W,0,SC428
E1,-16.603670120239258,15.034867286682129,N1,1,SC428
E1,-6.52211856842041,-2.3867990970611572,N1,1,SC441
E1,-2.2993085384368896,-16.657808303833008,N1,1,SC433
E1,-11.698711395263672,20.898527145385742,W,0,SC451
E1,-2.5556154251098633,37.01081085205078,W,0,SC425
E1,22.311471939086914,-12.898320198059082,N2,2,SC460
E1,6.665419101715088,-19.533859252929688,N2,2,SC433
E1,32.98974609375,-3.479220390319824,REM,4,SC461
E1,14.663812637329102,-20.2653751373291,N2,2,SC425
E1,-13.238387107849121,-4.266679763793945,N1,1,SC433
E1,-39.87046813964844,-16.173227310180664,REM,4,SC425
E1,15.634599685668945,-10.763449668884277,N2,2,SC451
E1,-19.046457290649414,14.763784408569336,N1,1,SC428
E1,-6.092563152313232,28.862407684326172,W,0,SC441
E1,20.184249877929688,-3.0976181030273438,N2,2,SC461
E1,-18.245925903320312,11.950139999389648,N1,1,SC428
E1,4.630334377288818,-20.320255279541016,N1,1,SC433
E1,24.759885787963867,-6.379846572875977,N3,3,SC425
E1,1.748936414718628,-8.460820198059082,N1,1,SC460
E1,-9.432005882263184,-9.242701530456543,REM,4,SC460
E1,16.87979507446289,-18.157861709594727,N2,2,SC400
E1,54.01652145385742,6.094693660736084,N3,3,SC400
E1,31.384370803833008,-4.7016682624816895,N3,3,SC400
E1,-16.287151336669922,9.243597030639648,W,0,SC400
E1,2.7513625621795654,-1.1009162664413452,N1,1,SC441
E1,-16.95200538635254,-9.915671348571777,N1,1,SC451
E1,-4.548768520355225,45.29512023925781,W,0,SC400
E1,27.75910186767578,-3.3611419200897217,N3,3,SC425
E1,3.966557264328003,-1.6179593801498413,N1,1,SC441
E1,-6.157786846160889,-7.5837788581848145,N1,1,SC460
E1,-11.448100090026855,23.324506759643555,W,0,SC451
E1,30.683940887451172,-2.33660626411438,N3,3,SC461
E1,-21.304227828979492,2.349595785140991,N1,1,SC461
E1,-18.59107208251953,13.58243465423584,W,0,SC400
E1,43.573673248291016,1.8185389041900635,N3,3,SC441
E1,26.89409828186035,-10.599491119384766,N2,2,SC428
E1,34.45143508911133,-4.814155578613281,REM,4,SC461
E1,-2.466169595718384,43.19556427001953,W,0,SC441
E1,40.83817672729492,-0.2230362892150879,N3,3,SC461
E1,-13.896300315856934,12.54011344909668,N1,1,SC433
E1,-2.490262269973755,44.37208557128906,W,0,SC461
E1,-23.536401748657227,-2.644479274749756,REM,4,SC441
E1,-8.865543365478516,-4.143253803253174,N1,1,SC433
E1,-8.451354026794434,37.10548400878906,W,0,SC433
E1,-7.012033462524414,37.17359924316406,W,0,SC460
E1,19.953767776489258,-17.185178756713867,N3,3,SC425
E1,-14.191305160522461,-8.774087905883789,N1,1,SC451
E1,4.263172149658203,-13.411971092224121,N2,2,SC460
E1,-10.915237426757812,32.055641174316406,W,0,SC425
E1,25.130332946777344,-12.41691780090332,N3,3,SC425
E1,-0.04407818987965584,3.98285174369812,W,0,SC400
E1,-8.329696655273438,13.875504493713379,N1,1,SC441
E1,-37.9567985534668,-10.544340133666992,REM,4,SC451
E1,-4.528830528259277,37.49979019165039,W,0,SC433
E1,-25.90577507019043,-5.214668273925781,REM,4,SC433
E1,-24.135862350463867,-11.047033309936523,REM,4,SC461
E1,4.576741695404053,-12.388439178466797,N2,2,SC460
E1,15.803842544555664,-19.76250648498535,N2,2,SC425
E1,0.6833335757255554,-15.721917152404785,N2,2,SC428
E1,-26.489505767822266,-13.124624252319336,N1,1,SC460
E1,-10.03847599029541,32.561519622802734,W,0,SC460
E1,2.6890695095062256,-1.060667872428894,N1,1,SC441
E1,43.712547302246094,5.598453521728516,N3,3,SC400
E1,-30.05843734741211,-3.45770263671875,REM,4,SC451
E1,-33.915950775146484,-5.749234199523926,N1,1,SC400
E1,-5.805305480957031,26.57601547241211,W,0,SC400
E1,0.66493159532547,-14.304219245910645,N2,2,SC461
E1,-25.431978225708008,-14.677719116210938,REM,4,SC425
E1,-10.374486923217773,-1.3419488668441772,N2,2,SC433
E1,28.478069305419922,-4.282602787017822,N2,2,SC425
E1,-8.102489471435547,21.975723266601562,W,0,SC441
E1,-23.821611404418945,-14.688247680664062,REM,4,SC461
E1,-19.927152633666992,5.090356349945068,N1,1,SC428
E1,11.658286094665527,-22.557872772216797,N2,2,SC425
E1,10.74758529663086,-23.68424415588379,N2,2,SC400
E1,-19.01793670654297,7.888283729553223,N1,1,SC400
E1,-28.791955947875977,-17.530014038085938,REM,4,SC400
E1,37.01065444946289,-1.0618746280670166,N3,3,SC460
E1,-16.819013595581055,-0.6281961798667908,W,0,SC461
E1,10.285001754760742,-8.113443374633789,N1,1,SC460
E1,25.369434356689453,-0.19603538513183594,REM,4,SC461
E1,54.61498260498047,7.1454691886901855,N3,3,SC400
E1,-29.908260345458984,-6.959321022033691,REM,4,SC460
E1,23.452421188354492,-3.334326982498169,N1,1,SC461
E1,-1.8637458086013794,35.8027458190918,W,0,SC425
E1,-23.798297882080078,-13.735319137573242,REM,4,SC428
E1,-31.11005401611328,-7.892680644989014,REM,4,SC400
E1,-9.469551086425781,-2.9526214599609375,N1,1,SC461
E1,-0.1341182440519333,0.5719753503799438,N1,1,SC425
E1,52.83620834350586,6.239295959472656,N3,3,SC428
E1,-5.361519813537598,-9.521360397338867,N1,1,SC461
E1,-18.02891731262207,-1.7733923196792603,W,0,SC461
E1,25.046201705932617,1.222232460975647,N1,1,SC461
E1,29.636585235595703,0.8639945983886719,N3,3,SC425
E1,-4.253421306610107,37.104671478271484,W,0,SC433
E1,-6.568528652191162,12.234711647033691,N1,1,SC461
E1,17.295944213867188,-8.702801704406738,N1,1,SC451
E1,30.20486831665039,3.43729305267334,REM,4,SC461
E1,-5.762095928192139,32.159671783447266,W,0,SC441
E1,29.20609474182129,3.7207064628601074,N3,3,SC461
E1,6.510032653808594,-12.133573532104492,N2,2,SC461
E1,-4.40723180770874,46.571495056152344,W,0,SC451
E1,-31.62044334411621,-17.179363250732422,REM,4,SC425
E1,42.97298049926758,6.567347526550293,N3,3,SC441
E1,48.08201599121094,8.075138092041016,N3,3,SC441
E1,43.036720275878906,-0.31813013553619385,N3,3,SC400
E1,18.07874298095703,-1.364545464515686,N3,3,SC425
E1,-7.075547695159912,-4.123899936676025,N1,1,SC441
E1,-14.6428804397583,-2.8594017028808594,W,0,SC441
E1,-5.929538249969482,44.06415557861328,W,0,SC433
E1,-13.744542121887207,13.786144256591797,N1,1,SC451
E1,-29.767946243286133,-2.291062831878662,N1,1,SC428
E1,48.68061065673828,4.141115665435791,N3,3,SC461
E1,-33.62625503540039,-10.739004135131836,REM,4,SC425
E1,43.16259002685547,2.2911365032196045,N3,3,SC441
E1,-34.16481399536133,-20.035919189453125,REM,4,SC428
E1,-23.795148849487305,-2.2360568046569824,REM,4,SC433
E1,-4.099080562591553,46.08293151855469,W,0,SC461
E1,30.048986434936523,-0.2315395474433899,N3,3,SC461
E1,-9.042370796203613,36.56188201904297,W,0,SC425
E1,-36.68950271606445,-5.569371700286865,REM,4,SC451
E1,26.418928146362305,0.9535114169120789,N2,2,SC461
E1,-8.84405517578125,22.26999282836914,N1,1,SC451
E1,23.350067138671875,-12.091858863830566,N2,2,SC460
E1,32.57899475097656,0.36633971333503723,N3,3,SC460
E1,15.749119758605957,-11.11922836303711,N2,2,SC451
E1,38.731536865234375,0.8865903615951538,REM,4,SC461
E1,-13.510517120361328,-4.411703586578369,N2,2,SC451
E1,-32.21049499511719,-10.623157501220703,REM,4,SC425
E1,-37.544925689697266,-9.049834251403809,REM,4,SC400
E1,27.73611068725586,-4.4211344718933105,N3,3,SC425
E1,-26.74190902709961,0.12974034249782562,W,0,SC451
E1,-0.1985493004322052,-19.373390197753906,N2,2,SC428
E1,-8.973414421081543,41.30092239379883,W,0,SC400
E1,-4.228784084320068,41.111961364746094,W,0,SC428
E1,49.73056411743164,6.768929481506348,N3,3,SC428
E1,-31.833839416503906,-7.173365116119385,N1,1,SC425
E1,-0.21599741280078888,39.06517791748047,W,0,SC428
E1,-19.539722442626953,15.935547828674316,N1,1,SC441
E1,3.5786292552948,-16.11223602294922,N1,1,SC425
E1,-14.065500259399414,5.958456993103027,W,0,SC433
E1,7.170053958892822,-19.235422134399414,N2,2,SC425
E1,-41.416446685791016,-13.51564884185791,REM,4,SC400
E1,-32.501346588134766,-3.994490146636963,REM,4,SC441
E1,38.761714935302734,-0.6037673354148865,N3,3,SC428
E1,-23.69790267944336,-13.325247764587402,REM,4,SC433
E1,0.5704195499420166,2.7986505031585693,W,0,SC425
E1,15.886955261230469,-20.695558547973633,N2,2,SC425
E1,-7.5865936279296875,21.467500686645508,W,0,SC433
E1,-38.926422119140625,-9.743337631225586,REM,4,SC428
E1,-36.466697692871094,-5.193954944610596,REM,4,SC451
E1,-19.818090438842773,7.1078314781188965,W,0,SC460
E1,-36.37203598022461,-14.462099075317383,REM,4,SC400
E1,24.906686782836914,-2.0678882598876953,N3,3,SC461
E1,-2.839906930923462,-14.948198318481445,N2,2,SC441
E1,-6.838810920715332,-3.453322172164917,N1,1,SC441
E1,-37.22027587890625,-12.084010124206543,REM,4,SC433
E1,4.533038139343262,-22.064653396606445,N2,2,SC433
E1,-12.603548049926758,19.599443435668945,W,0,SC441
E1,20.661056518554688,-1.3050565719604492,REM,4,SC461
E1,29.595901489257812,2.8226094245910645,N3,3,SC441
E1,50.31758499145508,5.412561416625977,N3,3,SC428
E1,-10.645109176635742,-8.574610710144043,N1,1,SC451
E1,-33.19659423828125,-19.570005416870117,REM,4,SC433
E1,-23.257549285888672,-3.583111047744751,REM,4,SC441
E1,35.36014175415039,0.29932111501693726,N2,2,SC461
E1,23.270198822021484,-5.494347095489502,N2,2,SC460
E1,31.080520629882812,-5.525929927825928,N3,3,SC425
E1,-12.071782112121582,20.289093017578125,N1,1,SC451
E1,-1.931970238685608,37.13238525390625,W,0,SC428
E1,-40.941314697265625,-12.926640510559082,REM,4,SC400
E1,-4.296348571777344,47.16974639892578,W,0,SC461
E1,-15.175808906555176,1.796942949295044,N1,1,SC433
E1,28.936092376708984,-2.6562659740448,N2,2,SC428
E1,-8.720913887023926,19.912378311157227,W,0,SC460
E1,54.108306884765625,7.694949626922607,N3,3,SC400
E1,-27.529449462890625,-6.983949661254883,REM,4,SC441
E1,29.70541763305664,-2.9931752681732178,N3,3,SC425
E1,34.529048919677734,-3.586829900741577,N1,1,SC461
E1,-30.608854293823242,-6.388535022735596,REM,4,SC451
E1,19.797943115234375,-17.06281852722168,N3,3,SC425
E1,-26.444868087768555,-2.3969459533691406,REM,4,SC441
E1,-0.6302436590194702,-3.2009127140045166,W,0,SC460
E1,40.91669845581055,6.8237223625183105,N3,3,SC400
E1,33.2874641418457,1.5744996070861816,N3,3,SC460
E1,6.695909023284912,-21.395309448242188,N2,2,SC460
E1,-37.37663650512695,-12.383650779724121,N1,1,SC400
E1,52.02262878417969,6.603598117828369,N3,3,SC428
E1,-1.0652748346328735,-16.688108444213867,N2,2,SC460
E1,-3.6163153648376465,32.31541061401367,W,0,SC441
E1,-9.80376148223877,-6.973068714141846,N1,1,SC441
E1,-12.676395416259766,20.184995651245117,N1,1,SC451
E1,-12.38829517364502,-2.582721710205078,N1,1,SC425
E1,28.67498207092285,0.8569833040237427,N3,3,SC428
E1,4.500231742858887,-20.01634407043457,N2,2,SC428
E1,25.814733505249023,-4.66091775894165,N3,3,SC460
E1,0.8271932005882263,-13.761242866516113,N2,2,SC451
E1,25.593603134155273,-6.2125396728515625,N3,3,SC425
E1,15.53254508972168,-7.575189590454102,N1,1,SC460
E1,18.339445114135742,-7.968698978424072,N1,1,SC451
E1,-6.7513108253479,40.16107177734375,W,0,SC460
E1,1.4253735542297363,1.7793755531311035,N2,2,SC460
E1,52.667762756347656,5.916375160217285,N3,3,SC428
E1,17.04936981201172,-18.42056655883789,N2,2,SC400
E1,35.20313262939453,3.651481866836548,N3,3,SC461
E1,-9.888558387756348,19.5764217376709,W,0,SC400
E1,4.894923210144043,-21.262033462524414,N1,1,SC433
E1,9.087789535522461,-18.053672790527344,N1,1,SC441
E1,16.38819122314453,-13.004490852355957,N2,2,SC441
E1,19.08486557006836,-5.69422721862793,N1,1,SC451
E1,32.24892807006836,1.3612867593765259,N3,3,SC441
E1,-15.5421781539917,12.73748779296875,W,0,SC428
E1,-35.99069595336914,-13.10822582244873,REM,4,SC433
E1,-30.699188232421875,-10.996587753295898,REM,4,SC428
E1,-5.559434413909912,47.21888732910156,W,0,SC461
E1,-11.156675338745117,-13.780755996704102,N2,2,SC441
E1,-11.966163635253906,-0.08386985212564468,N1,1,SC441
E1,43.97411346435547,0.04025028645992279,N3,3,SC460
E1,-29.056869506835938,-14.456317901611328,N1,1,SC400
E1,-38.40696334838867,-13.40131664276123,REM,4,SC400
E1,-27.74849510192871,-7.568318843841553,REM,4,SC441
E1,-14.63338851928711,-6.075166702270508,N1,1,SC461
E1,-19.041099548339844,9.041218757629395,W,0,SC461
E1,-0.19902947545051575,-12.75882339477539,N1,1,SC451
E1,-13.729225158691406,-13.944828987121582,N1,1,SC461
E1,-33.8328742980957,-19.456924438476562,N2,2,SC428
E1,-5.482240676879883,-13.259888648986816,N1,1,SC451
E1,40.99585723876953,0.47846776247024536,N3,3,SC461
E1,-5.344761371612549,32.66289520263672,W,0,SC425
E1,-14.896130561828613,-0.9039400219917297,N1,1,SC451
E1,29.809612274169922,-3.6927735805511475,N3,3,SC425
E1,-23.908710479736328,-6.475672245025635,REM,4,SC441
E1,-39.870094299316406,-16.957746505737305,REM,4,SC428
E1,-6.847655773162842,32.97978973388672,W,0,SC433
E1,-6.145214080810547,35.07022476196289,W,0,SC428
E1,15.933769226074219,-17.353561401367188,N2,2,SC461
E1,-5.155176639556885,45.85497283935547,W,0,SC461
E1,33.4827880859375,-6.060632705688477,N3,3,SC400
E1,-40.66607666015625,-14.267354965209961,REM,4,SC428
E1,48.397804260253906,4.530309200286865,N3,3,SC441
E1,-9.440672874450684,-12.841506004333496,N1,1,SC461
E1,-9.443134307861328,22.44808006286621,W,0,SC460
E1,-5.832395553588867,-7.853710174560547,N2,2,SC451
E1,11.952062606811523,-20.828889846801758,N2,2,SC433
E1,14.663284301757812,-10.302799224853516,REM,4,SC460
E1,45.403968811035156,3.8516340255737305,N3,3,SC461
E1,-24.983020782470703,-9.87074089050293,REM,4,SC433
E1,-32.76919174194336,-6.863284111022949,REM,4,SC428
E1,-5.887048721313477,-2.8806169033050537,N1,1,SC433
E1,-22.071744918823242,-10.588863372802734,REM,4,SC460
E1,31.77292823791504,5.657794952392578,N3,3,SC428
E1,-17.40419578552246,12.818840980529785,W,0,SC400
E1,-15.991565704345703,8.641345024108887,W,0,SC400
E1,-36.591522216796875,-12.988012313842773,REM,4,SC425
E1,-2.9785094261169434,-11.04824161529541,N1,1,SC461
E1,15.346965789794922,-7.071119785308838,N1,1,SC460
E1,21.373924255371094,1.3593252897262573,REM,4,SC461
E1,43.810665130615234,4.262876987457275,N3,3,SC461
E1,-16.074209213256836,-10.99819564819336,N1,1,SC425
E1,-5.693633556365967,25.27335548400879,W,0,SC441
E1,-24.301237106323242,-0.3811427056789398,W,0,SC461
E1,7.924108982086182,-20.087984085083008,N2,2,SC433
E1,-16.541248321533203,-9.95639705657959,N1,1,SC461
E1,17.43189239501953,-10.595231056213379,N3,3,SC460
E1,-32.512115478515625,-15.766639709472656,REM,4,SC428
E1,18.040578842163086,-17.210010528564453,N2,2,SC400
E1,-8.174210548400879,18.177444458007812,W,0,SC451
E1,-6.808006763458252,-8.01972484588623,REM,4,SC460
E1,-33.473915100097656,-16.95966911315918,REM,4,SC400
E1,26.96761703491211,-0.09394539892673492,N3,3,SC461
E1,18.66170883178711,-17.122602462768555,N3,3,SC425
E1,-38.5439338684082,-15.02433967590332,REM,4,SC428
E1,24.462661743164062,-4.343552589416504,N3,3,SC451
E1,-27.941967010498047,-4.760980129241943,REM,4,SC451
E1,-5.167175769805908,-10.703568458557129,N1,1,SC425
E1,20.466581344604492,-15.917221069335938,N3,3,SC425
E1,6.206151008605957,-12.60813045501709,N2,2,SC460
E1,3.084970712661743,-21.731830596923828,N2,2,SC428
E1,16.696435928344727,-11.053799629211426,N3,3,SC460
E1,-4.906401634216309,46.77595138549805,W,0,SC461
E1,-29.388959884643555,-7.746230602264404,REM,4,SC441
E1,46.68351745605469,2.928973913192749,N3,3,SC400
E1,33.568443298339844,-1.8935223817825317,N3,3,SC441
E1,-29.171939849853516,-2.1760871410369873,REM,4,SC451
E1,-11.127748489379883,-9.670271873474121,REM,4,SC428
E1,-18.910114288330078,14.811697006225586,N1,1,SC400
E1,-5.835174560546875,36.366912841796875,W,0,SC400
E1,32.14223861694336,-3.273298740386963,N3,3,SC460
E1,19.81037712097168,-15.144887924194336,N2,2,SC428
E1,-6.466578960418701,12.093608856201172,N1,1,SC461
E1,29.396549224853516,-1.27460777759552,N3,3,SC441
E1,37.872310638427734,0.5328775644302368,N2,2,SC461
E1,-29.62358283996582,-15.112588882446289,REM,4,SC425
E1,45.18225860595703,-0.06397058814764023,N3,3,SC400
E1,-29.01364517211914,-6.587141990661621,REM,4,SC451
E1,-1.6041680574417114,41.23269271850586,W,0,SC425
E1,-35.28685760498047,-9.257047653198242,REM,4,SC451
E1,2.4523377418518066,-4.23024320602417,N1,1,SC461
E1,-2.0860960483551025,37.516746520996094,W,0,SC460
E1,-29.578861236572266,-5.143124580383301,N1,1,SC428
E1,-35.08449172973633,-5.749334335327148,REM,4,SC433
E1,-13.481852531433105,6.076004505157471,N1,1,SC428
E1,-5.222095012664795,-0.9922446608543396,N1,1,SC460
E1,4.853656768798828,-23.40875816345215,N2,2,SC425
E1,-6.808556079864502,28.866138458251953,W,0,SC460
E1,-5.379788398742676,46.54643630981445,W,0,SC461
E1,12.27419662475586,-10.268375396728516,N3,3,SC451
E1,-30.594266891479492,-1.4400309324264526,REM,4,SC451
E1,21.74062156677246,-2.7218658924102783,N2,2,SC461
E1,35.34663009643555,2.5682859420776367,N3,3,SC460
E1,-9.484338760375977,20.277671813964844,N1,1,SC441
E1,12.708537101745605,-22.691055297851562,N2,2,SC400
E1,-10.50045394897461,36.260101318359375,W,0,SC400
E1,-26.572654724121094,0.07828779518604279,N1,1,SC428
E1,-20.59870147705078,-8.05897045135498,REM,4,SC460
E1,-38.60377502441406,-11.211745262145996,REM,4,SC451
E1,44.37317657470703,0.046383678913116455,N3,3,SC441
E1,-22.97757911682129,-2.934023141860962,REM,4,SC433
E1,-10.669562339782715,-0.6655675172805786,N1,1,SC428
E1,-8.486459732055664,38.65255355834961,W,0,SC441
E1,-24.292524337768555,-12.096758842468262,REM,4,SC460
E1,-34.97560119628906,-19.763978958129883,REM,4,SC428
E1,44.29708480834961,3.4847238063812256,N3,3,SC460
E1,-7.95682430267334,-8.833741188049316,N2,2,SC451
E1,13.956304550170898,-7.012683391571045,N2,2,SC428
E1,-34.24443435668945,-4.782251834869385,REM,4,SC425
E1,-21.382305145263672,2.719381332397461,N1,1,SC461
E1,31.700489044189453,3.6346874237060547,N3,3,SC461
E1,30.144556045532227,1.8287701606750488,N3,3,SC460
E1,-9.859553337097168,24.173969268798828,W,0,SC433
E1,14.599227905273438,-22.297454833984375,N2,2,SC400
E1,-10.005879402160645,21.804475784301758,N1,1,SC441
E1,16.845375061035156,-20.173938751220703,N2,2,SC433
E1,47.84239959716797,4.196692943572998,N3,3,SC428
E1,-18.91996192932129,-1.0576977729797363,N1,1,SC428
E1,-10.206496238708496,-3.8773562908172607,N1,1,SC428
E1,-23.297378540039062,6.59736967086792,N1,1,SC425
E1,50.6096305847168,4.907571792602539,N3,3,SC428
E1,-13.733341217041016,9.633976936340332,W,0,SC460
E1,34.55927276611328,3.562453269958496,N3,3,SC460
E1,11.122123718261719,-23.567180633544922,N2,2,SC400
E1,7.247991561889648,-20.03187370300293,N2,2,SC433
E1,-34.73213195800781,-3.007935047149658,REM,4,SC441
E1,-4.878614902496338,46.16636276245117,W,0,SC461
E1,-18.118436813354492,15.708958625793457,W,0,SC400
E1,-20.176450729370117,1.0868602991104126,N1,1,SC461
E1,-41.03126525878906,-13.774625778198242,REM,4,SC400
E1,2.280935287475586,-21.492828369140625,N2,2,SC428
E1,25.024179458618164,-2.056696653366089,N3,3,SC441
E1,9.745516777038574,-18.00106430053711,REM,4,SC460
E1,-36.94169998168945,-10.776177406311035,REM,4,SC425
E1,-35.237815856933594,-10.407191276550293,REM,4,SC441
E1,33.811981201171875,-1.6726545095443726,N3,3,SC425
E1,-8.765893936157227,-13.1363525390625,N2,2,SC433
E1,52.00006103515625,4.916248798370361,N3,3,SC400
E1,53.22278594970703,6.709993362426758,N3,3,SC428
E1,33.373863220214844,-0.8822375535964966,N3,3,SC460
E1,4.07008695602417,-11.940234184265137,N2,2,SC441
E1,14.455729484558105,-21.23759651184082,N2,2,SC425
E1,32.57557678222656,1.112843632698059,N3,3,SC460
E1,46.663700103759766,5.905786991119385,N3,3,SC400
E1,15.104288101196289,-11.259065628051758,N2,2,SC451
E1,-6.015439987182617,-5.861089706420898,N2,2,SC433
E1,-17.0712890625,7.339357376098633,N1,1,SC433
E1,10.919171333312988,-22.383888244628906,N2,2,SC425
E1,-21.87171173095703,-0.31297895312309265,N1,1,SC400
E1,-11.910821914672852,-12.011752128601074,N1,1,SC451
E1,26.96993637084961,-11.436615943908691,N2,2,SC461
E1,-34.913997650146484,-18.771230697631836,REM,4,SC400
E1,53.86478805541992,6.96623420715332,N3,3,SC400
E1,2.902089834213257,-19.396339416503906,N3,3,SC460
E1,-3.0027241706848145,42.22062301635742,W,0,SC428
E1,-14.650931358337402,-3.4340901374816895,N2,2,SC441
E1,2.4791505336761475,-3.2905690670013428,N1,1,SC461
E1,33.764610290527344,0.9577135443687439,N3,3,SC460
E1,-7.3556437492370605,-12.873431205749512,N2,2,SC433
E1,8.633810997009277,-22.610748291015625,N2,2,SC433
E1,43.279266357421875,0.12349098920822144,N3,3,SC441
E1,-25.85445785522461,-1.922406554222107,N2,2,SC433
E1,5.126937389373779,-23.233701705932617,N2,2,SC428
E1,-36.4376106262207,-15.172883987426758,N1,1,SC400
E1,-3.824920892715454,-8.729811668395996,N2,2,SC451
E1,-9.168465614318848,-2.1979737281799316,W,0,SC441
E2,-4.038881778717041,-9.114896774291992,N1,1,SC451
E2,-19.719207763671875,-11.024319648742676,REM,4,SC460
E2,23.185564041137695,-9.614973068237305,N3,3,SC461
E2,30.19443130493164,-9.077459335327148,N3,3,SC461
E2,-37.167335510253906,-1.6954783201217651,REM,4,SC400
E2,-31.07975196838379,-0.6230599880218506,N1,1,SC425
E2,2.768172025680542,9.179516792297363,N1,1,SC441
E2,-15.036444664001465,-14.244315147399902,N1,1,SC433
E2,-26.750293731689453,7.566667079925537,REM,4,SC460
E2,-2.234065294265747,-2.66332745552063,N2,2,SC441
E2,-2.306540012359619,-12.952595710754395,REM,4,SC460
E2,-10.132282257080078,-19.53855323791504,N2,2,SC425
E2,-13.027597427368164,-13.917941093444824,N2,2,SC425
E2,4.193315029144287,17.128725051879883,W,0,SC428
E2,-11.676605224609375,-18.721555709838867,N2,2,SC433
E2,-1.5874866247177124,-15.230727195739746,N2,2,SC441
E2,30.52997589111328,-22.955698013305664,N3,3,SC400
E2,8.58659839630127,-4.769715785980225,N2,2,SC460
E2,13.614388465881348,31.902870178222656,W,0,SC451
E2,-42.1657829284668,4.048315525054932,REM,4,SC461
E2,-6.844635009765625,-20.1385440826416,N2,2,SC425
E2,-19.386079788208008,10.373604774475098,N1,1,SC400
E2,-1.1314697265625,4.157137393951416,REM,4,SC441
E2,11.281780242919922,-23.719898223876953,N2,2,SC425
E2,-9.79753589630127,3.382366895675659,N1,1,SC400
E2,-5.735152244567871,-19.033226013183594,N2,2,SC428
E2,7.058350086212158,13.39532470703125,N1,1,SC441
E2,16.049724578857422,38.80370330810547,W,0,SC451
E2,-9.00206184387207,-17.661691665649414,N2,2,SC425
E2,-13.6185884475708,4.806354522705078,N1,1,SC425
E2,-7.441646099090576,-10.374090194702148,N2,2,SC451
E2,28.071151733398438,-10.797465324401855,N3,3,SC461
E2,0.9933106899261475,17.252552032470703,N1,1,SC441
E2,14.276768684387207,41.814491271972656,W,0,SC451
E2,17.195707321166992,-11.161869049072266,N2,2,SC460
E2,8.724678993225098,-19.91480255126953,N2,2,SC461
E2,26.573793411254883,-22.631303787231445,N3,3,SC441
E2,-8.050419807434082,-17.49822235107422,N2,2,SC451
E2,9.112309455871582,-10.957703590393066,N2,2,SC460
E2,-28.352739334106445,-4.17731237411499,N1,1,SC460
E2,-26.64920997619629,-11.074089050292969,N2,2,SC441
E2,11.304180145263672,16.075376510620117,W,0,SC460
E2,-39.509124755859375,9.750632286071777,REM,4,SC400
E2,-40.60209655761719,10.185845375061035,REM,4,SC400
E2,-38.52334213256836,-0.9269022345542908,REM,4,SC433
E2,-26.396883010864258,-10.992105484008789,N2,2,SC460
E2,-11.055961608886719,-10.224422454833984,N1,1,SC433
E2,7.858407020568848,0.42289116978645325,N1,1,SC441
E2,12.20246696472168,-10.02475643157959,N2,2,SC441
E2,-7.825056076049805,2.5454776287078857,N1,1,SC460
E2,39.84465789794922,-17.457080841064453,N3,3,SC428
E2,15.11687183380127,41.75484085083008,W,0,SC451
E2,-7.465324401855469,-7.9979352951049805,N2,2,SC451
E2,-8.277595520019531,0.9806417226791382,REM,4,SC460
E2,-8.130575180053711,-22.697803497314453,N1,1,SC433
E2,-22.117156982421875,10.301423072814941,N1,1,SC425
E2,13.654748916625977,-7.17779541015625,N2,2,SC441
E2,-8.000030517578125,-6.488327980041504,N2,2,SC451
E2,-13.817747116088867,-14.940183639526367,N2,2,SC433
E2,-2.780297040939331,-12.124078750610352,REM,4,SC460
E2,2.146810293197632,5.6552653312683105,N2,2,SC461
E2,-23.491186141967773,5.881858825683594,REM,4,SC433
E2,18.851030349731445,36.69797134399414,W,0,SC400
E2,0.13498078286647797,18.805068969726562,W,0,SC451
E2,-12.857131958007812,9.510144233703613,REM,4,SC451
E2,-24.75764274597168,9.619385719299316,N1,1,SC425
E2,-2.54736065864563,19.674781799316406,W,0,SC451
E2,-6.170075416564941,-0.5128190517425537,N1,1,SC451
E2,19.21919059753418,-5.42849063873291,N3,3,SC461
E2,-29.513826370239258,-2.5053415298461914,REM,4,SC428
E2,16.18563461303711,-13.437732696533203,N3,3,SC400
E2,-43.3911018371582,3.428077220916748,REM,4,SC433
E2,-28.48361587524414,9.848833084106445,REM,4,SC400
E2,5.024530410766602,16.297182083129883,W,0,SC400
E2,26.69293975830078,-17.493467330932617,N3,3,SC460
E2,0.2860535979270935,-16.775428771972656,N2,2,SC428
E2,-8.61024284362793,-10.782520294189453,N2,2,SC451
E2,10.168280601501465,-25.277263641357422,N3,3,SC425
E2,-22.19386100769043,4.764747619628906,N1,1,SC400
E2,-17.48815155029297,1.4777590036392212,REM,4,SC433
E2,28.549041748046875,-20.204519271850586,N3,3,SC400
E2,-36.401607513427734,4.684122562408447,N1,1,SC400
E2,-8.18606185913086,19.234783172607422,W,0,SC425
E2,8.576934814453125,-24.739315032958984,N2,2,SC400
E2,-24.319629669189453,5.692168235778809,REM,4,SC441
E2,-27.222078323364258,-4.051368236541748,N1,1,SC400
E2,-39.209197998046875,-3.2529349327087402,REM,4,SC428
E2,-35.426856994628906,11.224921226501465,REM,4,SC441
E2,-38.42107391357422,11.783825874328613,REM,4,SC433
E2,-25.936708450317383,5.8194260597229,REM,4,SC400
E2,-11.118404388427734,-7.039951324462891,N1,1,SC433
E2,25.145166397094727,-24.036314010620117,N3,3,SC428
E2,-11.802725791931152,-1.470301866531372,REM,4,SC461
E2,14.924334526062012,-14.263245582580566,N2,2,SC461
E2,-32.38882827758789,-1.3030637502670288,REM,4,SC425
E2,28.19097900390625,-9.21883773803711,N1,1,SC461
E2,-34.11489486694336,-4.843462944030762,REM,4,SC433
E2,7.166614532470703,18.628267288208008,W,0,SC441
E2,-41.27223205566406,6.9218549728393555,REM,4,SC460
E2,-29.38128662109375,-3.1361992359161377,N1,1,SC400
E2,22.927104949951172,-26.658973693847656,N3,3,SC425
E2,0.3955959677696228,-22.675840377807617,N2,2,SC400
E2,-5.02974796295166,4.765957355499268,N1,1,SC400
E2,32.69266128540039,-21.140483856201172,N3,3,SC400
E2,-42.19300079345703,10.361943244934082,REM,4,SC428
E2,-21.73912239074707,1.40652334690094,N1,1,SC425
E2,1.5055170059204102,-8.126449584960938,N1,1,SC461
E2,16.619121551513672,32.489803314208984,W,0,SC428
E2,-28.431425094604492,2.4679296016693115,REM,4,SC428
E2,-17.319442749023438,-1.73155677318573,REM,4,SC451
E2,15.230531692504883,26.261972427368164,W,0,SC433
E2,31.536243438720703,-8.309234619140625,N3,3,SC461
E2,17.23594093322754,-3.3001770973205566,REM,4,SC461
E2,-19.321977615356445,-10.212651252746582,N2,2,SC428
E2,-13.731954574584961,5.509805679321289,N2,2,SC425
E2,3.2122013568878174,13.447952270507812,W,0,SC461
E2,42.848140716552734,-18.350683212280273,N3,3,SC400
E2,21.108430862426758,-8.006490707397461,N3,3,SC451
E2,6.243533611297607,19.42803192138672,W,0,SC441
E2,23.759981155395508,-5.344654560089111,REM,4,SC461
E2,21.32706069946289,-24.643535614013672,N3,3,SC425
E2,2.1605703830718994,-8.003083229064941,N2,2,SC428
E2,-7.663619041442871,20.118118286132812,W,0,SC425
E2,41.45785903930664,-20.140348434448242,N3,3,SC400
E2,24.112232208251953,-22.32839584350586,N3,3,SC400
E2,16.199716567993164,41.40669631958008,W,0,SC461
E2,19.503271102905273,-4.357508659362793,N1,1,SC461
E2,-13.533891677856445,14.10875415802002,N1,1,SC428
E2,40.27976989746094,-19.978546142578125,N3,3,SC428
E2,-10.02735710144043,-22.487314224243164,N2,2,SC433
E2,-7.743714809417725,1.0708882808685303,N1,1,SC460
E2,30.610933303833008,-17.53461265563965,N3,3,SC428
E2,37.707069396972656,-17.24642562866211,N3,3,SC428
E2,5.958824634552002,-13.005756378173828,N2,2,SC441
E2,-2.046536445617676,22.700847625732422,N1,1,SC433
E2,15.929787635803223,24.57708168029785,W,0,SC433
E2,-1.6281335353851318,17.985637664794922,N1,1,SC460
E2,-9.600571632385254,20.983707427978516,W,0,SC428
E2,-4.865142822265625,24.103548049926758,W,0,SC451
E2,21.252086639404297,-3.809966564178467,REM,4,SC461
E2,-6.27599573135376,24.669198989868164,W,0,SC451
E2,6.6031494140625,23.8062801361084,W,0,SC461
E2,-36.791259765625,6.4057488441467285,REM,4,SC400
E2,25.327011108398438,-22.380666732788086,N3,3,SC441
E2,-3.7927935123443604,-13.351604461669922,N2,2,SC451
E2,39.61834716796875,-19.660390853881836,N3,3,SC460
E2,9.876070976257324,29.727060317993164,W,0,SC425
E2,24.898578643798828,-24.847835540771484,N3,3,SC425
E2,-15.397270202636719,-0.823452353477478,REM,4,SC451
E2,11.740577697753906,23.07328987121582,W,0,SC460
E2,-0.7835537195205688,17.71575355529785,W,0,SC460
E2,-5.621680736541748,9.252779006958008,REM,4,SC441
E2,5.161880970001221,10.912678718566895,W,0,SC441
E2,31.085697174072266,-10.0513277053833,N3,3,SC461
E2,-22.472139358520508,6.305172443389893,N1,1,SC425
E2,-43.05693435668945,3.103193521499634,REM,4,SC428
E2,36.98594284057617,-20.65688133239746,N3,3,SC400
E2,14.053006172180176,33.722694396972656,W,0,SC433
E2,1.8586512804031372,-13.893439292907715,N2,2,SC441
E2,-2.8859686851501465,20.362918853759766,W,0,SC451
E2,-42.907310485839844,7.259074687957764,N1,1,SC400
E2,-27.854196548461914,10.563470840454102,REM,4,SC400
E2,15.219189643859863,33.0828742980957,W,0,SC428
E2,4.03855037689209,15.337553977966309,W,0,SC400
E2,-18.264436721801758,4.443084239959717,REM,4,SC425
E2,30.31415367126465,-18.4174747467041,N3,3,SC441
E2,-4.861644744873047,25.995389938354492,W,0,SC433
E2,-42.39238357543945,2.1542131900787354,REM,4,SC425
E2,-5.603999614715576,-14.335426330566406,N2,2,SC451
E2,-9.288957595825195,-14.732758522033691,REM,4,SC461
E2,15.002435684204102,-9.907659530639648,REM,4,SC460
E2,-31.891820907592773,1.0882372856140137,REM,4,SC451
E2,2.80499005317688,17.65642547607422,W,0,SC460
E2,-19.446704864501953,0.18020594120025635,N2,2,SC428
E2,-12.877837181091309,13.867997169494629,REM,4,SC433
E2,14.798328399658203,-25.155658721923828,N3,3,SC441
E2,18.16631317138672,27.00926399230957,W,0,SC433
E2,8.170156478881836,24.260242462158203,W,0,SC400
E2,9.433080673217773,30.776342391967773,W,0,SC425
E2,-2.749542236328125,-17.039520263671875,N2,2,SC433
E2,-22.029014587402344,10.005399703979492,N1,1,SC400
E2,-14.503925323486328,0.10140708088874817,REM,4,SC460
E2,0.01283874362707138,22.598888397216797,W,0,SC428
E2,-11.801660537719727,4.439554691314697,N1,1,SC461
E2,12.477118492126465,-2.5961403846740723,N3,3,SC451
E2,2.8756582736968994,5.234283447265625,N1,1,SC400
E2,-0.5180544257164001,15.432515144348145,N1,1,SC433
E2,-2.372720718383789,-22.12822151184082,N2,2,SC425
E2,13.475604057312012,36.40688705444336,W,0,SC433
E2,8.73915958404541,25.84683609008789,W,0,SC428
E2,-29.881103515625,-1.1114764213562012,N1,1,SC400
E2,2.7748215198516846,18.440507888793945,W,0,SC441
E2,35.333065032958984,-18.909330368041992,N3,3,SC428
E2,9.130727767944336,-20.7440128326416,N2,2,SC428
E2,-12.396080017089844,17.391624450683594,N1,1,SC428
E2,-6.175952911376953,18.43347930908203,N1,1,SC428
E2,-6.0122199058532715,-4.908646106719971,N2,2,SC428
E2,5.94536828994751,16.01637840270996,W,0,SC441
E2,14.03419017791748,-2.716372013092041,REM,4,SC461
E2,-9.176994323730469,-16.600250244140625,N2,2,SC433
E2,5.393999099731445,9.469696044921875,W,0,SC441
E2,22.351234436035156,-8.797823905944824,N3,3,SC461
E2,-18.419466018676758,-8.088419914245605,N2,2,SC428
E2,-34.30727767944336,1.3645827770233154,REM,4,SC425
E2,16.78882598876953,31.144447326660156,W,0,SC428
E2,-0.37403997778892517,-25.30203628540039,N2,2,SC425
E2,7.3986592292785645,-23.391664505004883,N2,2,SC428
E2,-3.8725640773773193,-22.57147789001465,N2,2,SC400
E2,8.91250991821289,24.76860237121582,W,0,SC428
E2,29.20561981201172,-7.913876056671143,N1,1,SC461
E2,-6.74230432510376,-2.1996312141418457,N2,2,SC433
E2,-40.03160095214844,6.082462310791016,REM,4,SC460
E2,5.063536167144775,-18.055891036987305,N2,2,SC461
E2,-11.17292308807373,17.185312271118164,N1,1,SC428
E2,-7.586404800415039,18.33209800720215,N1,1,SC451
E2,13.20411491394043,-25.665246963500977,N3,3,SC425
E2,19.513887405395508,30.922353744506836,W,0,SC428
E2,-21.37831687927246,7.317434310913086,REM,4,SC441
E2,37.487586975097656,-19.93553924560547,N3,3,SC400
E2,1.5705714225769043,-21.75826644897461,N2,2,SC400
E2,31.90721321105957,-17.874101638793945,N3,3,SC441
E2,-6.485481262207031,-11.529233932495117,N1,1,SC461
E2,13.775311470031738,-24.45801544189453,N3,3,SC425
E2,10.726645469665527,19.92020034790039,W,0,SC451
E2,29.961978912353516,-12.700662612915039,N3,3,SC441
E2,8.318816184997559,-13.058377265930176,N2,2,SC461
E2,-34.856224060058594,6.318861961364746,REM,4,SC441
E2,-24.298120498657227,7.859064102172852,REM,4,SC441
E2,-6.188708782196045,8.32913589477539,N1,1,SC400
E2,23.089580535888672,-25.6717586517334,N3,3,SC428
E2,-38.391387939453125,-3.759364604949951,REM,4,SC428
E2,5.4173173904418945,27.753406524658203,W,0,SC460
E2,16.114028930664062,25.985692977905273,W,0,SC441
E2,36.88498306274414,-18.162368774414062,N3,3,SC428
E2,26.827465057373047,-8.736254692077637,N3,3,SC461
E2,-35.10094451904297,-0.7260014414787292,REM,4,SC400
E2,2.781390428543091,7.24575138092041,REM,4,SC400
E2,-3.0411410331726074,-7.721768379211426,N2,2,SC460
E2,42.34756851196289,-19.83932113647461,N3,3,SC400
E2,26.767601013183594,-6.69564151763916,N3,3,SC461
E2,-19.814746856689453,-8.171984672546387,REM,4,SC461
E2,-14.180268287658691,-8.021183013916016,REM,4,SC441
E2,12.8946533203125,-14.751089096069336,N2,2,SC400
E2,-25.55074119567871,-12.136385917663574,REM,4,SC460
E2,-3.357520818710327,19.727537155151367,N1,1,SC425
E2,-11.86532211303711,6.658465385437012,W,0,SC425
E2,-36.83121109008789,-2.0016655921936035,REM,4,SC428
E2,-10.10871410369873,-11.85342788696289,N2,2,SC451
E2,21.234479904174805,-20.889307022094727,N3,3,SC400
E2,25.00347137451172,-15.64654541015625,N3,3,SC441
E2,-6.646332263946533,5.37419319152832,N1,1,SC433
E2,15.404219627380371,31.14960289001465,W,0,SC433
E2,-33.37882614135742,0.35341811180114746,REM,4,SC425
E2,-19.01383399963379,2.299084424972534,N1,1,SC425
E2,-24.29924774169922,8.554981231689453,REM,4,SC428
E2,8.286099433898926,8.800304412841797,N1,1,SC460
E2,-6.434939384460449,22.560447692871094,W,0,SC451
E2,21.840641021728516,-5.977884769439697,REM,4,SC461
E2,11.392778396606445,-4.749109745025635,N2,2,SC451
E2,41.16941452026367,-19.188129425048828,N3,3,SC428
E2,13.393285751342773,35.426517486572266,W,0,SC425
E2,7.760433197021484,-8.627737998962402,N2,2,SC460
E2,14.181584358215332,25.077911376953125,W,0,SC425
E2,-6.851529598236084,-12.102538108825684,N2,2,SC461
E2,-32.29969024658203,9.447531700134277,REM,4,SC428
E2,-2.3808035850524902,0.9510813355445862,N1,1,SC460
E2,39.214176177978516,-17.03346061706543,N3,3,SC428
E2,10.075395584106445,30.974987030029297,W,0,SC425
E2,30.10895347595215,-17.688892364501953,N3,3,SC428
E2,4.358823299407959,3.6566402912139893,N1,1,SC461
E2,-10.33790111541748,-13.505147933959961,N2,2,SC461
E2,14.098346710205078,-18.385669708251953,N3,3,SC441
E2,23.324405670166016,-25.401460647583008,N3,3,SC425
E2,25.48823356628418,-19.749887466430664,N3,3,SC441
E2,-1.116706132888794,-24.691787719726562,N2,2,SC425
E2,6.436003684997559,4.597015857696533,W,0,SC461
E2,-3.828308343887329,-8.806069374084473,N2,2,SC451
E2,-28.585054397583008,-0.017839821055531502,REM,4,SC428
E2,-16.63210105895996,-9.935022354125977,N2,2,SC433
E2,-25.23440933227539,6.1016526222229,REM,4,SC441
E2,10.457463264465332,21.95362091064453,W,0,SC433
E2,12.07436752319336,-23.636489868164062,N2,2,SC441
E2,-14.967609405517578,13.242841720581055,N1,1,SC428
E2,17.22915267944336,-13.367071151733398,N3,3,SC451
E2,-6.139257907867432,17.333436965942383,REM,4,SC433
E2,2.8600611686706543,-9.031439781188965,N2,2,SC460
E2,-26.526687622070312,-0.06981319934129715,REM,4,SC425
E2,-12.730270385742188,-8.203876495361328,N2,2,SC428
E2,12.232266426086426,30.021224975585938,W,0,SC428
E2,-15.629908561706543,-9.009130477905273,N2,2,SC451
E2,-12.07321834564209,15.68533706665039,N1,1,SC425
E2,-3.451197862625122,-20.639734268188477,N1,1,SC433
E2,-12.689425468444824,11.854720115661621,N1,1,SC428
E2,16.49102020263672,36.27449417114258,W,0,SC425
E2,17.278528213500977,30.64708137512207,W,0,SC428
E2,17.75374984741211,36.542198181152344,W,0,SC400
E2,13.927372932434082,-16.385135650634766,N3,3,SC441
E2,43.403961181640625,-18.061996459960938,N3,3,SC400
E2,-27.394399642944336,7.907504558563232,N1,1,SC400
E2,-37.170745849609375,9.321881294250488,REM,4,SC425
E2,-7.930112838745117,20.916038513183594,N1,1,SC451
E2,32.31048583984375,-16.91888427734375,N3,3,SC428
E2,36.19404602050781,-17.698923110961914,N3,3,SC428
E2,-6.845010280609131,-22.520307540893555,N2,2,SC460
E2,32.694252014160156,-23.054380416870117,N3,3,SC400
E2,0.424688458442688,4.824357509613037,N1,1,SC460
E2,-5.243594646453857,-21.91344451904297,N2,2,SC433
E2,25.443635940551758,-16.240921020507812,N3,3,SC441
E2,12.761714935302734,-25.167673110961914,N3,3,SC425
E2,-6.1677446365356445,23.028879165649414,N1,1,SC451
E2,30.827817916870117,-13.772578239440918,N3,3,SC460
E2,6.904582500457764,19.11383819580078,W,0,SC441
E2,15.091693878173828,29.541400909423828,W,0,SC460
E2,25.405208587646484,-18.995258331298828,N3,3,SC460
E2,26.67688751220703,-18.43330192565918,N3,3,SC425
E2,-43.460628509521484,5.164775848388672,REM,4,SC460
E2,-11.34276008605957,14.917458534240723,N1,1,SC425
E2,14.506690979003906,-27.452672958374023,N3,3,SC425
E2,28.861766815185547,-6.152598857879639,N3,3,SC461
E2,18.188417434692383,31.547290802001953,W,0,SC428
E2,11.739957809448242,-19.19521713256836,N3,3,SC425
E2,-1.077906608581543,-5.46972131729126,N1,1,SC433
E2,-0.7563077211380005,19.290569305419922,W,0,SC428
E2,-20.562435150146484,1.988572120666504,N1,1,SC425
E2,-29.05293846130371,-1.6763814687728882,REM,4,SC425
E2,-10.255515098571777,-20.971479415893555,N2,2,SC433
E2,9.065961837768555,20.125192642211914,W,0,SC400
E2,11.503400802612305,29.33292579650879,W,0,SC425
E2,15.04440689086914,-4.529503345489502,N2,2,SC461
E2,16.820493698120117,25.493898391723633,W,0,SC441
E2,-6.467321872711182,-23.28971290588379,N1,1,SC433
E2,29.477800369262695,-11.634817123413086,N3,3,SC441
E2,-15.123318672180176,11.503458023071289,N1,1,SC451
E2,-14.485684394836426,13.862685203552246,REM,4,SC451
E2,8.367300987243652,-20.366727828979492,N2,2,SC441
E2,-30.578594207763672,-4.136796474456787,REM,4,SC433
E2,6.456355094909668,14.478769302368164,W,0,SC460
E2,-13.206588745117188,-15.308660507202148,N2,2,SC433
E2,3.361419439315796,19.231487274169922,W,0,SC460
E2,11.866805076599121,-7.3292236328125,N3,3,SC441
E2,13.182178497314453,-18.849626541137695,N2,2,SC400
E2,12.004586219787598,31.17375373840332,W,0,SC460
E2,18.00333023071289,-11.932284355163574,N3,3,SC460
E2,-33.214839935302734,9.405781745910645,REM,4,SC433
E2,23.697004318237305,-12.12881851196289,N3,3,SC461
E2,17.955764770507812,39.71469497680664,W,0,SC425
E2,-0.32664990425109863,-15.47585391998291,N2,2,SC460
E2,29.085214614868164,-22.87917709350586,N3,3,SC441
E2,23.25405502319336,-15.529918670654297,N3,3,SC460
E2,25.952960968017578,-19.793928146362305,N3,3,SC441
E2,-16.59183692932129,-2.1703877449035645,N1,1,SC451
E2,15.551044464111328,-6.050477027893066,N1,1,SC460
E2,10.418451309204102,-12.927715301513672,N3,3,SC460
E2,17.280399322509766,-6.397547245025635,N2,2,SC461
E2,22.6009578704834,-4.793911933898926,N3,3,SC460
E2,12.454545974731445,30.510761260986328,W,0,SC460
E2,-15.23962688446045,14.113679885864258,REM,4,SC451
E2,0.7343605756759644,2.8863203525543213,REM,4,SC460
E2,5.094247341156006,28.568450927734375,W,0,SC428
E2,-36.95201110839844,1.1338189840316772,REM,4,SC428
E2,16.679344177246094,42.10826110839844,W,0,SC461
E2,8.1060209274292,-25.552406311035156,N2,2,SC428
E2,8.3485107421875,-12.416339874267578,N2,2,SC461
E2,16.399070739746094,40.412269592285156,W,0,SC433
E2,23.293838500976562,-12.624672889709473,N2,2,SC461
E2,-34.6332893371582,-4.131669044494629,N1,1,SC425
E2,-10.62718391418457,-18.280065536499023,N2,2,SC433
E2,9.068031311035156,-6.548518657684326,N1,1,SC441
E2,-0.27581268548965454,22.806224822998047,W,0,SC433
E2,-11.571105003356934,5.653935432434082,N1,1,SC451
E2,-14.043609619140625,9.708343505859375,N1,1,SC425
E2,-12.370652198791504,-16.616575241088867,N2,2,SC425
E2,-4.41972541809082,-18.852642059326172,N1,1,SC433
E2,-5.673256874084473,8.414243698120117,N1,1,SC400
E2,-8.577997207641602,21.05729866027832,N1,1,SC433
E2,-16.758136749267578,4.284936904907227,REM,4,SC441
E2,-31.435834884643555,-4.645854473114014,N1,1,SC433
E2,-11.22728157043457,18.2193546295166,N1,1,SC428
E2,-32.60670471191406,13.579673767089844,REM,4,SC451
E2,-17.076391220092773,-5.552370071411133,N2,2,SC451
E2,-5.469098091125488,-16.099367141723633,N2,2,SC441
E2,-28.580900192260742,7.550978660583496,N1,1,SC400
E2,-15.206925392150879,5.541958808898926,REM,4,SC451
E2,12.73567008972168,-20.112058639526367,N3,3,SC425
E2,8.36981201171875,19.271766662597656,W,0,SC441
E2,19.580459594726562,29.908950805664062,W,0,SC428
E2,31.78427505493164,-6.937891006469727,N3,3,SC461
E2,14.504168510437012,28.615318298339844,W,0,SC433
E2,-1.563383936882019,-24.194618225097656,N2,2,SC400
E2,6.703594207763672,4.726057052612305,REM,4,SC461
E2,25.152746200561523,-25.406774520874023,N3,3,SC441
E2,18.133071899414062,41.29965591430664,W,0,SC425
E2,-7.196618556976318,-14.505966186523438,N2,2,SC451
E2,-12.932256698608398,19.708385467529297,N1,1,SC428
E2,6.434105396270752,2.9777774810791016,N2,2,SC460
E2,-5.928771018981934,20.490039825439453,W,0,SC428
E2,-5.164275169372559,-20.643341064453125,N2,2,SC400
E2,2.946120500564575,-7.531560897827148,N2,2,SC451
E2,13.418816566467285,-9.110588073730469,N1,1,SC460
E2,-17.820783615112305,-1.3281525373458862,N1,1,SC428
E2,-6.564906120300293,-13.019715309143066,N1,1,SC433
E2,17.157751083374023,34.09611892700195,W,0,SC433
E2,-33.66437911987305,-1.5051707029342651,REM,4,SC400
E2,-7.4051971435546875,-6.271114349365234,N2,2,SC428
E2,-2.4568519592285156,16.93354034423828,W,0,SC460
E2,5.28114652633667,5.358216285705566,W,0,SC451
E2,10.636087417602539,-2.1145195960998535,N2,2,SC451
E2,5.64919376373291,3.884535789489746,N1,1,SC460
E2,-19.055526733398438,-2.1894683837890625,N1,1,SC433
E2,13.812472343444824,31.267688751220703,W,0,SC451
E2,-42.14915084838867,0.9709158539772034,REM,4,SC460
E2,10.643675804138184,-10.2534761428833,N2,2,SC460
E2,-40.31625747680664,6.440184116363525,REM,4,SC460
E2,15.420987129211426,30.734678268432617,W,0,SC433
E2,-40.040000915527344,-2.350778818130493,REM,4,SC428
E2,-21.592958450317383,7.8525848388671875,REM,4,SC441
E2,-6.505422115325928,-1.570106863975525,N2,2,SC400
E2,-27.489608764648438,-4.551751613616943,REM,4,SC425
E2,3.6688389778137207,14.504188537597656,W,0,SC400
E2,29.205215454101562,-17.248048782348633,N3,3,SC428
E2,5.323533535003662,15.172127723693848,W,0,SC428
E2,2.9944424629211426,-14.450652122497559,N1,1,SC460
E2,8.981679916381836,-9.142464637756348,N1,1,SC460
E2,-17.73845863342285,-10.19145679473877,N2,2,SC425
E2,28.02457618713379,-5.893348693847656,N3,3,SC461
E2,-17.092912673950195,-9.423295021057129,N2,2,SC451
E2,-2.9329075813293457,6.353118896484375,W,0,SC400
E2,4.345909595489502,24.29436683654785,W,0,SC425
E2,22.040943145751953,-6.395191192626953,REM,4,SC461
E2,22.935546875,-21.06920051574707,N3,3,SC460
E2,-9.694840431213379,1.365027666091919,W,0,SC461
E2,5.810118675231934,-23.398075103759766,N2,2,SC425
E2,-37.00914764404297,-3.892282485961914,REM,4,SC428
E2,5.2051682472229,18.718217849731445,W,0,SC441
E2,27.22071075439453,-2.8132565021514893,N3,3,SC461
E2,-0.9388612508773804,-14.473142623901367,N2,2,SC441
E2,8.932639122009277,-25.819576263427734,N3,3,SC425
E2,11.758925437927246,-25.142248153686523,N3,3,SC425
E2,12.760614395141602,23.28512954711914,W,0,SC425
E2,12.830249786376953,32.484867095947266,W,0,SC425
E2,-41.08457946777344,3.2501749992370605,REM,4,SC400
E2,-19.754959106445312,-1.0533400774002075,N1,1,SC428
E2,-11.495774269104004,-9.467641830444336,N1,1,SC460
E2,13.724228858947754,-25.047801971435547,N2,2,SC400
E2,8.040994644165039,-7.6796793937683105,N1,1,SC460
E2,5.223018646240234,23.518667221069336,W,0,SC451
E2,9.311315536499023,0.30702635645866394,N3,3,SC461
E2,7.8869123458862305,-1.1479305028915405,N1,1,SC441
E2,-41.88951110839844,6.455312252044678,REM,4,SC460
E2,15.097261428833008,42.822566986083984,W,0,SC461
E2,-23.357860565185547,8.802074432373047,REM,4,SC433
E2,-28.950199127197266,3.5043134689331055,REM,4,SC433
E2,35.4221305847168,-17.71517562866211,N3,3,SC428
E2,37.529022216796875,-21.44194984436035,N3,3,SC400
E2,4.895524978637695,23.261844635009766,W,0,SC441
E2,11.282613754272461,21.198070526123047,W,0,SC400
E2,-37.98920822143555,6.041721820831299,REM,4,SC441
E2,-4.469171524047852,-4.800988674163818,N1,1,SC441
E2,-8.29590129852295,6.513986110687256,N1,1,SC460
E2,13.061722755432129,-3.9359960556030273,N1,1,SC441
E2,3.943826913833618,-19.819156646728516,N2,2,SC441
E2,4.026707649230957,3.1655144691467285,REM,4,SC461
E2,-8.510577201843262,22.306194305419922,N1,1,SC425
E2,28.499971389770508,-13.089208602905273,N3,3,SC461
E2,10.058770179748535,-10.787467956542969,N2,2,SC441
E2,16.31067657470703,-8.937585830688477,N3,3,SC441
E2,29.361923217773438,-23.349483489990234,N3,3,SC400
E2,-33.3206787109375,1.4825961589813232,REM,4,SC451
E2,4.163289546966553,6.145655632019043,N1,1,SC400
E2,7.282900333404541,26.660858154296875,W,0,SC460
E2,10.385846138000488,-23.652782440185547,N2,2,SC441
E2,10.473053932189941,-11.609848976135254,N2,2,SC461
E2,42.089820861816406,-17.831222534179688,N3,3,SC428
E2,11.050846099853516,-3.441277503967285,N3,3,SC460
E2,24.774810791015625,-5.000925540924072,N3,3,SC461
E2,-25.209774017333984,0.4431845545768738,REM,4,SC451
E2,22.811410903930664,-18.320375442504883,N3,3,SC460
E2,-28.87856101989746,-3.4688451290130615,N2,2,SC425
E2,10.600933074951172,21.182676315307617,W,0,SC441
E2,9.353309631347656,-12.51710033416748,N2,2,SC400
E2,-31.68743896484375,-5.575403690338135,REM,4,SC425
E2,-12.743136405944824,-4.274997234344482,N2,2,SC425
E2,8.853373527526855,18.20831871032715,W,0,SC441
E2,-7.773295879364014,-23.16900062561035,N2,2,SC433
E2,16.59851837158203,39.877201080322266,W,0,SC461
E2,-34.949378967285156,11.793725967407227,REM,4,SC451
E2,11.851548194885254,-21.15011978149414,N2,2,SC425
E2,-0.4491596817970276,-13.012174606323242,N2,2,SC460
E2,-27.668601989746094,-1.299635887145996,REM,4,SC425
E2,18.9144229888916,-3.5225322246551514,N2,2,SC461
E2,4.086700439453125,7.6895751953125,N1,1,SC441
E2,-5.8372578620910645,-17.94878387451172,N2,2,SC428
E2,23.572080612182617,-19.703136444091797,N3,3,SC460
E2,-17.212678909301758,-4.114529132843018,N1,1,SC461
E2,11.199546813964844,31.581680297851562,W,0,SC433
E2,-23.454496383666992,10.027523040771484,REM,4,SC433
E2,-7.720826625823975,10.549678802490234,W,0,SC400
E2,18.818374633789062,31.60560417175293,W,0,SC428
E2,15.16820240020752,25.20133399963379,W,0,SC400
E2,14.540827751159668,34.49962615966797,W,0,SC425
E2,-33.245574951171875,-3.5690290927886963,REM,4,SC425
E2,15.534658432006836,-8.208808898925781,N1,1,SC460
E2,-3.228320837020874,-3.9397056102752686,N2,2,SC460
E2,-41.6068115234375,3.8949625492095947,REM,4,SC461
E2,-41.375572204589844,1.9121938943862915,REM,4,SC433
E2,20.4514217376709,-11.654327392578125,N3,3,SC461
E2,-8.35370922088623,-2.963207960128784,N3,3,SC460
E2,14.276159286499023,23.627552032470703,W,0,SC400
E2,31.744691848754883,-5.765347480773926,N3,3,SC428
E2,-20.423250198364258,6.069075107574463,REM,4,SC451
E2,-4.648311614990234,-3.875626564025879,N1,1,SC433
E2,-0.854550302028656,-7.133029460906982,N2,2,SC460
E2,36.18476867675781,-20.070388793945312,N3,3,SC400
E2,11.952552795410156,-26.997819900512695,N3,3,SC425
E2,-1.95796799659729,3.2672324180603027,N2,2,SC460
E2,27.614316940307617,-17.846111297607422,N3,3,SC461
E2,25.91990852355957,-5.804546356201172,N3,3,SC460
E2,30.787912368774414,-21.111013412475586,N3,3,SC400
E2,-35.5364875793457,5.031855583190918,N1,1,SC400
E2,39.41312789916992,-18.649227142333984,N3,3,SC428
E2,13.49785327911377,-13.258366584777832,N2,2,SC441
E2,-33.399662017822266,11.043336868286133,REM,4,SC441
E2,-39.511077880859375,1.6104686260223389,REM,4,SC428
E2,9.304966926574707,-9.80683708190918,N2,2,SC441
E2,-10.383271217346191,9.45517349243164,REM,4,SC441
E2,15.909468650817871,41.802345275878906,W,0,SC461
E2,-17.575725555419922,-4.808928966522217,REM,4,SC425
E2,4.741049289703369,21.525671005249023,W,0,SC433
E2,-29.679248809814453,12.219585418701172,N1,1,SC441
E2,9.780975341796875,-10.239883422851562,N3,3,SC460
E2,13.256729125976562,29.490882873535156,W,0,SC433
E2,14.738838195800781,37.99347686767578,W,0,SC461
E2,-19.358692169189453,3.038893938064575,W,0,SC425
E2,16.713760375976562,-4.005077838897705,REM,4,SC461
E2,-34.983829498291016,8.671159744262695,REM,4,SC441
E2,-25.705707550048828,3.5025744438171387,REM,4,SC433
E2,4.109945774078369,18.554241180419922,W,0,SC441
E2,-5.789466857910156,23.705801010131836,N1,1,SC425
E2,-4.8884148597717285,-12.75675106048584,REM,4,SC460
E2,-0.2482278048992157,-13.673105239868164,N2,2,SC441
E2,-11.080038070678711,14.1708984375,REM,4,SC433
E2,-29.704559326171875,7.669797420501709,REM,4,SC400
E2,-33.24470901489258,15.235637664794922,REM,4,SC451
E2,-6.219064235687256,25.197214126586914,N1,1,SC451
E2,15.312237739562988,39.54063415527344,W,0,SC461
E2,-1.0022788047790527,-4.022816181182861,N2,2,SC441
E2,-37.39034652709961,-2.410831928253174,N1,1,SC400
E2,7.232509613037109,28.318830490112305,W,0,SC460
E2,-19.46298599243164,9.181365013122559,N1,1,SC425
E2,23.962766647338867,-21.512451171875,N3,3,SC425
E2,-35.519508361816406,6.089932918548584,REM,4,SC400
E2,-25.668916702270508,12.769285202026367,REM,4,SC451
E2,-11.232810020446777,-1.1891406774520874,REM,4,SC461
E2,21.704843521118164,-23.9396915435791,N3,3,SC425
E2,34.39612579345703,-20.41213607788086,N3,3,SC441
E2,-5.016539573669434,22.079944610595703,N1,1,SC425
E2,16.838438034057617,38.73340606689453,W,0,SC461
E2,-36.321102142333984,5.3274993896484375,W,0,SC460
E2,26.98821258544922,-12.81517505645752,N3,3,SC441
E2,12.92630386352539,35.10968780517578,W,0,SC433
E2,3.2616701126098633,8.346026420593262,N1,1,SC441
E2,39.46628952026367,-20.751386642456055,N3,3,SC400
E2,36.48820495605469,-19.00282859802246,N3,3,SC400
E2,-11.356950759887695,21.235971450805664,N1,1,SC425
E2,1.122509479522705,20.21438217163086,W,0,SC460
E2,2.047691822052002,-20.272085189819336,N2,2,SC400
E2,-6.588519096374512,21.330406188964844,N1,1,SC451
E2,-12.547982215881348,11.692618370056152,N1,1,SC451
E2,-27.063377380371094,-12.484288215637207,N2,2,SC460
E2,-17.83344078063965,3.622231960296631,W,0,SC425
E2,29.928335189819336,-6.734193801879883,N3,3,SC461
E2,-26.373661041259766,-0.30141162872314453,N1,1,SC428
E2,18.963829040527344,-8.973451614379883,N1,1,SC460
E2,17.484235763549805,26.061044692993164,W,0,SC400
E2,-10.26710319519043,-12.812600135803223,N2,2,SC425
E2,38.55888748168945,-18.81608009338379,N3,3,SC428
E2,-12.966190338134766,20.0548038482666,N1,1,SC428
E2,40.882808685302734,-17.57189178466797,N3,3,SC441
E2,6.721806526184082,-21.954532623291016,N2,2,SC400
E2,-36.1622200012207,9.639984130859375,REM,4,SC425
E2,19.45905876159668,-27.30326271057129,N3,3,SC428
E2,30.856542587280273,-14.593994140625,N3,3,SC460
E2,-3.2066452503204346,21.0949649810791,W,0,SC451
E2,8.985002517700195,26.828102111816406,W,0,SC451
E2,-13.344535827636719,13.066033363342285,N1,1,SC428
E2,22.05056381225586,-25.671344757080078,N2,2,SC441
E2,29.22886848449707,-9.746161460876465,N2,2,SC461
E2,14.493511199951172,-26.10439682006836,N3,3,SC425
E2,12.246408462524414,-18.273466110229492,N2,2,SC400
E2,-8.629464149475098,6.185158729553223,N1,1,SC460
E2,15.655344009399414,38.24087142944336,W,0,SC451
E2,5.0928263664245605,-20.775583267211914,N2,2,SC400
E2,-1.7336949110031128,-6.450007915496826,N2,2,SC461
E2,33.12446975708008,-17.375255584716797,N3,3,SC428
E2,-10.28537368774414,0.772558867931366,REM,4,SC400
E2,-28.289344787597656,8.611783981323242,REM,4,SC400
E2,-18.847318649291992,0.06289476156234741,REM,4,SC425
E2,42.38648986816406,-19.083755493164062,N3,3,SC400
E2,-25.49643325805664,-11.548637390136719,REM,4,SC460
E2,-6.474382400512695,11.803177833557129,N1,1,SC441
E2,1.46959388256073,-23.195405960083008,N2,2,SC400
E2,-2.6171164512634277,19.917652130126953,W,0,SC451
E2,-7.579401016235352,-23.84937858581543,N2,2,SC433
E2,-5.738426208496094,25.07160758972168,W,0,SC451
E2,2.5253214836120605,-22.096773147583008,N2,2,SC400
E2,9.147149085998535,-22.821359634399414,N2,2,SC428
E2,12.317037582397461,-11.571993827819824,N3,3,SC441
E2,-27.405736923217773,-12.303165435791016,N2,2,SC441
E2,-30.844100952148438,-2.9852685928344727,N2,2,SC451
E2,-12.309412956237793,18.076644897460938,N1,1,SC428
E2,-1.5372799634933472,-22.830604553222656,N2,2,SC400
E2,-37.884220123291016,9.886140823364258,REM,4,SC425
E2,-1.6766209602355957,19.867164611816406,W,0,SC451
E2,8.164164543151855,0.9169297814369202,REM,4,SC461
E2,2.145199775695801,-10.300503730773926,N2,2,SC461
E2,15.000951766967773,38.7022705078125,W,0,SC461
E2,-9.062674522399902,22.28364372253418,W,0,SC428
E2,-11.807747840881348,19.307809829711914,N1,1,SC428
E2,8.294721603393555,-7.465604305267334,N1,1,SC441
E2,-9.595963478088379,-15.97918701171875,N1,1,SC433
E2,-0.4254216253757477,21.184938430786133,W,0,SC451
E2,12.948321342468262,35.99169158935547,W,0,SC425
E2,1.6661992073059082,-15.889313697814941,N2,2,SC460
E2,-18.968711853027344,-10.387182235717773,N2,2,SC433
E2,25.77240753173828,-7.251728057861328,REM,4,SC461
E2,7.124292850494385,-24.028284072875977,N2,2,SC425
E2,-10.169530868530273,5.962645530700684,N1,1,SC433
E2,-35.123592376708984,-0.2850450873374939,REM,4,SC425
E2,9.617289543151855,-13.94539737701416,N2,2,SC451
E2,-11.656210899353027,11.4663667678833,N1,1,SC428
E2,14.650117874145508,24.598224639892578,W,0,SC441
E2,15.609994888305664,-7.733021259307861,N2,2,SC461
E2,-8.234819412231445,15.347257614135742,N1,1,SC428
E2,-11.455876350402832,-19.2603816986084,N1,1,SC433
E2,13.221521377563477,-19.916656494140625,N3,3,SC425
E2,4.403046131134033,3.9182400703430176,N1,1,SC460
E2,-23.639944076538086,7.040048599243164,REM,4,SC460
E2,6.772587776184082,-12.267926216125488,N2,2,SC400
E2,34.4792366027832,-18.880020141601562,N3,3,SC400
E2,21.026872634887695,-17.688966751098633,N3,3,SC400
E2,-1.9221020936965942,16.54837417602539,W,0,SC400
E2,6.864004611968994,8.074363708496094,N1,1,SC441
E2,-15.160200119018555,-1.813196063041687,N1,1,SC451
E2,14.650216102600098,39.75324249267578,W,0,SC400
E2,14.755043029785156,-24.181333541870117,N3,3,SC425
E2,5.492618083953857,7.008077144622803,N1,1,SC441
E2,-0.4088633358478546,3.9584550857543945,N1,1,SC460
E2,-1.0298731327056885,21.43202781677246,W,0,SC451
E2,20.339874267578125,-8.721471786499023,N3,3,SC461
E2,-4.656668663024902,9.418313026428223,N1,1,SC461
E2,-6.90656852722168,9.635296821594238,W,0,SC400
E2,24.38111686706543,-21.3382568359375,N3,3,SC441
E2,12.645587921142578,-24.78995704650879,N2,2,SC428
E2,20.972721099853516,-5.328509330749512,REM,4,SC461
E2,14.683795928955078,26.738418579101562,W,0,SC441
E2,29.54589080810547,-8.495084762573242,N3,3,SC461
E2,-6.226827621459961,19.472246170043945,N1,1,SC433
E2,17.161069869995117,41.520084381103516,W,0,SC461
E2,-15.121964454650879,0.7131913900375366,REM,4,SC441
E2,-14.144640922546387,-14.484426498413086,N1,1,SC433
E2,11.014863967895508,30.472959518432617,W,0,SC433
E2,11.232841491699219,22.899944305419922,W,0,SC460
E2,12.848138809204102,-18.273136138916016,N3,3,SC425
E2,-2.87985897064209,2.273592233657837,N1,1,SC451
E2,3.3986124992370605,-16.828428268432617,N2,2,SC460
E2,-1.6058202981948853,23.446502685546875,W,0,SC425
E2,9.711091995239258,-22.69814682006836,N3,3,SC425
E2,6.943962097167969,10.46876335144043,W,0,SC400
E2,3.1379761695861816,15.094655990600586,N1,1,SC441
E2,-34.990478515625,13.00740909576416,REM,4,SC451
E2,11.660310745239258,30.726938247680664,W,0,SC433
E2,-38.159305572509766,9.170462608337402,REM,4,SC433
E2,-37.711883544921875,-1.5475022792816162,REM,4,SC461
E2,-4.0008039474487305,-0.7982780933380127,N2,2,SC460
E2,7.973149299621582,-22.610692977905273,N2,2,SC425
E2,-5.168766498565674,-7.469038963317871,N2,2,SC428
E2,-43.22831344604492,4.730889797210693,N1,1,SC460
E2,3.5755457878112793,17.68781280517578,W,0,SC460
E2,5.474283695220947,-1.0278197526931763,N1,1,SC441
E2,21.831302642822266,-18.095901489257812,N3,3,SC400
E2,-15.20646858215332,11.522997856140137,REM,4,SC451
E2,-29.755884170532227,-2.097288131713867,N1,1,SC400
E2,16.70953941345215,37.83857727050781,W,0,SC400
E2,-9.122322082519531,-2.9062790870666504,N2,2,SC461
E2,-19.91932487487793,8.224922180175781,REM,4,SC425
E2,-10.005780220031738,-7.717600345611572,N2,2,SC433
E2,18.61355972290039,-26.854841232299805,N2,2,SC425
E2,9.259991645812988,19.13735580444336,W,0,SC441
E2,-36.95131301879883,5.7208251953125,REM,4,SC461
E2,-11.778106689453125,17.097688674926758,N1,1,SC428
E2,-8.361838340759277,-21.614456176757812,N2,2,SC425
E2,-2.3369624614715576,-24.543045043945312,N2,2,SC400
E2,-12.410696029663086,6.978573322296143,N1,1,SC400
E2,-26.477035522460938,7.945158004760742,REM,4,SC400
E2,23.60236167907715,-20.232057571411133,N3,3,SC460
E2,-11.469104766845703,-2.2519609928131104,W,0,SC461
E2,-5.2603960037231445,-0.5972157716751099,N1,1,SC460
E2,14.895811080932617,-3.501603603363037,REM,4,SC461
E2,43.62056350708008,-18.73789405822754,N3,3,SC400
E2,-37.21290969848633,9.01349925994873,REM,4,SC460
E2,27.583322525024414,-4.3184638023376465,N1,1,SC461
E2,8.42631721496582,29.342586517333984,W,0,SC425
E2,-31.69561195373535,-5.9720354080200195,REM,4,SC428
E2,-36.63135528564453,2.9942429065704346,REM,4,SC400
E2,-0.6588223576545715,-3.8273534774780273,N1,1,SC461
E2,-7.810302734375,16.799299240112305,N1,1,SC425
E2,39.996524810791016,-18.27131462097168,N3,3,SC428
E2,-11.382381439208984,-0.7130047082901001,N1,1,SC461
E2,-33.86725616455078,8.529052734375,W,0,SC461
E2,25.06295394897461,-5.772281646728516,N1,1,SC461
E2,24.594409942626953,-20.506261825561523,N3,3,SC425
E2,15.310325622558594,32.127662658691406,W,0,SC433
E2,7.404654026031494,9.362585067749023,N1,1,SC461
E2,12.104915618896484,-3.195142984390259,N1,1,SC451
E2,26.42882537841797,-7.357043743133545,REM,4,SC461
E2,10.27253532409668,17.340587615966797,W,0,SC441
E2,21.78437042236328,-8.169550895690918,N3,3,SC461
E2,-30.249622344970703,13.449789047241211,N2,2,SC461
E2,14.437407493591309,35.9156379699707,W,0,SC451
E2,-39.00599670410156,11.739261627197266,REM,4,SC425
E2,26.512258529663086,-21.5063533782959,N3,3,SC441
E2,29.072145462036133,-14.02841854095459,N3,3,SC441
E2,27.604490280151367,-21.59018898010254,N3,3,SC400
E2,21.709413528442383,-21.80030059814453,N3,3,SC425
E2,7.401766300201416,-1.9818397760391235,N1,1,SC441
E2,-28.90833282470703,7.152115821838379,W,0,SC441
E2,17.293621063232422,33.496826171875,W,0,SC433
E2,-5.037039756774902,24.888174057006836,N1,1,SC451
E2,-19.84499168395996,3.6849679946899414,N1,1,SC428
E2,32.553123474121094,-8.570672035217285,N3,3,SC461
E2,-25.726787567138672,3.5468482971191406,REM,4,SC425
E2,28.742128372192383,-24.382766723632812,N3,3,SC441
E2,-37.27799987792969,8.21535587310791,REM,4,SC428
E2,-23.475629806518555,9.236172676086426,REM,4,SC433
E2,15.135979652404785,40.91877365112305,W,0,SC461
E2,23.78557777404785,-13.256490707397461,N3,3,SC461
E2,16.4868221282959,23.63856315612793,W,0,SC425
E2,-32.09521484375,14.875752449035645,REM,4,SC451
E2,20.105989456176758,-6.802396774291992,N2,2,SC461
E2,-4.276374816894531,23.62200355529785,N1,1,SC451
E2,10.008212089538574,-15.099309921264648,N2,2,SC460
E2,23.092130661010742,-18.91815185546875,N3,3,SC460
E2,10.956072807312012,-8.914433479309082,N2,2,SC451
E2,27.931873321533203,-7.45377779006958,REM,4,SC461
E2,-11.111262321472168,-8.086926460266113,N2,2,SC451
E2,-27.01634979248047,11.176586151123047,REM,4,SC425
E2,-33.57554626464844,14.118611335754395,REM,4,SC400
E2,21.097515106201172,-22.453407287597656,N3,3,SC425
E2,-9.352428436279297,17.48239517211914,W,0,SC451
E2,-3.9847450256347656,-23.785472869873047,N2,2,SC428
E2,16.346010208129883,28.870864868164062,W,0,SC400
E2,19.209653854370117,30.512676239013672,W,0,SC428
E2,36.83684158325195,-17.174842834472656,N3,3,SC428
E2,-38.59699630737305,-3.0939316749572754,N1,1,SC425
E2,16.796552658081055,29.797504425048828,W,0,SC428
E2,-4.758588790893555,4.577780723571777,N1,1,SC441
E2,-14.195448875427246,-15.42441177368164,N1,1,SC425
E2,-6.537325382232666,16.26122283935547,W,0,SC433
E2,-8.149370193481445,-20.384986877441406,N2,2,SC425
E2,-40.14805221557617,4.771603584289551,REM,4,SC400
E2,-25.43974494934082,11.339540481567383,REM,4,SC441
E2,24.61534881591797,-3.4776341915130615,N3,3,SC428
E2,-37.99235153198242,12.082704544067383,REM,4,SC433
E2,5.083254814147949,8.745805740356445,W,0,SC425
E2,-19.936067581176758,-11.33028507232666,N2,2,SC425
E2,6.4607439041137695,27.9608211517334,W,0,SC433
E2,-44.133758544921875,2.496307373046875,REM,4,SC428
E2,-25.70697593688965,14.068839073181152,REM,4,SC451
E2,-7.157649993896484,8.398736000061035,W,0,SC460
E2,-34.9564323425293,2.340785503387451,REM,4,SC400
E2,19.655569076538086,-10.228015899658203,N3,3,SC461
E2,9.268481254577637,-7.1284098625183105,N2,2,SC441
E2,-1.4229626655578613,-11.311881065368652,N1,1,SC441
E2,-42.627567291259766,3.1359238624572754,REM,4,SC433
E2,-7.4287333488464355,-20.852703094482422,N2,2,SC433
E2,6.582451343536377,18.0432186126709,W,0,SC441
E2,17.532779693603516,-1.967970848083496,REM,4,SC461
E2,27.58222770690918,-11.162260055541992,N3,3,SC441
E2,40.10733413696289,-18.913677215576172,N3,3,SC428
E2,-10.753410339355469,8.020665168762207,N1,1,SC451
E2,-36.02251052856445,11.41421890258789,REM,4,SC433
E2,-10.569788932800293,9.597363471984863,REM,4,SC441
E2,27.767812728881836,-8.913023948669434,N2,2,SC461
E2,17.071029663085938,-9.339544296264648,N2,2,SC460
E2,18.564302444458008,-25.739376068115234,N3,3,SC425
E2,-6.735752582550049,25.708986282348633,N1,1,SC451
E2,19.58014488220215,29.156654357910156,W,0,SC428
E2,-40.48633575439453,3.651010751724243,REM,4,SC400
E2,15.642352104187012,39.86068344116211,W,0,SC461
E2,-9.111716270446777,-6.062213897705078,N1,1,SC433
E2,22.767454147338867,-13.753969192504883,N2,2,SC428
E2,3.775721549987793,19.614381790161133,W,0,SC460
E2,40.085567474365234,-20.508474349975586,N3,3,SC400
E2,-27.30852699279785,8.836987495422363,REM,4,SC441
E2,20.646682739257812,-27.035465240478516,N3,3,SC425
E2,28.11322784423828,-8.06849193572998,N1,1,SC461
E2,-13.060256004333496,7.961441993713379,REM,4,SC451
E2,13.660051345825195,-21.33846092224121,N3,3,SC425
E2,-36.86804962158203,4.395569324493408,REM,4,SC441
E2,7.451405048370361,-0.6586873531341553,W,0,SC460
E2,27.792743682861328,-23.589584350585938,N3,3,SC400
E2,20.778610229492188,-25.592588424682617,N3,3,SC460
E2,-1.4009625911712646,-16.77362060546875,N2,2,SC460
E2,-32.19040298461914,-3.746958017349243,N1,1,SC400
E2,40.92156219482422,-18.2481746673584,N3,3,SC428
E2,-3.0267038345336914,-15.359712600708008,N2,2,SC460
E2,10.386284828186035,17.219310760498047,W,0,SC441
E2,-3.4435458183288574,-1.5213922262191772,N1,1,SC441
E2,-5.608740329742432,25.949119567871094,N1,1,SC451
E2,-19.452682495117188,1.9313122034072876,N1,1,SC425
E2,22.953535079956055,-12.451594352722168,N3,3,SC428
E2,-6.686556816101074,-16.02136993408203,N2,2,SC428
E2,20.530521392822266,-11.974815368652344,N3,3,SC460
E2,-5.765360355377197,-8.221943855285645,N2,2,SC451
E2,19.331748962402344,-25.97492027282715,N3,3,SC425
E2,16.083755493164062,-5.300748825073242,N1,1,SC460
E2,12.524456024169922,-1.9385117292404175,N1,1,SC451
E2,9.381830215454102,24.28435516357422,W,0,SC460
E2,-0.17293965816497803,5.592502117156982,N2,2,SC460
E2,39.13628387451172,-17.970645904541016,N3,3,SC428
E2,11.675232887268066,-17.754852294921875,N2,2,SC400
E2,18.530059814453125,-5.070719242095947,N3,3,SC461
E2,7.000147342681885,16.591243743896484,W,0,SC400
E2,-8.744795799255371,-21.125303268432617,N1,1,SC433
E2,-5.285727024078369,-11.231321334838867,N1,1,SC441
E2,12.009035110473633,-7.705015182495117,N2,2,SC441
E2,19.117170333862305,-11.30172061920166,N1,1,SC451
E2,24.509780883789062,-17.28125,N3,3,SC441
E2,-12.022500991821289,20.620391845703125,W,0,SC428
E2,-37.23366165161133,2.6898813247680664,REM,4,SC433
E2,-19.9771785736084,0.9097511768341064,REM,4,SC428
E2,17.03660774230957,43.2363166809082,W,0,SC461
E2,-5.54049825668335,-17.255107879638672,N2,2,SC441
E2,-15.555084228515625,1.2833231687545776,N1,1,SC441
E2,29.02838134765625,-11.98074722290039,N3,3,SC460
E2,-34.999122619628906,-1.6142897605895996,N1,1,SC400
E2,-35.675662994384766,4.389040470123291,REM,4,SC400
E2,-36.75437927246094,0.5085436105728149,REM,4,SC441
E2,-2.7865898609161377,-4.909860610961914,N1,1,SC461
E2,2.830000400543213,19.582658767700195,W,0,SC461
E2,-2.766319751739502,-11.605254173278809,N1,1,SC451
E2,-3.167243480682373,-0.19749289751052856,N1,1,SC461
E2,-34.06814956665039,10.026495933532715,N2,2,SC428
E2,-5.50082540512085,-7.57465934753418,N1,1,SC451
E2,29.463781356811523,-6.159575462341309,N3,3,SC461
E2,10.543792724609375,29.45075035095215,W,0,SC425
E2,-19.893587112426758,10.177504539489746,N1,1,SC451
E2,26.613483428955078,-25.548973083496094,N3,3,SC425
E2,-24.766254425048828,7.45554256439209,REM,4,SC441
E2,-38.65127944946289,1.3016659021377563,REM,4,SC428
E2,13.756564140319824,25.886381149291992,W,0,SC433
E2,19.029573440551758,29.250900268554688,W,0,SC428
E2,4.9592413902282715,-18.072437286376953,N2,2,SC461
E2,16.665685653686523,40.9005012512207,W,0,SC461
E2,20.626317977905273,-24.354351043701172,N3,3,SC400
E2,-35.718814849853516,0.8865516781806946,REM,4,SC428
E2,31.212127685546875,-18.78004264831543,N3,3,SC441
E2,-7.611626148223877,-5.4488348960876465,N1,1,SC461
E2,-3.988013505935669,25.355846405029297,W,0,SC460
E2,-12.931289672851562,-12.907222747802734,N2,2,SC451
E2,-4.169844150543213,-21.748207092285156,N2,2,SC433
E2,-25.358884811401367,-12.019265174865723,REM,4,SC460
E2,27.216564178466797,-9.457789421081543,N3,3,SC461
E2,-40.7282600402832,2.1108787059783936,REM,4,SC433
E2,-30.42630386352539,-2.076972484588623,REM,4,SC428
E2,-6.282001495361328,-12.19886589050293,N1,1,SC433
E2,-38.1022834777832,5.223085403442383,REM,4,SC460
E2,32.69343566894531,-6.248149394989014,N3,3,SC428
E2,-6.013658046722412,10.001703262329102,W,0,SC400
E2,-3.87760853767395,10.437554359436035,W,0,SC400
E2,-26.02298355102539,10.901984214782715,REM,4,SC425
E2,7.81470251083374,-10.787041664123535,N1,1,SC461
E2,8.457093238830566,-2.3682548999786377,N1,1,SC460
E2,3.601966381072998,3.5283515453338623,REM,4,SC461
E2,38.26507568359375,-16.246095657348633,N3,3,SC461
E2,-19.148847579956055,-7.809500217437744,N1,1,SC425
E2,6.4371466636657715,16.9856014251709,W,0,SC441
E2,-24.681894302368164,3.410486936569214,W,0,SC461
E2,-7.663081169128418,-17.961320877075195,N2,2,SC433
E2,-7.9262495040893555,-1.0851259231567383,N1,1,SC461
E2,16.429367065429688,-10.215368270874023,N3,3,SC460
E2,-33.70869827270508,-3.816253662109375,REM,4,SC428
E2,10.261513710021973,-22.65275001525879,N2,2,SC400
E2,0.9858020544052124,22.4803409576416,W,0,SC451
E2,-11.314824104309082,-9.338235855102539,REM,4,SC460
E2,-29.295257568359375,9.423843383789062,REM,4,SC400
E2,18.287282943725586,-10.732498168945312,N3,3,SC461
E2,12.80721378326416,-23.244508743286133,N3,3,SC425
E2,-21.000940322875977,2.355337619781494,REM,4,SC428
E2,22.32179832458496,-13.22678279876709,N3,3,SC451
E2,-25.793716430664062,13.777482986450195,REM,4,SC451
E2,-13.250765800476074,-14.816225051879883,N1,1,SC425
E2,12.997693061828613,-26.820846557617188,N3,3,SC425
E2,-42.03646469116211,7.268505096435547,N2,2,SC460
E2,-1.6940895318984985,-24.723243713378906,N2,2,SC428
E2,10.481308937072754,-4.570836067199707,N3,3,SC460
E2,15.800426483154297,42.644012451171875,W,0,SC461
E2,-30.212169647216797,12.668645858764648,REM,4,SC441
E2,27.5194034576416,-23.695514678955078,N3,3,SC400
E2,26.215112686157227,-16.595420837402344,N3,3,SC441
E2,-9.510663986206055,17.522308349609375,REM,4,SC451
E2,-18.022783279418945,-1.9955679178237915,REM,4,SC428
E2,-16.66201400756836,3.7746376991271973,N1,1,SC400
E2,17.581867218017578,36.240272521972656,W,0,SC400
E2,21.775402069091797,-9.67648983001709,N3,3,SC460
E2,6.4780659675598145,-23.038000106811523,N2,2,SC428
E2,5.925487995147705,8.07094669342041,N1,1,SC461
E2,14.013677597045898,-13.273370742797852,N3,3,SC441
E2,28.0958194732666,-9.620000839233398,N2,2,SC461
E2,-33.459747314453125,-0.09607800841331482,REM,4,SC425
E2,32.212764739990234,-23.26430320739746,N3,3,SC400
E2,-34.2483024597168,14.5510835647583,REM,4,SC451
E2,12.353013038635254,33.7263298034668,W,0,SC425
E2,-24.19750213623047,0.6068750023841858,REM,4,SC451
E2,6.859307765960693,8.801600456237793,N1,1,SC461
E2,13.121275901794434,27.657821655273438,W,0,SC460
E2,-20.557588577270508,7.684620380401611,N1,1,SC428
E2,-41.843658447265625,2.9067506790161133,REM,4,SC433
E2,-5.106932640075684,18.923416137695312,N1,1,SC428
E2,10.414020538330078,-2.992006301879883,N1,1,SC460
E2,1.248101830482483,-22.163734436035156,N2,2,SC425
E2,1.2051583528518677,19.51936912536621,W,0,SC460
E2,14.931509017944336,35.01652526855469,W,0,SC461
E2,20.69863510131836,-17.374786376953125,N3,3,SC451
E2,-9.516263008117676,16.71089744567871,REM,4,SC451
E2,14.342392921447754,-5.98461389541626,N2,2,SC461
E2,26.939783096313477,-3.6391584873199463,N3,3,SC460
E2,5.613430500030518,17.40178680419922,N1,1,SC441
E2,-3.890305995941162,-21.081871032714844,N2,2,SC400
E2,14.105899810791016,23.797077178955078,W,0,SC400
E2,-15.49021053314209,12.501120567321777,N1,1,SC428
E2,-41.18966293334961,6.291537284851074,REM,4,SC460
E2,-20.42304801940918,5.352690696716309,REM,4,SC451
E2,33.20977783203125,-20.853347778320312,N3,3,SC441
E2,-17.99324607849121,2.4883835315704346,REM,4,SC433
E2,-7.871543884277344,5.637015342712402,N1,1,SC428
E2,14.737587928771973,25.999958038330078,W,0,SC441
E2,-37.472900390625,0.006257919128984213,REM,4,SC460
E2,-43.352176666259766,1.7443342208862305,REM,4,SC428
E2,31.798059463500977,-8.80461311340332,N3,3,SC460
E2,-8.160501480102539,-6.872714042663574,N2,2,SC451
E2,10.009598731994629,-21.15569496154785,N2,2,SC428
E2,-32.25569152832031,-1.7439559698104858,REM,4,SC425
E2,-3.1831016540527344,16.658397674560547,N1,1,SC461
E2,30.308290481567383,-8.422453880310059,N3,3,SC461
E2,21.067060470581055,-10.489802360534668,N3,3,SC460
E2,-4.129455089569092,19.2525691986084,W,0,SC433
E2,13.01729965209961,-22.441791534423828,N2,2,SC400
E2,-0.21965312957763672,17.98090934753418,N1,1,SC441
E2,-5.442165374755859,-24.337793350219727,N2,2,SC433
E2,34.067222595214844,-17.432735443115234,N3,3,SC428
E2,-14.057459831237793,11.789271354675293,N1,1,SC428
E2,-10.254745483398438,-6.750120162963867,N1,1,SC428
E2,-19.867700576782227,6.816848278045654,N1,1,SC425
E2,33.43997573852539,-18.261066436767578,N3,3,SC428
E2,-0.5309346318244934,17.215076446533203,W,0,SC460
E2,15.761542320251465,-14.26259708404541,N3,3,SC460
E2,2.3303563594818115,-21.018150329589844,N2,2,SC400
E2,-10.404802322387695,-17.61965560913086,N2,2,SC433
E2,-35.17152404785156,9.632502555847168,REM,4,SC441
E2,15.637195587158203,40.94306564331055,W,0,SC461
E2,2.599485397338867,14.260417938232422,W,0,SC400
E2,-9.2645902633667,8.123133659362793,N1,1,SC461
E2,-32.27492141723633,-3.150019407272339,REM,4,SC400
E2,-7.570828914642334,-21.685022354125977,N2,2,SC428
E2,10.902676582336426,-6.530603408813477,N3,3,SC441
E2,-4.753295421600342,-22.745075225830078,REM,4,SC460
E2,-31.970277786254883,9.469188690185547,REM,4,SC425
E2,-31.433168411254883,11.997231483459473,REM,4,SC441
E2,25.680583953857422,-25.85540199279785,N3,3,SC425
E2,-10.267685890197754,-9.152472496032715,N2,2,SC433
E2,37.8788948059082,-21.03852081298828,N3,3,SC400
E2,39.2009391784668,-19.62531280517578,N3,3,SC428
E2,26.544353485107422,-12.77958869934082,N3,3,SC460
E2,2.169182538986206,-19.471263885498047,N2,2,SC441
E2,2.8975930213928223,-22.978322982788086,N2,2,SC425
E2,26.890357971191406,-11.815128326416016,N3,3,SC460
E2,22.31125831604004,-19.888307571411133,N3,3,SC400
E2,11.35563850402832,-1.83181893825531,N2,2,SC451
E2,-10.772974967956543,-8.728867530822754,N2,2,SC433
E2,-11.516404151916504,13.835200309753418,N1,1,SC433
E2,3.9444339275360107,-21.216947555541992,N2,2,SC425
E2,-4.924388408660889,10.428356170654297,N1,1,SC400
E2,-9.760699272155762,0.28877824544906616,N1,1,SC451
E2,12.402588844299316,-6.6990766525268555,N2,2,SC461
E2,-38.79407501220703,5.670607089996338,REM,4,SC400
E2,28.240652084350586,-20.58797264099121,N3,3,SC400
E2,3.799600839614868,-13.57762622833252,N3,3,SC460
E2,19.56562614440918,32.189029693603516,W,0,SC428
E2,-6.690572738647461,-4.410977363586426,N2,2,SC441
E2,0.062368374317884445,10.377843856811523,N1,1,SC461
E2,23.815454483032227,-15.84589958190918,N3,3,SC460
E2,-2.9771978855133057,-3.732299566268921,N2,2,SC433
E2,-5.903142929077148,-23.705427169799805,N2,2,SC433
E2,25.97129249572754,-24.690610885620117,N3,3,SC441
E2,-18.557035446166992,-0.8235601186752319,N2,2,SC433
E2,-6.089660167694092,-22.40113067626953,N2,2,SC428
E2,-35.982177734375,6.771996974945068,N1,1,SC400
E2,-9.185905456542969,-2.8942067623138428,N2,2,SC451
E2,-2.319178581237793,-1.3412748575210571,W,0,SC441
